time,seconds_elapsed,accel_x,accel_y,accel_z,gyro_x,gyro_y,gyro_z,label
1783087337332584400,0.06158447265625,0.2017718417532742,0.2583046069666743,-0.1445563549727201,-0.0129146296530961,-0.0432749167084693,0.2148646116256714,jumping
1783087337342629400,0.07162939453125,0.0675163699120283,0.0120151397034525,0.0145458272248506,-0.0865683406591415,0.0879576727747917,0.2036236822605133,jumping
1783087337352673500,0.081673583984375,-0.1481871126905083,0.2726274390906095,0.6749100166201591,-0.2274120151996612,0.1614417433738708,0.1642592251300811,jumping
1783087337362718500,0.091718505859375,-0.2444645899236202,0.1686994471043348,0.8454355101078748,-0.3833211958408355,0.2445291727781295,0.1094785407185554,jumping
1783087337372762400,0.101762451171875,0.0342073900282383,0.0186973939463496,0.6877870338499545,-0.4797997772693634,0.2795180380344391,0.0676220208406448,jumping
1783087337382806500,0.111806640625,0.3041192865498364,0.1029265598587691,0.3496574872791766,-0.4838440418243408,0.2347982376813888,0.0483716204762458,jumping
1783087337392851500,0.1218515625,0.5179818174608052,0.1171799800083041,-0.03966857804358,-0.3703652620315552,0.1321657598018646,0.0529149733483791,jumping
1783087337402895400,0.131895263671875,0.5889817917048931,0.1330418582677841,-0.3661684770971536,-0.1858643740415573,0.0289075411856174,0.0660755187273025,jumping
1783087337412940500,0.1419404296875,0.390276790176332,0.1089767998084425,-0.4694114094287157,-0.0023737759329378,-0.0253799874335527,0.0737254843115806,jumping
1783087337422984400,0.151984375,0.080673519257456,0.0216132813930511,-0.3899561799198389,0.0681603178381919,-0.0044837626628577,0.056879386305809,jumping
1783087337433029400,0.162029296875,-0.112656511234492,-0.1610685138344764,0.0054652796685695,0.0425681918859481,0.0537145398557186,-0.014374197460711,jumping
1783087337443073500,0.172073486328125,-0.1003821360729634,-0.1966517222605645,0.4226443975567817,-0.0583411082625389,0.1207731962203979,-0.0999673977494239,jumping
1783087337453117400,0.182117431640625,-0.0180111652478575,-0.1056269048586487,0.4890238723933696,-0.1659835577011108,0.1866738647222519,-0.1500112116336822,jumping
1783087337463162400,0.192162353515625,0.0135926181532442,-0.0465500081203877,0.3333779681295156,-0.1952383816242218,0.2118290215730667,-0.1519933938980102,jumping
1783087337473206500,0.20220654296875,0.0402410441692918,-0.1233949090003967,0.1107405946105718,-0.1110841557383537,0.1578103899955749,-0.1124388352036476,jumping
1783087337483251500,0.21225146484375,0.0969723276294767,-0.2656478093363345,-0.2006383076786994,0.0207535028457641,0.0666043162345886,-0.0794340148568153,jumping
1783087337493295400,0.22229541015625,0.1828346477016806,-0.3181437202490866,-0.3826362122952937,0.1338457912206649,-0.0148882828652858,-0.0763706862926483,jumping
1783087337503340500,0.232340576171875,0.2518705553311854,-0.2561119192279875,-0.3183575091302394,0.1605807244777679,-0.0895705074071884,-0.1138722598552703,jumping
1783087337513384400,0.242384521484375,0.5858905476912856,-0.1394549401804804,-0.1467600024968385,0.1190311536192894,-0.1605591922998428,-0.1666923314332962,jumping
1783087337523429400,0.252429443359375,0.5298305145561695,0.0478020540080964,-0.0911842457473278,0.0644922778010368,-0.1836053878068924,-0.1911942064762115,jumping
1783087337533473500,0.2624736328125,0.1133792725510895,0.0704490623630583,-0.0387076240569353,0.0050106160342693,-0.1682824343442917,-0.1735291182994842,jumping
1783087337543517400,0.272517333984375,-0.3988936657436192,-0.0100651746794581,0.0817635064512491,-0.0369232520461082,-0.1624391973018646,-0.1352597624063491,jumping
1783087337553562400,0.282562255859375,-0.7217942251309752,-0.2564350137025117,0.1179968493491411,-0.0397483743727207,-0.1497285068035125,-0.1099793091416359,jumping
1783087337563606500,0.2926064453125,-0.6359314666673541,-0.3652664136908948,0.0184334823131561,-0.0083196116611361,-0.1150988861918449,-0.1006414666771888,jumping
1783087337573651500,0.3026513671875,-0.4567755074784159,-0.1577118968829512,0.0553571455627679,0.0112961679697036,-0.0828383043408393,-0.1015386283397674,jumping
1783087337583695400,0.3126953125,0.0736459587082266,0.0262077695764601,0.1505126330286264,-0.0021559912711381,-0.0975978076457977,-0.0985052809119224,jumping
1783087337593740500,0.322740478515625,0.49263665606305,0.1040698846749961,0.1041173770785331,-0.0346826538443565,-0.1300145536661148,-0.0670893415808677,jumping
1783087337603784400,0.332784423828125,0.4980193720147013,0.1099691718466579,-0.0995300492882728,-0.066763624548912,-0.1722680032253265,-0.0177782475948333,jumping
1783087337613828400,0.342828369140625,0.3686298987746239,0.0318340850256383,-0.1530985578685998,-0.0732311531901359,-0.2254625558853149,0.031841367483139,jumping
1783087337623873500,0.35287353515625,0.2647200269669294,0.0165565825253725,-0.1057061075747013,-0.0159534811973571,-0.2653756141662597,0.0954997017979621,jumping
1783087337633917400,0.36291748046875,0.0584159486114978,0.0475290822856128,-0.0210883807361125,0.078256070613861,-0.2799860537052154,0.1779016107320785,jumping
1783087337643962400,0.37296240234375,-0.0728046855784952,0.1932259855955839,0.0949538274139165,0.1672397404909134,-0.2924872040748596,0.2770055830478668,jumping
1783087337654006500,0.383006591796875,-0.0469670644886791,0.3775445882447064,0.1180792669355869,0.2196723967790603,-0.3287015557289123,0.3917498886585235,jumping
1783087337664051500,0.393051513671875,-0.0821023830167949,0.4942589965678751,0.0609638795286417,0.2292949259281158,-0.4057667553424835,0.5307016372680664,jumping
1783087337674095400,0.403095458984375,-0.0300077463813126,0.4623851640537381,0.0140063135206699,0.2188828736543655,-0.5173595547676086,0.6805186867713928,jumping
1783087337684140500,0.413140625,0.0838691004283726,0.2401104863673448,-0.0200941090017557,0.2100963145494461,-0.624779224395752,0.8189740180969238,jumping
1783087337694184400,0.423184326171875,0.0623338527075946,-0.014760492888838,-0.1085983218848705,0.2039874941110611,-0.7051025032997131,0.92516028881073,jumping
1783087337704228400,0.433228271484375,0.0183566176846623,-0.2339021332465112,-0.0691045158863067,0.1855341792106628,-0.7660601139068604,0.9824358224868774,jumping
1783087337714273500,0.4432734375,0.0025128596037626,-0.3611236147977411,0.0331809695899486,0.1619423478841781,-0.774601399898529,0.9939078092575072,jumping
1783087337724317400,0.4533173828125,-0.0409146325819194,-0.4250185793422162,0.1002238767713308,0.1367147564888,-0.7559837698936462,0.9665427207946776,jumping
1783087337734362400,0.4633623046875,0.01640738331303,-0.5968725449547171,0.1906687023282051,0.1167417541146278,-0.7285516858100891,0.8827446103096008,jumping
1783087337744406500,0.473406494140625,0.0654711278200149,-0.7447047067277133,0.0253664964467287,0.1012405604124069,-0.6533613801002502,0.7712334990501404,jumping
1783087337754451500,0.483451416015625,0.1256103930927813,-0.7469903334468603,-0.044726445955038,0.095926284790039,-0.5560799837112427,0.6471943259239197,jumping
1783087337764494800,0.493494873046875,0.287679900663346,-0.6627887861937284,0.0844680892348289,0.0822040811181068,-0.4485895335674286,0.532183825969696,jumping
1783087337774538800,0.503538818359375,0.2204709892652928,-0.4915165659919381,0.120322661948204,0.0411107875406742,-0.3066049516201019,0.4181247353553772,jumping
1783087337784583700,0.513583740234375,0.2376465804718434,-0.358826151510328,0.1507429346531629,-0.0172987263649702,-0.1426418274641037,0.2974782288074493,jumping
1783087337794627800,0.5236279296875,0.2537548347078263,-0.1793266395807266,0.1548380950123071,-0.0681499615311622,0.031089287251234,0.1823454201221466,jumping
1783087337804672800,0.5336728515625,0.1722081858776509,0.0366020300798118,0.267781168103218,-0.119747906923294,0.1127961352467536,0.1016476452350616,jumping
1783087337814717000,0.543717041015625,-0.0271865514807403,0.1183221357807517,0.2797936774581671,-0.1303606331348419,0.1313280761241912,0.0631956383585929,jumping
1783087337824761900,0.553761962890625,-0.2804360670149326,0.1056903254836797,0.2471522215723991,-0.0893554016947746,0.1253993511199951,0.0534809567034244,jumping
1783087337834805800,0.5638056640625,-0.4398708421677351,0.0576082854904234,0.4030681749492883,-0.0605389140546321,0.0910946801304817,0.0598150342702865,jumping
1783087337844850700,0.5738505859375,-0.3492622043512761,0.0893875715889036,0.5372305616796016,-0.0697550475597381,0.0488239228725433,0.0666172802448272,jumping
1783087337854894800,0.583894775390625,-0.2634514683358371,0.095275606714189,0.3740238667726516,-0.1049731820821762,8.37431289255e-05,0.0785363391041755,jumping
1783087337864938800,0.593938720703125,0.0149313194110989,0.1257253977745771,0.1548193903118372,-0.1250619292259216,-0.0700338259339332,0.0920484140515327,jumping
1783087337874983700,0.603983642578125,0.2882167840190232,0.2156896002076566,-0.1002934348762035,-0.1175740957260131,-0.0958870872855186,0.1182908415794372,jumping
1783087337885027800,0.61402783203125,0.3839385270655155,0.2771308879896998,-0.2472130118489265,-0.1569348126649856,-0.1042898967862129,0.149668738245964,jumping
1783087337895072800,0.62407275390625,0.3789268363833427,0.1204993336893618,-0.3309726605534553,-0.260196715593338,-0.1070918813347816,0.1789057999849319,jumping
1783087337905116700,0.63411669921875,0.4047447298593818,-0.0407867684185504,-0.2892074024915695,-0.3581291437149048,-0.1074138581752777,0.1983519345521927,jumping
1783087337915161900,0.644161865234375,0.3910043737985193,-0.1553562736675143,-0.2090776347219944,-0.389782041311264,-0.0833514928817749,0.2072151005268097,jumping
1783087337925205800,0.654205810546875,0.478302133501321,-0.1694052572861313,0.028838556471467,-0.358179897069931,-0.0825104713439941,0.2151502519845962,jumping
1783087337935250000,0.66425,0.4479560950763523,-0.1650355177693069,0.0174035547435283,-0.3303945660591125,-0.0153054036200046,0.2068472504615783,jumping
1783087337945294800,0.674294921875,0.2100518865816295,-0.2074938726618886,-0.0080202248483896,-0.3046574890613556,0.094032809138298,0.1932046711444854,jumping
1783087337955338800,0.6843388671875,0.1976589996069669,-0.0898635185375809,0.2931961798667907,-0.2886857986450195,0.1761337220668792,0.159095823764801,jumping
1783087337965383700,0.6943837890625,0.287079304421693,-0.3131504420064389,0.0742985773980617,-0.3108936250209808,0.2826164662837982,0.1153973415493965,jumping
1783087337975427800,0.704427734375,0.4849170215964317,-0.2551208623640239,-0.019213234513998,-0.3535996377468109,0.3849183320999145,0.1067397221922874,jumping
1783087337985473000,0.71447314453125,0.4656225385397672,-0.1206485329017043,-0.0045201077729463,-0.4040926396846771,0.4224065840244293,0.1054582074284553,jumping
1783087337995516700,0.7245166015625,0.1120402790322899,-0.2771029770694673,-0.1880389383465051,-0.4118769764900207,0.4313157498836517,0.0921768993139267,jumping
1783087338005561900,0.734561767578125,-0.1658418657161295,-0.3989280064046382,-0.3360369582056999,-0.3256606161594391,0.4688490331172943,0.063710905611515,jumping
1783087338015606000,0.74460595703125,-0.1208392331682145,-0.4650201887324452,-0.2588315534502268,-0.2382460534572601,0.4744174480438232,0.0391009114682674,jumping
1783087338025649700,0.754649658203125,0.2512473819315433,-0.5558544519983232,-0.1661754815846681,-0.1878997981548309,0.5063573122024536,0.0382726714015007,jumping
1783087338035694800,0.76469482421875,0.5850350999057292,-0.4612437389336526,-0.0980021090686321,-0.1968174874782562,0.5358719229698181,0.0487154349684715,jumping
1783087338045738800,0.77473876953125,0.6868018222048878,-0.4533563466846942,-0.0591191284447908,-0.2223758548498153,0.562343180179596,0.044816568493843,jumping
1783087338055783700,0.78478369140625,0.5194882765009999,-0.6231893278636038,-0.215346631988883,-0.20955391228199,0.5821062922477722,0.0321264341473579,jumping
1783087338065827800,0.794827880859375,0.6185482240594923,-0.5876910212419927,-0.1489274096637964,-0.16023750603199,0.5484892129898071,0.0486018136143684,jumping
1783087338075873000,0.804873046875,0.5288181226432324,-0.4430667155995965,-0.2498269937396049,-0.095986507833004,0.5532646775245667,0.0697156339883804,jumping
1783087338085916700,0.814916748046875,0.1977935857720673,-0.3435309672228991,-0.297000248324871,-0.0785388126969337,0.621394693851471,0.058637149631977,jumping
1783087338095960800,0.8249609375,-0.0283963656619191,-0.1675518845044076,-0.0992827965289354,-0.1137298047542572,0.7597625255584717,0.038675170391798,jumping
1783087338106006000,0.835006103515625,0.1784473725281655,0.1185027530446648,0.0499514871269464,-0.2283852845430374,0.9769917726516724,0.1176653280854225,jumping
1783087338116049700,0.845049560546875,0.8590958597350865,0.7894577484287321,0.9444026648163796,-0.3107399344444275,0.9019005298614502,0.3331728279590606,jumping
1783087338126094800,0.8550947265625,1.6777452889218925,1.485348009235412,1.478263457801938,-0.2479612231254577,0.6623089909553528,0.6459456086158752,jumping
1783087338136139000,0.865138916015625,1.8695194682739673,1.1960558510698378,2.0455214934766293,-0.0803449898958206,0.2851358354091644,0.934682309627533,jumping
1783087338146183700,0.87518359375,1.8811539380967617,0.6262380479097366,3.074306322810054,0.1087234690785408,-0.1290408223867416,1.1546742916107178,jumping
1783087338156227800,0.885227783203125,1.6340537389725445,-0.0021345278106629,4.671342290508747,0.2408055961132049,-0.6401758193969727,1.276649832725525,jumping
1783087338166272000,0.89527197265625,1.0429661340948193,-0.7496011004671455,6.7411261185824864,0.2468459159135818,-1.2849301099777222,1.2580891847610474,jumping
1783087338176316700,0.905316650390625,0.4601894806403666,-1.4412269818276169,8.488590548157692,0.1209898889064788,-1.9834752082824707,1.0685831308364868,jumping
1783087338186360800,0.91536083984375,-0.1659577471807599,-2.2768802258506415,9.14513021082878,-0.024557989090681,-2.677382230758667,0.7302688956260681,jumping
1783087338196405800,0.92540576171875,-0.6130427585110068,-3.495912609490752,8.702692148521542,-0.1012156084179878,-3.3094961643218994,0.2824608981609344,jumping
1783087338206449700,0.93544970703125,-0.4474759103439748,-4.587746600194275,7.423219324705005,-0.0357423238456249,-3.5253913402557373,-0.1755309253931045,jumping
1783087338216494800,0.945494873046875,-0.5722651963122188,-5.084284793740511,5.64736934312284,0.0346139259636402,-3.4589104652404785,-0.6136383414268494,jumping
1783087338226539000,0.9555390625,-0.4103033868998288,-4.941524674534797,4.212569179472327,0.1109025701880455,-3.166797399520874,-0.9406510591506958,jumping
1783087338236583700,0.965583740234375,-0.4942682027876376,-4.740467849183083,2.852550408300757,0.1677421778440475,-2.604279041290283,-1.1794534921646118,jumping
1783087338246627800,0.9756279296875,-1.3518354647159576,-4.056433153603971,1.6904139240980147,0.2426598221063614,-1.9084107875823977,-1.2528212070465088,jumping
1783087338256672000,0.985672119140625,-2.4169889537647364,-3.116968821972608,0.8208657169967889,0.3923623561859131,-1.1775507926940918,-1.100435495376587,jumping
1783087338266716700,0.995716552734375,-2.990907908633351,-2.4794933407336472,-0.0449035560876131,0.5646023154258728,-0.4866964221000671,-0.8974159955978394,jumping
1783087338276760800,1.0057607421875,-2.2365850403413177,-2.4609116821214556,-0.8176613679975271,0.5785471796989441,0.0572970658540725,-0.7554722428321838,jumping
1783087338286805800,1.0158056640625,-0.6765262196451425,-2.651581261232495,-1.4873241316139698,0.5047485828399658,0.4344179928302765,-0.5804165005683899,jumping
1783087338296849700,1.025849609375,0.3832476221919059,-1.9134911503389476,-2.355976266658306,0.5493384003639221,0.7138294577598572,-0.2838656306266784,jumping
1783087338306894800,1.035894775390625,-0.1568409592673182,-0.197792124467343,-3.5424487352162597,0.7229030132293701,1.011590600013733,0.129624992609024,jumping
1783087338316938800,1.045938720703125,-1.1082973419874906,1.0316657915972172,-3.513025656855106,0.8788604140281677,1.129653811454773,0.5109648704528809,jumping
1783087338326982700,1.055982666015625,-1.270802026104927,1.1514721745863556,-2.6896920884400606,0.9070438146591188,0.8963645696640015,0.7745861411094666,jumping
1783087338337027800,1.06602783203125,-1.534786432273686,0.6793184807121754,-2.7033266460388896,0.8990313410758972,0.4752384126186371,0.8782711625099182,jumping
1783087338347072000,1.076072021484375,-2.2840070089906455,0.1344952719464898,-3.54326881942749,0.9719223380088806,0.0285056382417678,0.7775315046310425,jumping
1783087338357116700,1.08611669921875,-2.8232901192858813,-0.6381438820198178,-4.516629283180833,1.0071814060211182,-0.4453945755958557,0.4746266603469848,jumping
1783087338367160800,1.096160888671875,-2.3274667960107327,-1.1930056697189808,-5.611098006302118,0.9058619737625122,-0.8475281596183777,0.0864834487438201,jumping
1783087338377205800,1.106205810546875,-2.286967027840018,-0.93440500241518,-7.622725413483381,0.6608953475952148,-1.0533562898635864,-0.2950912714004516,jumping
1783087338387249700,1.116249755859375,-2.753463718865812,0.2727731311716139,-10.133867691934109,0.3109141886234283,-1.128048062324524,-0.5803608298301697,jumping
1783087338397293800,1.1262939453125,-2.838643463501334,1.353960055654496,-12.630152592992784,0.0886915996670723,-1.0552630424499512,-0.7127482891082764,jumping
1783087338407338800,1.1363388671875,-3.2361011050924655,1.9646669185638423,-15.02636968462467,0.0425360910594463,-0.8269214034080505,-0.6851608753204346,jumping
1783087338417382700,1.146382568359375,-3.911079218512773,2.5002321773797274,-16.592549326288697,0.0561240725219249,-0.5406525135040283,-0.5013596415519714,jumping
1783087338427427800,1.156427734375,-4.616224798920751,2.188588778935373,-17.00639199323058,0.0627401620149612,-0.1806916296482086,-0.3159229755401611,jumping
1783087338437471700,1.1664716796875,-5.515933751007914,1.3035260457076132,-16.8677843175292,0.0351317264139652,0.2720757126808166,-0.2099458426237106,jumping
1783087338447517000,1.176516845703125,-6.039565995445847,0.5223473191939294,-16.54568002308607,0.0008397980127483,0.8228000998497009,-0.2079423516988754,jumping
1783087338457560800,1.186560791015625,-5.997269406986236,0.1258018970768898,-15.754586928540467,-0.0671878010034561,1.3413692712783811,-0.2628215253353119,jumping
1783087338467605000,1.19660498046875,-5.414090748602152,0.5284822417523711,-14.197124846339223,-0.1836041659116745,1.7011162042617798,-0.304169237613678,jumping
1783087338477650000,1.20664990234375,-4.576560604791343,1.212695070377365,-12.34518180515766,-0.3227847516536712,1.886924147605896,-0.3271685838699341,jumping
1783087338487693800,1.21669384765625,-3.7108667350307103,2.0630857917398213,-10.46350296640396,-0.4679688513278961,1.84941565990448,-0.2870986759662628,jumping
1783087338497738800,1.22673876953125,-2.5925302295878527,3.4765529522433876,-8.879034803855419,-0.5862749814987183,1.6053391695022583,-0.1114046797156333,jumping
1783087338507782700,1.23678271484375,-1.2177850139275193,4.981688927140832,-7.354871764665842,-0.6706271767616272,1.239099621772766,0.1344809830188751,jumping
1783087338517827800,1.246827880859375,0.0188952546060085,5.761147113472223,-5.7891439584225415,-0.680553674697876,0.8611069321632385,0.4089333117008209,jumping
1783087338527871700,1.256871826171875,0.6645166328996419,5.499750093448162,-4.053284041923284,-0.5347347259521484,0.5720362663269043,0.5859906077384949,jumping
1783087338537915600,1.26691552734375,1.466605460973084,4.534483504301309,-1.9309335757881405,-0.2780123651027679,0.3562004268169403,0.6723162531852722,jumping
1783087338547960800,1.2769609375,2.3647914412766693,3.073908847925067,0.408947296115756,-0.0181602779775857,0.2509525716304779,0.6602928638458252,jumping
1783087338558004700,1.287004638671875,2.814396326473355,1.823797289279848,2.9265795211076733,0.0575384572148323,0.2317381203174591,0.5364259481430054,jumping
1783087338568050000,1.2970498046875,3.158343034890294,0.4687107138134538,6.123544255337118,-0.1072885766625404,0.0473403148353099,0.3229184448719024,jumping
1783087338578093800,1.30709375,3.303730579990148,-0.9914113764896988,9.368104268956184,-0.32160484790802,-0.3182288706302643,0.0694165378808975,jumping
1783087338588138800,1.317138671875,3.0557401540279385,-1.6966053260840477,11.382743132913111,-0.4237434566020965,-0.786470890045166,-0.1775652915239334,jumping
1783087338598183000,1.327182861328125,2.4486679943591354,-1.563025853808224,12.756563634943962,-0.3868495523929596,-1.288950800895691,-0.3263621032238006,jumping
1783087338608227800,1.337227783203125,1.773984187710285,-1.1888241462506353,13.912281484276056,-0.2738833129405975,-1.74786639213562,-0.3686685562133789,jumping
1783087338618271700,1.347271728515625,1.2437222959995269,-0.6980323874019086,14.395822541344163,-0.1825330257415771,-2.0301401615142822,-0.3588527143001556,jumping
1783087338628316000,1.35731591796875,1.050091528995335,-0.5660290784016251,14.075102394735811,-0.1300841867923736,-2.07140851020813,-0.3617041707038879,jumping
1783087338638360800,1.36736083984375,1.4658987740084528,-0.5275462030112743,13.246901512545346,-0.0596799850463867,-1.8353147506713867,-0.3580562174320221,jumping
1783087338648404700,1.37740478515625,2.604143510492146,-0.4522743966668844,12.239835763067006,-0.004476383794099,-1.441256046295166,-0.3534894287586212,jumping
1783087338658450000,1.387449951171875,3.809574654281139,-0.5544241269342601,11.921408111310004,-0.073833093047142,-0.9785045981407166,-0.324381560087204,jumping
1783087338668493800,1.397493896484375,4.249997285112738,-0.2917649780198931,11.618200240516662,-0.2697173655033111,-0.4163837432861328,-0.2505158483982086,jumping
1783087338678538800,1.407538818359375,4.219120500811934,0.1948179309621453,10.823670157259702,-0.5056478977203369,0.2045646011829376,-0.193797767162323,jumping
1783087338688583000,1.4175830078125,4.146844661413133,0.2855066482774913,9.582639584562182,-0.7472544312477112,0.8077300786972046,-0.1254794299602508,jumping
1783087338698626800,1.427626708984375,4.118618099360168,0.1262872694410383,8.363822597238421,-0.937123715877533,1.2531554698944092,-0.0062405248172581,jumping
1783087338708671700,1.437671630859375,3.721483698374033,-0.1465922447144985,7.395749718499183,-0.9801204800605774,1.4936118125915527,0.1506052762269973,jumping
1783087338718716000,1.4477158203125,2.783471903638542,-0.9099369161128996,6.500023114046454,-0.843356728553772,1.5906559228897097,0.2683623731136322,jumping
1783087338728760800,1.4577607421875,1.6272376292169093,-2.190210096526891,5.657276404631138,-0.5848599076271057,1.563938856124878,0.3211494088172912,jumping
1783087338738804700,1.4678046875,0.836997936630249,-3.3053321699678895,5.775956560069322,-0.3298089504241943,1.34014093875885,0.3109361827373504,jumping
1783087338748850000,1.477849853515625,0.968318377932906,-4.138582736763358,7.040726904794574,-0.1419937908649444,0.8819051384925842,0.2286239862442016,jumping
1783087338758894000,1.48789404296875,1.9315932087406515,-4.515474560187757,8.458611004957556,0.0040873382240533,0.2949627041816711,0.1211104691028595,jumping
1783087338768937700,1.497937744140625,2.8627348254457115,-4.460503491333127,8.920145981922746,0.0965283215045929,-0.2150310724973678,-0.0270702149718999,jumping
1783087338778983000,1.50798291015625,3.3055914054259654,-4.2537683280840515,8.792872185662388,0.1190259680151939,-0.5837727785110474,-0.1862325519323349,jumping
1783087338789027000,1.518027099609375,3.437105615735054,-3.774896724131703,8.778962318253516,0.1284024268388748,-0.8154299855232239,-0.3203008770942688,jumping
1783087338799072000,1.528072021484375,3.500191017462313,-3.1225802321135996,8.92172009937167,0.1348874121904373,-0.9572750329971312,-0.4039673805236816,jumping
1783087338809116000,1.538115966796875,3.5675855145603417,-2.260817125930637,9.139008513078092,0.1257562339305877,-1.0148096084594729,-0.4228510558605194,jumping
1783087338819160800,1.548160888671875,3.673239015164971,-1.3548263170950114,9.239682471704482,0.124179683625698,-1.0068329572677612,-0.3619568049907684,jumping
1783087338829205000,1.558205078125,3.9479160802617663,-0.589716827981174,9.18500746318698,0.1456263810396194,-0.9605117440223694,-0.2231323271989822,jumping
1783087338839249000,1.568248779296875,4.271173928654194,-0.0944064226642251,9.07575447678566,0.1650755703449249,-0.8973424434661865,-0.0504606626927852,jumping
1783087338849293800,1.5782939453125,4.323870330575108,0.1178632860973477,9.2507842959553,0.1324755549430847,-0.8452597856521606,0.1034407541155815,jumping
1783087338859338000,1.588337890625,3.6044881350219247,0.0597590337835252,9.791183550798891,0.0718693137168884,-0.8813671469688416,0.1902184933423996,jumping
1783087338869383000,1.5983828125,2.1088930186688897,0.1792421761676669,9.56910147307515,0.0231057703495025,-0.8848931789398193,0.2607728242874145,jumping
1783087338879427000,1.608427001953125,0.8657187119409442,0.8876298072367906,8.42051888245046,-0.001998824533075,-0.9331623911857604,0.3795893788337707,jumping
1783087338889472000,1.618471923828125,0.3272261675015092,2.1229297273278234,6.591811170905828,-0.0605476200580596,-1.126986384391785,0.6016845107078552,jumping
1783087338899516000,1.628515869140625,-0.5760486603736877,4.278208649596571,2.798687300688028,-0.1932786852121353,-0.997147500514984,0.8875951766967773,jumping
1783087338909560000,1.63856005859375,1.63750329490453,5.619577665355801,-2.3714123207211495,-0.4199246168136596,-0.3202230930328369,1.2350519895553589,jumping
1783087338919605000,1.64860498046875,2.707527604860067,5.11356758684814,-7.782813684108853,-0.6915636658668518,0.7544807195663452,1.5103353261947632,jumping
1783087338929649000,1.65864892578125,3.284252849321067,4.631197327125072,-9.934859031283857,-0.6546578407287598,1.5421340465545654,1.8179365396499632,jumping
1783087338939693800,1.66869384765625,-4.270764471070468,5.396454554146528,-10.021415032708644,-0.3192318677902221,2.3317952156066895,1.7560560703277588,jumping
1783087338949738000,1.678738037109375,-14.783178183376789,-0.0903182765677571,-11.38142211344242,0.0452078767120838,3.717714309692383,0.814927875995636,jumping
1783087338959783000,1.688782958984375,-15.970337465155124,-6.918834801572561,-18.390814553296565,-0.0949462354183197,5.490476608276367,-0.3184501230716705,jumping
1783087338969826800,1.698826904296875,-7.271492055189609,-3.7025247308820486,-26.804951041233537,-0.0972317606210708,6.839929580688477,-0.8217289447784424,jumping
1783087338979871000,1.70887109375,0.8531396547444164,1.646906790804863,-27.952129025757312,0.2077794373035431,6.862649917602539,-0.5929520130157471,jumping
1783087338989916000,1.718916015625,3.637084874983131,3.800872292387486,-19.322687406885624,0.4679196774959564,5.430657386779785,-0.2070865929126739,jumping
1783087338999960000,1.7289599609375,2.101340995854139,1.6808480772428214,-13.893500795960426,0.6435380578041077,4.173867225646973,-0.1798987984657287,jumping
1783087339010005000,1.7390048828125,0.2391977189039811,-1.1004264624819158,-12.845775703835487,0.591804563999176,3.1306912899017334,-0.4751357734203338,jumping
1783087339020049000,1.749048828125,-0.2100833046332001,-2.833764751549065,-11.060582724368572,0.4002432227134704,2.0328333377838135,-0.8325520157814026,jumping
1783087339030093800,1.75909375,0.2507340803808532,-4.135270835736394,-8.478318160468339,0.4327225983142853,0.7038571238517761,-1.108392357826233,jumping
1783087339040138000,1.769137939453125,-0.8529016812700778,-5.023283504810929,-5.8198208362370725,0.6514371037483215,-0.5994864106178284,-1.3659695386886597,jumping
1783087339050182000,1.779181884765625,-2.447818684053421,-4.75091559343934,-5.030445651525259,0.824012041091919,-1.5327850580215454,-1.576642632484436,jumping
1783087339060226800,1.789226806640625,-2.6243206216022372,-3.6064836927533146,-4.583898400333523,0.8982812762260437,-2.112246036529541,-1.6445369720458984,jumping
1783087339070271000,1.79927099609375,-2.194147874367237,-1.9374163619361815,-4.1769852403938765,0.8147490620613098,-2.373670816421509,-1.5346717834472656,jumping
1783087339080316000,1.80931591796875,-0.5595163355067372,0.3314014073595404,-6.449376045870781,0.6371527314186096,-2.266639232635498,-1.287629008293152,jumping
1783087339090359800,1.81935986328125,-0.1179712765164673,1.0038666611760854,-3.407966615012288,0.5377129912376404,-2.1503372192382812,-0.9114932417869568,jumping
1783087339100405000,1.829405029296875,0.6211699508652091,2.0264732402659953,-3.38798824134469,0.3583373427391052,-1.8255997896194456,-0.5359946489334106,jumping
1783087339110449000,1.839448974609375,1.395408648982644,2.617121357747912,-3.423130866396427,0.2379201352596283,-1.476060390472412,-0.1023558303713798,jumping
1783087339120493000,1.8494931640625,1.5207375947855413,2.3016158770479263,-1.5444646534621715,0.2208027988672256,-1.2045180797576904,0.2712474167346954,jumping
1783087339130538000,1.8595380859375,1.26294912064746,2.261523374503851,0.2952250553458929,0.1954974383115768,-0.92230486869812,0.548755943775177,jumping
1783087339140582000,1.869581787109375,0.6746135178916156,2.1989675496086476,2.0318150396853683,0.0244793482124805,-0.5887939929962158,0.680575430393219,jumping
1783087339150626800,1.879626708984375,0.1595962493248283,1.9786726475626228,3.5438100866973397,-0.2710433602333069,-0.2260930240154266,0.692835807800293,jumping
1783087339160671000,1.8896708984375,-0.2447099429868161,1.6720084988355637,4.55436250924766,-0.5476348996162415,0.0647842288017273,0.6370359063148499,jumping
1783087339170716200,1.899716064453125,-0.4312758861713111,1.3177747896820309,5.44792579818666,-0.7049952149391174,0.1356818377971649,0.5347894430160522,jumping
1783087339180759800,1.909759765625,-0.7902436381094157,0.7673555144749581,5.891392034497857,-0.6961495280265808,0.0092137614265084,0.4590526819229126,jumping
1783087339190804000,1.919803955078125,-1.430642459449172,0.3154445442929863,6.07359744438529,-0.5794386267662048,-0.2184635996818542,0.3982729315757751,jumping
1783087339200849000,1.929848876953125,-2.028093827205151,0.038246582416445,6.4538961536437265,-0.4198647439479828,-0.470338225364685,0.3040624558925628,jumping
1783087339210892800,1.939892822265625,-1.995590903007239,-0.22521803766191,7.145571427103877,-0.2755666971206665,-0.7469215989112854,0.175261840224266,jumping
1783087339220938000,1.94993798828125,-1.578698493105918,-0.7773996463663876,7.250073419585823,-0.1980414986610412,-0.942308783531189,-0.0202539358288049,jumping
1783087339230982000,1.95998193359375,-0.9764965698219836,-1.3354938401155172,6.598696254244446,-0.2600569128990173,-1.0559519529342651,-0.2553252875804901,jumping
1783087339241026800,1.97002685546875,-0.4939879245415329,-1.372106245458871,5.866261100372672,-0.3792742490768432,-1.0851821899414062,-0.4223832786083221,jumping
1783087339251071000,1.980071044921875,-0.3484066104352474,-1.202174333950132,5.32302516079843,-0.4461917579174042,-1.0823255777359009,-0.4386477172374725,jumping
1783087339261115000,1.990114990234375,-0.1789364712193608,-1.1706119054727255,5.015397135475277,-0.4155225753784179,-1.1821118593215942,-0.3222266733646393,jumping
1783087339271159800,2.000159912109375,0.2507001233123243,-1.4015730168312788,4.093784979137778,-0.2638856470584869,-1.388718605041504,-0.1699575036764145,jumping
1783087339281204000,2.010203857421875,0.5185672161333262,-1.8296439694814384,2.615361946859956,0.0350832343101501,-1.5808838605880735,-0.064755231142044,jumping
1783087339291249200,2.020249267578125,-0.1482221840038895,-2.24874981764853,0.8069324687123298,0.3788981437683105,-1.5750150680541992,-0.0503896102309227,jumping
1783087339301292800,2.030292724609375,-1.476426305502653,-1.926605045064539,-0.7163871053904295,0.5822922587394714,-1.357229232788086,-0.0774166285991668,jumping
1783087339311338000,2.040337890625,-2.553409348554909,-1.0511791781015694,-1.2268611775696276,0.5508637428283691,-1.038995623588562,-0.1355470418930053,jumping
1783087339321382100,2.050382080078125,-3.29508287089318,-0.4157407556481659,-1.613571507436037,0.2884562909603119,-0.7184283137321472,-0.2831385731697082,jumping
1783087339331425800,2.06042578125,-3.1555913980945944,-0.1601394162908196,-2.8983728327989575,-0.1715440601110458,-0.471539705991745,-0.4660634100437164,jumping
1783087339341471000,2.070470947265625,-2.75431507499814,-0.3126923229753971,-5.433813101682067,-0.6665297746658325,-0.3744471371173858,-0.64924556016922,jumping
1783087339351515000,2.080514892578125,-3.4392999109089373,-1.143210396067053,-9.540290973654388,-0.9304649829864502,-0.2997808754444122,-0.7800081372261047,jumping
1783087339361559800,2.090559814453125,-4.505812997873127,-0.8409449206903576,-13.996136994570492,-0.9567906856536864,-0.2691651582717895,-0.7645325660705566,jumping
1783087339371604000,2.10060400390625,-4.736491054506599,0.3139654116511344,-17.576023772299287,-0.7919881343841553,-0.3049727082252502,-0.6019620299339294,jumping
1783087339381649000,2.11064892578125,-4.353232618659734,0.9379510044589638,-20.646931100320813,-0.4350185990333557,-0.2627873718738556,-0.3891734182834625,jumping
1783087339391692800,2.12069287109375,-4.794883329981565,0.1422742353849113,-22.739860826182365,0.0220333561301231,0.1474608927965164,-0.2877671718597412,jumping
1783087339401737000,2.130737060546875,-5.493066670161485,0.0628825726315379,-22.99468197494745,0.4273150563240051,0.8817732930183411,-0.2921204566955566,jumping
1783087339411782100,2.1407822265625,-4.711532262077927,0.7333328333638608,-20.68088480784893,0.7118911743164062,1.7225947380065918,-0.3297147154808044,jumping
1783087339421825800,2.15082568359375,-2.683860898068547,0.930004867760092,-16.417150673806667,0.751319408416748,2.344762086868286,-0.300907701253891,jumping
1783087339431871000,2.16087109375,-0.5284004817530512,1.7810756072759628,-11.404545799398422,0.6563145518302917,2.655787944793701,-0.2068534046411514,jumping
1783087339441915100,2.1709150390625,1.7797709544181823,2.7792408419400454,-7.329032390010356,0.6265195608139038,2.7593979835510254,-0.0791489109396934,jumping
1783087339451959800,2.180959716796875,3.3047730747804045,3.361183528788388,-4.291824502494931,0.6217271685600281,2.662846803665161,0.0569047965109348,jumping
1783087339462004000,2.19100390625,3.99873996630907,3.8602497795075177,-1.4994061990737917,0.6261121034622192,2.3565969467163086,0.1876034885644912,jumping
1783087339472048000,2.201048095703125,4.354879801344871,4.32976961774677,1.809790245106816,0.6892785429954529,1.6660401821136477,0.3395712077617645,jumping
1783087339482092800,2.2110927734375,4.654110000678896,5.164013579493761,5.419532647395133,0.7963697910308838,0.6827177405357361,0.6272871494293213,jumping
1783087339492137000,2.221136962890625,2.9331109687030312,5.603561765578389,9.82205098274946,0.8253926634788513,-0.5645233988761902,0.8674968481063843,jumping
1783087339502182000,2.231181884765625,-0.3101861853733658,4.947200382083654,14.102198491454123,0.7962671518325806,-1.9711353778839111,0.9127485752105712,jumping
1783087339512225800,2.241225830078125,-3.779082193122804,2.8197201518446207,17.495401837098598,0.7548046708106995,-3.286193609237671,0.6575838923454285,jumping
1783087339522271000,2.25127099609375,-5.181178649306297,0.4179005640305578,19.81085670827627,0.607207715511322,-4.301084995269775,0.2069628238677978,jumping
1783087339532315100,2.261315185546875,-3.737932728871703,-0.9520195695608854,19.80496472762823,0.3944339454174042,-4.807249546051025,-0.2727782130241394,jumping
1783087339542358800,2.27135888671875,-0.5402750439420342,-0.9372333577089011,17.153415615099668,0.2496251463890075,-4.730953216552734,-0.6173308491706848,jumping
1783087339552404000,2.281404052734375,2.520633452634513,-0.38997736883834,13.863089291083812,0.2416652292013168,-4.248296737670898,-0.8007938861846924,jumping
1783087339562448100,2.2914482421875,4.617781088452041,-0.0719558136641979,12.120783851706982,0.2458684742450714,-3.5990917682647705,-0.838313639163971,jumping
1783087339572492800,2.301492919921875,5.97245820633471,0.020069266821444,10.890111591416597,0.2110697478055954,-2.798999309539795,-0.8695043325424194,jumping
1783087339582537000,2.311536865234375,6.368555373227596,-0.3513691135026514,9.868066883993148,0.1156123504042625,-1.970139741897583,-0.8744213581085205,jumping
1783087339592582000,2.321581787109375,6.2012242918670175,-1.224202041362971,8.312211067944764,-0.0003403513692319,-0.8175072073936462,-0.8497684597969055,jumping
1783087339602625800,2.331625732421875,5.218279422688484,-1.287376436547935,6.340338163524866,-0.2918275594711303,0.1196539998054504,-0.8592771887779236,jumping
1783087339612670000,2.341669921875,4.305206546637415,-1.407974992828071,5.784569490113854,-0.5859159231185913,0.9052396416664124,-0.7965219020843506,jumping
1783087339622715000,2.35171484375,3.4588080367162823,-2.1315008640572426,5.737752793881297,-0.6057099103927612,1.6026482582092283,-0.8376001119613647,jumping
1783087339632758800,2.3617587890625,2.10228909035921,-2.6597397255077957,5.80472029773891,-0.4235960245132446,2.167142152786255,-0.9424588680267334,jumping
1783087339642804000,2.371803955078125,1.3216323418930171,-2.7849071971386667,6.402433092910051,-0.2849529981613159,2.471978664398194,-1.0145833492279053,jumping
1783087339652848000,2.38184814453125,1.584380192004144,-2.4756921948850152,7.796295681494474,-0.2519734799861908,2.5159695148468018,-1.0503813028335571,jumping
1783087339662892800,2.391892822265625,1.937077485370636,-2.061743291089684,8.702624928504228,-0.2981055676937103,2.448323965072632,-1.0710338354110718,jumping
1783087339672937000,2.40193701171875,2.522771049185097,-1.611283104237914,8.96107654272616,-0.3967993855476379,2.3439853191375732,-1.0354292392730713,jumping
1783087339682981000,2.411981201171875,3.1125162264779207,-1.1157196740079671,9.186732971805334,-0.4986146688461303,2.2184793949127197,-0.93083256483078,jumping
1783087339693025800,2.42202587890625,3.467340595000982,-0.6677787765007466,9.439455686986443,-0.582337498664856,2.0649266242980957,-0.7519142031669617,jumping
1783087339703070000,2.432070068359375,3.696934363529086,-0.3174846718184649,9.681430798181893,-0.6264858245849609,1.8232812881469729,-0.547378659248352,jumping
1783087339713115000,2.442114990234375,3.943073900927603,-0.2249282609350979,9.705490888205173,-0.5785313248634338,1.5345687866210938,-0.3339022994041443,jumping
1783087339723158800,2.45215869140625,4.288492435462772,-0.1926123837418854,9.400554586184024,-0.447747141122818,1.2285643815994265,-0.1565917581319809,jumping
1783087339733204000,2.462203857421875,4.477499342058599,-0.056764235881716,9.12154182997048,-0.2200628370046615,0.7320358753204346,-0.0031880931928753,jumping
1783087339743248000,2.472247802734375,3.798673613299429,-0.0074865563631057,8.613117091536521,0.1370728313922882,0.1965485364198684,0.1536497771739959,jumping
1783087339753291800,2.482291748046875,2.8183003481745716,0.0112111298441886,8.731900122827291,0.4941843748092651,-0.4753544926643371,0.2811094522476196,jumping
1783087339763337000,2.4923369140625,0.5000368493169546,0.2714429054811597,9.074405400264263,0.5466523766517639,-0.8691105842590332,0.4251572787761688,jumping
1783087339773381000,2.502381103515625,-1.9862822457835076,1.318299982599914,6.783532597157358,0.5941709280014038,-1.342473387718201,0.4169792532920837,jumping
1783087339783426000,2.512426025390625,-1.4725643693774937,2.83313025303781,6.57586307566762,0.5913040041923523,-1.8551974296569824,0.6262591481208801,jumping
1783087339793470000,2.522469970703125,-0.1568015040397644,4.815914427572489,2.600337396207452,0.5464755296707153,-2.0781867504119873,0.8610082864761353,jumping
1783087339803515000,2.532514892578125,1.4286808039873835,5.195723892009258,-3.3517525603592393,0.3826901614665985,-1.070710062980652,0.9984897375106812,jumping
1783087339813558800,2.542558837890625,-2.691729731747508,5.768217490249872,-10.665609593069552,-0.1319960653781891,1.063130497932434,1.2657794952392578,jumping
1783087339823603000,2.55260302734375,-12.301997327947616,6.886532368382811,-19.000664945507047,-0.9719435572624208,4.852328777313232,1.3624122142791748,jumping
1783087339833647900,2.56264794921875,-14.975059184104204,6.67198419329524,-35.37371227369308,-1.897441267967224,10.444341659545898,0.7439258098602295,jumping
1783087339843691800,2.57269189453125,-0.6372226755216718,-2.719676307815313,-39.66976111588478,-2.0957045555114746,12.468621253967283,0.212534561753273,jumping
1783087339853737000,2.582737060546875,7.159383094835281,-5.781527638199925,-23.018768952977656,-1.0842247009277344,10.254499435424805,0.3268925547599792,jumping
1783087339863780900,2.59278076171875,10.979582018983365,-1.6390259744271636,-12.93642569657564,0.2849246263504028,7.726891040802002,0.6886925101280212,jumping
1783087339873824800,2.60282470703125,9.270530029910802,-0.2059514655254781,-11.042860020673274,0.5160491466522217,6.1369853019714355,0.7320338487625122,jumping
1783087339883870000,2.612869873046875,5.308693268585205,0.3529198500759899,-9.692873398694395,-0.2211917638778686,4.713155269622803,0.547073483467102,jumping
1783087339893914000,2.6229140625,3.9942999380350113,0.0119280459418892,-9.338689373901486,-0.4233264923095703,3.4094574451446533,0.2373014688491821,jumping
1783087339903959000,2.632958984375,4.102814673289656,-0.6514473079681397,-8.598301799720526,0.2316117286682129,2.1513638496398926,0.2087937444448471,jumping
1783087339914003000,2.6430029296875,1.9034721528887748,1.335722826565802,-4.938925305691361,0.6163210868835449,1.0099372863769531,0.2269967198371887,jumping
1783087339924048000,2.6530478515625,-1.124947155754268,1.466127175936848,-1.5468699610382315,0.4792329967021942,-0.0497020445764064,0.0522707216441631,jumping
1783087339934092000,2.663092041015625,-4.518692353190481,-0.8845731961451471,1.098671435508132,0.2535934746265411,-0.8920335173606873,-0.3711977303028106,jumping
1783087339944136000,2.673135986328125,-6.472672750306129,-1.5468828205198049,2.6448236036658286,0.1308052539825439,-1.6383391618728638,-0.761013925075531,jumping
1783087339954180900,2.683180908203125,-5.845915646958351,-0.6922757235713303,4.91859972602129,-0.0259923487901687,-2.390371561050415,-0.9934042692184448,jumping
1783087339964225000,2.69322509765625,-4.415701642054319,-0.5197554030045867,5.316454550236463,-0.1933363080024719,-3.107574462890625,-1.0573465824127195,jumping
1783087339974270000,2.70327001953125,-3.0049171447634695,-0.244516173980385,5.356942043447495,-0.2772780954837799,-3.6786627769470215,-1.0107852220535278,jumping
1783087339984313900,2.71331396484375,-1.421224350501597,0.0726116472244262,4.3034336917459965,-0.3584555685520172,-4.017646312713623,-0.8860056400299072,jumping
1783087339994359000,2.723359130859375,0.0539298892386257,0.3302661197192966,2.249298099181056,-0.3995348215103149,-4.016842365264893,-0.6962770223617554,jumping
1783087340004403000,2.73340283203125,1.0035803915806114,0.2362671088121831,0.8868325193792581,-0.2275291681289672,-3.8860368728637695,-0.3804198801517486,jumping
1783087340014446800,2.74344677734375,1.361126147891581,0.5758152900092304,1.3266583533614873,-0.0259627662599086,-3.320670366287231,-0.0121220387518405,jumping
1783087340024492000,2.753491943359375,2.364284222406894,0.9160776108250022,-0.7036316687136888,0.2332379519939422,-2.910100221633911,0.3570444285869598,jumping
1783087340034536000,2.763535888671875,1.3264445644803344,0.1816378391325473,2.9268945784062144,0.3082874417304992,-2.4236927032470703,0.6694806218147278,jumping
1783087340044580900,2.773580810546875,1.0525820306368172,0.3295312295734882,3.4595950954407453,0.2493094503879547,-2.1617250442504883,0.8638468980789185,jumping
1783087340054625000,2.783625,0.8198774366118013,0.0289395326279103,5.749029390177131,0.1328065395355224,-1.997377634048462,1.05548894405365,jumping
1783087340064670000,2.793669921875,0.2117129516616463,-0.425849915599823,8.174830303689838,-0.0256459116935729,-2.043440341949463,1.1122808456420898,jumping
1783087340074713900,2.8037138671875,-0.515600840608403,-1.0574283016242083,9.575888941258192,-0.2065967917442321,-2.1050240993499756,1.0631191730499268,jumping
1783087340084758000,2.813758056640625,-1.0303281132526696,-1.6747870236381888,9.921300461530684,-0.3365870714187622,-2.248378038406372,0.891560435295105,jumping
1783087340094803000,2.823802978515625,-1.0717360823094844,-2.341592498127371,9.442292371717096,-0.353148490190506,-2.4135701656341553,0.6617394685745239,jumping
1783087340104846800,2.833846923828125,-1.2066503103204071,-2.6337586042940617,8.178937154486775,-0.2643503844738006,-2.4593238830566406,0.4442805647850036,jumping
1783087340114892000,2.84389208984375,-2.0224073060013352,-2.1442421260781583,6.66357409234643,-0.1536914855241775,-2.412728786468506,0.3096876144409179,jumping
1783087340124936000,2.85393603515625,-2.306087323373556,-0.8740659767866135,5.071216053330898,-0.0561703890562057,-2.486949920654297,0.2595853209495544,jumping
1783087340134980900,2.86398095703125,0.4290888975210488,0.1726468695558607,4.773490413340926,0.0477339066565036,-2.712838649749756,0.2879266738891601,jumping
1783087340145025000,2.87402490234375,1.92802923264876,1.1756069372810425,2.0726041461914777,0.2148105502128601,-2.682894706726074,0.4088429808616638,jumping
1783087340155069000,2.88406884765625,2.940883648531139,1.5619494567483665,-1.223302023783326,0.486525148153305,-2.3519372940063477,0.5365293025970459,jumping
1783087340165113900,2.89411376953125,2.5454882001668215,0.6513732198186218,-3.943340150648355,0.5477301478385925,-1.540661334991455,0.5012112855911255,jumping
1783087340175158000,2.904157958984375,1.6109803218990564,-0.3077509210504591,-7.11884007204473,0.6250348091125488,-0.9025463461875916,0.4493914842605591,jumping
1783087340185203000,2.914202880859375,-0.2198296226218342,0.6511003942266106,-2.8711925649285317,0.7565259337425232,-0.4099048376083374,0.4843820631504059,jumping
1783087340195246800,2.924246826171875,-1.909975543433428,-0.8822013524472713,-3.955420464542508,0.3596968352794647,-0.3194321990013122,0.1819804012775421,jumping
1783087340205292000,2.9342919921875,-3.0018434364065527,-1.4415451078660786,-4.917906483060121,0.0578479170799255,-0.4135322272777557,0.0390209555625915,jumping
1783087340215336000,2.9443359375,-2.1549653262749313,-0.7706231379687786,-5.499653062814474,-0.0558464229106903,-0.6618086099624634,-0.133960947394371,jumping
1783087340225379800,2.9543798828125,-2.047388748653233,-0.1875146222114563,-6.69193977060914,-0.0418778769671916,-0.9533020257949828,-0.219198077917099,jumping
1783087340235425000,2.964425048828125,-2.819243181982636,0.1845965428076684,-8.474950145339966,0.094171829521656,-1.3215034008026123,-0.2173453122377395,jumping
1783087340245469000,2.974468994140625,-3.8893680297032,0.7787042992241681,-11.400189942276477,0.3726071119308471,-1.394147872924805,-0.1268853396177292,jumping
1783087340255513900,2.984513916015625,-4.663163952489197,1.3180486381873489,-15.488076511025428,0.4611734747886657,-0.9794929027557372,-0.0860526859760284,jumping
1783087340265558000,2.99455810546875,-5.506539315196871,1.7969453765809535,-19.537510891783235,0.3919297754764557,-0.1185631304979324,-0.044523999094963,jumping
1783087340275603000,3.00460302734375,-6.032039107072353,2.3402893065743147,-22.099100916445256,0.3649245202541351,0.9893164038658142,0.0377056263387203,jumping
1783087340285646800,3.014646728515625,-6.461358744609355,2.522715811866522,-21.84533892134428,0.364924281835556,1.9205304384231567,0.0974761545658111,jumping
1783087340295691000,3.02469091796875,-6.16076836283803,2.0046414938166737,-19.18960697017312,0.2702113687992096,2.4928126335144043,0.0359512791037559,jumping
1783087340305736000,3.03473583984375,-4.941050627282261,0.9820201555490492,-16.074344952118395,0.031094517558813,2.665210247039795,-0.0756437927484512,jumping
1783087340315779800,3.04477978515625,-3.523106321364641,0.9618575113557278,-13.74770700814724,-0.1723454147577285,2.4843246936798096,-0.1384674906730651,jumping
1783087340325825000,3.054824951171875,-2.364992662937194,1.7206389664918182,-12.451959925878048,-0.2150465548038482,2.0104267597198486,-0.0364457257091999,jumping
1783087340335869000,3.064868896484375,-1.050279014391452,2.4521885697007177,-11.146327409410477,-0.0435810536146163,1.4213773012161257,0.1859916150569915,jumping
1783087340345912800,3.074912841796875,-0.1035284712746739,3.072241791495681,-9.259600055095554,0.2095942944288253,0.7099589109420776,0.4827533066272735,jumping
1783087340355958000,3.0849580078125,0.5841974800378084,3.3689696526199575,-7.203224574649334,0.4556200504302978,0.0628456473350524,0.7448778748512268,jumping
1783087340366002000,3.095001953125,1.480344647990167,3.4985277604252096,-4.925844874843955,0.6874996423721313,-0.4596781730651855,0.9761692881584167,jumping
1783087340376046800,3.105046875,2.666444191582501,4.085247452417016,-1.6694442013055084,0.9106059670448304,-0.89173424243927,1.2140988111495972,jumping
1783087340386091000,3.115091064453125,3.7441955886587497,4.456144711601734,1.5628484514147043,1.075568437576294,-1.1124918460845947,1.384207844734192,jumping
1783087340396136000,3.125135986328125,4.050257387578487,4.038679762509465,5.202793099743127,0.9907697439193726,-1.2461795806884766,1.4263519048690796,jumping
1783087340406179800,3.135179931640625,3.0506828706383704,3.103137280496955,9.90059085097909,0.5510061383247375,-1.3983933925628662,1.2790701389312744,jumping
1783087340416224000,3.14522412109375,1.2794409673735498,1.86073059714064,14.237086269849538,-0.0974286124110221,-1.4979071617126465,0.9595500230789183,jumping
1783087340426269000,3.15526904296875,0.1984472273752093,1.153247805956751,16.571273898547886,-0.6390355229377747,-1.5772805213928225,0.6321070194244385,jumping
1783087340436312800,3.165312744140625,1.0524462754279371,1.121791614332795,17.68862957625985,-0.8599516153335571,-1.7932746410369873,0.4367610216140747,jumping
1783087340446358000,3.17535791015625,2.8207559246331453,1.5397617364682257,17.74844370123148,-0.8468335866928101,-2.0657753944396973,0.3691138923168182,jumping
1783087340456402000,3.18540185546875,3.696732995738089,0.862867414163053,16.38071508633494,-0.7634870409965515,-2.202125310897827,0.2760513126850128,jumping
1783087340466446800,3.19544677734375,3.6879984851405023,-0.6916222280986607,14.096561362349986,-0.7077062726020813,-2.034234046936035,0.0540474280714988,jumping
1783087340476491000,3.205490966796875,3.464011742839217,-2.3127909126654265,11.75009643588066,-0.6702108383178711,-1.6789194345474243,-0.2773494124412536,jumping
1783087340486535000,3.215534912109375,3.4496161377400156,-3.235585264524817,9.717926591408252,-0.5854966640472412,-1.2126922607421875,-0.5998684167861938,jumping
1783087340496579800,3.225579833984375,3.457817856635153,-3.2173359066069125,8.521102240183948,-0.5034359097480774,-0.7436573505401611,-0.8505680561065674,jumping
1783087340506624000,3.2356240234375,3.2906633008852597,-2.381783638740331,7.555588982799649,-0.3754887282848358,-0.1563377678394317,-0.9498112797737122,jumping
1783087340516669000,3.2456689453125,2.7587250003948807,-1.4995746875084937,6.444371953973174,-0.205061599612236,0.5190520882606506,-0.9044320583343506,jumping
1783087340526712800,3.255712890625,2.280868710964918,-1.2069286888703703,5.707804814863205,-0.1618426144123077,1.1178078651428225,-0.8582485914230347,jumping
1783087340536758000,3.265758056640625,2.4443635751634836,-1.5817005975313485,5.622213859078288,-0.1838552355766296,1.6034789085388184,-0.8423239588737488,jumping
1783087340546802000,3.275802001953125,2.48885095166564,-2.240533339575678,5.994609247866273,-0.1800851225852966,1.974598288536072,-0.867052435874939,jumping
1783087340556845800,3.285845703125,2.4511367225602267,-2.786826767024398,6.825888806849718,-0.1836196631193161,2.1062302589416504,-0.8961975574493408,jumping
1783087340566891000,3.29589111328125,2.582620537731051,-2.9360756637275216,7.978033473870158,-0.2099387943744659,1.90645432472229,-0.8615448474884033,jumping
1783087340576935200,3.30593505859375,2.866016623595357,-3.1598449638858437,8.876312100893259,-0.1901099681854248,1.4630720615386963,-0.7865502238273621,jumping
1783087340586979800,3.315979736328125,2.96733647890985,-3.5042145738899704,9.240261732897162,-0.0764690637588501,0.919025421142578,-0.6941549181938171,jumping
1783087340597024000,3.32602392578125,2.9505925571188327,-3.643439796967804,9.192536689648032,0.1098387613892555,0.3873277306556701,-0.5678617358207703,jumping
1783087340607068000,3.33606787109375,2.8789348496183753,-3.4516625488758086,9.22429902461171,0.3174290060997009,-0.0966460928320884,-0.4186745882034302,jumping
1783087340617112800,3.34611279296875,2.7449577563270924,-3.1260470314413307,9.207078425219654,0.4946250915527344,-0.5136105418205261,-0.276050329208374,jumping
1783087340627157000,3.356156982421875,2.7955110087394712,-2.8929923088043927,9.183304166400433,0.611945390701294,-0.9271478056907654,-0.1673109978437423,jumping
1783087340637202000,3.366201904296875,3.1721187545254823,-2.514543611326814,9.098721510875224,0.6661327481269836,-1.2563459873199463,-0.0797523856163024,jumping
1783087340647245800,3.376245849609375,3.347600116854906,-1.928608786102384,8.553530930101871,0.6692460179328918,-1.4741054773330688,-0.0374072343111038,jumping
1783087340657291000,3.386291015625,3.658715399771928,-1.3823948536306618,8.115750922733545,0.6211525201797485,-1.6260923147201538,-0.0509006716310977,jumping
1783087340667335000,3.3963349609375,4.183136164239048,-0.5736855845041573,8.420720542502403,0.4491749703884125,-1.8549407720565796,-0.0796100050210952,jumping
1783087340677378800,3.40637890625,4.16731841738224,1.17102793892771,9.504061137887836,0.1665419638156891,-2.335918426513672,0.0093702031299471,jumping
1783087340687424000,3.416424072265625,3.2751188180118795,2.890824317115545,8.900109740588068,-0.1542783975601196,-2.7221481800079346,0.2026044428348541,jumping
1783087340697468200,3.42646826171875,2.9737662196964023,3.52579395301342,6.600168080362677,-0.0681752040982246,-3.072807550430298,0.2623553872108459,jumping
1783087340707512800,3.436512939453125,2.5249863871470093,5.220799296554922,3.683607264444232,0.1793597340583801,-3.101438045501709,0.6194420456886292,jumping
1783087340717557000,3.446556884765625,0.4688330250188708,6.717190531721711,-0.7227221536308527,0.1390514522790908,-2.768221139907837,1.0454834699630735,jumping
1783087340727602000,3.456601806640625,-2.4371216412112116,6.427226173382997,-4.5270600763022895,-0.1723583191633224,-1.9721862077713013,1.4333696365356443,jumping
1783087340737645800,3.466645751953125,-5.191439346557855,5.672804813152552,-8.072278276231884,-0.5078737735748291,-0.5436372756958008,1.6384596824645996,jumping
1783087340747690000,3.47668994140625,-9.094897568672897,4.405865015433728,-12.495677487051486,-0.9161297082901,1.320996880531311,1.636537790298462,jumping
1783087340757735000,3.48673486328125,-14.42272223870754,2.7955232836991546,-18.335210154974455,-1.5030107498168943,4.03688383102417,1.266815423965454,jumping
1783087340767779300,3.496779296875,-15.841116041958331,0.3798018656522035,-26.762098572456836,-2.090254545211792,7.300902843475342,0.6088040471076965,jumping
1783087340777824500,3.506824462890625,-8.75719121595025,-1.6322919899970292,-27.332383846998212,-1.9670580625534055,8.261604309082031,0.1810862720012664,jumping
1783087340787868200,3.5168681640625,-2.202411552582681,-1.1571842686228453,-17.31950634101033,-1.1448472738265991,6.627862930297852,0.1933258473873138,jumping
1783087340797912300,3.526912353515625,1.3722668428480624,0.0536990030921995,-12.49083764580488,-0.2105656564235687,4.573980331420898,0.3997272253036499,jumping
1783087340807957500,3.53695751953125,0.8178706268340349,-0.4538236719354986,-13.635135106456278,0.3123639225959778,3.2930455207824707,0.4233458936214447,jumping
1783087340818001200,3.547001220703125,-1.6259709702819585,-1.5276882907062768,-14.189364733731743,0.3383667767047882,2.559100389480591,0.2207682728767395,jumping
1783087340828046300,3.55704638671875,-2.8450638519376517,-2.892146797890961,-11.78323882702589,0.2806532680988312,1.756154179573059,-0.1279646456241607,jumping
1783087340838090500,3.567090576171875,-2.6718787838518616,-3.4635569848090406,-7.808623832669854,0.3945547938346863,0.6728005409240723,-0.4318640828132629,jumping
1783087340848135200,3.57713525390625,-2.1173910901620983,-3.0750986422315236,-3.3621740011304615,0.6026449203491211,-0.6076239943504333,-0.6050704717636108,jumping
1783087340858179300,3.587179443359375,-1.9810839464880523,-2.7875656026929616,0.0867015473753213,0.8488837480545044,-1.5808842182159424,-0.7165807485580444,jumping
1783087340868223500,3.597223388671875,-2.141065980260074,-2.633863818234205,1.5665888069868086,1.010235071182251,-2.1627814769744873,-0.8029123544692993,jumping
1783087340878268200,3.60726806640625,-2.102591288176179,-2.1105561295755204,2.8979706817388533,1.0124316215515137,-2.515461683273315,-0.8108429908752441,jumping
1783087340888312300,3.617312255859375,-1.6297035809390246,-1.0049059410959482,3.6241888607919215,0.9533159136772156,-2.5977845191955566,-0.6947762966156006,jumping
1783087340898357500,3.627357421875,-1.0223629795923828,0.1574855407811701,3.243131442120671,0.8720253109931946,-2.4032061100006104,-0.4646794497966766,jumping
1783087340908401200,3.637401123046875,-0.486177250790596,0.616815262787044,2.7649937054008245,0.7538118958473206,-2.062666893005371,-0.1989220827817917,jumping
1783087340918446300,3.6474462890625,0.1977884712055325,0.6758750622600317,2.1159745013624427,0.5881710052490234,-1.5436967611312866,0.0632674545049667,jumping
1783087340928490500,3.657490478515625,1.085784481406212,0.7845435267716646,1.2982441597819327,0.3767465651035309,-0.922847330570221,0.293657511472702,jumping
1783087340938534100,3.6675341796875,1.9644906852141024,0.7638681107506156,1.212681261047721,0.1561609208583831,-0.3351702988147735,0.5083218812942505,jumping
1783087340948579300,3.677579345703125,2.455596040056646,0.6254298002667724,1.8153946409851311,-0.0174542739987373,0.1642350107431411,0.6787327527999878,jumping
1783087340958623500,3.68762353515625,2.357147356264293,0.5271744470894336,3.1799311818420883,-0.1039359048008918,0.519722580909729,0.8025564551353455,jumping
1783087340968668400,3.69766845703125,1.852607642570138,0.4954309629566967,5.017292155441641,-0.0938886702060699,0.7027421593666077,0.900249183177948,jumping
1783087340978712300,3.70771240234375,1.0301935270875693,0.5576894123405218,6.6050313024848695,-0.046646062284708,0.748371422290802,0.9692476987838744,jumping
1783087340988756500,3.717756591796875,0.0315980843126773,0.6777526927001774,7.85878165602386,-0.049055527895689,0.73969566822052,0.9550570845603944,jumping
1783087340998801400,3.727801513671875,-0.7592536026924848,0.3074604136712849,8.811693205988407,-0.1129125356674194,0.6763765811920166,0.8268775343894958,jumping
1783087341008845300,3.73784521484375,-0.926472601980716,-0.3489440783128142,9.475841590097549,-0.1946529448032379,0.5471709370613098,0.6141309142112732,jumping
1783087341018890500,3.747890380859375,-0.4593981110669672,-1.0887370476014913,9.583878186446428,-0.2404286861419677,0.3276614546775818,0.32041996717453,jumping
1783087341028934100,3.75793408203125,0.143510353051126,-1.8724854784727096,9.16505130135119,-0.1727578341960907,-0.0076894760131835,-0.0190035253763198,jumping
1783087341038979300,3.767979248046875,0.7467642696060239,-2.293903256843984,8.283447914797067,0.0028270292095839,-0.3570716977119446,-0.3669069111347198,jumping
1783087341049023500,3.7780234375,1.321223614961654,-2.080003462662548,7.384604639628529,0.190679594874382,-0.7556416988372803,-0.6343369483947754,jumping
1783087341059067100,3.788067138671875,1.6834285952553152,-1.185534749316424,6.247171219527721,0.3547907769680023,-1.0501405000686646,-0.7860018014907837,jumping
1783087341069112300,3.7981123046875,1.385116095288098,-0.055645168723911,4.770913840851187,0.4216026365756988,-1.2123732566833496,-0.7900972962379456,jumping
1783087341079156500,3.808156494140625,0.8666565773129463,0.7462025440700352,3.2277082475394008,0.4413728713989258,-1.182894945144653,-0.7141772508621216,jumping
1783087341089201400,3.818201416015625,0.529775569498539,1.0040636450529097,1.520560046261549,0.394315630197525,-1.099236249923706,-0.6197887063026428,jumping
1783087341099245300,3.828245361328125,0.1111629116758704,0.7174341302253305,-0.1454372294604778,0.2057673037052154,-0.972299575805664,-0.559934675693512,jumping
1783087341109290200,3.838290283203125,-0.4273042060613632,0.203222186692059,-2.2742542612612247,-0.0886081010103225,-0.9933014512062072,-0.5208895206451416,jumping
1783087341119334400,3.84833447265625,-1.0251908964946863,-0.5436014118857682,-5.445233490362763,-0.2720516920089721,-0.9487906694412231,-0.4920912086963653,jumping
1783087341129378300,3.85837841796875,-1.3625056195512413,-1.2662164518803358,-8.835513642036915,-0.2148412764072418,-0.8303681015968323,-0.4691225290298462,jumping
1783087341139423500,3.868423583984375,-1.868178721189499,-1.9553759431272744,-11.10366549476981,0.0828441977500915,-0.8666667342185974,-0.481389582157135,jumping
1783087341149467400,3.87846728515625,-2.439889936880767,-2.3971958735361696,-11.322799244081974,0.4804741144180298,-1.1000268459320068,-0.5149640440940857,jumping
1783087341159512300,3.88851220703125,-3.389828900775313,-2.315870320110768,-10.578322939282655,0.7426586151123047,-1.4957927465438845,-0.5590103268623352,jumping
1783087341169556500,3.898556396484375,-4.478007876102626,-2.458216743949055,-9.790672678667306,0.8415390849113464,-1.8573499917984009,-0.6927475333213806,jumping
1783087341179600100,3.90860009765625,-5.61997163310945,-2.599293440112471,-10.042040472108123,0.7234355807304382,-1.941630482673645,-0.847615659236908,jumping
1783087341189645300,3.918645263671875,-6.765676622471213,-1.976496180306375,-11.679205621099472,0.4331984519958496,-1.6105538606643677,-0.8952563405036926,jumping
1783087341199689500,3.928689453125,-7.950058840751647,-1.028769339503348,-14.590655377614498,0.1336064040660858,-0.8517045378684998,-0.8199719786643982,jumping
1783087341209734400,3.938734375,-8.786439522266388,-0.9622183805573732,-17.44646566449404,-0.1423307955265045,0.1130021587014198,-0.6865243911743164,jumping
1783087341219778300,3.9487783203125,-9.237312819963693,-1.6869246206775306,-19.252411509132383,-0.3400500118732452,1.0255074501037598,-0.5356504321098328,jumping
1783087341229823200,3.9588232421875,-8.81575095694661,-2.26071351942569,-19.94741271214485,-0.3661099374294281,1.777481198310852,-0.37310791015625,jumping
1783087341239867400,3.968867431640625,-7.319046418046951,-1.8600939066722988,-18.939746074163914,-0.266559898853302,2.167255401611328,-0.0796209126710891,jumping
1783087341249911300,3.978911376953125,-5.466017335194349,-0.3144621821921318,-16.4622173115015,-0.1574558317661285,2.2406928539276123,0.3011306226253509,jumping
1783087341269999400,3.998999267578125,-3.5265263589411973,0.6504960716579109,-13.493935660696028,-0.0232094656676054,1.9454729557037351,0.8202937245368958,jumping
1783087341280043300,4.009043212890625,-1.9306667415454983,1.0808520665053278,-10.712423951214552,0.0906478613615036,1.442790985107422,0.999435544013977,jumping
1783087341290088400,4.01908837890625,-0.8986343085929751,1.6153274111926554,-7.152091768783331,0.2887670397758484,0.7064529657363892,1.1294430494308472,jumping
1783087341300132400,4.02913232421875,-0.1999146695792674,2.2106410362675786,-3.5482904469817873,0.5667291283607483,-0.0397187061607837,1.163447380065918,jumping
1783087341310177300,4.03917724609375,0.4019359560489654,2.3458970634534952,-0.5513561176657676,0.9475152492523192,-0.7321772575378418,1.098763346672058,jumping
1783087341320221400,4.049221435546875,0.7046136654883622,2.4826541428521276,2.1166315039664507,1.3453168869018557,-1.2319761514663696,0.963603138923645,jumping
1783087341330265300,4.059265380859375,0.9757987968161702,2.5817653822064397,4.801604162669181,1.5761477947235107,-1.519516110420227,0.7872486114501953,jumping
1783087341340310300,4.069310302734375,1.045611753232777,2.6867846765607593,7.069046405827999,1.634472131729126,-1.6163911819458008,0.6543653607368469,jumping
1783087341350354400,4.0793544921875,1.6288324971929191,3.226098474255204,9.638990417337418,1.5237557888031006,-1.6074202060699463,0.5946277379989624,jumping
1783087341360399400,4.0893994140625,3.1852669899120927,3.825964355807006,11.743376772236823,1.2749019861221311,-1.625438928604126,0.5812440514564514,jumping
1783087341370443300,4.099443359375,4.825630934944749,4.227376872503757,13.418403742110728,0.9383424520492554,-1.6340115070343018,0.5509639382362366,jumping
1783087341380487400,4.1094873046875,6.040314767986536,3.975314959318936,14.52703601514101,0.5537252426147461,-1.6042934656143188,0.476710706949234,jumping
1783087341390532400,4.119532470703125,6.8522858153879636,3.2110695396885274,14.88634629690647,0.1429615318775177,-1.491710901260376,0.347548097372055,jumping
1783087341400576300,4.129576171875,7.09291711075902,2.296518846169859,14.58695886118412,-0.2234401553869247,-1.261108636856079,0.1731219887733459,jumping
1783087341410621400,4.139621337890625,6.775263365983963,1.4413786652579903,13.747917436027526,-0.4788416028022766,-0.8775440454483032,-0.058793481439352,jumping
1783087341420665300,4.149665283203125,6.053792673718929,0.6157398155752569,12.59280164424181,-0.6514576077461243,-0.4765900075435638,-0.2646552920341491,jumping
1783087341430710300,4.159710205078125,5.333989037883281,0.2008665269440039,11.423605889177322,-0.7582781314849854,-0.0667930319905281,-0.3643861711025238,jumping
1783087341440754400,4.16975439453125,4.750466096106171,0.3526405947431921,10.164882423400876,-0.8279208540916443,0.3917210102081299,-0.3793102502822876,jumping
1783087341450798300,4.17979833984375,4.184126052059233,0.7522624286308884,8.683479498529433,-0.874586820602417,0.9135138988494872,-0.3709482550621032,jumping
1783087341460843300,4.18984326171875,3.293223799023032,0.7996848356716334,7.232801966789364,-0.8915721774101257,1.469871163368225,-0.4151953458786011,jumping
1783087341470887400,4.199887451171875,2.4049872580647467,-0.0104000326570123,6.0284741080671544,-0.8489999771118164,2.022310495376587,-0.539271891117096,jumping
1783087341480932400,4.209932373046875,1.7500947780787943,-1.2915947848953306,5.45088990868926,-0.779532253742218,2.4345388412475586,-0.69228196144104,jumping
1783087341490976300,4.219976318359375,1.5538172959581016,-2.21571117913872,5.722801308465003,-0.7303684949874878,2.602355718612671,-0.80489182472229,jumping
1783087341501020400,4.2300205078125,1.7020049931704997,-2.4944968485981223,6.699151017162204,-0.6902080178260803,2.5221469402313232,-0.8755233883857727,jumping
1783087341511065300,4.2400654296875,2.0455022042542694,-2.617901402209699,7.967327370938659,-0.636957585811615,2.148954153060913,-0.9122918248176576,jumping
1783087341521109200,4.250109130859375,2.5211492932021615,-2.7055110043406483,9.463200719711184,-0.5602697134017944,1.5184588432312012,-0.8886855840682983,jumping
1783087341531154400,4.260154541015625,2.9644319896399973,-2.6802546902701256,10.652885720574854,-0.4204531610012054,0.819466769695282,-0.7626153230667114,jumping
1783087341541198300,4.2701982421875,3.2510943838238715,-2.4901015362486243,10.895369950336216,-0.2124983668327331,0.2060992121696472,-0.5601101517677307,jumping
1783087341551243300,4.2802431640625,3.4506232689559457,-2.0367717853099108,10.373734432673452,0.0125286802649497,-0.2306682020425796,-0.342275857925415,jumping
1783087341561287400,4.290287353515625,3.332987946395576,-1.6010431575134396,9.371702585709096,0.2224856466054916,-0.5565485954284668,-0.1246378123760223,jumping
1783087341571331300,4.300331298828125,3.2581998319149017,-1.2631347063474356,8.471281101438402,0.4106567502021789,-0.7447814345359802,0.0716707557439804,jumping
1783087341581376300,4.310376220703125,3.294331760264933,-0.9357317209742962,7.471610138386487,0.5514007806777954,-0.795906662940979,0.2215928733348846,jumping
1783087341591420400,4.32042041015625,3.3990132009670138,-0.6132840929862111,6.913095381137729,0.5938109755516052,-0.7724052667617798,0.3268018066883087,jumping
1783087341601465300,4.33046533203125,3.7365123406797647,-0.2783873908568173,6.976417221969366,0.4902555048465729,-0.7791936993598938,0.4218460321426391,jumping
1783087341611509200,4.34050927734375,4.210433336487412,0.2819148343306034,7.95283415068388,0.2801186442375183,-0.9575809240341188,0.5744134783744812,jumping
1783087341621553400,4.350553466796875,4.491733034594357,1.1385188041847198,9.536884380081297,0.1169020310044288,-1.2024898529052734,0.8088512420654297,jumping
1783087341632226600,4.3612265625,2.35827256090194,3.798414962363243,9.21665698542595,0.0606988295912742,-1.4788588285446167,1.1494053602218628,jumping
1783087341642270200,4.371270263671875,1.1548653241559863,4.642104505586624,7.531276963841915,0.1206231489777565,-1.6507205963134766,1.454757571220398,jumping
1783087341652315400,4.3813154296875,1.3188918110132215,4.7202355007544154,5.186892350777983,0.2043778896331787,-1.7039130926132202,1.5954186916351318,jumping
1783087341662359300,4.391359375,1.745024635207653,3.718388070446253,2.778323142573237,0.1784336417913437,-1.6650497913360596,1.567560076713562,jumping
1783087341672404200,4.401404296875,-1.3382690039172769,2.112874781781435,-0.8905150072842836,-0.0060586472973227,-1.2092005014419556,1.4250017404556274,jumping
1783087341682448400,4.411448486328125,-7.108554240351915,1.4996695261850952,-5.30929941778481,-0.1565786451101303,-0.0316888839006423,1.208810567855835,jumping
1783087341692493300,4.421493408203125,-9.03235606456399,1.9245003278702495,-11.135436597561837,-0.3496670126914978,2.0222768783569336,0.9364955425262452,jumping
1783087341702537200,4.431537109375,-4.783123626343905,2.9098072500050067,-20.58319717155695,-1.02508282661438,5.038069725036621,0.7903101444244385,jumping
1783087341712581400,4.441581298828125,-1.258992638106644,1.133180584961921,-27.627013274538516,-1.5747621059417725,7.548371315002441,0.4488992691040039,jumping
1783087341722626600,4.45162646484375,0.5162058938294649,-4.788773907190561,-17.676498408961294,-1.23871648311615,7.31069278717041,0.0419642552733421,jumping
1783087341732670200,4.461670166015625,0.1813715894117951,-4.1086558005332945,-10.809271045029163,-0.4801265299320221,5.797212600708008,0.0360308475792408,jumping
1783087341742715400,4.47171533203125,-0.4510450010024011,-2.7649086574658748,-7.944983437183499,0.3090842366218567,3.575958490371704,0.1721604466438293,jumping
1783087341752759600,4.481759521484375,-0.5101881679099053,-2.47292331469357,-5.932929913544655,0.9590041637420654,1.4696484804153442,0.3698225915431976,jumping
1783087341762803200,4.49180322265625,-1.1153111662723123,-1.3255975922621783,-7.296646954712271,1.1684194803237915,0.0937915667891502,0.5255898237228394,jumping
1783087341772848400,4.501848388671875,-1.612666959811747,0.4784131926603615,-9.002399902239441,1.007303237915039,-0.6908807754516602,0.7572636008262634,jumping
1783087341782892500,4.511892578125,-2.330457209998369,1.1219799765117466,-9.699875386410952,0.8763784766197205,-0.9672817587852478,0.9990455508232116,jumping
1783087341792937500,4.5219375,-2.384100829641521,-0.1218428572528064,-7.429006091412901,0.8543082475662231,-1.2697559595108032,1.1088813543319702,jumping
1783087341802981400,4.5319814453125,-2.093102159819007,-1.7473790893793104,-3.631001463416218,0.7973365783691406,-1.807917237281799,1.0111638307571411,jumping
1783087341813026300,4.5420263671875,-1.905450759485364,-2.4886872855365274,-1.1884160038411615,0.5950032472610474,-2.334429979324341,0.8152033686637878,jumping
1783087341823070500,4.552070556640625,-1.308678460034728,-1.0409426654431968,0.2136211233705282,0.3296309113502502,-2.8065054416656494,0.7302772402763367,jumping
1783087341833114400,4.5621142578125,-0.6309811507835984,0.7893873135410249,0.0642623365521431,0.1119225621223449,-3.036522626876831,0.7339198589324951,jumping
1783087341843159600,4.57215966796875,-0.3254566736109555,0.9623467561773956,-1.781298894637823,-0.0521063208580017,-2.8914270401000977,0.6671331524848938,jumping
1783087341853203500,4.582203369140625,-0.9591863924503324,-0.1430217658165842,-3.773682672166824,-0.2033324241638183,-2.4784393310546875,0.4410042464733124,jumping
1783087341863248400,4.592248291015625,-1.7110282575815916,-0.8914676318340004,-4.722548161610961,-0.2340826094150543,-2.038095235824585,0.1111640259623527,jumping
1783087341873292500,4.60229248046875,-1.8384715651899577,-0.9994637500420211,-5.131355172473192,-0.0877837464213371,-1.5929771661758425,-0.1835318058729171,jumping
1783087341883336400,4.61233642578125,-1.714123593248427,-0.2518090344022959,-4.808025720149279,0.1211004927754402,-1.1969445943832395,-0.3812222480773926,jumping
1783087341893381400,4.62238134765625,-1.3342629831463098,0.7220186084713787,-3.684135672232508,0.2780705094337463,-0.8604789972305298,-0.541019856929779,jumping
1783087341903425500,4.632425537109375,-1.1817317037716508,1.249387774415314,-1.9069243391692636,0.3101823925971985,-0.6184432506561279,-0.6540654301643372,jumping
1783087341913470500,4.642470458984375,-0.9810685539126396,1.3704451803788542,0.0848059428870677,0.2215378582477569,-0.5470618009567261,-0.7721490859985352,jumping
1783087341923514400,4.652514404296875,-0.576624414435029,1.0422046482030305,0.8483084351956843,0.0377672314643859,-0.6934957504272461,-0.8937553763389587,jumping
1783087341933559300,4.662559326171875,-0.3710121177360415,0.5718217633936554,0.1451069745928049,-0.100228801369667,-0.9435794353485109,-1.0024776458740234,jumping
1783087341943603500,4.672603515625,-1.054235496932268,-0.1663970153808593,-1.446511644232273,-0.1520738899707794,-1.1259676218032837,-1.0998119115829468,jumping
1783087341953647400,4.6826474609375,-1.827638913269341,-0.7452073224876076,-2.8853222125679254,-0.1720411777496338,-1.267038345336914,-1.150135159492493,jumping
1783087341963692500,4.692692626953125,-2.518442372331023,-1.9209809215724467,-4.585553181803226,-0.2188467681407928,-1.2666923999786377,-1.2511049509048462,jumping
1783087341973736400,4.702736328125,-3.067751786600053,-3.2680823435038326,-6.017132045319676,-0.38825723528862,-1.1762105226516724,-1.4222992658615112,jumping
1783087341983781400,4.712781494140625,-3.632844168673456,-3.572210251751542,-6.8311354753315445,-0.6145636439323425,-1.019413948059082,-1.534321665763855,jumping
1783087341993825500,4.722825439453125,-4.431574918490648,-3.1795974198430774,-7.515259895020723,-0.8238257169723511,-0.7059809565544128,-1.4985904693603516,jumping
1783087342003869400,4.732869384765625,-5.143563496661186,-2.3600451235324145,-8.108329832822085,-1.0765001773834229,-0.2860736846923828,-1.3343735933303833,jumping
1783087342013914400,4.742914306640625,-5.508541302669048,-1.3940728703342378,-8.665216696608066,-1.3761440515518188,0.0421772003173828,-1.0317307710647583,jumping
1783087342023958500,4.75295849609375,-5.014896784737706,0.7494391879037022,-9.807933610069751,-1.5630228519439695,0.0901274159550666,-0.5610390901565552,jumping
1783087342034003500,4.76300341796875,-4.2611707132950425,3.2183409919962287,-12.612947775691747,-1.4352867603302002,0.3121999502182007,0.0641641765832901,jumping
1783087342044047400,4.77304736328125,-4.33727692463696,4.300103086018562,-15.254881503134966,-1.0724488496780396,0.8646228909492493,0.6256469488143921,jumping
1783087342054092300,4.78309228515625,-3.970012176735699,3.672713529986143,-15.508711302775144,-0.6968111395835876,1.4489790201187134,0.9996891617774964,jumping
1783087342064136400,4.793136474609375,-3.326814226196706,2.0163317854799327,-13.743345305806397,-0.5311406850814819,1.81871497631073,1.1435996294021606,jumping
1783087342074180400,4.803180419921875,-3.4148660191372033,0.5392319646298885,-10.88074170552492,-0.608220100402832,1.8584251403808592,1.026584267616272,jumping
1783087342084225500,4.8132255859375,-3.4716643034189936,-0.1630453668653965,-8.312158460974693,-0.7849067449569702,1.7087440490722656,0.7324733138084412,jumping
1783087342094269400,4.82326953125,-2.5558237162202597,0.3365025298908353,-6.23454788479805,-0.8727850317955017,1.5187381505966189,0.462824672460556,jumping
1783087342104314400,4.833314453125,-1.1738225380823015,1.520220146782696,-3.818859199976921,-0.8548079133033752,1.262962818145752,0.3098204731941223,jumping
1783087342114358500,4.843358642578125,0.0249009247615933,2.954389319053292,-1.5929618501275775,-0.7247512340545654,0.9530810713768004,0.3356938362121582,jumping
1783087342124402400,4.85340234375,1.2702972914531827,4.074052104663848,0.29828911909163,-0.4501793086528778,0.5861006379127502,0.5308740139007568,jumping
1783087342134447400,4.863447265625,2.3335104600891468,4.320113023868203,2.070616187244654,0.0041463170200586,0.1939556896686554,0.7939940690994263,jumping
1783087342144491500,4.873491455078125,2.8922984813213346,3.878528948041797,3.6843443465471264,0.5557951331138611,-0.1678691059350967,1.0209609270095823,jumping
1783087342154536400,4.883536376953125,3.0191902925267815,2.5996272021114826,5.5809927908957,1.0513691902160645,-0.4697401523590088,1.1138800382614136,jumping
1783087342164580400,4.893580322265625,3.105540542246401,1.0488879984244703,8.334895777961611,1.305073857307434,-0.8561919331550598,1.057651400566101,jumping
1783087342174625300,4.903625244140625,3.4936329741209744,-0.0914892200432717,11.523784757763147,1.273599624633789,-1.2963215112686155,0.8685106039047241,jumping
1783087342184669400,4.91366943359375,4.020108040769398,-0.6832276169799267,13.8438994374454,1.029502511024475,-1.7023850679397583,0.623367190361023,jumping
1783087342194713300,4.92371337890625,4.553614613489806,-0.6884377528436482,15.25686420138478,0.7252014875411987,-2.015787363052368,0.3636508882045746,jumping
1783087342204758500,4.933758544921875,5.149422744083404,-0.2424104338727891,15.62880483214259,0.4649797976016998,-2.1999120712280273,0.1667024344205856,jumping
1783087342214802400,4.943802490234375,5.643969179290533,0.1914152829118073,15.1095284448266,0.2611631751060486,-2.293051481246948,0.0494265109300613,jumping
1783087342224847400,4.953847412109375,5.783821886616945,0.0866409032292664,13.894745827585458,0.1167258396744728,-2.229414463043213,-0.0210500489920377,jumping
1783087342234891500,4.9638916015625,5.4625511203885075,-0.3071462331555784,12.06600830542445,0.037516176700592,-1.9651458263397217,-0.0873713642358779,jumping
1783087342244935400,4.973935302734375,4.8960012329831715,-0.517107372713834,10.395610748916864,0.0091255484148859,-1.5492171049118042,-0.1404641270637512,jumping
1783087342254980400,4.98398046875,4.5390606029585,-0.3652047466315329,8.928879323476552,0.0050440076738595,-1.0118060111999512,-0.1523122042417526,jumping
1783087342265024500,4.9940244140625,4.241391661591828,-0.3121652303613722,7.579895156538486,-0.0074858991429209,-0.3581531047821045,-0.1250241249799728,jumping
1783087342275069400,5.0040693359375,3.7146190733015536,-0.7642028956629335,6.521680819103121,-0.0710272565484047,0.4001003503799438,-0.1173800453543663,jumping
1783087342285113300,5.01411328125,3.040965194222331,-1.710064673246443,5.9468397809535265,-0.2008411735296249,1.182762861251831,-0.2176509946584701,jumping
1783087342295158300,5.024158203125,2.729611426374316,-2.693521291339397,5.983858136749268,-0.3753830790519714,1.8759124279022217,-0.4098598062992096,jumping
1783087342305202400,5.034202392578125,2.819704369753599,-3.156390147256851,6.758780433216691,-0.5191746354103088,2.2927560806274414,-0.6401867866516113,jumping
1783087342315246300,5.044246337890625,3.079773940566182,-3.217090991935134,7.659010778829455,-0.5464617013931274,2.3765740394592285,-0.8344162702560425,jumping
1783087342325291500,5.05429150390625,3.080772596214711,-3.2260601880714295,8.242395773440599,-0.4574745297431946,2.243807554244995,-0.9631369709968568,jumping
1783087342335335400,5.06433544921875,2.942688067604601,-3.1924002027928826,8.888941280841827,-0.3131752908229828,1.8143093585968015,-1.0352903604507446,jumping
1783087342345380600,5.074380615234375,3.123585025241971,-3.0944425173878667,9.436496252658962,-0.108843982219696,1.1413607597351074,-1.0235271453857422,jumping
1783087342355424500,5.084424560546875,3.3463284894838927,-2.9349522126555443,9.535634672281146,0.1537199020385742,0.3791485726833343,-0.9324701428413392,jumping
1783087342365468400,5.094468505859375,3.1914304809778926,-2.834132415817678,9.2829762545079,0.3918341994285583,-0.3047218918800354,-0.8147275447845459,jumping
1783087342375513600,5.104513671875,2.7812559811547395,-2.8047084606736896,9.050662705627085,0.5395642518997192,-0.8240076899528503,-0.7051535248756409,jumping
1783087342385557500,5.1145576171875,2.5781603434517977,-2.6494600312948227,8.967905511963368,0.5963926911354065,-1.157132863998413,-0.6276504993438721,jumping
1783087342395602400,5.1246025390625,2.800027317120134,-2.251300963436067,8.787913686472177,0.6096761226654053,-1.3148292303085327,-0.5723881125450134,jumping
1783087342405646300,5.134646240234375,3.407942357353866,-1.3148621171057224,8.502410983717441,0.5842157602310181,-1.3319664001464844,-0.5115188956260681,jumping
1783087342415691300,5.144691162109375,3.877017958956957,0.0066887570489197,8.365134264358877,0.5057923793792725,-1.2758034467697144,-0.4088196158409118,jumping
1783087342425735400,5.1547353515625,4.580142262670398,1.418093797390908,8.678046367564797,0.3708603978157043,-1.3132448196411133,-0.2541096806526184,jumping
1783087342435779300,5.164779296875,5.102085823369026,2.730120252679288,9.03489113599956,0.1722128838300705,-1.4733867645263672,-0.0525670759379863,jumping
1783087342445824500,5.174824462890625,3.7614357695341103,3.916710210137069,8.417911914822458,0.0514904595911502,-1.5645511150360107,0.2328039556741714,jumping
1783087342455868400,5.184868408203125,2.299798744623363,4.93846119531095,7.16993956016302,0.0919393897056579,-1.6495977640151978,0.5041707754135132,jumping
1783087342465913600,5.19491357421875,2.0381892508924007,5.288593314364552,4.853793784111738,0.2092782706022262,-1.506280779838562,0.7443508505821228,jumping
1783087342475957500,5.20495751953125,2.592948454999924,5.039841256380081,1.7755781789034604,0.241675317287445,-1.1127194166183472,0.9750109910964966,jumping
1783087342486001400,5.21500146484375,0.6540364476785063,3.6172599383115767,-0.0057364978253841,0.0920195132493972,-0.4934659898281097,1.1118004322052002,jumping
1783087342496046600,5.225046630859375,-3.086309479814767,2.668435073138774,-0.361130482929945,-0.2569962739944458,0.2806040942668915,1.0419191122055054,jumping
1783087342506090500,5.235090576171875,-8.181030911895633,4.920310621592402,-4.119444905573129,-0.6798490285873413,2.015986442565918,1.2008917331695557,jumping
1783087342516135400,5.245135498046875,-10.64614384509921,6.720131261348724,-15.55901876373291,-1.320773720741272,5.310950756072998,1.0906739234924316,jumping
1783087342526179600,5.2551796875,-4.927021517407894,-1.336222885042429,-25.528738680517673,-1.8016194105148315,8.764887809753418,0.1923675388097763,jumping
1783087342536223500,5.265223388671875,0.0649462271630764,-12.1929255433321,-22.11701300523281,-1.7168502807617188,9.349560737609863,-0.653529942035675,jumping
1783087342546268400,5.275268310546875,1.8958967491984369,-8.123826677161455,-15.734300511837004,-0.993840992450714,7.869807243347168,-0.8036829829216003,jumping
1783087342556312300,5.285312255859375,0.970852134194225,-3.45778629245311,-10.207882191693782,-0.0589916594326496,5.375089645385742,-0.5492057800292969,jumping
1783087342566357200,5.295357177734375,-1.804658142915368,-2.933642883622646,-7.1859028529703615,0.7307320237159729,3.025395631790161,-0.3787536025047302,jumping
1783087342576401400,5.3054013671875,-4.235955900278687,-3.4176524349853397,-5.401890023198724,1.2935549020767212,1.1694421768188477,-0.2157283425331115,jumping
1783087342586446600,5.315446533203125,-4.19884782037288,-2.737180400323868,-2.792228918328881,1.394745945930481,-0.5796890258789062,-0.1985687911510467,jumping
1783087342596490500,5.325490478515625,-2.6337545126408335,-1.315401630809903,-1.9135382043510671,1.0738060474395752,-1.7312389612197876,-0.3044198751449585,jumping
1783087342606534400,5.335534423828125,-1.577915233773738,-0.4305544400289654,-3.9456092646241183,0.4973837733268738,-2.056356430053711,-0.2941177189350128,jumping
1783087342616579600,5.34557958984375,-0.571160742201656,0.3199916862033307,-4.488255421611666,0.2697510421276092,-1.9602265357971191,0.0063626640476286,jumping
1783087342626623500,5.35562353515625,-0.5551385588139295,-0.4477748932905495,-5.058174785450101,0.050291933119297,-1.7906469106674194,0.361829400062561,jumping
1783087342636668400,5.36566845703125,-0.7675687188342213,-0.150542297514528,-4.441856658530235,-0.1302805244922638,-1.8539334535598757,0.7525376081466675,jumping
1783087342646712600,5.375712646484375,-0.8835252945274114,0.6883806158289313,-5.448069006049633,-0.2184633761644363,-1.8884304761886597,1.1543599367141724,jumping
1783087342656756500,5.385756591796875,-1.779917084890604,0.2327911032646894,-8.00281427938342,-0.2445854246616363,-1.6210654973983765,1.383545994758606,jumping
1783087342666801400,5.395801513671875,-2.814364177769422,-0.3391125662587583,-11.22439030777812,-0.2171213030815124,-0.9159342050552368,1.317805290222168,jumping
1783087342676845600,5.405845458984375,-2.5661542638376353,-0.2185281846344471,-12.09450842372179,-0.0714320242404937,-0.1185096055269241,1.1399811506271362,jumping
1783087342686890200,5.41589013671875,-1.861807432591915,-0.1334846335992217,-9.59670201218426,0.1854562312364578,0.2313578575849533,0.9293842315673828,jumping
1783087342696934400,5.425934326171875,-1.4377167817495762,0.0578087764985859,-5.830725676611065,0.4404289722442627,-0.0318645685911178,0.6851876378059387,jumping
1783087342706979600,5.4359794921875,-1.563992068491876,0.3413897174105048,-2.999289368009567,0.5731281638145447,-0.7020689845085144,0.416445642709732,jumping
1783087342717023500,5.4460234375,-2.1449493975646794,0.324374869723618,-2.096573050799966,0.5802054405212402,-1.3205538988113403,0.1485895365476608,jumping
1783087342727067400,5.4560673828125,-2.193018724206835,0.3018951807595789,-2.153902957740426,0.4538163542747497,-1.8332529067993164,-0.1083522364497184,jumping
1783087342737112600,5.466112548828125,-2.028323982699215,0.4285977530032396,-3.120665922924876,0.2058984488248825,-2.1573548316955566,-0.319175511598587,jumping
1783087342747156500,5.476156494140625,-2.327608834829926,0.4675098135910928,-5.076057648143172,-0.1299131065607071,-2.1588997840881348,-0.4437131881713867,jumping
1783087342757201400,5.486201416015625,-2.884138263480365,0.1946555800072848,-6.8788558424055575,-0.4225298464298248,-2.067450761795044,-0.5993677973747253,jumping
1783087342767246000,5.49624609375,-3.1723125235319136,-0.469923742865026,-8.786748734346032,-0.4708470702171325,-1.897753953933716,-0.8118046522140503,jumping
1783087342777290000,5.5062900390625,-3.4510862102925777,-1.5606170391008256,-10.646344920629264,-0.3130376935005188,-1.6139663457870483,-1.0249820947647097,jumping
1783087342787335000,5.5163349609375,-4.2975987019822,-2.485133392447233,-11.505544167673587,-0.1572374254465103,-1.241352081298828,-1.251032829284668,jumping
1783087342797379000,5.526379150390625,-5.152124404257536,-2.3196051227249206,-11.467491792654991,-0.1780408918857574,-0.7920195460319519,-1.374614119529724,jumping
1783087342807423700,5.536423828125,-5.611820475357771,-1.202580138272047,-11.148048241853711,-0.4069816768169403,-0.2679661810398102,-1.354956030845642,jumping
1783087342817468000,5.546468017578125,-5.763944635236263,-0.7283880704380571,-10.680306811463833,-0.687436580657959,0.2009669840335846,-1.341079831123352,jumping
1783087342827512000,5.556511962890625,-5.785661961525678,-0.2781223832450807,-10.876614980983732,-0.8458965420722961,0.5065370202064514,-1.218256950378418,jumping
1783087342837556700,5.566556640625,-5.6655696012020105,0.7776265869900584,-11.54690493658781,-0.6873120665550232,0.6757357120513916,-0.879051923751831,jumping
1783087342847601000,5.576600830078125,-4.686607956440747,1.2769869983501732,-11.325167726778984,-0.2023965120315551,0.703490674495697,-0.4907611608505249,jumping
1783087342857646000,5.58664599609375,-3.0671748634949325,1.266803604118526,-9.732555420741438,0.3692558109760284,0.570647656917572,-0.1898492723703384,jumping
1783087342867689700,5.596689697265625,-1.6697449378177522,1.317137953083217,-7.47003894354701,0.7740075588226318,0.5536519289016724,-0.0189715269953012,jumping
1783087342877735000,5.60673486328125,-0.3076891078606247,1.8807498873405155,-4.535546749618649,0.9124022722244264,0.6487813591957092,0.074338674545288,jumping
1783087342887779000,5.616779052734375,1.3507859556630253,2.5230998427480458,-0.7431359961062669,0.9028362035751344,0.7702390551567078,0.1575454175472259,jumping
1783087342897823000,5.626822998046875,2.923856233623624,2.7124691529154776,3.631080958393216,0.8025262355804443,0.7798676490783691,0.2463656067848205,jumping
1783087342907868000,5.636867919921875,3.853862416557968,3.1401746332541105,7.469629778224229,0.5898901224136353,0.6973898410797119,0.3664906919002533,jumping
1783087342917912000,5.646912109375,4.287103903713822,3.8997169897601007,10.267162063658237,0.3312146067619324,0.5300896167755127,0.5387026071548462,jumping
1783087342927956700,5.656956787109375,4.2782162483811375,4.130525394774973,11.824625314903258,0.1701415777206421,0.301773339509964,0.7327626347541809,jumping
1783087342938001000,5.6670009765625,4.05006566439867,3.8808904164761304,12.960215737485886,0.1403047144412994,-0.0316766053438186,0.8668158650398254,jumping
1783087342948045000,5.677045166015625,4.027532053290307,3.536955983018875,13.961728529012202,0.1502577364444732,-0.4687681794166565,0.9347262382507324,jumping
1783087342958089700,5.68708984375,4.195605769711733,3.1646663926929235,14.510588738209009,0.1436805576086044,-0.8780801892280579,0.9724209308624268,jumping
1783087342968134000,5.6971337890625,4.11681397254765,2.647989666481316,14.185654188776017,0.1097683906555175,-1.1031745672225952,0.9481539726257324,jumping
1783087342978179000,5.707178955078125,3.7654973198845982,1.8538968055978415,13.368651576948166,0.0482259355485439,-1.1380820274353027,0.8715322613716125,jumping
1783087342988222700,5.71722265625,3.761856333033741,1.4672836524955928,12.13124913161993,0.0129105560481548,-1.0323156118392944,0.8076810836791992,jumping
1783087342998267000,5.727266845703125,3.751275610047579,1.1205844305001198,10.611270100116728,0.0165681205689907,-0.7796311378479004,0.7377527952194214,jumping
1783087343008312000,5.73731201171875,3.521983747075498,0.6431907901458442,8.980670300990342,0.0141638191416859,-0.3545141816139221,0.6540852785110474,jumping
1783087343018356000,5.74735595703125,3.4910856277257203,0.3761631438236683,7.78487061663866,-0.0111642759293317,0.1574841141700744,0.5331587195396423,jumping
1783087343028401000,5.75740087890625,3.448870287808776,0.0629554186720401,6.778616768065095,-0.0240134950727224,0.7292498350143433,0.396087646484375,jumping
1783087343038445000,5.767445068359375,3.1781483900785443,-0.5216634285829961,6.023155543392896,-0.0469791591167449,1.3201385736465454,0.2247274965047836,jumping
1783087343048490000,5.777489990234375,2.848696070960164,-1.204165361636877,6.192894270417094,-0.1137099936604499,1.7862341403961182,0.0314280726015567,jumping
1783087343058534000,5.787533935546875,2.646849264274538,-1.7119328052058815,7.135796467542648,-0.1657959669828415,2.034188032150269,-0.1712955683469772,jumping
1783087343068578000,5.797578125,2.552571728686988,-2.1913775328710674,8.320008589953183,-0.2240891009569168,2.038137435913086,-0.3658064603805542,jumping
1783087343078622700,5.807622802734375,2.416474866762757,-2.817815487267077,9.465788398116826,-0.3023849725723266,1.8001530170440674,-0.5668044090270996,jumping
1783087343088667000,5.8176669921875,2.3105982249267396,-3.460093692612648,10.317374832069872,-0.3618911802768707,1.3859909772872925,-0.7521790862083435,jumping
1783087343098712000,5.827712158203125,2.4550907208830117,-3.476212468242645,10.903995155340432,-0.3436188101768493,0.7709934115409851,-0.9037604331970216,jumping
1783087343108755700,5.837755615234375,2.5109651683181524,-3.410581181424856,10.944847390210628,-0.2363892793655395,0.118296280503273,-1.0114269256591797,jumping
1783087343118800000,5.8477998046875,2.262984971489012,-3.459705570077896,10.656000053203105,-0.1117805689573288,-0.4541978240013122,-1.077221155166626,jumping
1783087343128845000,5.857844970703125,2.0681030353799463,-3.1763486471801996,10.14097314002514,-0.0106483604758977,-0.904023289680481,-1.0925047397613523,jumping
1783087343138889000,5.867888916015625,2.015323046828806,-2.7655899177283048,9.334089186629653,0.0501017645001411,-1.184403657913208,-1.0330599546432495,jumping
1783087343148934000,5.877933837890625,2.0979221273213624,-2.525770231001079,8.692621420884132,0.0686818435788154,-1.3294482231140137,-0.8925040364265442,jumping
1783087343158978000,5.88797802734375,2.399084756022692,-2.3252352375663814,8.469913904738426,0.0687006115913391,-1.4301997423171997,-0.7027912735939026,jumping
1783087343169023000,5.89802294921875,2.799711675299704,-1.836156566245854,8.571665137207507,0.0863605588674545,-1.5496423244476318,-0.5423339605331421,jumping
1783087343179067000,5.90806689453125,3.233401783005893,-1.1326862986389548,8.389974691104888,0.1352861374616623,-1.6386200189590454,-0.3699250221252441,jumping
1783087343189111000,5.918111083984375,4.450541484767198,-0.1955708682212978,8.690636384546757,0.1939174979925155,-1.907959580421448,-0.0897016301751136,jumping
1783087343199156000,5.928156005859375,6.037548225882649,0.774556531894952,9.262732507902385,0.2683680355548858,-2.492095947265625,0.259659081697464,jumping
1783087343209199900,5.938199951171875,5.205711033016443,1.1624599440034478,9.595121464994548,0.3337846100330353,-3.091198444366455,0.4942380487918854,jumping
1783087343219245000,5.9482451171875,0.1639776792794466,1.4581072433494031,9.301225027903914,0.2326291501522064,-3.41011381149292,0.5940549373626709,jumping
1783087343229288700,5.958288818359375,-2.408581190903485,1.8753797386094928,7.335983524322509,0.1178338602185249,-3.1904478073120117,0.719348132610321,jumping
1783087343239332900,5.968332763671875,-0.6603209347754716,4.103717175087333,4.013380486080051,0.2252130955457687,-2.8367605209350586,1.2124577760696411,jumping
1783087343249378000,5.9783779296875,1.6932076464697718,7.33920833158791,0.4650725034415721,0.5124669671058655,-2.557482957839966,1.8260586261749268,jumping
1783087343259422000,5.988421875,2.2237720282584426,6.29754706954658,-2.6323002221792935,0.5502225756645203,-2.0521085262298584,2.1058290004730225,jumping
1783087343269467000,5.998466796875,-0.770978527277708,3.844046248203515,-4.663729477417469,0.0954090356826782,-1.2117725610733032,2.137065887451172,jumping
1783087343279511000,6.008510986328125,-7.1092580047070975,2.569510296267271,-6.757603206130862,-0.525750458240509,0.0863144695758819,1.9730993509292605,jumping
1783087343289555000,6.018554931640625,-9.423910327330232,3.829608265267313,-13.484183497488498,-0.9624694585800172,2.3855106830596924,1.8604124784469604,jumping
1783087343299600000,6.028599853515625,-6.207201612710953,-1.935010469838232,-22.92166583857536,-1.3038021326065063,5.142045021057129,1.0806928873062134,jumping
1783087343309644000,6.03864404296875,-5.526767864233255,-9.335801251244543,-22.72884843378067,-1.2799474000930786,6.1843109130859375,-0.0979121476411819,jumping
1783087343319689000,6.04868896484375,-5.062283389812707,-6.538189470833539,-15.454964515018462,-0.7035150527954102,5.665171146392822,-0.7937023639678955,jumping
1783087343329732900,6.05873291015625,-6.77515581395626,-4.701527000892162,-11.203301927042007,-0.0242070872336626,4.646759033203125,-1.1689940690994265,jumping
1783087343339777000,6.068777099609375,-5.826965447294712,-1.1016305775746702,-7.04134766704142,0.4521078765392303,3.1877877712249756,-1.2160767316818235,jumping
1783087343349822000,6.078822021484375,-2.675080210241675,1.7579343856632708,-5.921773144236207,0.5503156781196594,1.782812237739563,-1.0471441745758057,jumping
1783087343359865900,6.088865966796875,-1.039104563295841,1.7104937123134731,-7.989881148052215,0.4127422571182251,0.886942982673645,-0.8616023659706116,jumping
1783087343369911000,6.0989111328125,0.2745236281007528,0.6247502935700118,-7.74814861344099,0.3687939941883087,0.0772333815693855,-0.6970823407173157,jumping
1783087343379955000,6.108954833984375,0.4936816350713372,0.1259510232239961,-6.148211079081893,0.6123340129852295,-0.7339804172515869,-0.4830259382724762,jumping
1783087343389999900,6.118999755859375,-0.1531649011030793,-0.1640868387423455,-4.111170998224615,1.0092720985412598,-1.3975986242294312,-0.3363403677940368,jumping
1783087343400044000,6.1290439453125,-0.5033081260725856,-1.315520434883982,-1.31087567781806,1.2834290266036987,-2.0040178298950195,-0.3554204404354095,jumping
1783087343410088000,6.139087890625,-0.7395467394426465,-2.192520711556822,0.7610048302739858,1.3037357330322266,-2.426651954650879,-0.4525126218795776,jumping
1783087343420132900,6.1491328125,-0.8975798311039805,-1.7055162161618471,0.5010568400144577,1.039217829704285,-2.3544843196868896,-0.4404530525207519,jumping
1783087343430177000,6.159177001953125,-0.4288885526433587,-0.6452688385289163,-0.6265478445112704,0.4967351853847503,-1.8386211395263672,-0.308868408203125,jumping
1783087343440222000,6.169221923828125,-0.0131356681659817,-0.3286021320298314,-1.6297575030833482,-0.3647856712341308,-0.8025856614112854,-0.1833719909191131,jumping
1783087343450265900,6.179265869140625,-0.0588511251583695,-1.1799177131522447,-1.4035545460373162,-1.183619499206543,-0.0624053180217742,-0.1455545723438263,jumping
1783087343460310000,6.18931005859375,-0.1942208418518304,-1.5722316351793706,-1.0704401972800492,-1.5680062770843506,0.3875930905342102,-0.12424997985363,jumping
1783087343470355000,6.19935498046875,-0.7596937476754189,-0.9665971070982516,-1.1025421394616364,-1.5356653928756714,0.5374193787574768,-0.0983134508132934,jumping
1783087343480398800,6.20939892578125,-0.7399070971876383,0.033739772516489,-1.4929495702803135,-1.1730235815048218,0.4048071801662445,-0.0898746997117996,jumping
1783087343490444000,6.219444091796875,-0.7818176089391112,0.7666352373763918,-2.4294138433128594,-0.4871197342872619,0.128723919391632,-0.0584320873022079,jumping
1783087343500488000,6.229488037109375,-0.5274266682848334,0.6512269432157277,-2.896049942809343,0.3179219663143158,-0.1704132258892059,-0.0198439881205558,jumping
1783087343510531800,6.23953173828125,-0.1630114645957946,0.7341336283527314,-3.108066553592682,0.939574122428894,-0.3533721268177032,0.0552449040114879,jumping
1783087343520577000,6.249576904296875,0.2585945298239588,0.9186683579705656,-3.002500731271505,1.114898920059204,-0.3891514539718628,0.1271150261163711,jumping
1783087343530621000,6.259620849609375,0.2872580219894647,0.9807166717350484,-2.7603736443847415,0.9435164332389832,-0.2770291864871979,0.2427252531051635,jumping
1783087343540665900,6.269665771484375,-0.2530415718719363,0.850848328936845,-2.87128842651844,0.6245442628860474,-0.0430281832814216,0.3439930081367492,jumping
1783087343550710000,6.2797099609375,-0.8156050199896097,0.3739617613218725,-3.243558727622032,0.2497246116399765,0.1642754673957824,0.4117712676525116,jumping
1783087343560755000,6.2897548828125,-1.2112836692094802,0.0247920575596392,-4.165201279097795,-0.151409700512886,0.2822032868862152,0.4507111012935638,jumping
1783087343570798800,6.299798828125,-1.829809243045747,-0.5366074613451958,-5.863949316298961,-0.4915387630462646,0.3474326133728027,0.4352919161319732,jumping
1783087343580843000,6.309843017578125,-2.5391651346251365,-1.2106637837454677,-7.383323367646336,-0.6807861328125,0.2800185680389404,0.3300258219242096,jumping
1783087343590888000,6.319887939453125,-3.0437077709287403,-1.2342936656579375,-8.42747820006907,-0.631992757320404,0.1864063143730163,0.1533900797367096,jumping
1783087343600931800,6.329931884765625,-3.7232100837752222,-0.5786513902179896,-9.16482333781421,-0.4303180873394012,0.1656294465065002,0.0121421068906784,jumping
1783087343610977000,6.33997705078125,-4.068557014378905,0.1349775025054812,-9.301853973457217,-0.2866221666336059,0.2901868224143982,-0.0818128883838653,jumping
1783087343621021000,6.35002099609375,-4.004455129085481,0.8133816448517143,-9.1528540830791,-0.2720021903514862,0.5414885878562927,-0.1050213798880577,jumping
1783087343631064800,6.36006494140625,-4.464472979485988,1.1793576681166886,-9.349374434044956,-0.389996737241745,0.9384900331497192,-0.080964520573616,jumping
1783087343641110000,6.370110107421875,-4.950801621446013,1.4488449094854294,-9.933234060430529,-0.5804798603057861,1.435549020767212,-0.0567661598324775,jumping
1783087343651154000,6.38015380859375,-4.6453497711181635,1.4155071418985723,-10.631232691693306,-0.7549397945404053,1.890297293663025,-0.0452511832118034,jumping
1783087343661198800,6.39019873046875,-3.668253920228779,0.7627908369079232,-11.462478932929038,-0.8733264803886414,2.207984685897827,-0.0309436526149511,jumping
1783087343671243000,6.400242919921875,-2.669573429518938,-0.0646193332962691,-12.11433657526374,-0.8945928812026978,2.3214378356933594,-0.1006564199924469,jumping
1783087343681287200,6.410287109375,-1.555955038639158,0.1850561231434345,-11.851221060884,-0.8779757022857666,2.247770309448242,-0.1695196032524109,jumping
1783087343691331800,6.420331787109375,-0.2344265955120325,1.635581240800768,-10.661349597537518,-0.8397942185401917,1.923179626464844,-0.1257207244634628,jumping
1783087343701376000,6.4303759765625,1.2237883459955454,3.289474091100693,-8.822786846932768,-0.6419624090194702,1.4117718935012815,0.0335124544799327,jumping
1783087343711421000,6.4404208984375,2.6023151260212063,4.435854787766933,-6.874819718757271,-0.2929508984088897,0.8504763841629028,0.2526666522026062,jumping
1783087343721464800,6.45046484375,3.6500714900672433,5.001176302421093,-4.679944114637375,0.0779339298605918,0.3194434940814972,0.5521278381347656,jumping
1783087343731510000,6.460510009765625,4.1049885101974,4.910712187641859,-2.7912849154770374,0.4730559289455414,-0.0198533572256565,0.8353866934776306,jumping
1783087343741554000,6.470553955078125,4.1164644284576175,3.9186736191645264,-0.6533212851464748,0.8733353614807129,-0.1440231651067733,1.0114554166793823,jumping
1783087343751597800,6.480597900390625,3.3836630716219545,2.855292985007167,2.1639169867545367,1.1427110433578491,-0.2541379630565643,1.097486138343811,jumping
1783087343761643000,6.49064306640625,2.4632243429780005,1.7364065905965864,5.458466481423378,1.292720079421997,-0.4969428777694702,1.0538474321365356,jumping
1783087343771686700,6.500686767578125,1.3690354597114025,0.6716685504809021,8.931021596202253,1.2691454887390137,-0.8121064305305481,0.9201851487159728,jumping
1783087343781731600,6.510731689453125,-0.3061768036015331,-0.3570418984420597,13.493097456306218,1.0342756509780884,-1.4005602598190308,0.6527488827705383,jumping
1783087343791775700,6.520775634765625,-1.1123346346795555,-0.5674759162090719,16.683928802347182,0.6489875912666321,-2.0404443740844727,0.3386636972427368,jumping
1783087343801819600,6.530819580078125,0.1314032972805202,0.160174925995618,18.48682110463381,0.2281277626752853,-2.636375665664673,0.2756141126155853,jumping
1783087343811864600,6.540864501953125,1.8722969701632857,0.8209023957453667,18.73306965536475,-0.1876063346862793,-3.091111183166504,0.478237509727478,jumping
1783087343821908700,6.55090869140625,2.261552600598335,1.013909770154208,17.194581153702735,-0.5267958641052246,-3.2387683391571045,0.6196297407150269,jumping
1783087343831953400,6.560953369140625,1.6302636990398167,0.3033529783524573,14.641401229989528,-0.6923432946205139,-3.094529151916504,0.5099290609359741,jumping
1783087343841997600,6.57099755859375,1.726601674288511,-0.6319955885231494,12.553033112955092,-0.6825825572013855,-2.7578282356262207,0.2994393110275268,jumping
1783087343852041500,6.58104150390625,2.416653730461001,-0.7600693029895425,10.866563542568684,-0.581889271736145,-2.2041332721710205,0.1479587107896804,jumping
1783087343862086700,6.591086669921875,2.728022111356258,-0.5665664001487195,9.207727244517208,-0.4842932522296905,-1.4085735082626345,0.0463994480669498,jumping
1783087343872130600,6.601130615234375,2.976954202082753,-0.7696924329899251,7.854258041119575,-0.4821930825710296,-0.4969714283943176,-0.0777371451258659,jumping
1783087343882175700,6.61117578125,3.1796237233281133,-1.3622344013944268,6.680735655027627,-0.5862744450569153,0.3499284088611603,-0.2252741754055023,jumping
1783087343892219600,6.6212197265625,3.2070369231715796,-2.01030814127624,5.901332998275756,-0.6991783380508423,1.043730616569519,-0.3684204220771789,jumping
1783087343902264600,6.6312646484375,2.772918653181195,-2.2629178976021707,5.361961917436123,-0.7017540335655212,1.611928939819336,-0.4707203805446625,jumping
1783087343912308700,6.641308837890625,2.375841243079305,-2.293912901455164,5.710577786707878,-0.5793617963790894,1.955769181251526,-0.555307149887085,jumping
1783087343922352600,6.6513525390625,2.471868837204575,-2.3444920189611613,6.747557028412818,-0.4101405739784241,2.042046308517456,-0.6022439002990723,jumping
1783087343932397600,6.6613974609375,2.686563142764568,-2.6443559861540793,8.050533477413653,-0.2777766585350036,1.897697687149048,-0.6157522201538086,jumping
1783087343942441700,6.671441650390625,2.9152397964477537,-3.14283333106935,9.191745831531286,-0.1844244450330734,1.60983145236969,-0.6452527046203613,jumping
1783087343952486400,6.681486328125,3.016737346416712,-3.4748458560645576,10.018583608675003,-0.1168105229735374,1.244898796081543,-0.7086098790168762,jumping
1783087343962530600,6.691530517578125,3.073843089212477,-3.3255376303896305,10.493860695266722,-0.0753268077969551,0.8804122805595398,-0.757243812084198,jumping
1783087343972574700,6.70157470703125,3.166864194998145,-2.9175328758209944,10.633170966279506,-0.0579123981297016,0.5652045011520386,-0.7849840521812439,jumping
1783087343982619600,6.71161962890625,3.40858766952008,-2.622401928499341,10.388649093210695,-0.0803687050938606,0.2942129671573639,-0.8177112340927124,jumping
1783087343992663600,6.72166357421875,3.6206641937971114,-2.174172131048143,9.833444483423232,-0.1485576182603836,0.135030522942543,-0.8103758096694946,jumping
1783087344002708700,6.731708740234375,3.7245635442107914,-1.49563223349303,9.409050027328728,-0.2491596490144729,0.0835814699530601,-0.7531796097755432,jumping
1783087344012752600,6.741752685546875,3.8062151147201657,-1.117998359529674,9.477310493606328,-0.3609857857227325,0.0013481169007718,-0.6794385313987732,jumping
1783087344022796500,6.751796630859375,3.7685841799840327,-1.1036018776476382,9.146913002592324,-0.4297065138816833,-0.1353475153446197,-0.6295169591903687,jumping
1783087344032841700,6.761841796875,3.2253233982294796,-0.9014556496240198,8.646646436172723,-0.3997547328472137,-0.3697456419467926,-0.558742880821228,jumping
1783087344042885600,6.7718857421875,1.9696449992373584,-0.2423585575550794,7.998784585475921,-0.2813728749752044,-0.6710611581802368,-0.450173407793045,jumping
1783087344052930600,6.7819306640625,0.4180757744669914,0.7333814948111772,6.766626470541953,-0.0476456061005592,-0.9121366143226624,-0.2887413799762726,jumping
1783087344062974700,6.791974609375,0.3454559439361095,1.6629554238080977,5.472798373636603,0.2520257532596588,-1.102344989776611,-0.0834430828690528,jumping
1783087344073018600,6.8020185546875,2.506842535430193,1.976739195282012,4.603256011754274,0.4740444421768188,-1.346937656402588,0.1278752833604812,jumping
1783087344083063600,6.8120634765625,2.861489793820679,3.1732343145519493,2.3384341802269217,0.5727028846740723,-1.3103864192962646,0.4718008637428283,jumping
1783087344093107700,6.822107666015625,3.6842344564318656,3.469828904685378,-0.2871019546449184,0.6454857587814331,-0.9462236762046814,0.6878128051757812,jumping
1783087344103152600,6.832152587890625,3.1465903455153104,3.275004543982446,-2.454955111804604,0.4858884513378143,-0.2291011959314346,0.903757870197296,jumping
1783087344113196500,6.842196533203125,-0.5710650267422199,4.651617014819383,-3.9840287193894386,0.0190932918339967,0.6981670260429382,1.1946461200714111,jumping
1783087344123241700,6.85224169921875,-8.47908037701249,6.093882692044973,-6.633336774992943,-0.4691649973392486,2.221839427947998,1.5797412395477295,jumping
1783087344133285600,6.86228564453125,-9.889396087747812,-0.0262285201035439,-11.036647722029686,-0.8864898085594177,3.8240959644317623,0.7115368843078613,jumping
1783087344143329500,6.87232958984375,-3.948662222453952,-9.168395935603977,-14.070056801784038,-1.8297723531723025,4.461907386779785,-0.0555430091917514,jumping
1783087344153374700,6.882374755859375,1.0476901669420302,-6.329656610512733,-16.652987720638514,-2.734107732772827,4.095118045806885,-0.0929167419672012,jumping
1783087344163418600,6.892418701171875,1.833225335099548,-2.4581220514029263,-16.355665985274314,-2.360700845718384,2.8281803131103516,-0.058473166078329,jumping
1783087344173463600,6.902463623046875,0.0598649783760309,-1.1034732828319072,-13.80014914304614,-0.4333169460296631,1.2962876558303833,0.0886230692267417,jumping
1783087344183507700,6.9125078125,-1.8844719766035676,-0.4527545813992619,-9.52514484244883,1.5761672258377075,-0.1817166358232498,0.2013682574033737,jumping
1783087344193551600,6.922551513671875,-4.244289136599004,-1.4992936786100268,-6.432829984739422,2.354914426803589,-1.1655054092407229,0.1210278868675232,jumping
1783087344203596500,6.932596435546875,-4.231081572240591,-2.085637815287709,-5.169234529012441,1.9576911926269531,-1.435219407081604,-0.206653743982315,jumping
1783087344213640700,6.942640625,-2.1607781042069196,-2.1809256969615816,-2.958283403882384,1.1585558652877808,-1.426684856414795,-0.440341055393219,jumping
1783087344223685400,6.952685302734375,-1.4570485280767085,-2.061612065925449,-0.8570353470087051,0.6030064821243286,-1.4596304893493652,-0.478792279958725,jumping
1783087344233729500,6.9627294921875,-2.840801518318057,-2.840637267667055,-1.1675210998505354,0.2824079692363739,-1.360695719718933,-0.5950970649719238,jumping
1783087344243773700,6.972773681640625,-4.3617783286869525,-3.653930795843899,-2.298327210766077,-0.0124162267893552,-1.2484896183013916,-0.7996314167976379,jumping
1783087344253818600,6.982818603515625,-3.5280487462028858,-1.843253100378066,-3.6016257313281295,-0.3553341627120971,-1.1195590496063232,-0.8133099675178528,jumping
1783087344263862500,6.992862548828125,-1.709681226886809,1.8910756126523016,-6.801238934239745,-0.525914192199707,-0.6429717540740967,-0.4504011273384094,jumping
1783087344273907700,7.00290771484375,-0.4164578178763389,4.146096765655279,-9.949700042062997,-0.4456430375576019,0.0526912212371826,0.071197897195816,jumping
1783087344283951600,7.01295166015625,0.4840592357233166,5.33913867573142,-11.093061098647118,-0.1510478258132934,0.6776774525642395,0.559616208076477,jumping
1783087344293995500,7.02299560546875,-0.0108235918313264,5.52901593542099,-11.242185492187737,0.2530738413333893,1.1967142820358276,0.928434193134308,jumping
1783087344304040700,7.033040771484375,-1.7783032199531792,4.609913716077804,-9.299749694654343,0.5972475409507751,1.4484280347824097,1.1134837865829468,jumping
1783087344314084600,7.043084716796875,-3.172733379292488,3.133439187519252,-6.044421618783473,0.7601656317710876,1.3282846212387085,1.0487027168273926,jumping
1783087344324129500,7.053129638671875,-4.271277973550558,1.5009100277654823,-3.8001071532338857,0.615199089050293,0.863728940486908,0.7893477082252502,jumping
1783087344334173700,7.063173583984375,-4.070157435312867,0.86655180176422,-3.025470103448629,0.2136631458997726,0.2062251269817352,0.4552615880966186,jumping
1783087344344217600,7.073217529296875,-3.0649925510197877,1.3860501612678169,-4.440377818149328,-0.2904342114925384,-0.3993436396121979,0.1976981312036514,jumping
1783087344354262500,7.083262451171875,-2.127242622090876,2.140543417690694,-7.216119127535819,-0.7144081592559814,-0.8625810742378235,-0.0134311635047197,jumping
1783087344364306700,7.093306640625,-1.678385924912989,2.044170517259091,-10.036813677370548,-0.915562629699707,-1.1205742359161377,-0.2335926294326782,jumping
1783087344374351600,7.1033515625,-2.1560224341124297,1.6838636256717143,-13.011478307211398,-0.8741145133972168,-0.9520840048789978,-0.4688973128795624,jumping
1783087344384395500,7.1133955078125,-2.7933710741013287,1.2189306768313048,-14.768417836618422,-0.8104302883148193,-0.4076934456825256,-0.6610602736473083,jumping
1783087344394440700,7.123440673828125,-3.1709920885831115,0.910031316398084,-14.935441459465023,-0.7633301615715027,0.2856368124485016,-0.801178514957428,jumping
1783087344404484600,7.133484619140625,-3.79037281794399,1.125986143413186,-14.413666825592516,-0.6428939700126648,0.9804460406303406,-0.8523454070091248,jumping
1783087344414528500,7.143528564453125,-3.780080264249444,1.9342419696837665,-13.458939166116714,-0.4664712846279144,1.5718259811401367,-0.8121862411499023,jumping
1783087344424573700,7.15357373046875,-2.888637328465282,2.8640698734417556,-12.295544206285475,-0.4751661121845245,1.9613101482391355,-0.6460242867469788,jumping
1783087344434617600,7.16361767578125,-1.800571019732207,3.758746092058718,-11.250409715175628,-0.8068639039993286,2.043715238571167,-0.3460215926170349,jumping
1783087344444662500,7.17366259765625,-1.075433767783642,3.9839892641618846,-10.22396238887906,-1.2758182287216189,1.8234127759933472,-0.0043172165751457,jumping
1783087344454706700,7.183706787109375,-0.6385911873959005,3.235664174979925,-9.011474604576826,-1.5414139032363892,1.3187384605407717,0.2683353722095489,jumping
1783087344464750600,7.19375048828125,-0.0302853942789137,2.089258051611483,-6.810029558938742,-1.4113445281982422,0.4726977944374084,0.4188950955867767,jumping
1783087344474795500,7.20379541015625,1.1954140460349618,1.7809081417545676,-4.326495418381691,-0.9272998571395874,-0.4636597633361816,0.607722282409668,jumping
1783087344484839700,7.213839599609375,2.092584419555217,1.8081483231186863,-1.7350445084631445,-0.2972414791584015,-1.3070887327194214,0.7512125968933105,jumping
1783087344494884600,7.223884521484375,2.565958156743646,1.7796832761347292,1.0194611206710338,0.3166038393974304,-1.888946771621704,0.7400928139686584,jumping
1783087344504928500,7.233928466796875,2.7992668541416523,1.2473378561481834,3.870101311436295,0.7731048464775085,-2.2640669345855713,0.5540114641189575,jumping
1783087344514972700,7.24397265625,3.180151838855445,0.7046946217700839,5.703668737971783,1.0973668098449707,-2.272808074951172,0.3777456283569336,jumping
1783087344525017600,7.254017578125,3.301622209534049,0.7589353305235504,7.7146975947380065,1.2755422592163086,-2.0408318042755127,0.3298164010047912,jumping
1783087344535061500,7.2640615234375,3.047416562318802,0.0239075298100709,11.258618740594386,1.283494472503662,-2.0717804431915283,0.2866936922073364,jumping
1783087344545106700,7.274106689453125,2.618400583903491,-1.283510116508603,14.3911674090147,1.0877984762191772,-2.311537981033325,0.185044914484024,jumping
1783087344555150600,7.284150634765625,1.4030816678285598,-2.0017539556816217,16.480879926395414,0.6801865100860596,-2.500969648361206,0.0604052431881427,jumping
1783087344565194500,7.294194580078125,0.8797840621724724,-2.0705925141081214,17.63914746021032,0.1647708863019943,-2.586836814880371,-0.0745458453893661,jumping
1783087344575239700,7.30423974609375,1.5785770586833356,-1.6823074822708963,17.616468010890483,-0.2956885993480682,-2.5727477073669434,-0.1591930836439132,jumping
1783087344585283600,7.31428369140625,2.828022700765729,-1.0367743667826057,16.134887391364572,-0.5608983635902405,-2.513871431350708,-0.1320600360631942,jumping
1783087344595328500,7.32432861328125,3.8954458883121608,-0.968436159093678,13.735220451539757,-0.6687396168708801,-2.448034286499023,-0.1327199637889862,jumping
1783087344605372700,7.33437255859375,4.281718411283195,-1.10165892688632,10.983097333627938,-0.609046995639801,-2.1631534099578857,-0.2115650624036789,jumping
1783087344615416600,7.34441650390625,3.8370378307461737,-0.5747235492497682,8.107334392043947,-0.3724467158317566,-1.464763045310974,-0.2584188282489776,jumping
1783087344625461500,7.35446142578125,3.3961806078895926,-0.2313637008100748,6.33050124464333,-0.1094929948449134,-0.5085481405258179,-0.2921145558357239,jumping
1783087344635505700,7.364505615234375,3.2816727696999908,-0.5641740981847048,5.794192473983764,0.0197379607707262,0.4603817462921142,-0.3318939208984375,jumping
1783087344645550600,7.374550537109375,3.3489851414725185,-1.098480589111149,6.1685354897081845,0.0077295638620853,1.2449966669082642,-0.3935502767562866,jumping
1783087344655594500,7.384594482421875,3.5852231703206896,-1.9114470772907135,6.926122620493174,-0.0957406312227249,1.7482882738113403,-0.4697936475276947,jumping
1783087344665639700,7.3946396484375,3.510326627029478,-2.6855571805924177,7.237770402851701,-0.2259649485349655,2.0526955127716064,-0.5615250468254089,jumping
1783087344675683600,7.40468359375,3.2722298185721037,-3.5584766176924107,7.30742846096754,-0.2817174196243286,2.1990580558776855,-0.6800367832183838,jumping
1783087344685727500,7.4147275390625,3.273919379094243,-4.301249333444238,7.93724202927649,-0.2684217989444732,2.187420129776001,-0.8282901048660278,jumping
1783087344695772700,7.424772705078125,3.232697434128821,-5.266743301606178,8.619286720082163,-0.2460299432277679,1.931934833526611,-1.012825608253479,jumping
1783087344705816600,7.434816650390625,3.260687264816463,-5.486552173700928,8.791943380379676,-0.1947649121284485,1.6436233520507812,-1.191300630569458,jumping
1783087344715861500,7.444861572265625,3.4909286835983395,-4.962184600725769,8.723326940271258,-0.1026176735758781,1.3812010288238523,-1.30196213722229,jumping
1783087344725905700,7.45490576171875,3.2231402089715,-3.7159637659087776,8.813933678391574,0.0240534357726573,1.2224632501602173,-1.259768009185791,jumping
1783087344735949600,7.464949462890625,2.9229826656594873,-2.482586338312924,8.745749784481525,0.1552774906158447,1.1297857761383057,-1.1439918279647827,jumping
1783087344745994500,7.474994384765625,2.661522225010395,-1.821510201255977,9.09817147577703,0.2054952085018158,1.1287850141525269,-1.0116829872131348,jumping
1783087344756038700,7.48503857421875,2.588570093785226,-1.6758227964267134,9.552144493055344,0.1481706649065017,1.0698015689849854,-0.8682426810264587,jumping
1783087344766083800,7.495083740234375,2.8143586248114705,-1.952355426262319,9.502236845070122,0.0913759469985961,1.0514755249023438,-0.7383524775505066,jumping
1783087344776127500,7.50512744140625,2.950767621424794,-2.1791543033748866,9.588020108556746,0.0616753138601779,1.0319960117340088,-0.6165227293968201,jumping
1783087344786171600,7.515171630859375,3.194523770818114,-2.2354785404041406,9.619587213209272,0.087674580514431,0.916246771812439,-0.5288592576980591,jumping
1783087344796216600,7.525216552734375,3.803142575407028,-2.0905071748897432,9.509538692516088,0.0935122296214103,0.6425856351852417,-0.5246240496635437,jumping
1783087344806260500,7.535260498046875,3.672077862431109,-1.3240179218553003,9.296435455539822,0.0478720925748348,0.2209900021553039,-0.4818519353866577,jumping
1783087344816305700,7.5453056640625,1.6761001520633696,-0.0562666616231203,8.218796871188282,0.0713790133595466,-0.1474354267120361,-0.3812302649021148,jumping
1783087344826349600,7.555349609375,-0.5885106670618057,0.9845442671991884,6.8019052891939875,0.2266823500394821,-0.2902035713195801,-0.3626912534236908,jumping
1783087344836393500,7.5653935546875,-1.8766627641573548,1.1568953686788677,6.3095163242816925,0.419290691614151,-0.3726046979427337,-0.3830244839191437,jumping
1783087344846438700,7.575438720703125,-1.1304983601406215,2.0666735870987174,5.681309606647491,0.5088949799537659,-0.5278599858283997,-0.2636063694953918,jumping
1783087344856482600,7.585482666015625,0.90880791208297,3.0386048948317765,4.43172104896307,0.5628436803817749,-0.6940681338310242,-0.0258630290627479,jumping
1783087344866527500,7.595527587890625,2.5202444533169266,4.039055025562644,2.639149065160751,0.5441927909851074,-0.8802045583724976,0.3211574852466583,jumping
1783087344876571600,7.605571533203125,4.064990554068983,5.040318226242065,0.2299713696688413,0.404024213552475,-0.9592857956886292,0.706552267074585,jumping
1783087344886616800,7.615616943359375,4.689244442424178,4.573175638528168,-3.294042714190483,0.1118954047560691,-0.7158729434013367,1.0350319147109983,jumping
1783087344896660500,7.625660400390625,2.830582906642556,4.163199291625618,-7.047696159285307,-0.2678585648536682,-0.1040402129292488,1.2826883792877195,jumping
1783087344906704600,7.63570458984375,-2.395320142792165,3.945390653437376,-10.683518174725773,-0.5751361846923828,1.0552629232406616,1.3919923305511477,jumping
1783087344916749800,7.645749755859375,-6.688959878015518,-0.3522850593037903,-15.188437730890511,-0.6399245262145996,2.6254544258117676,0.5886332988739014,jumping
1783087344926793500,7.65579345703125,-3.661539225021005,-6.175540984556078,-14.51724059731364,-0.902225375175476,3.2522640228271484,-0.3458419740200043,jumping
1783087344936838700,7.665838623046875,-0.4759865500353276,-4.778697334334254,-11.140934610456227,-1.2591850757598877,2.873419761657715,-0.7939241528511047,jumping
1783087344946882600,7.675882568359375,-1.1306019666455684,-2.23891991302967,-11.644335383248327,-1.1704009771347046,2.35729455947876,-1.1103776693344116,jumping
1783087344956926500,7.685926513671875,-1.6957431562967598,-0.8065414235681295,-10.780346563839911,-0.5761500597000122,1.645952582359314,-1.1262322664260864,jumping
1783087344966971600,7.6959716796875,-1.5195260270386934,1.022901616513729,-8.574836752980946,0.1184337064623832,0.9084058403968812,-0.8442682027816772,jumping
1783087344977015600,7.706015625,-1.8813465380594137,1.4611831436634062,-7.227507952034473,0.6169250011444092,0.3119746744632721,-0.5624181628227234,jumping
1783087344987060500,7.716060546875,-1.7699537631504236,1.634440692463517,-6.064433310198783,0.8577917218208313,-0.0978883579373359,-0.2970081269741058,jumping
1783087344997104600,7.726104736328125,-1.232119828750193,0.6155667240306735,-4.760186695131659,0.9638486504554749,-0.426333874464035,-0.0446941256523132,jumping
1783087345007148500,7.7361484375,-0.9603538287945091,-1.6673671027705073,-3.3108582399129864,0.9428370594978333,-0.771347165107727,0.0932410359382629,jumping
1783087345017193500,7.746193359375,-1.99912287652567,-4.366652656725049,-2.015166687223315,0.8476828336715698,-1.1628752946853638,-0.0245090369135141,jumping
1783087345027237600,7.756237548828125,-3.7442788830280302,-5.423748803785443,-2.140888577866554,0.6323586702346802,-1.5455660820007324,-0.2222885489463806,jumping
1783087345037282800,7.76628271484375,-4.139392299580574,-3.5494869632899757,-3.647983577877283,0.3311501145362854,-1.7772884368896484,-0.2350786477327346,jumping
1783087345047326500,7.776326416015625,-3.0616730512082575,-0.8572029586605727,-5.871511860507726,-0.0124494731426239,-1.6656285524368286,-0.0178104657679796,jumping
1783087345057370600,7.78637060546875,-2.0239282319583,0.416069695341587,-8.025707663714885,-0.3858275711536407,-1.2878726720809937,0.2324617058038711,jumping
1783087345067415800,7.796415771484375,-2.125727833613753,1.8659128220841288,-9.71960592279732,-0.6520153284072876,-0.8215659856796265,0.4400399327278137,jumping
1783087345077459500,7.80645947265625,-1.71634623773396,3.0197981952920556,-10.91218430701494,-0.6069319844245911,-0.3406624794006347,0.5259047150611877,jumping
1783087345087504600,7.816504638671875,-1.0704410740628838,2.949423221078515,-10.828860711640118,-0.2022342830896377,-0.0752844363451004,0.5679423213005066,jumping
1783087345097548500,7.826548583984375,-1.0476350757539272,2.5612527555316684,-9.409984677830336,0.4435713589191437,-0.1378096044063568,0.5743190050125122,jumping
1783087345107592700,7.8365927734375,-1.588266970309615,2.1226732683487235,-7.477907192704081,0.9713743329048156,-0.3803297281265259,0.5200246572494507,jumping
1783087345117637600,7.8466376953125,-2.6434792033195493,1.4936739390321074,-5.759869348621368,1.0291218757629397,-0.6525329947471619,0.3908278048038482,jumping
1783087345127681500,7.856681640625,-2.7481033608764407,0.4604106491103768,-4.489857011589407,0.6534848213195801,-0.9519225358963012,0.1823349893093109,jumping
1783087345137726500,7.8667265625,-2.6089441887721416,-0.3871789702914655,-5.009049227753281,0.058213472366333,-1.1117504835128784,0.0023295325227081,jumping
1783087345147770600,7.8767705078125,-2.743792804200947,-0.5533173347361385,-6.917302185177802,-0.5229440927505493,-1.145417094230652,-0.1684546023607254,jumping
1783087345157815800,7.88681591796875,-3.1641648729115723,0.0085448332443833,-9.53644657318592,-0.9422484040260316,-1.006270408630371,-0.3011705577373504,jumping
1783087345167859500,7.896859375,-3.760125563718378,0.8971363251201808,-12.432746691364049,-1.03105628490448,-0.5849732160568237,-0.3618200123310089,jumping
1783087345177903600,7.906903564453125,-3.773649354419112,1.996084385612607,-14.16712718296051,-0.8957346677780151,-0.0499167665839195,-0.3153587579727173,jumping
1783087345187948800,7.91694873046875,-3.456405944010615,2.875531470915675,-14.407064066326615,-0.6335773468017578,0.4239989221096039,-0.184415653347969,jumping
1783087345197992400,7.926992431640625,-3.4809336515456435,2.739676601053774,-13.859301589238642,-0.1683555692434311,0.8485371470451355,-0.0417671576142311,jumping
1783087345208037600,7.93703759765625,-4.365685272997617,2.2735943360477684,-13.034926987338066,0.4147652685642242,1.2952412366867063,0.0067244358360767,jumping
1783087345218081800,7.947081787109375,-4.97708523273766,1.5991190575830638,-11.326239739924668,0.7194505929946899,1.781028151512146,-0.1108607873320579,jumping
1783087345228125700,7.957125732421875,-4.782330430139601,0.7588136038400233,-9.68066682807207,0.6292845606803894,2.4294915199279785,-0.3530911207199096,jumping
1783087345238170600,7.967170654296875,-4.12788335583359,0.082261519101262,-8.450273384723067,0.2790325582027435,3.2358765602111816,-0.6664263606071472,jumping
1783087345248214500,7.977214599609375,-3.531918573373556,-0.0465311572894453,-7.706044332683086,-0.1560506969690323,4.110318660736084,-0.9675875306129456,jumping
1783087345260142600,7.989142578125,-2.5801544398784637,0.3380260861963033,-6.766786629539728,-0.5290269255638123,5.0157389640808105,-1.174672245979309,jumping
1783087345270186800,7.999186767578125,-1.6588365903124211,1.1736755308270457,-5.426230099207163,-0.6936347484588623,5.6042304039001465,-1.111771821975708,jumping
1783087345280230400,8.00923046875,-0.2113156959723681,2.393852408327162,-2.6286487139344215,-0.7910212278366089,5.640026092529297,-0.8843232989311218,jumping
1783087345290275600,8.019275634765625,1.0129247777048498,4.054373006203771,0.0704284579664468,-0.793603777885437,5.021787643432617,-0.5553629398345947,jumping
1783087345300319700,8.02931982421875,2.025092015040666,5.351636922776699,2.5792560297340152,-0.6384688019752502,3.904644012451172,-0.3607377409934997,jumping
1783087345310364400,8.039364501953125,2.762976520359516,5.016317757451534,4.021956591245532,-0.4105631411075592,2.433847188949585,-0.3343431055545807,jumping
1783087345320408600,8.04940869140625,3.391851054252684,4.059878617882728,5.215910939991474,-0.0020057442598044,0.7679752111434937,-0.4152888059616089,jumping
1783087345330452700,8.05945263671875,3.0858751800507305,2.9572721810132263,6.405822735348344,0.6623896360397339,-0.7779114246368408,-0.4354029893875122,jumping
1783087345340497400,8.069497314453125,2.0017337896764276,1.9053101819708944,7.386518364295363,1.336686611175537,-1.6904089450836182,-0.3917809426784515,jumping
1783087345350541600,8.07954150390625,0.7112146711885928,0.9272354030467568,8.622234463971854,2.215224504470825,-2.4352285861968994,-0.2641849219799042,jumping
1783087345360586800,8.089586669921875,-0.6487450632721186,0.9313067441388964,12.55719958498478,3.166215419769287,-3.0247652530670166,-0.0585318692028522,jumping
1783087345370630400,8.09963037109375,-1.026933283182606,1.3533696885459123,13.677248739564416,3.9344403743743896,-3.5201728343963623,0.050111174583435,jumping
1783087345380674600,8.109674560546875,-1.002780400309339,1.2367262996323405,15.805841314959524,4.158978462219238,-4.148800849914551,0.0341295450925827,jumping
1783087345390719700,8.1197197265625,-0.9775591575521976,1.066520101226866,17.95625993771553,3.733480453491211,-5.014069557189941,-0.1266312599182129,jumping
1783087345400763400,8.129763427734375,0.0879477480441331,1.0950013686932625,18.328878613865378,2.9433624744415283,-5.530371189117432,-0.1225795224308967,jumping
1783087345410808600,8.13980859375,1.1213942855782806,1.467606454709172,18.32522769014239,1.934552550315857,-5.710058212280273,0.1540005505084991,jumping
1783087345420852700,8.149852783203125,2.3129461032271386,1.498020589934289,16.269376525831223,0.8768262267112732,-5.4427266120910645,0.5420404076576233,jumping
1783087345430897700,8.159897705078125,2.3455329063162207,1.2880347543261943,12.422906849873064,0.0242233388125896,-4.627422332763672,0.8298436999320984,jumping
1783087345440941600,8.169941650390625,1.9650591327518223,0.6213675192639231,9.664705873352288,-0.5556890368461609,-3.639838457107544,0.8408606648445129,jumping
1783087345450985700,8.17998583984375,2.370815523871779,0.0151803257361054,8.090782485693692,-0.870143473148346,-2.7488980293273926,0.6835723519325256,jumping
1783087345461030400,8.190030517578125,3.307121099211275,-0.5467978333069011,7.263087799459695,-1.02202570438385,-2.0357565879821777,0.4795675277709961,jumping
1783087345471074600,8.200074462890624,4.346127755090594,-1.37271867826879,6.8098425119340416,-1.10009503364563,-1.501082181930542,0.2800298929214477,jumping
1783087345481119700,8.21011962890625,4.965231713336705,-2.2440914704486725,6.382049061051011,-1.1095373630523682,-1.0303937196731567,0.0555139668285846,jumping
1783087345491163400,8.220163330078124,5.091880655696988,-2.8554774016633626,6.444184322446584,-1.038764715194702,-0.6354632377624512,-0.1643591523170471,jumping
1783087345501207600,8.23020751953125,4.957691380959749,-2.91999283619374,7.1136869270652525,-0.8552749752998352,-0.2705582976341247,-0.3288277387619018,jumping
1783087345511252700,8.240252685546874,4.20607397223413,-2.5101591126322744,7.912688602778315,-0.5848988890647888,0.1369016617536544,-0.425946831703186,jumping
1783087345521296400,8.25029638671875,3.352858768035471,-2.08578511480391,8.921769199210404,-0.3516749441623688,0.5615421533584595,-0.4745625555515289,jumping
1783087345531341600,8.260341552734374,3.103433048573136,-1.8681606010109184,10.006067825973034,-0.3124446868896484,0.9204062223434448,-0.4422455430030823,jumping
1783087345541385700,8.2703857421875,3.479049445234239,-1.7010744343221187,10.628749642705916,-0.4955266118049621,1.230458378791809,-0.308599591255188,jumping
1783087345551429600,8.2804296875,4.064845884901285,-1.424008136001229,10.764445230352878,-0.7407821416854858,1.4176770448684692,-0.0649085044860839,jumping
1783087345561474600,8.290474609375,4.114774867935479,-1.3474793153330682,10.435962633049488,-0.8959780931472778,1.428005576133728,0.2301926463842392,jumping
1783087345571518700,8.300518798828126,4.131711974211037,-0.4883518914159387,8.952731323707104,-0.8895423412322998,1.462148904800415,0.5497732758522034,jumping
1783087345581563600,8.310563720703126,4.384686910587549,-0.0773838300622999,7.782998977547884,-0.6385679244995117,1.1470128297805786,0.7805138230323792,jumping
1783087345591607600,8.320607666015626,3.805391523377597,-0.4589569431707263,7.67173991202116,-0.2827613055706024,0.9268657565116882,0.8764827847480774,jumping
1783087345601651700,8.330651611328125,4.139868977181613,-0.0691343265026807,6.348894394946098,0.1426547020673751,0.7722623348236084,0.8627773523330688,jumping
1783087345611696600,8.340696533203126,4.14248705072552,0.184037739881128,6.6991755670815705,0.5160053968429565,0.6239579319953918,0.8898075819015503,jumping
1783087345622369500,8.35136962890625,3.6382735002458095,0.4386513833753764,7.758304681274295,0.7686240673065186,0.3877006471157074,0.8899330496788025,jumping
1783087345632413700,8.36141357421875,3.2219270337894557,0.7338401983641087,9.146756350725887,0.7418187856674194,-0.0608244463801384,0.8608723282814026,jumping
1783087345642458600,8.371458740234376,1.8709172062426804,0.7892633949004113,9.729152918821573,0.4889021515846252,-0.5620428323745728,0.7952509522438049,jumping
1783087345652502500,8.38150244140625,1.1326339108645915,0.5970001168571413,8.547431444182992,0.1848161816596985,-0.997413456439972,0.6735886335372925,jumping
1783087345662547700,8.391547607421876,0.8221256539300084,0.6220768365770578,6.3427183366596696,-0.0663928687572479,-1.4360408782958984,0.5120506286621094,jumping
1783087345672591600,8.401591552734375,1.3658373943224549,0.7352122173696756,3.9583880821764463,-0.1628348976373672,-1.774550199508667,0.2887392342090606,jumping
1783087345682635500,8.411635498046875,0.8183274306908249,0.3289725727774202,1.622545672008395,-0.1862914860248565,-1.8360297679901123,0.0618504248559474,jumping
1783087345692680700,8.4216806640625,-10.315620097357034,3.4564094511419534,-1.886395930403471,-0.1107107475399971,-0.7715854644775391,0.9097837805747986,jumping
1783087345702724600,8.431724609375,-12.37162791353464,13.742012595897911,-10.138294860726594,0.0494203269481658,1.782243013381958,1.5412129163742063,jumping
1783087345712769500,8.44176953125,2.5756319940179586,6.648980334326624,-29.12251720547676,-1.4297516345977783,7.542794227600098,1.9051098823547363,jumping
1783087345722813700,8.451813720703125,6.34704379864335,-6.583963964536785,-32.3522297785759,-2.952086925506592,11.16352653503418,1.9083378314971924,jumping
1783087345732857600,8.461857666015625,2.175364117311686,-3.813217979219555,-15.567515373921394,-2.993455410003662,10.11448860168457,1.6086878776550293,jumping
1783087345742902500,8.471902587890625,-2.760766443094611,-4.176803454086184,-8.605279237517713,-1.2554795742034912,6.859600067138672,0.879601001739502,jumping
1783087345752946700,8.48194677734375,-5.129167307040095,-5.783028690412641,-8.697897899982333,0.6424263119697571,3.2552762031555176,-0.2609042525291443,jumping
1783087345762991600,8.49199169921875,-6.2086190782934425,-6.510654398176074,-8.074401844257116,1.8904014825820925,0.3433297872543335,-0.99449223279953,jumping
1783087345773035300,8.50203515625,-5.715932007217407,-3.4011785623073574,-6.446907025408745,2.0865745544433594,-1.5863455533981323,-1.1686760187149048,jumping
1783087345783079400,8.512079345703125,-5.236552746003865,1.266606474111229,-1.1921604510664938,1.7181031703948977,-3.1297123432159424,-0.9768359661102296,jumping
1783087345793124000,8.5221240234375,-4.716974453131854,3.647238896989822,-1.4718991834670303,1.009196400642395,-3.705933570861816,-0.6978203058242798,jumping
1783087345803168300,8.532168212890625,-3.3164258109122513,3.7553023813456297,-3.844809049269557,0.3930116891860962,-3.460317611694336,-0.4339841604232788,jumping
1783087345813213400,8.54221337890625,-1.9649800761662424,2.6136136418879032,-4.8681736071199175,0.0412806831300258,-2.9485883712768555,-0.2302067279815673,jumping
1783087345823257000,8.552257080078125,0.0544683800294995,-1.4116300082042812,-8.571415546360612,-0.3513342440128326,-1.8986986875534055,-0.381797581911087,jumping
1783087345833302300,8.56230224609375,1.0380028856642545,-4.063877332130074,-7.781471037328243,-0.7039570808410645,-1.3372251987457275,-0.6881163120269775,jumping
1783087345843346400,8.572346435546875,1.749934472950548,-0.4519242680549621,-6.362862130022049,-0.8785222172737122,-1.122612237930298,-0.6671939492225647,jumping
1783087345853390300,8.582390380859374,1.876815032109618,1.9437563786126673,-8.456084701350331,-0.7471061944961548,-0.5232402682304382,-0.3181535899639129,jumping
1783087345863435300,8.592435302734375,1.098402555438876,2.218097489753365,-9.78152608013749,-0.464007169008255,0.1888357251882553,0.0944307744503021,jumping
1783087345873479400,8.6024794921875,-1.210407763157785,1.11233127367869,-9.757359022608398,-0.1028135940432548,0.6629122495651245,0.2904024422168731,jumping
1783087345883524400,8.6125244140625,-3.651564943495393,-0.5905443648464977,-9.125802410024404,0.100648708641529,0.7890230417251587,0.1832174062728881,jumping
1783087345893568300,8.622568359375,-4.054894107468426,-1.4777639838472008,-6.421699518916011,0.0989700332283973,0.279717206954956,0.0785087645053863,jumping
1783087345903612400,8.6326123046875,-2.844531352496147,-1.2967409156121312,-4.337565678450465,0.1242503523826599,-0.6001214385032654,0.1635679900646209,jumping
1783087345913657300,8.6426572265625,-1.6615980178497731,-0.3303101049914956,-4.415110105901956,0.2643277645111084,-1.5158052444458008,0.3359950184822082,jumping
1783087345923701200,8.652701171875,-1.0248659023240207,0.6514908548489212,-5.294699230024218,0.3939802944660187,-2.2029640674591064,0.4476187527179718,jumping
1783087345933746400,8.662746337890624,-0.914244550178945,0.906087254947424,-6.0695852861344814,0.3261301219463348,-2.500420093536377,0.4899996817111969,jumping
1783087345943790000,8.6727900390625,-1.216746903051436,0.5967839898884296,-6.92767569515407,0.0110595189034938,-2.417245864868164,0.4342325329780578,jumping
1783087345953834200,8.682834228515626,-2.0678373701810835,0.9359772201679648,-8.328607491472363,-0.4813476800918579,-2.045616149902344,0.3292878568172455,jumping
1783087345963879400,8.69287939453125,-3.2467361886143684,1.566872446233779,-11.10995261221528,-1.0149815082550049,-1.3388158082962036,0.2300747036933899,jumping
1783087345973923300,8.70292333984375,-5.0798728225171565,1.457255741086602,-15.000720864105224,-1.3546983003616333,-0.3227119743824005,0.0843711793422699,jumping
1783087345983968300,8.71296826171875,-6.87211747406125,1.016981140423566,-19.230807580089568,-1.1763265132904053,0.9388303756713868,-0.1853401809930801,jumping
1783087345994012400,8.723012451171876,-6.288727218753099,0.709677670879662,-20.14526168136597,-0.57930988073349,2.070869207382202,-0.4441058933734894,jumping
1783087346004056300,8.733056396484375,-3.8946515230640766,0.6910841756992042,-16.75299590883255,0.0493745580315589,2.5754010677337646,-0.5228773951530457,jumping
1783087346014101200,8.743101318359376,-2.0802178360655903,0.6715310417063534,-12.57194941034913,0.4278638958930969,2.626485586166382,-0.4966937601566314,jumping
1783087346024145400,8.7531455078125,-1.0627658632598818,1.4797937361091376,-8.956940465834736,0.5650838017463684,2.4586169719696045,-0.3982473611831665,jumping
1783087346034190300,8.7631904296875,-0.2434988136313855,1.943691496682912,-6.316792452764511,0.5414199829101562,2.2376363277435303,-0.262924313545227,jumping
1783087346044234200,8.773234130859375,0.1112023669034242,2.419203414943814,-4.804954057618976,0.3823640048503876,2.0968592166900635,-0.1356329321861267,jumping
1783087346054279400,8.783279541015625,0.7894583329506218,3.857715877115726,-2.72277836548388,0.1755553036928177,2.006366729736328,0.0407487191259861,jumping
1783087346064323300,8.7933232421875,1.3971569539546966,4.447000743420422,-0.4268628920346498,-0.0624434202909469,1.8403122425079343,0.2949852645397186,jumping
1783087346074367200,8.8033671875,2.1522689267978072,4.2920507124662395,1.8129408180922268,-0.207162395119667,1.7429991960525513,0.590670645236969,jumping
1783087346084412400,8.813412353515625,2.620186006015539,3.5964667411297557,4.740968199920654,-0.1603610664606094,1.4604614973068235,0.8526995778083801,jumping
1783087346094456300,8.823456298828125,2.446636196270585,2.676556128013134,8.286395074164867,0.1072018444538116,0.8299252986907959,0.9835397601127625,jumping
1783087346104501200,8.833501220703125,0.6656144380737096,1.8202962954215705,11.47661384126544,0.4455218613147735,-0.1167807728052139,0.9525133967399596,jumping
1783087346114545400,8.84354541015625,-1.672033925537765,1.2046714114628732,13.881429249894618,0.6130022406578064,-1.2169861793518066,0.6978090405464172,jumping
1783087346124589300,8.85358935546875,-4.053816249103844,1.2537838174171745,16.27669240180254,0.6622805595397949,-2.3916263580322266,0.363360732793808,jumping
1783087346134634200,8.86363427734375,-4.716435816210508,0.9996465592630208,17.646327727103234,0.5291166305541992,-3.3613440990448,0.033110924065113,jumping
1783087346144678400,8.873678466796875,-2.292901386325062,0.9469391975566744,18.112649938344955,0.3392010033130646,-4.0889129638671875,-0.1209084689617157,jumping
1783087346154723300,8.883723388671875,0.4905344230867922,0.8986006985843181,16.447741042381523,0.1761487126350402,-4.344457149505615,-0.186035543680191,jumping
1783087346164767200,8.893767333984375,2.259027758295834,0.4601921840541064,13.671118273985384,0.0855658128857612,-4.035140037536621,-0.3285836279392242,jumping
1783087346174811400,8.903811279296875,3.902952318419516,1.1956443476594985,11.784051312452554,0.0264606997370719,-3.3048653602600098,-0.4828548729419708,jumping
1783087346184856300,8.913856201171875,5.625728004679083,1.7884226090379058,10.163539192098378,-0.1205625683069229,-2.267723798751831,-0.527258574962616,jumping
1783087346194900200,8.923900146484375,6.188956346446275,0.8037263661473989,8.815842142361403,-0.4243572056293487,-1.17933189868927,-0.4964525699615478,jumping
1783087346204945400,8.9339453125,5.328805497765541,-0.6032901569120586,7.439518133077025,-0.7052147388458252,-0.1136459633708,-0.4756828248500824,jumping
1783087346214989300,8.9439892578125,3.138801299074292,-1.810051818652451,5.876418921771645,-0.9145491123199464,0.9986520409584044,-0.5445066690444946,jumping
1783087346225033200,8.954033203125,0.7464195478215814,-3.171090288260579,4.799792144811153,-1.0292824506759644,2.010838270187378,-0.7499319911003113,jumping
1783087346235078400,8.964078369140625,0.0272463188439607,-4.019834776785969,4.437625889092684,-1.016102313995361,2.7364583015441895,-0.9735994935035706,jumping
1783087346245122300,8.974122314453124,0.9056725366666912,-3.886165434269607,5.412203327420354,-0.8898254036903381,3.0491340160369873,-1.0705246925354004,jumping
1783087346255167200,8.984167236328124,2.018972363116592,-3.754067871114611,7.15060065344274,-0.7130947113037109,2.908616065979004,-1.0883818864822388,jumping
1783087346265211400,8.99421142578125,2.573956462021172,-3.857816999402642,8.469190266638993,-0.5621947050094604,2.464790105819702,-1.0835940837860107,jumping
1783087346275255300,9.00425537109375,2.565235103166103,-4.068577472645044,9.375045466396212,-0.4533728361129761,1.8658474683761597,-1.0998355150222778,jumping
1783087346285300200,9.01430029296875,2.349083000013232,-3.8391941319972274,9.620005146360397,-0.3725296556949615,1.3440197706222534,-1.1104389429092407,jumping
1783087346295344400,9.024344482421874,2.1126992790840564,-3.2808430408775804,9.946699106681349,-0.2457851320505142,0.9264526963233948,-1.0579489469528198,jumping
1783087346305389300,9.034389404296874,2.073986394330114,-2.5191134034603833,10.32474916023016,-0.0766315311193466,0.5917031764984131,-0.9233253002166748,jumping
1783087346315433200,9.04443310546875,2.150470060682297,-2.033384188698232,10.509207902002334,0.0018392067868262,0.3967686891555786,-0.7879604697227478,jumping
1783087346325478400,9.054478515625,2.5390876854747533,-2.0783101027481257,10.965548817455767,-0.0610433556139469,0.1336337178945541,-0.7152044773101807,jumping
1783087346335522300,9.064522216796876,3.000930997736752,-2.165148866637051,10.936556531727314,-0.1999133825302124,-0.1393780410289764,-0.6785165667533875,jumping
1783087346345566200,9.074566162109376,2.8510908571422098,-2.003491008607298,10.335987178081274,-0.3590910732746124,-0.3835057616233825,-0.6453348994255066,jumping
1783087346355611400,9.084611328125,2.3927124445118007,-1.503883782879263,9.391941071617603,-0.4125739336013794,-0.5522986650466919,-0.6043036580085754,jumping
1783087346365655300,9.0946552734375,2.0572106160961092,-1.2141110015898942,8.857579927894472,-0.3080440759658813,-0.7079479098320007,-0.5633229613304138,jumping
1783087346375700200,9.1047001953125,1.8866567732967432,-1.2517739388994873,8.569818048036097,-0.0996011346578598,-0.8397191166877747,-0.5202667713165283,jumping
1783087346385744400,9.114744384765626,2.0393070028759537,-1.2814242501452564,8.798883408775925,0.1100817844271659,-1.0081632137298584,-0.5120360255241394,jumping
1783087346395788300,9.124788330078124,2.2504506302170455,-0.699174104782939,9.463157465091347,0.2410231530666351,-1.3002389669418335,-0.525948703289032,jumping
1783087346405833200,9.134833251953124,1.9161686989851296,0.1987035402238368,9.778867090061306,0.2556702792644501,-1.7107561826705933,-0.5076490640640259,jumping
1783087346415877400,9.14487744140625,0.6853992619305849,0.9848835821561516,8.755706530350446,0.1489043086767196,-2.147575855255127,-0.3490460515022278,jumping
1783087346425922300,9.15492236328125,-0.3525321659326553,1.3997968009389936,7.17191699771583,0.0211476739495992,-2.561166524887085,-0.1255913823843002,jumping
1783087346435966200,9.16496630859375,0.028732173487544,1.6668869180381296,5.404467764732241,-0.0490116029977798,-2.8084774017333984,0.083400085568428,jumping
1783087346446010400,9.17501025390625,0.1582753759846091,2.353603253916651,3.0630314800798892,-0.1058756858110427,-2.7261459827423096,0.3521175682544708,jumping
1783087346456055300,9.18505517578125,0.2633876093193888,3.9178818842649457,0.1531196006566286,-0.24691142141819,-2.3268842697143555,0.6001623868942261,jumping
1783087346466099200,9.19509912109375,1.5479650627985595,4.391192931480705,-2.267321247127652,-0.4147624671459198,-1.6152366399765017,0.6984780430793762,jumping
1783087346476144400,9.205144287109375,-1.0907175538942218,5.539378339481353,-4.281968294391036,-0.7819736003875732,-0.7532466053962708,1.0784084796905518,jumping
1783087346486188300,9.215188232421877,-9.309268633627893,10.403552063310146,-8.253623269897698,-1.3888713121414185,0.7033951878547668,2.2604360580444336,jumping
1783087346496232200,9.225232177734377,-11.315303335368633,6.980939667829871,-17.913126898431777,-1.8895399570465088,3.45724105834961,1.7880356311798096,jumping
1783087346506277400,9.23527734375,-8.581890178623794,-6.16524287790358,-29.614595789265632,-2.0313987731933594,6.996990203857422,0.1815519034862518,jumping
1783087346516321500,9.245321533203125,1.195880932894349,-6.731324855536222,-23.9161269580245,-2.0942630767822266,7.59614372253418,-0.560245931148529,jumping
1783087346526366200,9.2553662109375,6.837057266595959,-3.3698984579026696,-10.0598040923357,-1.3893828392028809,5.530519485473633,-0.3551910817623138,jumping
1783087346536410400,9.265410400390625,1.2097948919564483,-2.945302926278114,-8.558974582460522,-0.1729459911584854,3.4310011863708496,-0.3558096289634704,jumping
1783087346546454300,9.275454345703125,-2.8143174160182474,-4.081609095914661,-9.507771098321676,0.5527653694152832,1.8360358476638792,-0.993478000164032,jumping
1783087346556499200,9.285499267578125,-3.2150600706294177,-5.200623354488611,-7.028099478411674,0.817047655582428,0.4959678649902344,-1.4356155395507812,jumping
1783087346566543400,9.29554345703125,-2.93731923404783,-5.612438899517059,-5.64863775562346,0.8496671319007874,-0.538826048374176,-1.6716258525848389,jumping
1783087346576588300,9.30558837890625,-2.8179356065154075,-4.676367425194383,-3.586831482300162,0.7308443784713745,-1.5790807008743286,-1.817923069000244,jumping
1783087346586632200,9.315632080078124,-2.440831893905997,-3.638648471038043,-2.798027375474572,0.3939811587333679,-2.384096145629883,-1.8966881036758425,jumping
1783087346596677400,9.325677490234376,-2.2825521340072155,-3.8227199670583007,-2.4975118125051257,0.0567415580153465,-2.97957992553711,-1.8363361358642576,jumping
1783087346606721300,9.33572119140625,-1.9859679191373287,-2.760576181219518,-3.543773846340179,-0.261240690946579,-3.2309906482696533,-1.65343177318573,jumping
1783087346616765200,9.34576513671875,-0.5748987596862017,-0.1824251901179552,-4.047043101707101,-0.3534342348575592,-3.1669411659240723,-1.3815757036209106,jumping
1783087346626810400,9.355810302734374,1.6715873508140444,2.1378400039508936,-3.67424789994657,-0.2903378307819366,-3.0555737018585205,-0.8964271545410156,jumping
1783087346636854500,9.3658544921875,3.630292146103084,4.5005765585243696,-3.1729350393444298,-0.0692732334136962,-2.9277358055114746,-0.1305019855499267,jumping
1783087346646899200,9.375899169921874,4.1231040126025675,6.163463008749485,-3.769604462942481,0.2019838392734527,-2.496713876724243,0.7701317071914673,jumping
1783087346656943400,9.385943359375,3.894658829587698,6.235561445754766,-4.625965856212377,0.360757827758789,-1.820577621459961,1.5452576875686646,jumping
1783087346666987500,9.395987548828124,2.6331539163991806,4.098522236792743,-4.590884021437168,0.3905490040779114,-1.1155842542648315,2.015681266784668,jumping
1783087346677032200,9.4060322265625,0.5482344785138964,1.486098681472242,-3.885192497584224,0.3790797889232635,-0.5267969965934753,2.1001296043395996,jumping
1783087346687076400,9.416076416015626,-1.904195206466317,-0.2786404157698154,-3.119848761323094,0.4278915524482727,-0.087781585752964,1.8351765871047976,jumping
1783087346697121300,9.426121337890624,-4.022485291294753,-1.6230641429245471,-2.3967180268913504,0.5425254106521606,0.1419974565505981,1.2768833637237549,jumping
1783087346707165200,9.436165283203126,-4.634730177426338,-1.683822563008964,-1.6622037286579607,0.5751227736473083,0.1405987590551376,0.6510401964187622,jumping
1783087346717209300,9.446209228515626,-3.2919232378184793,-0.5081739785432815,-1.396205352318287,0.3499012589454651,-0.0620177313685417,0.2456874102354049,jumping
1783087346727254300,9.456254150390626,-1.0343737353816629,0.9349433470755816,-2.492681323608756,-0.0904406979680061,-0.3440571427345276,0.1237255483865737,jumping
1783087346737298200,9.466298095703126,0.3153530666172504,1.731596413835883,-4.724827212458849,-0.5655825138092041,-0.55628901720047,0.1784276813268661,jumping
1783087346747343400,9.47634326171875,0.3088376933738589,1.7441691874220966,-6.65229048178792,-0.8234955072402954,-0.648699939250946,0.2532861828804016,jumping
1783087346757387500,9.486387451171876,-0.4426704097583889,1.5528139641344547,-8.010459241178632,-0.7760832905769348,-0.5581647753715515,0.2473767697811126,jumping
1783087346767431000,9.496430908203124,-1.6466332345604895,0.5295341619580983,-8.942448999145627,-0.3890389204025268,-0.2895183861255646,0.150868609547615,jumping
1783087346777476000,9.50647607421875,-2.839016680727899,-0.9379141795799136,-8.756469915938377,0.1550449430942535,-0.0477558821439743,-0.028508273884654,jumping
1783087346787520300,9.516520263671875,-3.0444758326917887,-1.541656902565062,-6.931577378767728,0.5403023362159729,0.0256179366260767,-0.2416274696588516,jumping
1783087346797565000,9.52656494140625,-2.704681860040128,-1.5375006596684455,-5.324008326616883,0.8312931656837463,0.1662453263998031,-0.4245892763137817,jumping
1783087346807609000,9.536609130859375,-2.7100293585479256,-1.300669925624132,-3.7327392518818376,0.8495416641235352,0.2012672126293182,-0.5235515832901001,jumping
1783087346817653000,9.546653076171877,-2.162273311200738,-0.8282721938610076,-3.099703214395046,0.5509672164916992,0.1384377479553222,-0.5776317119598389,jumping
1783087346827698000,9.556697998046875,-1.7286711740389464,0.0444382766634225,-3.7751276102781297,0.0516772121191024,0.1319052726030349,-0.5007704496383667,jumping
1783087346837742000,9.5667421875,-1.92267194339931,1.2119672675594686,-5.71260607766509,-0.5069365501403809,0.258207619190216,-0.2665673792362213,jumping
1783087346847787300,9.576787353515623,-2.2313331111624835,2.021597597053647,-8.313386541464924,-0.9437178373336792,0.5670347213745117,0.0147719038650393,jumping
1783087346857831000,9.586830810546877,-2.697339680583775,2.7628151923179627,-10.585434232592585,-1.1320176124572754,0.9897955656051636,0.3388450145721435,jumping
1783087346867875000,9.596875,-2.887644225774705,3.503202766498923,-12.227785259789227,-0.917612075805664,1.4824678897857666,0.6253534555435181,jumping
1783087346877920300,9.606920166015623,-2.709361834549904,3.6434371666193006,-12.876900325417518,-0.3783809840679168,2.066948652267456,0.7898859977722168,jumping
1783087346887964000,9.6169638671875,-2.67660961176604,3.417892088960111,-11.548258689284324,0.1177598088979721,2.530476331710815,0.8397153615951538,jumping
1783087346898009000,9.627009033203125,-2.4447142882972956,3.0416987691938875,-8.792993181693554,0.2938781380653381,2.631707191467285,0.7812656164169312,jumping
1783087346908053200,9.63705322265625,-1.515645386213064,2.7887086352482435,-6.845390795177221,0.1982533633708953,2.4371213912963867,0.633782148361206,jumping
1783087346918097000,9.647096923828125,-0.347928909920901,3.4414112039744853,-6.282500891584157,-0.0759869888424873,1.8828697204589844,0.5250811576843262,jumping
1783087346928142000,9.65714208984375,0.9939014397397636,4.407558667609095,-6.736732852059602,-0.1684516817331314,1.2415014505386353,0.4806247651576996,jumping
1783087346938186200,9.667186279296876,2.596928756807744,5.397767390310764,-6.939932534658908,0.1237068995833396,0.8013071417808533,0.57803875207901,jumping
1783087346948231000,9.67723095703125,3.2619773046270013,5.661365719771385,-5.682943929851055,0.6708554625511169,0.6766613721847534,0.7566769123077393,jumping
1783087346958275000,9.687275146484374,3.1568928360819815,5.134143341886997,-2.303035534587502,1.057964563369751,0.7480029463768005,0.9128930568695068,jumping
1783087346968319200,9.6973193359375,2.619604406735301,4.307691056929529,2.9399703330785036,1.115570306777954,0.7951565980911255,1.1171588897705078,jumping
1783087346978364000,9.707364013671874,1.723754175902903,2.7345626190409065,8.384650865733622,0.9130436778068542,0.6724767088890076,1.3431692123413086,jumping
1783087346988408000,9.717407958984374,0.1204896890781819,0.6133566467657685,12.658368633651731,0.5300182700157166,0.3596607744693756,1.4490360021591189,jumping
1783087346998453200,9.727453369140624,-1.6633726263068616,-1.2563754413455723,15.770198339170216,0.109352022409439,-0.1848181039094925,1.361284852027893,jumping
1783087347008497000,9.737496826171874,-2.893857401201129,-2.5344904208123684,17.199170819580555,-0.2244201004505157,-0.8012410998344421,1.150067687034607,jumping
1783087347018542000,9.7475419921875,-2.36573646704182,-3.1209330494284626,17.018530174791813,-0.5044565796852112,-1.3492423295974731,0.8917182683944702,jumping
1783087347028586200,9.757586181640624,-1.048103570048511,-2.5080253154739736,16.63294563408494,-0.6591479182243347,-1.8435343503952024,0.7679587602615356,jumping
1783087347038630000,9.7676298828125,-0.2854952501006424,-2.533869366304576,15.0599259172678,-0.640342116355896,-2.1451916694641113,0.6505142450332642,jumping
1783087347048675000,9.777675048828126,-0.049001054534316,-2.906400948692858,12.90831954603195,-0.4161499738693237,-2.0713882446289062,0.5053935647010803,jumping
1783087347058719200,9.78771923828125,0.2163708604700863,-3.17666545804441,11.89670621625185,-0.0914170518517494,-1.7200666666030884,0.3757106363773346,jumping
1783087347068764000,9.797763916015626,0.7841945672035217,-3.041865650193393,11.75565640809536,0.1240396052598953,-1.296213984489441,0.2920032441616058,jumping
1783087347078808000,9.80780810546875,1.394617060213536,-2.2851050333604217,11.272602842283248,0.1832492351531982,-0.8262236714363098,0.2846440076828003,jumping
1783087347088852200,9.817852294921876,1.808035218133032,-1.380945531605184,10.007812039291858,0.1809735596179962,-0.2709234654903412,0.3216829895973205,jumping
1783087347098897000,9.82789697265625,2.0923440349280833,-1.1492959995910526,8.69721284032762,0.0824546888470649,0.2508924305438995,0.3449141979217529,jumping
1783087347108941000,9.837941162109376,2.187058354497701,-1.459042624503374,7.668855881017446,-0.1291201412677765,0.6239302158355713,0.3510014116764068,jumping
1783087347118986200,9.847986328125,1.9793993544019757,-2.276605208301544,6.458735410368442,-0.3370145261287689,0.8550660610198975,0.2739442586898803,jumping
1783087347129030000,9.85802978515625,1.678710334561765,-3.5242546146169302,5.116825711861252,-0.4078032076358795,1.0116522312164309,0.0875014141201973,jumping
1783087347139074000,9.868073974609375,1.5983796373926102,-4.45015657710284,4.317611854702234,-0.3198214173316955,1.111491560935974,-0.1366316527128219,jumping
1783087347149119200,9.878119140625,1.660937800375372,-4.697273435100913,4.903322661912441,-0.1656185239553451,1.0873348712921145,-0.3183782696723938,jumping
1783087347159163000,9.888162841796875,1.865464786055684,-4.475328135499358,6.4416954282402985,-0.1183545216917991,1.014838933944702,-0.4671311378479004,jumping
1783087347169208000,9.8982080078125,1.762112986522168,-4.405699303478002,7.752965658333897,-0.1780441999435424,0.9491571187973022,-0.56974858045578,jumping
1783087347179252200,9.908252197265623,1.4610276608407498,-4.357123488618433,9.083502898955343,-0.270352840423584,0.8797677755355835,-0.6229797005653381,jumping
1783087347189296000,9.918296142578123,1.6124734830662608,-4.4873374299839135,10.404176332688332,-0.4049159586429596,0.6404507756233215,-0.6578639149665833,jumping
1783087347199341000,9.928341064453123,2.1377526179283857,-4.383704037030041,10.687485909312963,-0.488762617111206,0.3469912111759186,-0.6645987629890442,jumping
1783087347209385200,9.93838525390625,2.4456178130082784,-3.775771753400564,10.266837069487572,-0.4667707681655884,0.1367609947919845,-0.5952122211456299,jumping
1783087347219430000,9.948429931640623,2.6756892820507288,-3.0214100144028664,9.767041627711055,-0.3702425360679626,-0.0184353683143854,-0.4843284487724304,jumping
1783087347229474000,9.95847412109375,2.693728212088346,-2.4184528888374563,9.253665988871454,-0.2364676743745803,-0.1456705629825592,-0.3738158047199249,jumping
1783087347239518200,9.968518310546877,2.5739082389652728,-2.015137461128831,9.157880386808516,-0.0716066733002662,-0.2186105847358703,-0.2614982724189758,jumping
1783087347249563000,9.97856298828125,2.1537346154361963,-1.5533023321732875,9.53851694971919,0.064302422106266,-0.27523073554039,-0.1427353918552398,jumping
1783087347259607000,9.98860693359375,1.318484837647527,-1.2842714562699198,9.994683677649498,0.1201003789901733,-0.4663733541965484,-0.0391042307019233,jumping
1783087347269652200,9.99865234375,-0.1945432056739926,-1.111812072110176,9.609060558497903,0.1652654558420181,-0.7321046590805054,0.0406894013285636,jumping
1783087347279696000,10.00869580078125,-1.502409472543001,-0.2380225741773843,7.636987163069843,0.2007657587528228,-0.8596175312995911,0.1111720576882362,jumping
1783087347289740000,10.018739990234376,-0.5708955153942108,1.392187933370471,6.584373714381456,0.2875161170959472,-1.2129592895507812,0.304510623216629,jumping
1783087347299785200,10.02878515625,0.512942946510762,3.0710680715411898,4.870171502938867,0.4307031631469726,-1.511511206626892,0.660998523235321,jumping
1783087347309829000,10.0388291015625,2.508653384244442,4.2332998328119515,3.2552421511530873,0.4872849583625793,-1.708490014076233,0.9202583432197572,jumping
1783087347319874000,10.0488740234375,4.665448556295037,4.284370094835758,2.347529925352335,0.4132839143276214,-1.802772045135498,1.2171783447265625,jumping
1783087347329918200,10.058918212890624,0.7368738669715821,5.161849679458141,-1.0180261194318532,0.2123502492904663,-1.388649344444275,1.728490948677063,jumping
1783087347339962000,10.068962158203124,-5.834869936808944,7.009002563753723,-4.2911517177999015,0.0737088769674301,-0.3554820418357849,2.4404680728912354,jumping
1783087347350007000,10.079007080078124,-6.7591831687986845,5.214692796373367,-9.507006543689966,0.0817713290452957,0.9487081170082092,2.189190149307251,jumping
1783087347360051200,10.08905126953125,-3.353268517880142,-4.179113484594225,-15.735843649625778,-0.7928339838981628,2.3908281326293945,1.0847691297531128,jumping
1783087347370095900,10.099095947265624,-2.0333947100922463,-4.868015201687813,-23.95574585170746,-2.4366884231567383,3.919737100601196,0.2710157334804535,jumping
1783087347380140000,10.10914013671875,2.816388377073407,0.1398147134035825,-20.121911200916767,-2.715095281600952,3.514446973800659,0.1087863221764564,jumping
1783087347390185200,10.119185302734374,2.9113483419671655,2.1807132232546804,-16.484347310245035,-1.156508445739746,2.025584936141968,0.2341490387916565,jumping
1783087347400228900,10.129228759765626,0.829246518785879,2.32113963881582,-12.492123593962193,1.1528037786483765,0.397268533706665,0.1708684116601944,jumping
1783087347410273000,10.13927294921875,-2.4426556022018193,0.209223765194416,-9.071187022739648,2.220125198364258,-0.5798194408416748,-0.0672767832875251,jumping
1783087347420318200,10.149318115234376,-2.9660727425843474,-0.9441530739694832,-5.062147780734301,2.235551357269287,-0.9523608684539796,-0.2267393767833709,jumping
1783087347430362000,10.159362060546876,-3.623205694973469,-0.588989390489459,-1.3369868551522492,1.6123286485671997,-0.9415524005889891,-0.3494264185428619,jumping
1783087347440407000,10.169406982421876,-3.2910540537685153,-1.3654481027439236,1.0052741898864508,0.8145013451576233,-0.7908087968826294,-0.5473506450653076,jumping
1783087347450451200,10.179451171875,-2.3765024834670125,-3.58677039976269,0.8078080825030803,0.1316897422075271,-0.6142579913139343,-0.8109806776046753,jumping
1783087347460495000,10.1894951171875,-2.8615426930516956,-5.291899954694509,-2.1403245142430065,-0.3390021026134491,-0.3770703375339508,-1.1260907649993896,jumping
1783087347470540000,10.1995400390625,-2.6870985648155212,-3.652140113034844,-4.312922820103168,-0.5342158079147339,-0.1779873073101043,-1.3300846815109253,jumping
1783087347480584200,10.209584228515626,-1.2324451151818037,-0.3404664650857448,-5.524354373350739,-0.588887631893158,-0.0160428099334239,-1.1854145526885986,jumping
1783087347490628900,10.21962890625,0.2622648888997733,2.5145918343827125,-6.523263119858503,-0.5014525651931763,-0.0474966056644916,-0.7371220588684082,jumping
1783087347500673000,10.229673095703124,1.0515545872852206,5.121421222957968,-8.313155655318498,-0.1251948326826095,0.0074474085122346,-0.1378563046455383,jumping
1783087347510717200,10.23971728515625,0.4951394326642155,5.968702653193473,-9.12513547054827,0.3239805698394775,0.1457789093255996,0.4057161808013916,jumping
1783087347520761900,10.249761962890624,-0.5074705064490437,4.672152437847853,-7.645482019692659,0.5859959125518799,0.2557533979415893,0.747464120388031,jumping
1783087347530806000,10.259805908203123,-1.8161704476632177,2.825503119160235,-5.711110870671272,0.6672172546386719,0.2896426618099212,0.8867077827453613,jumping
1783087347540851200,10.269851318359375,-2.5297300745427607,1.2379641708642244,-3.4353415286719797,0.672676682472229,0.2046611160039901,0.8147234320640564,jumping
1783087347550894800,10.279894775390623,-2.4825138575986028,-0.2603770293265581,-1.6829203534722328,0.574428915977478,-0.0609564408659935,0.5798019766807556,jumping
1783087347560939000,10.28993896484375,-2.2586367131516334,-1.2710244366839527,-1.6901719320356845,0.3653387129306793,-0.382049560546875,0.2549420893192291,jumping
1783087347570984200,10.299984130859375,-1.3926903299346565,-1.381855632187426,-2.7742589618742466,0.1087436750531196,-0.6228421330451965,-0.1010594367980957,jumping
1783087347581028000,10.310028076171877,-0.4410071527212857,-0.9557374210402368,-4.418992500293254,-0.1941593438386917,-0.8157475590705872,-0.4207926988601684,jumping
1783087347591073000,10.320072998046877,-0.4835619537256658,-0.1333881874874234,-6.545920941868424,-0.4246788322925567,-0.8486469388008118,-0.6607467532157898,jumping
1783087347601117200,10.3301171875,-0.8461309450261294,1.2865420315504073,-7.855335899484157,-0.4923131167888641,-0.67760169506073,-0.7347267866134644,jumping
1783087347611161000,10.3401611328125,-1.0073146096728742,2.4292662515357137,-8.365570902210473,-0.4862512052059173,-0.2934441566467285,-0.627475917339325,jumping
1783087347621206000,10.3502060546875,-1.073969978841394,2.5947087426707145,-8.097230346658826,-0.4312274158000946,0.177856758236885,-0.4320595562458038,jumping
1783087347631250200,10.360250244140625,-1.3388625858962535,2.316633267307281,-7.274646135306358,-0.3164001703262329,0.6096161603927612,-0.2099346071481704,jumping
1783087347641294800,10.370294921875,-1.7577480693109333,1.7980235272064804,-6.707983142915368,-0.2207705974578857,1.002117156982422,0.0003674339968711,jumping
1783087347651339000,10.380339111328125,-2.476944240772724,1.0869318978756666,-6.2484986687392,-0.1728672534227371,1.3702946901321411,0.1248473152518272,jumping
1783087347661383200,10.390383056640625,-2.320823266343027,0.4928291098952293,-5.4327504408866165,-0.3039087057113647,1.6566474437713623,0.1049925684928894,jumping
1783087347671427800,10.400427734375,-0.5953577564775944,0.2654296365410089,-4.371452165961266,0.2574848532676697,1.7647123336791992,-0.1301951855421066,jumping
1783087347681472000,10.410471923828124,-0.6123498078107833,-0.4326487819597124,-10.591945806443691,-0.2300786525011062,0.6968898177146912,-0.1099548116326332,jumping
1783087347691517200,10.42051708984375,-2.9091318349614737,1.7425500617876648,-17.90515401985645,0.0987530276179313,1.1604410409927368,-0.3067847788333893,jumping
1783087347701561000,10.43056103515625,-2.7885782868668434,3.2623531522020697,-15.813206290769577,0.6641765236854553,1.2780940532684326,-0.3304232060909271,jumping
1783087347711605000,10.44060498046875,-0.9120902216892688,3.0794091989070176,-12.577586539453268,0.8390580415725708,1.2821109294891355,-0.2146108299493789,jumping
1783087347721650200,10.450650146484374,0.3593648614969104,3.0131162333101034,-8.196934583470226,0.682952880859375,1.165068507194519,-0.0341378115117549,jumping
1783087347731694000,10.460694091796874,0.8124589039836079,2.8429677564412352,-4.956399003061652,0.3257806301116943,1.123237133026123,0.1476871073246002,jumping
1783087347741739000,10.470739013671874,1.1365287263460455,3.900108327165246,-2.4206278947889803,-0.046451136469841,1.2073235511779783,0.3965758085250854,jumping
1783087347751783200,10.480783203125,2.782187416785955,3.583595861379802,0.5361462735742331,0.0422094911336898,1.2054388523101809,0.7794027924537659,jumping
