time,seconds_elapsed,accel_x,accel_y,accel_z,gyro_x,gyro_y,gyro_z,label
1783086948726040000,0.0590400390625,0.0529498652253299,-0.1568080799110233,-0.0099900636166334,-0.0318743214011192,-0.1590968072414398,-0.1142468303442001,standing
1783086948736084200,0.069084228515625,-0.0298536517981439,-0.1947100136082619,-0.0194335992664098,0.0113988500088453,-0.1029488518834114,-0.151127353310585,standing
1783086948746128100,0.079128173828125,-0.059852557285875,-0.2195643227491527,-0.0699830522865057,0.0392131693661212,-0.0548612177371978,-0.1678245812654495,standing
1783086948756173000,0.089173095703125,-0.1307387689571827,-0.2586004481080919,0.0479021533817052,0.0335558168590068,-0.01688027754426,-0.1670506596565246,standing
1783086948766217200,0.09921728515625,-0.0963921896539628,-0.2708905322954058,0.1793319002777338,-0.0007097672205418,0.0131173133850097,-0.1657801270484924,standing
1783086948776261000,0.10926123046875,-0.0495119266659021,-0.221025554408133,0.2671393630683422,-0.0460958927869796,0.0683938860893249,-0.1701897978782653,standing
1783086948786306000,0.11930615234375,-0.0520342847503721,-0.1563950421307235,0.3283101633459329,-0.1104335337877273,0.1085542514920234,-0.1743463277816772,standing
1783086948796350200,0.12935009765625,0.0484472931090742,-0.1554340150788426,0.3854425018876791,-0.1852526366710662,0.1235217452049255,-0.1738613694906234,standing
1783086948807023400,0.1400234375,0.1634085010893642,-0.1553003056965768,0.2852583726048469,-0.244340032339096,0.108174942433834,-0.1640512198209762,standing
1783086948817068000,0.150068115234375,0.2527056909810751,-0.1054169153697788,0.1812128917187452,-0.249475672841072,0.0947680547833442,-0.1349572539329528,standing
1783086948827112200,0.1601123046875,0.3076797555103898,0.0197755445718765,0.0498801754564046,-0.2054736763238906,0.1108518466353416,-0.0847630947828292,standing
1783086948837156400,0.17015625,0.2722960882443934,0.1534995398849248,0.0206681094974279,-0.1346487700939178,0.0927266404032707,-0.0310021247714757,standing
1783086948847201000,0.180200927734375,0.3310379808746278,0.2246107194185256,-0.1013987657696008,-0.0471120811998844,0.0739685073494911,0.0218989886343479,standing
1783086948857245200,0.1902451171875,0.3789524822812527,0.2380924245432019,-0.262507027092576,0.0098598571494221,0.048171266913414,0.0662566050887107,standing
1783086948867289300,0.200289306640625,0.4069763613689691,0.2099213920697569,-0.281475931456685,0.0272278692573308,-7.94529914855e-05,0.1030812039971351,standing
1783086948877334000,0.210333984375,0.4756103371340781,0.2216125605158507,-0.2616419346958398,0.0241444613784551,-0.0205035023391246,0.1411971598863601,standing
1783086948887378200,0.220378173828125,0.4357226364471018,0.2527053256548941,-0.1691366694778203,0.00803679600358,-0.0232118386775255,0.1710372269153595,standing
1783086948897422300,0.23042236328125,0.3381277930051088,0.2304438094861805,0.0275812498867511,-0.0293081793934106,-0.0329438298940658,0.1941228508949279,standing
1783086948907467000,0.240467041015625,0.2899092671506106,0.2126933410011231,0.2090899096816778,-0.0793428048491478,-0.0444407165050506,0.2166626304388046,standing
1783086948917511200,0.25051123046875,0.2550434862788766,0.224153038778901,0.3025309944450855,-0.1182963252067565,-0.0523529686033725,0.2332099229097366,standing
1783086948927555000,0.26055517578125,0.1809959610324353,0.2305915473937988,0.2356499998271465,-0.136911541223526,-0.0716284736990928,0.247790977358818,standing
1783086948937600300,0.270600341796875,0.1040605323247611,0.1656118563525378,0.0761082571685314,-0.1190880686044693,-0.086231917142868,0.2498139142990112,standing
1783086948947644200,0.28064404296875,0.1384972741294652,0.083067282526195,-0.0129980132609605,-0.0879012793302536,-0.1188047602772712,0.2356334328651428,standing
1783086948957688000,0.29068798828125,0.2269618856545537,0.0303467690773308,-0.1130225680679082,-0.0518812276422977,-0.1419715881347656,0.2151987254619598,standing
1783086948967733200,0.300733154296875,0.2026538852848112,-0.0198858730785548,-0.1913642833769321,-0.0180960968136787,-0.1307562291622162,0.2007345706224441,standing
1783086948977777200,0.310777099609375,0.0566847409047186,-0.086870912592858,-0.1173071135193109,-0.0045177047140896,-0.1011554598808288,0.1758148372173309,standing
1783086948987821000,0.320821044921875,-0.0687123747635632,-0.177300394450128,0.0275619606643915,-0.0179359726607799,-0.0574014224112033,0.1422514021396637,standing
1783086948997866200,0.3308662109375,-0.1249106473255902,-0.2006025057129561,0.2240302891820669,-0.0547525770962238,-0.0047997268848121,0.1145444065332412,standing
1783086949007910100,0.34091015625,-0.1812142799582332,-0.2326797518447041,0.3849567641973495,-0.1192450076341629,0.0430365018546581,0.1004033163189888,standing
1783086949017955300,0.350955322265625,-0.2005387928269803,-0.2998293342709541,0.4657224917829036,-0.1960417777299881,0.0614738315343856,0.0971721038222312,standing
1783086949027999200,0.360999267578125,-0.117083606961742,-0.4454685160443186,0.3998053737610578,-0.2510213255882263,0.0515668839216232,0.0972829461097717,standing
1783086949038043100,0.371043212890625,0.0265844939343631,-0.5201052393555641,0.2070440830677747,-0.2615360021591186,-0.0016151126474142,0.0902066603302955,standing
1783086949048088300,0.38108837890625,0.2119654651179909,-0.5508925918072461,-0.1607721612364053,-0.2118820548057556,-0.0491188988089561,0.0748190432786941,standing
1783086949058132200,0.39113232421875,0.3338195744171738,-0.4643279686845838,-0.5790694694995879,-0.1040546596050262,-0.0593536905944347,0.0578927956521511,standing
1783086949068176400,0.40117626953125,0.3641002194557339,-0.3046544163398444,-0.6603051526844501,0.0196685921400785,-0.0631305053830146,0.0377441309392452,standing
1783086949078221000,0.411220947265625,0.3193180977907031,-0.1956606653966009,-0.4418424345016479,0.0948427021503448,-0.0702206417918205,0.0149259027093648,standing
1783086949088265200,0.42126513671875,0.154615538302809,-0.1305627548031508,-0.1604033279240131,0.0931622236967086,-0.0864094570279121,0.005520885810256,standing
1783086949098309400,0.431309326171875,0.0286607156865298,-0.1480211084738373,0.0761456665694713,0.0572220683097839,-0.1210609078407287,0.0155341047793626,standing
1783086949108354000,0.44135400390625,-0.0502245319146662,-0.1667418832957744,0.109953243625164,0.0324738696217536,-0.1355794072151184,0.0302750319242477,standing
1783086949118398200,0.451398193359375,-0.1046280300144106,-0.1177319148026406,0.1135661734253168,0.0232705175876617,-0.1218143329024314,0.031664665788412,standing
1783086949128442400,0.4614423828125,-0.0848208481952548,-0.059359366941452,0.20686638841331,0.0141084110364317,-0.1040046215057373,0.0215286575257778,standing
1783086949138487000,0.471487060546875,0.0636350714992731,-0.0160145846031606,0.3163923465371132,-0.0138451941311359,-0.115976870059967,0.0140377171337604,standing
1783086949148531200,0.48153125,0.2712314546875655,-0.010051292284578,0.334721783953905,-0.0348604097962379,-0.150772288441658,0.0174452383071184,standing
1783086949158575400,0.491575439453125,0.3195429195225238,0.0057785834014415,0.1504962664157152,-0.0277076885104179,-0.1678990870714187,0.0307176355272531,standing
1783086949168620000,0.5016201171875,0.2564568602081388,0.0193057351030409,-0.0253512988775968,0.0022008826490491,-0.1674395948648452,0.0396276898682117,standing
1783086949178664200,0.511664306640625,0.1624545613653957,0.0229677647419273,-0.1016460185289382,0.0418569482862949,-0.1467889100313186,0.0426959171891212,standing
1783086949188708400,0.521708251953125,0.1512167627099901,0.0545199640862643,-0.0514396798580884,0.0598669685423374,-0.1221617832779884,0.0387261398136615,standing
1783086949198753000,0.5317529296875,0.155463606499508,0.042718759394437,0.0644739334762096,0.05064657330513,-0.0960577502846717,0.0351740159094333,standing
1783086949208797200,0.541797119140625,0.1548150794629007,-0.0024811492912471,0.1329874977320432,0.0257952213287353,-0.0685418024659156,0.0306940022855997,standing
1783086949218841300,0.55184130859375,0.1188303775638341,-0.0119682318218052,0.1398807643771171,0.0073472363874316,-0.0284529738128185,0.0315347611904144,standing
1783086949228886000,0.561885986328125,0.0256935364440083,-0.0454427775308489,0.1274216802984476,-0.0101809501647949,-0.0056727267801761,0.0195533912628889,standing
1783086949238930200,0.57193017578125,0.0426222402174025,-0.0918143603444099,0.1148994678556919,-0.0228735767304897,0.0031495264265686,0.0093135358765721,standing
1783086949248974000,0.58197412109375,0.1216576368790119,-0.1239637949295341,0.0606996756345033,-0.0251186676323413,0.0044939802028238,-0.0018675285391509,standing
1783086949259019300,0.592019287109375,0.1851546881470829,-0.1331231068104505,0.0345604412496089,-0.0160090588033199,0.0071896314620971,-0.0176289156079292,standing
1783086949269063200,0.602063232421875,0.175764709315449,-0.1186534135617315,0.0433615873426198,-0.0101281180977821,0.0207839291542768,-0.0357745252549648,standing
1783086949279107000,0.612107177734375,0.1403982854451984,-0.1154559326946735,0.0750900200366973,-0.0146624157205224,0.0391818434000015,-0.0530368685722351,standing
1783086949289152300,0.62215234375,0.0876484728366136,-0.1313749479688704,0.1320662912338972,-0.0205407254397869,0.0569391585886478,-0.0611750781536102,standing
1783086949299196200,0.632196044921875,0.0605099252160638,-0.1327485744096338,0.1353834529578685,-0.0253639779984951,0.0691811814904213,-0.0688194185495376,standing
1783086949309240000,0.642239990234375,0.0403183471892029,-0.1382984636217355,0.0950999578863382,-0.0186151601374149,0.0906180441379547,-0.0754152089357376,standing
1783086949319285200,0.65228515625,0.0833813169114291,-0.1493105637624859,0.0758756174564361,-0.0255412422120571,0.0879660695791244,-0.0853304266929626,standing
1783086949329329200,0.6623291015625,0.194828233160451,-0.1614902463778853,0.1083949082672595,-0.0407987348735332,0.0686200559139251,-0.0860331729054451,standing
1783086949339373000,0.672373046875,0.2734888051602989,-0.1911314975343644,0.0294704246342182,-0.0502095483243465,0.0466593615710735,-0.082769475877285,standing
1783086949349418200,0.682418212890625,0.3133733640421182,-0.2114367650687694,-0.0290928234934806,-0.0465961247682571,0.0265800394117832,-0.07532649487257,standing
1783086949359462100,0.692462158203125,0.3082665424223989,-0.1734739680297672,-0.071509823462367,-0.0325056053698062,0.015480781905353,-0.059369895607233,standing
1783086949369506000,0.702506103515625,0.265446295414865,-0.1560945248141884,-0.0703203214168548,-0.0077886804938316,0.0158498976379632,-0.038889542222023,standing
1783086949379551200,0.71255126953125,0.2262300642486661,-0.1457709914594888,-0.041761166408658,0.0158210415393114,0.0254087820649147,-0.01573415286839,standing
1783086949389595400,0.722595458984375,0.195456228865683,-0.1406419580079615,0.0579044919580221,0.021025251597166,0.0305349044501781,0.0067692212760448,standing
1783086949399639000,0.73263916015625,0.2520350982431322,-0.1250911915242671,0.1582318291038274,0.003033734858036,0.0289207622408866,0.028787437826395,standing
1783086949409683700,0.74268359375,0.2527433195777237,-0.1202240238793194,0.2015495773047208,-0.0304638296365737,0.0166988149285316,0.0473178997635841,standing
1783086949419728000,0.752727783203125,0.2272910445436835,-0.1302371761105954,0.160888481092453,-0.0610965713858604,-0.0225692279636859,0.057509284466505,standing
1783086949429771800,0.762771728515625,0.2903690666820854,-0.1388211723215878,0.0452174443423748,-0.0565144307911396,-0.054945632815361,0.0618943460285663,standing
1783086949439816700,0.772816650390625,0.3135051737282425,-0.0970072528123855,-0.147781162238121,-0.0119293872267007,-0.0646280869841575,0.0684678331017494,standing
1783086949449860900,0.78286083984375,0.2129932007305324,-0.0706761491172015,-0.1542892289578914,0.0334844216704368,-0.0692585185170173,0.0722167193889617,standing
1783086949459904800,0.79290478515625,0.1311201694902032,-0.0826069715380668,-0.0892746127337217,0.0524634383618831,-0.0732846856117248,0.073189839720726,standing
1783086949469949700,0.80294970703125,0.0635259851016104,-0.1206809738665819,-0.0297732069730758,0.0435303300619125,-0.074762113392353,0.0652734711766243,standing
1783086949479993600,0.81299365234375,0.0728022744257003,-0.1620792983122169,0.0252303028464317,0.0331176370382308,-0.066803254187107,0.0475027337670326,standing
1783086949490037800,0.823037841796875,0.0458947590820491,-0.1592316537961363,0.0191039289206266,0.0324088633060455,-0.0475834980607032,0.0272706560790538,standing
1783086949500082700,0.833082763671875,0.0555409776970744,-0.1410671976827085,0.0003454524368047,0.0367817729711532,-0.0287360399961471,0.0051898546516895,standing
1783086949510126600,0.843126708984375,0.1009703112244606,-0.1664155739508569,-0.0137818571150302,0.0406448766589164,-0.0067077949643135,-0.0132486075162887,standing
1783086949520170800,0.853170654296875,0.0848463479626923,-0.16196180941239,0.0121159697294235,0.0380698665976524,0.0081406598910689,-0.0298225246369838,standing
1783086949530215700,0.863215576171875,0.0965523486517369,-0.1516106573984026,0.0522638557225465,0.0264922566711902,0.0201345607638359,-0.0421846993267536,standing
1783086949540259600,0.873259521484375,0.1902633363977074,-0.1153252920523285,0.0860188258081674,0.0130334412679076,0.0228488557040691,-0.050349686294794,standing
1783086949550303700,0.8833037109375,0.2791919852379709,-0.076305679436773,0.0983043068856,-0.0025594017934054,0.0226715728640556,-0.0522024668753147,standing
1783086949560348700,0.8933486328125,0.2783341262996197,-0.0416799178659915,0.0979874960213899,-0.0111664719879627,0.0230705142021179,-0.0546112954616546,standing
1783086949570392600,0.903392578125,0.2183376304984092,-0.0539642298996448,0.0862350989073515,-0.0086008831858634,0.0163654554635286,-0.0580210015177726,standing
1783086949580436700,0.913436767578125,0.1559640303023159,-0.1101158868409693,0.056914311876893,-0.0019898526370525,0.0057037561200559,-0.053883783519268,standing
1783086949590481700,0.923481689453125,0.0785746472820639,-0.1578358155235648,0.0182709852278232,0.0123247513547539,0.002334869466722,-0.0488809421658515,standing
1783086949600525600,0.933525634765625,0.0519582238394767,-0.1817433453336358,-0.0094148940771818,0.0270624198019504,0.0002951542846858,-0.0453535839915275,standing
1783086949610569700,0.94356982421875,0.0259505068797618,-0.1833089872151613,-0.0205570503383874,0.0281819999217987,-0.0073196152225136,-0.0403716415166854,standing
1783086949620614700,0.95361474609375,0.0227544873174279,-0.1979597361192107,-0.027754852887988,0.0229355711489915,-0.0060713915154337,-0.0349616967141628,standing
1783086949630658600,0.963658447265625,0.0456984327923506,-0.2262070486992597,-0.0100128599703311,0.0160605087876319,-0.003250315785408,-0.0355165228247642,standing
1783086949640702700,0.97370263671875,0.1368137780219316,-0.176158092547208,0.0532750785917043,0.0105794556438922,-0.0084719760343432,-0.0361681953072547,standing
1783086949650748000,0.983747802734375,0.2852714512821286,-0.1068758820064365,0.0824076495736837,0.0047067436389625,-0.0174611881375312,-0.0300682000815868,standing
1783086949660791600,0.99379150390625,0.3646157677624374,-0.0599820288844406,0.0928513021767139,0.0023035071790218,-0.0243875384330749,-0.0121379364281892,standing
1783086949670835700,1.003835693359375,0.3439201857361942,0.0203765792049467,0.1029120929419994,0.0063788956031203,-0.0355820469558239,0.0098788980394601,standing
1783086949680881000,1.013880859375,0.2676892520360648,-0.0021392039857804,0.0774421361207962,0.0103675127029418,-0.0469918251037597,0.0194383151829242,standing
1783086949690924500,1.023924560546875,0.2155187736853957,-0.0255323545329272,0.0697439828336238,0.0162400715053081,-0.0517061650753021,0.0270092152059078,standing
1783086949700968700,1.03396875,0.1317577367413789,-0.0542947770282626,0.056052726611495,0.0234455205500125,-0.0416836254298687,0.0303711891174316,standing
1783086949711014000,1.044013916015625,0.0642500615924596,-0.0727298667766153,0.0796340932071208,0.0290695372968912,-0.0362400338053703,0.0213121306151151,standing
1783086949721057500,1.0540576171875,0.077608797924593,-0.0520718402817845,0.0692179131329059,0.0341311432421207,-0.0335385240614414,0.0121974628418684,standing
1783086949731101700,1.064101806640625,0.0781046186175197,-0.0150485160499811,0.0333767844229936,0.0382191985845565,-0.0213553495705127,0.0063494760543107,standing
1783086949741147000,1.07414697265625,0.0517278491497039,-0.0053387306794524,0.0473930348157882,0.0371952131390571,-0.0088683199137449,0.000920888618566,standing
1783086949751190800,1.084190673828125,0.04776033375822,-0.0445513816490769,0.073994041493535,0.0235896781086921,0.0039076544344425,-0.0060567911714315,standing
1783086949761234700,1.094234619140625,0.0344412718493491,-0.0764553170405328,0.0915033946990966,0.0035006555262953,0.0137357842177152,-0.0209222882986068,standing
1783086949771280000,1.10427978515625,0.0774764767818152,-0.0849973738059401,0.1383995859086513,-0.0175658855587244,0.0149970594793558,-0.0301209967583417,standing
1783086949781323800,1.11432373046875,0.1422151256088167,-0.0847638573110103,0.109865565341711,-0.0223079100251197,0.0166479535400867,-0.0416708588600158,standing
1783086949791367700,1.12436767578125,0.1648060929276049,-0.0837234083473682,0.0556178423255682,-0.0157347060739994,0.0189420729875564,-0.045583002269268,standing
1783086949801412600,1.13441259765625,0.138741896540299,-0.1000282080687582,0.0104629418253898,-0.0074895597063004,0.0170102156698703,-0.047794759273529,standing
1783086949811456800,1.144456787109375,0.1361514416556805,-0.1219673604153096,0.0084849197506904,-0.0044832564890384,0.0173359233886003,-0.0476055517792701,standing
1783086949821500700,1.154500732421875,0.1807983926337212,-0.0895942000769078,0.0303746799975633,-0.0112444907426834,0.0113565940409898,-0.0482846610248088,standing
1783086949831545600,1.164545654296875,0.2156120049268007,-0.0374558704301714,0.0171948804289102,-0.0036173828411847,0.0070940316654741,-0.049456913024187,standing
1783086949841589800,1.17458984375,0.2133824923090636,-0.0041014439694583,-0.0626934798002243,0.015704384073615,0.0125529784709215,-0.0449636280536651,standing
1783086949851633700,1.184633544921875,0.1550784796394407,0.013052227666229,-0.0472281996428966,0.0261534340679645,0.0186673272401094,-0.0372038260102272,standing
1783086949861678600,1.1946787109375,0.0878466257572174,0.0067016895957291,0.0592863017052412,0.0233139730989933,0.0165644958615303,-0.0280686542391777,standing
1783086949871722800,1.20472265625,0.0632822394736111,-0.0188990539982914,0.1280541329830885,0.0083599053323268,0.0109372455626726,-0.0152592938393354,standing
1783086949881767000,1.214766845703125,0.0574905043296515,-0.0582724484875798,0.1538864933758974,-0.0099738277494907,0.007774475030601,-0.0032441767398267,standing
1783086949891811600,1.2248115234375,0.0851983762707561,-0.0709681178011,0.1272159285932779,-0.0204853117465972,-0.0022363532334566,0.0028430412057787,standing
1783086949901855700,1.234855712890625,0.135969655347988,-0.0951822293423116,0.089292732912302,-0.0235372949391603,-0.0050614345818758,0.0081153009086847,standing
1783086949911900000,1.24489990234375,0.1923812053345143,-0.0992696447864174,0.0297042333900928,-0.0174421295523643,-0.0021718991920351,0.0139454621821641,standing
1783086949921944600,1.254944580078125,0.1857000470701605,-0.0586649549365043,0.0029015666604042,-0.0078097432851791,0.0076887211762368,0.0184837542474269,standing
1783086949931988700,1.26498876953125,0.1950235365368425,-0.0409473658077418,0.0068283847153186,0.0088834147900342,0.0236758440732955,0.019313558936119,standing
1783086949942033000,1.275032958984375,0.2079449774302542,-0.034448505307734,0.0203343474984169,0.0105462921783328,0.03666328266263,0.0223421063274145,standing
1783086949952077600,1.28507763671875,0.1945963241007179,-0.0326768194600939,0.0678437021702527,0.0017014017794281,0.0410012379288673,0.0213417429476976,standing
1783086949962121700,1.295121826171875,0.1831805385299026,-0.0520119267880916,0.0670697951883077,-0.0066081937402486,0.0428236350417137,0.0206983219832181,standing
1783086949972165600,1.30516552734375,0.1669762035083025,-0.052750616326183,0.0576993247747421,-0.0097795901820063,0.0421724840998649,0.0219142716377973,standing
1783086949982210600,1.31521044921875,0.1477724674750119,-0.0753510090604424,0.0462736753970384,-0.0108461864292621,0.0282462816685438,0.0198079776018857,standing
1783086949992254700,1.325254638671875,0.1376847887028008,-0.0802976716823875,0.0487087935894727,-0.0124520380049943,0.0133862905204296,0.0113250287249684,standing
1783086950002298600,1.335298583984375,0.1100555349558591,-0.0849586492307484,0.0210340202003717,-0.0137785580009222,-0.0053418572060763,0.0059728743508458,standing
1783086950012343600,1.345343505859375,0.1022507794890552,-0.1138353457555174,0.0081850600212812,-0.0052708806470036,-0.0197038576006889,-0.000624049687758,standing
1783086950022387700,1.3553876953125,0.1020915703393518,-0.1108748885147273,-0.0214870246648788,0.0106558883562684,-0.0204077307134866,-0.0045029437169432,standing
1783086950032431600,1.365431640625,0.0779362032480537,-0.0823911368303,-0.0154436528474092,0.0228097774088382,-0.0136777330189943,-0.0070438757538795,standing
1783086950042476500,1.3754765625,0.0905283391218632,-0.0510009961798787,0.0455482837319374,0.0186376702040433,-0.0021387883462011,-0.0064811501652002,standing
1783086950052520700,1.385520751953125,0.1509285934183746,-0.0129793085604906,0.1179191079378128,-7.20301177352e-05,-0.0098253078758716,-0.0007781486492604,standing
1783086950062564600,1.395564697265625,0.1893119539570063,-0.0104189565531909,0.147107793021202,-0.0153921311721205,-0.025206396356225,0.0056677665561437,standing
1783086950072609500,1.405609619140625,0.2092499956142157,-0.0208598326772451,0.0985568203419446,-0.0164190120995044,-0.0514474026858806,0.0136862993240356,standing
1783086950082653700,1.41565380859375,0.2323810611590742,-0.0610574030309915,-0.0399789591670036,0.0058205127716064,-0.0655349940061569,0.0200184974819421,standing
1783086950092697600,1.425697509765625,0.2480608608499169,-0.0901798910103738,-0.1247387248247861,0.0289876069873571,-0.0737670809030532,0.0223213024437427,standing
1783086950102742800,1.43574267578125,0.2273365641858428,-0.0674988342553377,-0.1007996308326721,0.0400857962667942,-0.0750283524394035,0.022847544401884,standing
1783086950112786700,1.44578662109375,0.2000355925451964,-0.0564082620508968,0.0119195703744888,0.0337776727974414,-0.0680992677807807,0.0225728340446949,standing
1783086950122830600,1.45583056640625,0.1567819225564599,-0.0628406331859529,0.1027010805398225,0.0136692086234688,-0.056402925401926,0.0167072210460901,standing
1783086950132875800,1.465875732421875,0.1578475790265947,-0.0735180945448577,0.1394435420036315,0.0004737067501991,-0.0492325276136398,0.0090997908264398,standing
1783086950142919700,1.475919677734375,0.1668923976823687,-0.0770458302795887,0.1050502740144729,0.0104626920074224,-0.03959721326828,0.0040395190007984,standing
1783086950152963600,1.485963623046875,0.1649655943382531,-0.0461762063719332,0.0775233846634626,0.0204081777483224,-0.0288063734769821,-0.0011318384204059,standing
1783086950163008800,1.4960087890625,0.1419385736897587,-0.045466012275964,0.0919417861163616,0.0125204268842935,-0.0354216657578945,-0.005335371941328,standing
1783086950173052700,1.506052734375,0.1496355579331517,-0.0407357688836753,0.1038221935242414,-0.0057830987498164,-0.0411040410399436,-0.00765409367159,standing
1783086950183096600,1.5160966796875,0.1567257353898137,-0.0573513881199061,0.0544774401187896,-0.0176653247326612,-0.048938263207674,-0.0102693177759647,standing
1783086950193141800,1.526141845703125,0.1598123032283037,-0.0636130788631737,0.0144207395404577,-0.0169895067811012,-0.0551325939595699,-0.0144340693950653,standing
1783086950203186000,1.53618603515625,0.1679172837506979,-0.0783205263905227,-0.0186789815068244,-0.0017746024532243,-0.0548771955072879,-0.0126441568136215,standing
1783086950213229600,1.5462294921875,0.1314727823201567,-0.0951145709335803,-0.0653191521286964,0.0098219262436032,-0.0509920082986354,-0.0104781314730644,standing
1783086950223274800,1.556274658203125,0.1056164565298706,-0.0960189724273979,-0.0224748666584491,0.0139189334586262,-0.0493389852344989,-0.0075569101609289,standing
1783086950233319000,1.56631884765625,0.1243717912085354,-0.111737058302015,0.0419733478546142,0.0165246035903692,-0.0490157604217529,-0.005431153345853,standing
1783086950243362600,1.576362548828125,0.1351324008062482,-0.1074076507955789,0.0748895290285348,0.0161112807691097,-0.041526686400175,-0.005275891162455,standing
1783086950253407700,1.58640771484375,0.1483368233595043,-0.088598905429244,0.1009562826991081,0.0081369876861572,-0.0344171822071075,-0.0098286094143986,standing
1783086950263452000,1.596451904296875,0.1611521735299378,-0.0896658040083944,0.0916822583973407,-0.0038094203919172,-0.0233858376741409,-0.0144923375919461,standing
1783086950273495600,1.60649560546875,0.1651607515841722,-0.0994508465722203,0.0833633428633213,-0.0170174241065979,-0.0198101140558719,-0.0124222673475742,standing
1783086950283540700,1.616540771484375,0.2018985368728637,-0.0939272608451545,0.0763584325373172,-0.0264799017459154,-0.0282613895833492,-0.0056413258425891,standing
1783086950293584600,1.626584716796875,0.2082728942103683,-0.1138040738344192,0.0304027370482683,-0.0249216984957456,-0.0403822250664234,0.0073961489833891,standing
1783086950303628800,1.63662890625,0.1982355573859065,-0.1296210900388658,-0.0280009366035461,-0.0081166196614503,-0.0514311492443084,0.0190639905631542,standing
1783086950313673700,1.646673828125,0.1740028142094612,-0.1661925788499414,-0.072106620311737,0.0142095386981964,-0.0490858778357505,0.021053172647953,standing
1783086950323717600,1.656717529296875,0.1500627703692764,-0.1841840164840221,-0.0857587135672569,0.0285669062286615,-0.0344600640237331,0.0193404946476221,standing
1783086950333761800,1.66676171875,0.1347637136243283,-0.1611110378019511,0.0049672670185565,0.0277045276015996,-0.0245964247733354,0.0118236728012561,standing
1783086950343806700,1.676806640625,0.1637505194600671,-0.111462917535752,0.0605845248222351,0.0177746657282114,-0.0103277396410703,0.0108034154400229,standing
1783086950353850600,1.6868505859375,0.1300059246379882,-0.0700860742695629,0.1213923370063304,0.0013024141080677,-0.0058800936676561,0.0149267502129077,standing
1783086950363894800,1.696894775390625,0.0876584827739745,-0.0854839882791042,0.1269528937429189,-0.0107465256005525,-0.0014936011284589,0.0180964432656765,standing
1783086950373939700,1.706939697265625,0.0922453721728175,-0.0954958253361284,0.0690267744749784,-0.0088154412806034,-0.0030161463655531,0.0187785346060991,standing
1783086950383983600,1.716983642578125,0.0934879195798188,-0.105639472079277,0.0334708924472332,0.0010670169722288,-0.002074718941003,0.0258580166846513,standing
1783086950394027800,1.72702783203125,0.1012407256636768,-0.0942940483309328,0.0197848969221115,0.0097305793315172,-0.00078503228724,0.0249429773539304,standing
1783086950404071700,1.73707177734375,0.0909685571700334,-0.1158747426286339,0.0595896685659885,0.006170199252665,0.0005926210433244,0.0229418780654668,standing
1783086950414116400,1.747116455078125,0.1118659453786909,-0.1131738131068646,0.1016051019966602,-0.0030951835215091,-0.0080486126244068,0.021098693832755,standing
1783086950424160500,1.757160400390625,0.167747845467925,-0.1004385424353182,0.0761292999565601,-0.0017388354754075,-0.01547696813941,0.0232159066945314,standing
1783086950434205200,1.767205078125,0.1867954410914331,-0.0826030260153114,0.0101256726950407,0.0172565318644046,-0.0254385098814964,0.026161415502429,standing
1783086950444249300,1.777249267578125,0.1866268065262585,-0.0758703567594289,-0.0482902759164571,0.0403482653200626,-0.0278185755014419,0.0279470644891262,standing
1783086950454293200,1.787293212890625,0.1700149136170745,-0.0566676436394453,-0.0155576346158981,0.0489162355661392,-0.037806786596775,0.0287727694958448,standing
1783086950464337400,1.79733740234375,0.1386130094636231,-0.0624175854682922,0.0589355885714292,0.0368726253509521,-0.0426385588943958,0.0262030865997076,standing
1783086950474382300,1.80738232421875,0.0895540872622281,-0.0870971225641667,0.1053437040030956,0.0129821123555302,-0.0380939580500125,0.0139282122254371,standing
1783086950484426200,1.81742626953125,0.0746899148032069,-0.108119890718162,0.1067459720164537,-7.21700489521e-05,-0.0366678349673748,-0.0013729797210544,standing
1783086950494471400,1.827471435546875,0.029126214306429,-0.0707075671687722,0.0709153647005558,0.0022992820013314,-0.0260930433869361,-0.0120678003877401,standing
1783086950504515300,1.837515380859375,-0.0288284734688699,-0.0619258564285933,0.058322425109148,0.0135575281456112,-0.0238719675689935,-0.0174399279057979,standing
1783086950514559200,1.847559326171875,-0.0385528718866407,-0.0918883023634552,0.0606090747416019,0.0169148165732622,-0.0309588257223367,-0.0232529509812593,standing
1783086950524604400,1.8576044921875,-0.0002906535096466,-0.1171495848700404,0.0558913985699415,0.0140649667009711,-0.0407001376152038,-0.0252375397831201,standing
1783086950534648300,1.8676484375,0.0456225180119276,-0.1344352123223245,0.0589683217972517,0.0125331841409206,-0.0463637821376323,-0.0199955962598323,standing
1783086950544692200,1.877692138671875,0.1197080371811985,-0.1019466089107096,0.0380681571096181,0.0148575911298394,-0.0472647286951541,-0.0144769940525293,standing
1783086950554736400,1.887736328125,0.1809258914709091,-0.0822130037844181,0.040901334708929,0.0166357178241014,-0.0373040735721588,-0.0090335346758365,standing
1783086950564781300,1.89778125,0.2311892210260033,-0.0640589229345321,0.0518342321336269,0.0187910143285989,-0.0276740845292806,-0.0025988053530454,standing
1783086950574825200,1.9078251953125,0.2368441780477762,-0.0077362933404743,0.1005348424166441,0.0161594972014427,-0.025983951985836,0.0043948735110461,standing
1783086950584870400,1.917870361328125,0.2028331873744726,-0.0072806585274636,0.111704471206665,0.0143088670447468,-0.0169726144522428,0.0102748665958642,standing
1783086950594914600,1.92791455078125,0.1830703561536967,-0.0030817455329,0.0981464859753847,0.0168309696018695,-0.0065692183561623,0.0137194264680147,standing
1783086950604958200,1.937958251953125,0.1532411812096834,0.0037071839548647,0.0881570068806409,0.0134436953812837,0.0044323001056909,0.0158345103263854,standing
1783086950615002400,1.94800244140625,0.0921140739433467,-0.0192316469535231,0.0788870742321014,0.0067251222208142,0.0212197750806808,0.0153432749211788,standing
1783086950625047600,1.958047607421875,0.0245617559351027,-0.0447488039173185,0.0954126770973205,-0.0082378480583429,0.0366717018187046,0.0134367179125547,standing
1783086950635091200,1.96809130859375,0.0131597796939313,-0.0738631085902452,0.0882511149048805,-0.0220194067806005,0.0469034872949123,0.0070382291451096,standing
1783086950645136400,1.978136474609375,0.0295575183957815,-0.0921206498146057,0.0811585262954235,-0.0343152210116386,0.0488220266997814,0.0008434501942247,standing
1783086950655180500,1.9881806640625,0.0491404630050063,-0.0761886289283633,0.0851946499437093,-0.0403674878180027,0.0316070020198822,-0.0023821494542062,standing
1783086950665224200,1.99822412109375,0.086623805963993,-0.0697052582584321,0.0515127450942993,-0.0370193645358085,0.0054078907705843,0.003878675866872,standing
1783086950675268400,2.008268310546875,0.1160980299904942,-0.1047752564653754,-0.0066354924917221,-0.0266118217259645,-0.0213335268199443,0.0097710872069001,standing
1783086950685313500,2.0183134765625,0.1160192656658589,-0.1092274135686457,-0.0679950933396816,-0.0038868016563355,-0.0436151325702667,0.0079811764881014,standing
1783086950695357400,2.028357421875,0.145888188098371,-0.1118951714731752,-0.1055810198903083,0.0263010077178478,-0.0559103190898895,0.0020506521686911,standing
1783086950705401300,2.0384013671875,0.1437745569452643,-0.0804248051933944,-0.0671434449464082,0.0460906885564327,-0.0525462143123149,-0.0059313741512596,standing
1783086950715446500,2.048446533203125,0.1009684115283191,-0.1064635018132627,0.004130816194415,0.0443411469459533,-0.0426624380052089,-0.0143451876938343,standing
1783086950725490400,2.058490478515625,0.0882725960843265,-0.120654670381546,0.1068085158586502,0.0205484665930271,-0.0261865258216857,-0.0262010488659143,standing
1783086950735534300,2.068534423828125,0.0914051950216293,-0.1074393611080944,0.1843745706200599,-0.0060517317615449,-0.0056644645519554,-0.0332608520984649,standing
1783086950745579500,2.07857958984375,0.084296239799261,-0.0741432407058775,0.191067930778861,-0.0248539149761199,0.0089349849149584,-0.0326957292854785,standing
1783086950755623400,2.08862353515625,0.0767027159303426,-0.070478434588015,0.1722749675035476,-0.0277221463620662,0.0107294879853725,-0.0290445033460855,standing
1783086950765667300,2.098667236328125,0.1316816758304834,-0.0928152079500257,0.1208446399956941,-0.0204674303531646,0.0008622100576758,-0.0264987852424383,standing
1783086950775712300,2.108712158203125,0.1525600670777261,-0.1235159050315618,0.0468979447752237,-0.0159246828407049,-0.016071394085884,-0.0250717010349035,standing
1783086950785756400,2.11875634765625,0.1586225819870829,-0.1329325526744127,0.0083563249349594,-0.0154319982975721,-0.03282081335783,-0.0226660668849945,standing
1783086950795800300,2.12880029296875,0.1523278657570481,-0.1385787418678402,-0.0396311686426401,-0.0028754801023751,-0.0310958083719015,-0.0180481392890214,standing
1783086950805845200,2.13884521484375,0.1310853173725306,-0.1308385030046105,-0.0541191282004117,0.0137232039123773,-0.0253276675939559,-0.0093806162476539,standing
1783086950815889400,2.148889404296875,0.1226153029300272,-0.1064943353429436,-0.0169353527098894,0.0307599399238824,-0.0131420837715268,0.0014213472604751,standing
1783086950825933600,2.15893359375,0.1343421272113919,-0.0746305858314037,0.0571563039392232,0.0274514947086572,-0.0027467012405395,0.0109685137867927,standing
1783086950835978200,2.168978271484375,0.1663065606184303,-0.0943215208597481,0.1317792909860611,0.0088405646383762,0.0003292257897555,0.0112002929672598,standing
1783086950846022400,2.1790224609375,0.1818504589699208,-0.1001984500691294,0.1295686291992664,-0.0079895481467247,0.0060262600891292,0.0128546487540006,standing
1783086950856066600,2.189066650390625,0.1835870735041797,-0.0833142430245876,0.080695000436902,-0.0178756676614284,0.0086477119475603,0.0100357364863157,standing
1783086950866111200,2.199111328125,0.1466616566888988,-0.1114931665435433,0.013424129718542,-0.0224043726921081,-0.0020877565257251,0.010296725668013,standing
1783086950876155400,2.2091552734375,0.1350026369467377,-0.1213933599196374,-0.0439122069627046,-0.0149524426087737,-0.0079688187688589,0.0149345016106963,standing
1783086950886199600,2.219199462890625,0.1125851995639503,-0.1105441952556371,-0.0645054976582527,-0.0001255597453564,-0.0130746308714151,0.0186719819903373,standing
1783086950896244200,2.229244140625,0.0860481980331242,-0.0848207020647823,-0.0350941097348928,0.0174759645015001,-0.0158031173050403,0.0176843553781509,standing
1783086950906288400,2.239288330078125,0.0916520093895494,-0.0950849064476788,0.0077355626881122,0.02836749330163,-0.0073427879251539,0.0129234222695231,standing
1783086950916332500,2.24933251953125,0.124741793564707,-0.0970803180485963,0.0552501780569553,0.0293165203183889,0.0024073072709143,0.0033833277411758,standing
1783086950926377200,2.259377197265625,0.1286180504761636,-0.0505031296603381,0.1139268234312534,0.015034251846373,0.0188019927591085,-0.0056101675145328,standing
1783086950936421400,2.26942138671875,0.1260322717666626,-0.0440035385079681,0.1411298876553773,-0.0012323694536462,0.0308728516101837,-0.012206039391458,standing
1783086950946465300,2.27946533203125,0.1194271744132041,-0.0269017431899905,0.1449064835846424,-0.0171580724418163,0.0389100089669227,-0.0129514578729867,standing
1783086950956510200,2.28951025390625,0.1040969188123941,-0.0596459287978708,0.1269055474698543,-0.0278433486819267,0.0279710758477449,-0.0103773931041359,standing
1783086950966554400,2.299554443359375,0.1050501278840005,-0.1056916406579315,0.0510538954108953,-0.029801569879055,0.017398327589035,-0.0049591921269893,standing
1783086950976598300,2.309598388671875,0.1074421375870704,-0.1503247092410922,-0.0241793324887752,-0.0203216671943664,0.0212340895086526,-0.0022890183608978,standing
1783086950986643200,2.319643310546875,0.1194185527153313,-0.1590421225734055,-0.0452957702755928,-0.0094836670905351,0.0321154966950416,-0.0029444221872836,standing
1783086950996687400,2.329687255859375,0.1436523918703198,-0.1430323602758348,-0.0040840544432401,-0.0078421868383884,0.0427973493933677,-0.0038891446311026,standing
1783086951006731300,2.339731201171875,0.1695141244880855,-0.0625488106325268,0.0702922643661499,-0.0098398244008421,0.0454799495637416,-0.0008350317366421,standing
1783086951016776400,2.3497763671875,0.1880446374349296,-0.030772447143495,0.1027384899407625,-0.006915308535099,0.0414091870188713,0.0031713221687823,standing
1783086951026820400,2.3598203125,0.1890457773014903,-0.0210797590382397,0.0922141733169555,-0.00050641130656,0.033216506242752,0.0101378858089447,standing
1783086951036864300,2.3698642578125,0.2048265531487763,-0.0183304603300988,0.0580728342622518,0.0049976427108049,0.0260827206075191,0.0184270404279232,standing
1783086951046909400,2.379909423828125,0.1853410775646567,-0.0566929242111742,0.0621791005373001,0.0035235837567597,0.0207169819623231,0.0261046681553125,standing
1783086951056953300,2.389953369140625,0.155675714880228,-0.0610848755598068,0.0641752427905797,-0.0078123011626303,0.0154236163944005,0.0293734669685363,standing
1783086951066997200,2.399997314453125,0.0918802651874721,-0.093136548858881,0.0521773464828729,-0.0209270380437374,0.0153178889304399,0.0265100374817848,standing
1783086951077042400,2.41004248046875,0.0808586665660142,-0.1078647469133138,0.0601245060950517,-0.0229264944791793,0.0120440460741519,0.0242328997701406,standing
1783086951087086300,2.42008642578125,0.0907148746699094,-0.1031792194455862,0.0478811105936765,-0.0137721430510282,0.0097049912437796,0.0140910502523183,standing
1783086951097130200,2.430130126953125,0.1245319502063095,-0.1107004087306559,0.0141910224378108,-0.0036076561082154,0.0063251736573874,0.0018146765651181,standing
1783086951107175400,2.440175537109375,0.1178511572681367,-0.107524116782099,-0.0598784223794937,0.0014297128655016,0.0182641241699457,-0.0078957416117191,standing
1783086951117219300,2.45021923828125,0.0546766890179365,-0.0863973037317395,-0.0869505537003278,-0.0060639483854174,0.03280720859766,-0.0161446966230869,standing
1783086951127263200,2.46026318359375,0.0244316998146474,-0.1078222229458391,-0.0868336493223905,-0.0175767932087183,0.0384536460041999,-0.024428991600871,standing
1783086951137308400,2.470308349609375,0.0430434613041579,-0.1345776895329356,-0.0595586889058351,-0.023404948413372,0.041919395327568,-0.0244424063712358,standing
1783086951147352600,2.4803525390625,0.0628044658940285,-0.0945301951743662,0.0252589444190263,-0.0223676469177007,0.031103765591979,-0.0189046300947666,standing
1783086951157396200,2.490396240234375,0.1374640586242079,-0.0751879274532198,0.1247831484884023,-0.0128927873447537,0.0112651446834206,-0.0198818240314722,standing
1783086951167441400,2.50044140625,0.1405473385270685,-0.091082100547105,0.1827794103831052,-0.0035179278347641,-0.0035060779191553,-0.0214746594429016,standing
1783086951177485600,2.510485595703125,0.1012205596584826,-0.1248418929383158,0.1991343328565359,0.0006392868235707,-0.0103342309594154,-0.0311408769339323,standing
1783086951187529200,2.520529296875,0.0837544610727578,-0.1478108267240226,0.1506412278443575,-0.0058385860174894,-0.0100631210952997,-0.0395708456635475,standing
1783086951197574400,2.530574462890625,0.1189822071246802,-0.1504062500447034,0.0811328073322772,-0.0083304373547434,-0.0077471369877457,-0.0475230067968368,standing
1783086951207618600,2.54061865234375,0.1962300627823918,-0.1102498884841799,-0.024455811342597,-0.0038467394188046,0.0068989172577857,-0.0470196679234504,standing
1783086951217662200,2.550662109375,0.2327613657135516,-0.0622208938524126,-0.0614414339125156,0.006975513882935,0.0080825109034776,-0.0412539467215538,standing
1783086951227707400,2.560707275390625,0.2722873934812844,-0.051005964615941,-0.0924386297225952,0.0194452330470085,0.0051778005436062,-0.0342101529240608,standing
1783086951237751600,2.57075146484375,0.2941143906902522,-0.0654835489101707,-0.0870417391151189,0.0308554209768772,0.0112181128934025,-0.0284847393631935,standing
1783086951247795500,2.58079541015625,0.2490241529241204,-0.1024120344653725,-0.0002490063250064,0.026670528575778,0.0153899546712636,-0.0299867615103721,standing
1783086951257840400,2.59084033203125,0.1851546881470829,-0.1262853697448968,0.0957020154327154,0.0116135012358427,0.0177746377885341,-0.0373757518827915,standing
1783086951267884300,2.60088427734375,0.1114751194301992,-0.1368510412923991,0.1893289781570434,-0.0079199858009815,0.0180888921022415,-0.0399547554552555,standing
1783086951277928400,2.610928466796875,0.0460060374367982,-0.1130811663873493,0.2007312466591596,-0.0178440827876329,0.0177425947040319,-0.046072669327259,standing
1783086951287973400,2.620973388671875,0.011414689592272,-0.1381438575819134,0.1145095917552709,-0.0207474604249,0.0208361223340034,-0.0557322204113006,standing
1783086951298017300,2.631017333984375,-0.0062891632720828,-0.1488990603521466,0.0496586416602134,-0.0250996183604002,0.0209885314106941,-0.0605938136577606,standing
1783086951308061400,2.6410615234375,0.0388840035371482,-0.163287797319144,0.0042787002325057,-0.0290837064385414,0.0143945440649986,-0.0570824332535266,standing
1783086951318106400,2.6511064453125,0.1179073444347828,-0.1699289888992905,-0.0135930565446615,-0.0236295331269502,0.0087989009916782,-0.0538357831537723,standing
1783086951328150300,2.661150390625,0.1602287750747054,-0.148502023858577,-0.0153150580316782,-0.0160797387361526,0.0028930748812854,-0.0552885383367538,standing
1783086951338194400,2.6711943359375,0.1961419461075216,-0.1500001534618437,-0.0658709407925605,-0.0133430268615484,0.009926127269864,-0.0499760136008262,standing
1783086951348239400,2.6812392578125,0.2214440720811486,-0.1219635610230267,-0.0468511830240488,-0.0070209493860602,0.0161121170967817,-0.0391657091677188,standing
1783086951358283300,2.691283203125,0.2146371685452759,-0.1327060504421591,0.02571837862432,-0.0004777696449309,0.0158864501863718,-0.0288682542741298,standing
1783086951368327400,2.701327392578125,0.2044519476827234,-0.1271083765655755,0.1051081416815519,0.0090811140835285,0.0081411786377429,-0.0220694690942764,standing
1783086951378372400,2.711372314453125,0.1805371113490313,-0.1245991702236235,0.1100870991379022,0.0151684274896979,-0.0075959679670631,-0.0167962927371263,standing
1783086951388416300,2.721416259765625,0.1787784311134368,-0.1332645611077547,0.0763426504462957,0.0212279185652732,-0.0246753524988889,-0.0103908572345972,standing
1783086951398460400,2.73146044921875,0.1968688721425831,-0.0899722396090626,0.0351724356681108,0.0254674032330513,-0.0330661721527576,-0.0069473893381655,standing
1783086951408505300,2.74150537109375,0.1906264706216752,-0.0414727048560977,0.0057546180039644,0.0218548253178596,-0.0378587990999221,-0.0049612042494118,standing
1783086951418550300,2.75155029296875,0.1526208573542535,-0.0358526730172336,0.0373123703062534,0.0129383439198136,-0.0309461206197738,-0.0037973532453179,standing
1783086951428594400,2.761594482421875,0.1286302523706108,-0.0264917010843753,0.0923141265600919,0.0033714703749865,-0.0225931163877248,-0.0062615764327347,standing
1783086951438639400,2.771639404296875,0.142523680101335,-0.0252950386457145,0.1114665707975625,-0.0055195596069097,-0.0245999116450548,-0.0100422427058219,standing
1783086951448683300,2.781683349609375,0.1698806927781552,-0.0405757560163736,0.0523345828711986,1.55542511492e-05,-0.0195867773145437,-0.0161262340843677,standing
1783086951458727400,2.7917275390625,0.1308933019317686,-0.0123874801471829,-0.0018079262048006,0.0101210195571184,-0.0100089665502309,-0.0194476675242185,standing
1783086951468772400,2.8017724609375,0.0934191651925444,-0.005979074409604,0.0055237318575382,0.0197153240442276,-0.0015198728069663,-0.0201912205666303,standing
1783086951478816300,2.811816162109375,0.1096514841996133,-0.0401212902471423,0.0178436997264623,0.020655732601881,0.0125186238437891,-0.0215176921337842,standing
1783086951488860400,2.8218603515625,0.1186420153848826,-0.0718310182407498,0.0881920781940221,0.0077971923165023,0.0266501568257808,-0.0245579555630683,standing
1783086951498905300,2.8319052734375,0.1433323661357164,-0.077878773972392,0.1268728142440319,-0.0127193359658122,0.0372672788798809,-0.0255598779767751,standing
1783086951508949200,2.84194921875,0.1479590760882943,-0.0938347602561116,0.1315729547590017,-0.0213373266160488,0.0367226600646972,-0.0221773982048034,standing
1783086951518993400,2.851993408203125,0.17234511013031,-0.090793054472655,0.0865314515054225,-0.015395930968225,0.0313818864524364,-0.0200821813195943,standing
1783086951529038300,2.862038330078125,0.1541368148751556,-0.0770223032735288,0.032380174601078,-0.0074053825810551,0.0196985993534326,-0.0108977360650897,standing
1783086951539082200,2.872082275390625,0.180477051724866,-0.0744349171288311,0.0107341599822044,-0.0074320407584309,0.0051112724468111,-0.0020962171256542,standing
1783086951549126400,2.88212646484375,0.2468149524420499,-0.0891223447814583,-0.0215770410358905,-0.009715967811644,-0.0084815016016364,0.0147384237498044,standing
1783086951559171300,2.89217138671875,0.2310246050488203,-0.0959676806315779,-0.0393926837116479,-0.007357352413237,-0.0182670727372169,0.0226416811347007,standing
1783086951569215200,2.90221533203125,0.1603221524465829,-0.1376474523670971,-0.0682289020955562,0.0035714611876755,-0.0174199193716049,0.0244353208690881,standing
1783086951579259400,2.91225927734375,0.0905665522404015,-0.0930951939351856,-0.0566571222454309,0.0186557844281196,-0.0251601599156856,0.021448815241456,standing
1783086951589304300,2.92230419921875,0.1748953791350126,-0.0266894156135618,0.0172696992307901,0.0320791825652122,-0.0329411178827285,0.0245822891592979,standing
1783086951599348200,2.93234814453125,0.2517829501129687,0.0062293959088623,0.0527887563794851,0.0340809486806392,-0.0360003523528575,0.0254604201763868,standing
1783086951609392400,2.942392333984375,0.219277103305608,0.0354388315193355,0.0814729990720748,0.0194660518318414,-0.0354059338569641,0.0224483851343393,standing
1783086951619437600,2.9524375,0.162247056094557,-0.0131534960836172,0.1036123501658439,-0.0008313774596899,-0.0345842763781547,0.0202615521848201,standing
1783086951629481200,2.962481201171875,0.1439152805902063,-0.078915715804696,0.0947831470221281,-0.0083082020282745,-0.0297924503684043,0.0178857464343309,standing
1783086951639525400,2.972525390625,0.1705371839255094,-0.1016663306646049,0.0851017109632492,-0.0121464431285858,-0.0365575030446052,0.0125910174101591,standing
1783086951649570600,2.982570556640625,0.217760853523761,-0.1080504787437617,0.0639618923008441,-0.0126407258212566,-0.0400366559624671,0.0081776278093457,standing
1783086951659614200,2.9926142578125,0.2367437864132225,-0.1036922835342585,0.025865678140521,-0.009934015572071,-0.0398880541324615,-0.0012114669661968,standing
1783086951669658400,3.002658447265625,0.1999570474162697,-0.1361727036394178,-0.024927520507574,-0.0039064828306436,-0.0255495943129062,-0.0141632175073027,standing
1783086951679703600,3.01270361328125,0.1496539703726768,-0.1258386488907039,-0.0015150807380676,-0.0049911341629922,-0.0041930638253688,-0.0276875346899032,standing
1783086951689747500,3.02274755859375,0.1491717398136854,-0.1055934409804642,0.0567488921821117,-0.0142980832606554,0.0102359429001808,-0.0349574349820613,standing
1783086951699791400,3.032791259765625,0.161949680583179,-0.0739805974900722,0.0688712916523218,-0.0171437039971351,0.0221747104078531,-0.0394893512129783,standing
1783086951709836500,3.04283642578125,0.1467437820143997,-0.073095046827197,0.0470937596082687,-0.0177684836089611,0.0260267052799463,-0.0361747816205024,standing
1783086951719880400,3.05288037109375,0.1409973473168909,-0.1093318968564271,0.0491407552659511,-0.0153629761189222,0.0259489379823207,-0.0304429829120636,standing
1783086951729924400,3.06292431640625,0.1454595874227583,-0.162636932194978,0.0205295778095722,-0.0077817551791667,0.021420232951641,-0.0212169922888278,standing
1783086951739969300,3.07296923828125,0.199400874838233,-0.1778153582349419,0.0171311675429344,0.00203871098347,0.0145353302359581,-0.0139195872470736,standing
1783086951750013400,3.083013427734375,0.2488077336944639,-0.1502028364270925,0.0326040464848279,0.0074353404343128,0.0082156490534543,-0.0136197162792086,standing
1783086951760057300,3.093057373046875,0.2639673089034855,-0.1001819373257458,0.0596831920683383,-0.000818793894723,0.0039075557142496,-0.0131757240742445,standing
1783086951770101200,3.103101318359375,0.2689863061092793,-0.095625296934694,0.0697229400455951,-0.0076764337718486,0.0060303616337478,-0.0123054031282663,standing
1783086951780146400,3.113146484375,0.2310163486771285,-0.0853568547680974,0.0637555560737848,-0.004349045921117,0.010534749366343,-0.0065186009742319,standing
1783086951790190300,3.1231904296875,0.1923021487489342,-0.0624549948692321,0.0664268211096525,0.0005735408049076,0.012218665331602,-0.0049369498156011,standing
1783086951800234200,3.133234130859375,0.1633817592129111,-0.0732134125098586,0.0644756870418787,0.0005254235584288,0.0058370851911604,-0.0014848276041448,standing
1783086951810279400,3.143279541015625,0.1778570054195821,-0.1026471583954989,0.0370820686817169,-0.0027390792965888,-0.0047013093717396,0.0012185471132397,standing
1783086951820323600,3.153323486328125,0.1716929298318922,-0.1293042791746556,0.003914543095231,-0.0008578738197684,-0.007084809243679,0.0032709306105971,standing
1783086951830367200,3.1633671875,0.1756172636687755,-0.1349659581981599,-0.0162824417591094,0.0060002990067005,-0.0008362340740859,-0.0015352759510278,standing
1783086951840412400,3.173412353515625,0.1836994478374719,-0.150306296801567,-0.01191723228693,0.009048193693161,0.0102402977645397,-0.0070563750341534,standing
1783086951850456600,3.18345654296875,0.1784627162277698,-0.1456375743381679,-0.0082610478669404,0.0051117758266627,0.0287806931883096,-0.0163577310740947,standing
1783086951860500200,3.193500244140625,0.1583143928207457,-0.1375097974620759,0.0607172112911939,-0.0043108235113322,0.0389008745551109,-0.0201165545731782,standing
1783086951870545400,3.20354541015625,0.1621057479277253,-0.1131524780578911,0.1012614031255245,-0.0090571092441678,0.043826125562191,-0.0227674636989831,standing
1783086951880589300,3.21358935546875,0.1856875529147684,-0.0927566096305847,0.0945908393204212,-0.0117002706974744,0.0337353907525539,-0.0177470818161964,standing
1783086951890633500,3.223633544921875,0.1642043276421725,-0.1031755661837756,0.0638981794148683,-0.0122986827045679,0.0134937688708305,-0.0063879014924168,standing
1783086951900678400,3.233678466796875,0.1749409718424081,-0.1536620369702577,0.0055722471743822,-0.0099362395703792,-0.0050089857541024,-0.0021316865459084,standing
1783086951910722300,3.243722412109375,0.1572035820346325,-0.1644334602229297,-0.0245399824947118,0.0019627644214779,-0.0173966791480779,-0.0036190622486174,standing
1783086951920766500,3.253766357421875,0.088783979672566,-0.1292798753857612,-0.0474888964056968,0.0169511474668979,-0.014723652973771,-0.0074587161652743,standing
1783086951930811400,3.263811279296875,0.0377531728763133,-0.1264480129607021,-0.009293313524127,0.0216252617537975,-0.0017516613006591,-0.0115016605705022,standing
1783086951940855300,3.273855224609375,0.0512720682062208,-0.137402391564846,0.1030523781955242,0.0089608328416943,0.0062091425061225,-0.0166570302098989,standing
1783086951950899500,3.2838994140625,0.1290240009285509,-0.1011683180145919,0.1682528723806142,-0.0121191525831818,0.0128084551542997,-0.0225311648100614,standing
1783086951960944400,3.2939443359375,0.1554950976163149,-0.0843602449461817,0.1507990487545728,-0.0227282047271728,0.0140531808137893,-0.0209290534257888,standing
1783086951970988300,3.30398828125,0.1813571224950254,-0.0520155800499022,0.09795008662045,-0.018407491967082,0.0013786652125418,-0.0169654693454504,standing
1783086951981032400,3.314032470703125,0.2201020828876644,-0.0474696071833372,0.0258089795172214,-0.009768633171916,-0.0233386382460594,-0.0080011961981654,standing
1783086951991077400,3.324077392578125,0.227268686581403,-0.051042351103574,-0.0400800814539194,-0.0014545106096193,-0.0486024506390094,0.0030482592992484,standing
1783086952001121300,3.334121337890625,0.2116359409026801,-0.0682129738740622,-0.0880348418056964,0.0072752246633172,-0.0655458271503448,0.0117667904123663,standing
1783086952011165400,3.34416552734375,0.1935636931173503,-0.049333062967658,-0.0767202515870332,0.0165185257792472,-0.067358374595642,0.018971174955368,standing
1783086952021210400,3.35421044921875,0.1526435075774788,-0.0241407540440559,-0.0088707041978836,0.021497119218111,-0.0634721890091896,0.0265745688229799,standing
1783086952031254300,3.364254150390625,0.1309212128520011,0.0010489245310425,0.094635847505927,0.0149457408115267,-0.0576220266520977,0.0352476835250854,standing
1783086952041298400,3.37429833984375,0.1116571249336004,-0.0205599729478359,0.1549246042519807,-0.0033882178831845,-0.0529234409332275,0.0451390147209167,standing
1783086952051343400,3.38434326171875,0.1261452306218445,-0.0059264674395322,0.1442833832502365,-0.0176190845668315,-0.0458468869328498,0.0524816140532493,standing
1783086952061387300,3.39438720703125,0.1079943646423518,-0.0409044034488499,0.1178676700115203,-0.0215740017592906,-0.0417954847216606,0.0570980533957481,standing
1783086952071431400,3.404431396484375,0.1172087677113711,-0.046840515499562,0.0911328078210353,-0.0196602530777454,-0.0473678857088089,0.0609857365489006,standing
1783086952081476400,3.414476318359375,0.152282419180125,-0.056370560389012,0.0425391650438308,-0.0134931355714797,-0.0535033568739891,0.0586014278233051,standing
1783086952091520300,3.424520263671875,0.1789085602991282,-0.048260757561028,0.011876315754652,-0.0047827353700995,-0.0655299350619316,0.0606033243238925,standing
1783086952101564400,3.434564453125,0.2188869349442422,-0.0343795317247509,-0.0234305599480867,0.0049611912108957,-0.0721624419093132,0.060979314148426,standing
1783086952111609300,3.444609375,0.2033433288536965,-0.0086786887571215,-0.0481955833703279,0.0136510860174894,-0.0755792781710624,0.0592961981892585,standing
1783086952121653200,3.4546533203125,0.1473969852261245,-0.0160746442273259,-0.0381651877433061,0.0167932696640491,-0.0713966116309166,0.0599480718374252,standing
1783086952131697400,3.464697509765625,0.1072131511367857,-0.0311202376678586,-0.0212923788756132,0.0161027126014232,-0.0608172044157981,0.0594063848257064,standing
1783086952141742600,3.47474267578125,0.0328309871084988,-0.0510744998075068,0.0573240617215633,0.0158700458705425,-0.057767529040575,0.0537552535533905,standing
1783086952151786200,3.4847861328125,-0.0099435941264033,-0.0843564455538988,0.0870189427614211,0.0105104325339198,-0.0523368120193481,0.046907465904951,standing
1783086952161830400,3.494830322265625,-0.0360367974124848,-0.0837877057552337,0.1096685814648866,0.0014559153933078,-0.0474408380687236,0.04098716750741,standing
1783086952171875600,3.50487548828125,-0.0212865336567163,-0.1100540736511349,0.1394897192329168,-0.0127456579357385,-0.0486318059265613,0.0331305749714374,standing
1783086952181919200,3.514919189453125,0.0216242411784827,-0.1122922079667449,0.0952227074831724,-0.021479157730937,-0.0455929711461067,0.0265074074268341,standing
1783086952191963400,3.52496337890625,0.0319338921383023,-0.0903510097935795,0.0371510422646999,-0.0248296801000833,-0.0417979657649993,0.0196617506444454,standing
1783086952202008300,3.53500830078125,0.0853765823818743,-0.067237991362065,0.0109825817853212,-0.0204544737935066,-0.0401769205927848,0.0126170944422483,standing
1783086952212052200,3.54505224609375,0.1371617146767675,-0.0595356002911925,0.0005921206742525,-0.015837350860238,-0.0424744300544261,0.0103645930066704,standing
1783086952222096400,3.555096435546875,0.1735226294770836,-0.0587818593144416,-0.0138444009572267,-0.0109819360077381,-0.0500142723321914,0.0075183971785008,standing
1783086952232141300,3.565141357421875,0.1882972970217466,-0.0547159250497817,-0.0286526785105466,0.0054899817332625,-0.0519711636006832,0.0053244847804307,standing
1783086952242185500,3.575185546875,0.1445494868405163,-0.0685370912618935,-0.0153355162978172,0.0235798843204975,-0.0460163280367851,-0.0015604957006871,standing
1783086952252229400,3.5852294921875,0.0638154695674777,-0.0888178088769316,0.0351771118432283,0.0258848499506711,-0.0365533158183097,-0.0101808812469244,standing
1783086952262274300,3.5952744140625,0.0221413969203829,-0.133248048364371,0.0880266584992408,0.0158376805484294,-0.0260127913206815,-0.0161233115941286,standing
1783086952272318500,3.605318359375,-0.027463030334562,-0.1644457351826131,0.1712356875836849,0.0032656961120665,-0.0341197177767753,-0.0205739866942167,standing
1783086952282362400,3.6153623046875,-0.006950842051208,-0.1907370913892984,0.1429033270686864,0.0007410328835248,-0.0424447692930698,-0.0312795974314212,standing
1783086952292407300,3.6254072265625,0.080487056774646,-0.1866165043279528,0.063352235969901,0.007888956926763,-0.0460485592484474,-0.0379625335335731,standing
1783086952302451500,3.635451416015625,0.1383734285540878,-0.1536728506252169,0.0091343235701322,0.0118499901145696,-0.0477156862616539,-0.0421049930155277,standing
1783086952312495400,3.645495361328125,0.1115150861144065,-0.1357673377089202,-0.0148842653989791,0.0070251417346298,-0.0518518462777137,-0.0437801219522953,standing
1783086952322540300,3.655540283203125,0.1195117839567363,-0.1563978916749358,0.008239420557022,0.0073109110817313,-0.0568479411303997,-0.043077815324068,standing
1783086952332584400,3.66558447265625,0.1035923302911221,-0.1650871018260717,0.0148702368736267,0.0082123912870883,-0.0596868656575679,-0.0448352359235286,standing
1783086952342628400,3.67562841796875,0.1045521152339875,-0.1514544439233839,0.054167058995366,0.0056292628869414,-0.0701422467827797,-0.0466485098004341,standing
1783086952352673300,3.68567333984375,0.0966205915823578,-0.1273342942759394,0.0852367355197668,0.005519806407392,-0.0759130492806434,-0.043646328151226,standing
1783086952362717400,3.695717529296875,0.1095741811797022,-0.1013942357249557,0.0478413631051778,0.0052317483350634,-0.0812781006097793,-0.0353884920477867,standing
1783086952372761300,3.70576123046875,0.1072255722269415,-0.0869105139508843,0.0359761532664298,0.0056591853499412,-0.0836842656135559,-0.0279409624636173,standing
1783086952382805200,3.71580517578125,0.0696728172935545,-0.1001296226166188,0.0046761751174926,0.0049486286006867,-0.0772058442234993,-0.021493773907423,standing
1783086952392850400,3.725850341796875,0.0802953335948288,-0.1001977194167673,0.0047539165288209,0.0077420179732143,-0.0712856352329254,-0.0107721518725156,standing
1783086952402894300,3.735894287109375,0.1207984627664089,-0.0600007335849106,0.0363923328518867,0.0102088367566466,-0.0623569563031196,-0.0068261874839663,standing
1783086952412938000,3.74593798828125,0.1541186946965753,-0.0315058759845793,0.0922919147282838,0.0113523975014686,-0.0508164167404174,-0.0027611381374299,standing
1783086952422983000,3.75598291015625,0.1831856530964374,-0.0178873927377164,0.1098918688267469,0.0074211470782756,-0.0345742516219615,-0.0015870928764343,standing
1783086952433026800,3.76602685546875,0.191882023640722,0.010263035339117,0.1215454817414283,-0.0036813057959079,-0.0119139477610588,-0.0013386199716478,standing
1783086952443071000,3.776071044921875,0.1654331387847661,0.0124682902984321,0.1375204649865627,-0.0150851486250758,0.006222007330507,0.0010010385885834,standing
1783086952453116000,3.786115966796875,0.0910414762757718,-0.0275023394316434,0.1351981595188379,-0.0220277421176433,0.0189468562602996,0.0032775085419416,standing
1783086952463159800,3.796159912109375,0.0588463028527796,-0.0663312517806887,0.0877922652214765,-0.0233121719211339,0.0282031968235969,0.0022436946164816,standing
1783086952473204000,3.806203857421875,0.0592222965583205,-0.071503247591108,0.0832774181455373,-0.0239715706557035,0.0339255295693874,-0.000682852929458,standing
1783086952483248600,3.81624853515625,0.0761316380441188,-0.0692389559209346,0.0490326187163591,-0.0248617250472307,0.038454495370388,-0.0050524221733212,standing
1783086952493292800,3.826292724609375,0.0863470348492264,-0.0706610976785421,0.0381546663492918,-0.0270590987056493,0.0388574339449405,-0.002785539953038,standing
1783086952503337000,3.8363369140625,0.1113879526033997,-0.0977605553977191,0.0133650930076837,-0.0193941295146942,0.0343226082623004,-0.0034858300350606,standing
1783086952513381600,3.846381591796875,0.1331638772122562,-0.1150860764689743,-0.0245890823334455,-0.0044647143222391,0.035031009465456,8.20069108158e-05,standing
1783086952523425800,3.85642578125,0.1022903077818453,-0.1027098483681678,0.018420622831583,0.0037433071993291,0.0340950973331928,0.0022968351840972,standing
1783086952533470000,3.866469970703125,0.1070728658832609,-0.1070280038282275,0.0572416441351175,-0.0023073947522789,0.0337917618453502,0.00249550701119,standing
1783086952543514600,3.8765146484375,0.1107932015806436,-0.132492846082896,0.0875911896914243,-0.0131383780390024,0.0384515821933746,0.0054479846730828,standing
1783086952553558800,3.886558837890625,0.0888534647122025,-0.1156279282607138,0.1094359417527914,-0.0256821308284997,0.0399429537355899,0.0074887652881443,standing
1783086952563603000,3.89660302734375,0.0563157614618539,-0.1090041262067854,0.0765384652793407,-0.0348169170320034,0.0403410978615284,0.0093642827123403,standing
1783086952573647600,3.906647705078125,0.0903941182829439,-0.0991331589251756,0.0734855074495077,-0.0370230786502361,0.0256231389939785,0.0132764670997858,standing
1783086952583691800,3.91669189453125,0.1767136806033551,-0.0565863950967788,0.0242155728459358,-0.023330308496952,0.0091831842437386,0.0236032586544752,standing
1783086952593736000,3.92673583984375,0.2321887534573674,-0.0217452372096478,0.004267009794712,-0.0062179006636142,-0.007003242149949,0.0338455103337764,standing
1783086952603780900,3.93678076171875,0.2353165300890803,-0.0293104117669165,-0.0204588506609201,0.0044715693220496,-0.0198328625410795,0.0431136786937713,standing
1783086952613824800,3.94682470703125,0.2107066972285509,-0.0665361267030239,-0.0211783971071243,0.0017546124290674,-0.0255000684410333,0.0462913587689399,standing
1783086952623869000,3.956868896484375,0.2000774589255452,-0.0806013308040797,-0.0118026659965515,-0.0013486429816111,-0.0231064148247241,0.0420836880803108,standing
1783086952633913900,3.966913818359375,0.1764759263247251,-0.0393849387966096,0.0179921682864427,-0.0008330550044775,-0.0141440797597169,0.0397590175271034,standing
1783086952643957800,3.976957763671875,0.1306277828633785,-0.0558341154247522,0.0598737462043762,-0.0045484448783099,-0.0050373920239508,0.0364100635051727,standing
1783086952663416800,3.996416748046875,0.0867426100380718,-0.0943413946039974,0.1056681136518716,-0.0153343193233013,-0.0024183336645364,0.0167241375893354,standing
1783086952673462000,4.0064619140625,0.0449462261855602,-0.0865279443740844,0.1141150394797325,-0.0144693246111273,-0.0030511002987623,0.0113301705569028,standing
1783086952683505700,4.016505615234375,0.0704072690479457,-0.1151093112140893,0.106618546244502,-0.0207837484776973,-0.0072358264587819,0.0020671237725764,standing
1783086952693549800,4.0265498046875,0.1148119357027113,-0.1389781164489686,0.0554202739268541,-0.0288219675421714,-0.0115514788776636,-0.0079402364790439,standing
1783086952703595000,4.036594970703125,0.1590988211967051,-0.1278149173997342,-0.0065817164778709,-0.0289015267044305,-0.0185272619128227,-0.0172743089497089,standing
1783086952713638700,4.046638671875,0.1695497803233563,-0.1103396125942468,-0.0650911885917186,-0.0105198565870523,-0.0239063166081905,-0.0226283278316259,standing
1783086952723682800,4.056682861328125,0.1385587219931185,-0.117042032842338,-0.0942728594124317,0.0165818352252244,-0.0240363609045743,-0.0217476040124893,standing
1783086952733728000,4.06672802734375,0.1125293777234852,-0.1438970142811536,-0.0336345585763454,0.0277743022888898,-0.0192408077418804,-0.0279037654399871,standing
1783086952743772000,4.07677197265625,0.1254147243902087,-0.1362786482319235,0.0610667553812265,0.0181112475693225,-0.0126807577908039,-0.0261247567832469,standing
1783086952753815800,4.08681591796875,0.1566942442730069,-0.1156980708874762,0.1370937640070915,-0.0013420786708593,-0.003220944199711,-0.0225936714559793,standing
1783086952763861000,4.096861083984375,0.1902221276044845,-0.1076046346724033,0.1486105987995863,-0.0180554315447807,0.0015370724722743,-0.0184459723532199,standing
1783086952773905000,4.10690478515625,0.2302617309175431,-0.093102938850224,0.1249187575668096,-0.0219708122313022,-0.0107611399143934,-0.0089384876191616,standing
1783086952783948800,4.11694873046875,0.245574596992135,-0.1053762910984456,0.0170043262928724,-0.0109074339270591,-0.0222831480205059,0.0059002148918807,standing
1783086952793993700,4.12699365234375,0.2350698618516326,-0.1007818029150366,-0.0331008900910615,0.0083869015797972,-0.0324015617370605,0.0170159824192523,standing
1783086952804038000,4.137037841796875,0.2143924000039696,-0.108970370067656,-0.0518915152788162,0.0250383168458938,-0.0339669696986675,0.0259982924908399,standing
1783086952814081800,4.147081787109375,0.1860569707490503,-0.1048958141051232,-0.0197527482181787,0.0315191186964511,-0.0290784686803817,0.0295964889228343,standing
1783086952824126700,4.157126708984375,0.1633164388917386,-0.1231328970633447,0.0393985289305448,0.0200773663818836,-0.0176897160708904,0.0322396531701087,standing
1783086952834171000,4.1671708984375,0.1344224989712238,-0.1252934360980987,0.1088216092467308,0.0050257127732038,-0.0077574583701789,0.033952597528696,standing
1783086952844215000,4.177215087890625,0.1229885201565921,-0.1035243796214461,0.0866734903246164,-0.0013573435135185,0.0051926271989941,0.0281202364712953,standing
1783086952854259700,4.187259765625,0.1085604740925133,-0.0884545285224914,0.0712269148677587,-0.0016923692310228,0.0133395036682486,0.0238269530236721,standing
1783086952864303900,4.197303955078125,0.103935736901313,-0.0625656156368553,0.0514642297774553,0.0052592339925467,0.0221967343240976,0.0166752524673938,standing
1783086952874348000,4.20734814453125,0.1208367489501833,-0.0525252831377089,0.0539864417314529,0.0058565805666148,0.0226057954132556,0.0083827013149857,standing
1783086952884392700,4.217392822265625,0.1393639008961618,-0.051552492582798,0.0408908133149147,0.0021433355286717,0.0195242520421743,0.0054241959005594,standing
1783086952894436900,4.227436767578125,0.1611445016801357,-0.0871798324115574,0.0464642295330762,-0.0067798467352986,0.0097989793866872,0.0039134481921792,standing
1783086952904481000,4.23748095703125,0.1870379446104168,-0.1251866147227585,0.0187140528202056,-0.0024835597723722,-0.0083520282059907,0.0069081764668226,standing
1783086952914525700,4.247525634765625,0.2218241574399173,-0.141864485540241,-0.0552057543933391,0.0254452768713235,-0.0136682298034429,0.0085699884220957,standing
1783086952924569900,4.25756982421875,0.2531593530327081,-0.0964418740145862,-0.0405067824333906,0.0511785745620727,-0.018801063299179,0.0087415408343076,standing
1783086952934613800,4.26761376953125,0.3154898447394371,-0.0487488333389162,0.0116489367395639,0.058906003832817,-0.0186820216476917,0.0082541834563016,standing
1783086952944658700,4.27765869140625,0.3171281134657561,0.0187998314075171,0.0508130723923444,0.046009112149477,-0.010112234391272,0.0099460892379283,standing
1783086952954702800,4.287702880859375,0.2528184306405484,0.0708959293477237,0.1077460889697074,0.01862258836627,-0.0037658363580703,0.0128239979967474,standing
1783086952964746800,4.297746826171875,0.1228850597821176,0.0452077997311949,0.1082528694480657,-0.0072082234546542,-0.0005340804345905,0.0127347577363252,standing
1783086952974791700,4.307791748046875,0.0422797834552824,0.0020703765332698,0.0589390957027673,-0.0187477003782987,-0.0036531747318804,0.0144503656774759,standing
1783086952984835800,4.3178359375,-0.008665683145076,-0.0504300644241273,-0.0278846167474985,-0.0041681830771267,0.0046035386621952,0.0112700015306472,standing
1783086952994879700,4.327879638671875,-0.0011754735201597,-0.1087068968258798,-0.0150379946559667,0.0153780886903405,0.0209441632032394,0.0035329856909811,standing
1783086953004924700,4.337924560546875,0.0771861155331134,-0.115163964010775,0.036186581146717,0.0128255141898989,0.0385619960725307,-0.0040805870667099,standing
1783086953015597800,4.348597900390625,0.1697289362825453,-0.1125757010832428,0.1034217960298061,-0.0067825424484908,0.0588411688804626,-0.0115502215921878,standing
1783086953025642000,4.35864208984375,0.2630415723606944,-0.1008918391607701,0.1113695401638746,-0.021346902474761,0.0773183405399322,-0.015878977254033,standing
1783086953035686700,4.368686767578125,0.2806707525536417,-0.071504270504415,0.0473661468088626,-0.0167401656508445,0.095155656337738,-0.0171349234879016,standing
1783086953045730800,4.378730712890625,0.2440178690694272,-0.0522976118616759,-0.001508650997281,-0.0074647651053965,0.1067360863089561,-0.0083290543407201,standing
1783086953055775000,4.38877490234375,0.1977294344946742,-0.0811176097631454,-0.0088473233222961,-0.0111625641584396,0.1025080531835556,0.0089940093457698,standing
1783086953065819600,4.398819580078125,0.1688391478359699,-0.1489944835506379,0.0231686941415071,-0.0209242086857557,0.0768430829048156,0.026461586356163,standing
1783086953075863800,4.40886376953125,0.1665649192936718,-0.1705759085007011,0.0166834237754344,-0.0210421867668628,0.0466468334197998,0.0499895513057708,standing
1783086953085908000,4.418907958984375,0.1675540764614939,-0.1962178608879446,-0.0256727859169244,-0.0005489455070346,0.022918215021491,0.0662185624241828,standing
1783086953095952600,4.42895263671875,0.1626668889418244,-0.1654183796070516,-0.0163210202038288,0.0234408099204301,0.008095059543848,0.0810009688138961,standing
1783086953105996800,4.438996826171875,0.1157573998592793,-0.1573405793525278,0.0233282686173915,0.033423013985157,-0.0031177084892988,0.0904811397194862,standing
1783086953116040700,4.449040771484375,0.0953169616378843,-0.2011144007578492,0.0442214190423488,0.0303968638181686,-0.0043318439275026,0.0907522514462471,standing
1783086953126085600,4.459085693359375,0.1149155422076582,-0.1799110153399407,0.0240203425347805,0.0327821746468544,0.0080701354891061,0.0891609415411949,standing
1783086953136129800,4.4691298828125,0.1000683939486742,-0.1361494688943028,0.0357335766822099,0.038520224392414,0.0318226031959056,0.0840034633874893,standing
1783086953146173700,4.479173583984375,0.118401630757749,-0.1338568279124796,0.1036217025160789,0.0269820652902126,0.0430078916251659,0.0770139768719673,standing
1783086953156219000,4.489218994140625,0.1742116346545517,-0.1384594994023442,0.1383767895549535,-0.0019374678377062,0.0404800176620483,0.0691081136465072,standing
1783086953166262800,4.4992626953125,0.2010901430994272,-0.1304132633298635,0.0865443109869956,-0.0238031577318906,0.0228260289877653,0.0698142796754837,standing
1783086953176306700,4.509306640625,0.148360277300328,-0.1610194139957428,0.0082616323888301,-0.0188105292618274,-0.0007727732881903,0.0660376548767089,standing
1783086953186351900,4.519351806640625,0.1230332360811531,-0.1674563151754438,-0.1078144780308008,0.0073823304846882,-0.0220301281660795,0.0607002936303615,standing
1783086953196395800,4.529395751953125,0.1423683434091508,-0.1327614338912069,-0.1395768129944801,0.0376470275223255,-0.0333642773330211,0.0583710931241512,standing
1783086953206439700,4.539439697265625,0.1475868087098002,-0.0611623247101902,-0.0615378800243139,0.0575275905430316,-0.0333149097859859,0.0573807023465633,standing
1783086953216484900,4.54948486328125,0.1289667177833616,-0.0390858097195625,0.0394891298234462,0.0654006972908973,-0.0244481787085533,0.0580446273088455,standing
1783086953226528800,4.55952880859375,0.1109730881921946,-0.0615663754664361,0.1432470259398222,0.0571588017046451,-0.0093880994245409,0.0539825893938541,standing
1783086953236572700,4.56957275390625,0.1078067331157624,-0.1069153372339904,0.183253457635641,0.0381619408726692,0.0044813770800828,0.0433416627347469,standing
1783086953246617900,4.579617919921875,0.1191338905550539,-0.0820195270389318,0.1498357566803693,0.0216947328299283,0.0174839608371257,0.0366637408733367,standing
1783086953256662000,4.589662109375,0.1022201651550829,-0.0567540067486464,0.1374924079358577,0.006741615012288,0.0295230485498905,0.0348607823252677,standing
1783086953266705700,4.59970556640625,0.1166419276088476,-0.0481507213152945,0.09116144939363,-0.0064264312386512,0.0242231823503971,0.0364240109920501,standing
1783086953276749800,4.609749755859375,0.1447181214056909,-0.0550537787020206,0.0199935712367296,-0.0008399183861911,0.0154275596141815,0.0366796739399433,standing
1783086953286795000,4.619794921875,0.212958421678096,-0.0591316956654191,-0.0049000470012426,0.0167667269706726,0.0059284209273755,0.0325575843453407,standing
1783086953296838700,4.629838623046875,0.2156575976341962,-0.0355823316432535,-0.007650222492218,0.0275874137878417,0.0025696421507745,0.0255835652351379,standing
1783086953306882800,4.6398828125,0.1900394645139574,-0.0531561283871531,0.0237695826441049,0.0273194406181573,0.0065226731821894,0.0205557104200124,standing
1783086953316928000,4.649927978515625,0.1553270475730299,-0.0352817412614822,0.0523573792248964,0.0192117132246494,0.0136069478467106,0.0140876919031143,standing
1783086953326971600,4.6599716796875,0.0827396580070257,-0.0116460141301155,0.0528010313391685,0.0095036188140511,0.0251254923641681,0.0100110871717333,standing
1783086953337015800,4.670015869140625,0.0556515984646975,0.0036447862431406,0.0899257701188325,0.0024843248538672,0.0314659476280212,0.0034157689660787,standing
1783086953347061000,4.68006103515625,0.0815709064885973,-0.0057800447061657,0.1036731404423713,-0.0055569838732481,0.0340751223266124,0.0002701696939766,standing
1783086953357105000,4.69010498046875,0.0647185558870434,-0.0155886142760515,0.0546411062479019,-0.0084385238587856,0.0325153097510337,-0.0034372170921415,standing
1783086953367148800,4.700148681640625,0.0673059420317411,-0.019104075051099,0.0376139836013317,-0.0022011811379343,0.0282588712871074,-0.0022934381850063,standing
1783086953377194000,4.710194091796875,0.0862999808371067,-0.0133975339725613,0.0035533085674047,0.0103468345478177,0.0187130346894264,0.0013724028831347,standing
1783086953387238000,4.72023779296875,0.1416094878658652,-0.0132790221594274,-0.0242161573678255,0.0194930434226989,0.0016752076335251,0.0075981654226779,standing
1783086953397281800,4.73028173828125,0.1811516630508005,-0.0195930276118218,-0.0021598083823919,0.0238057672977447,-0.0183381810784339,0.0139697780832648,standing
1783086953407327000,4.740326904296875,0.2058260855801403,-0.0242637959018349,0.0189496151417493,0.0244014095515012,-0.0292311254888772,0.0200600288808345,standing
1783086953417370600,4.75037060546875,0.2240215213537216,-0.0350581616386771,0.0640957478135824,0.0230700951069593,-0.0273480024188756,0.0241988487541675,standing
1783086953427414500,4.76041455078125,0.197157187564671,-0.0420860144488513,0.0950280616939067,0.0137583576142787,-0.0163791812956333,0.0217605251818895,standing
1783086953437459500,4.77045947265625,0.1889982848979532,-0.0394458752036094,0.1262444532126188,-0.0069360015913844,-0.0006878352724015,0.0194568913429975,standing
1783086953447503600,4.780503662109375,0.1721849511325359,-0.0423810518726706,0.1431236918210983,-0.0218746773898601,0.0040221302770078,0.0183730572462081,standing
1783086953457547500,4.790547607421875,0.142779116167128,-0.044057899043709,0.0926969883978366,-0.0313432775437831,0.0100488644093275,0.0132161118090152,standing
1783086953467592400,4.800592529296875,0.1074010749243199,-0.0370898135967552,0.0420037429928779,-0.0281461551785469,0.0125418491661548,0.0087153688073158,standing
1783086953477636400,4.81063623046875,0.0651532940424978,-0.0664313511542975,0.0040770401805639,-0.0255232080817222,0.0103181097656488,0.0086218919605016,standing
1783086953487680500,4.820680419921875,0.0406656262569129,-0.1376641112409532,-0.0241565361350774,-0.0243211034685373,0.0050009321421384,0.003562104422599,standing
1783086953497725400,4.830725341796875,0.0405953374996781,-0.1738677896529436,-0.023616437909007,-0.0154557060450315,0.0058853682130575,0.0002946720924228,standing
1783086953507769300,4.840769287109375,0.0864151316493749,-0.1601012762375175,0.0072241060346364,-0.0031144253443926,-0.0045969900675117,-0.0059971455484628,standing
1783086953517813500,4.8508134765625,0.1449580676414072,-0.1636979855552315,0.0043365678995847,0.0064484532922506,-0.0073714717291295,-0.0079649547114968,standing
1783086953527858400,4.8608583984375,0.1459144915834069,-0.1104438036210835,0.0477045849829912,0.0018484215252101,-0.0062333266250789,-0.0086067281663417,standing
1783086953537902300,4.87090234375,0.1428619721449911,-0.0555614359632134,0.118170452350378,-0.0084287170320749,-0.0095135420560836,0.0008938327664509,standing
1783086953547946500,4.880946533203125,0.1317621937207877,-0.0492420236833393,0.1053968954950571,-0.0220288671553134,-0.0106511507183313,0.0143854767084121,standing
1783086953557991400,4.890991455078125,0.1423252349197864,-0.0872511440820991,0.0914455270320177,-0.0256539620459079,-0.0128040499985218,0.0257161632180213,standing
1783086953568035300,4.901035400390625,0.1423920165456831,-0.0974509049266576,0.0511146856874227,-0.0218825060874223,-0.0163953341543674,0.0311198905110359,standing
1783086953578079500,4.91107958984375,0.1756065961442887,-0.1183805879697203,0.019224340429902,-0.0140794459730386,-0.0150286015123128,0.0280466023832559,standing
1783086953588124400,4.92112451171875,0.2030833627432584,-0.1142741755641996,0.0147767133712768,-0.0102920373901724,-0.0215408243238925,0.0251254998147487,standing
1783086953598168300,4.931168212890625,0.2016474847212433,-0.0846617121107876,0.0143441671729087,-0.0062677348032593,-0.0277017820626497,0.0239763464778661,standing
1783086953608212500,4.94121240234375,0.1566283394299447,-0.1155626079395413,-0.0112064536690711,-0.0003712808247655,-0.0305139310657978,0.0229834951460361,standing
1783086953618257400,4.95125732421875,0.0899713628262281,-0.0951950888238847,-0.0058820437759161,0.0045294677838683,-0.028281133621931,0.0176553092896938,standing
1783086953628301300,4.96130126953125,0.0685557959623634,-0.0824273771874606,0.0466162052243947,-0.0007175204809755,-0.0240466874092817,0.010655409656465,standing
1783086953638345500,4.971345458984375,0.0622938129581511,-0.0750356595009565,0.100730657249689,-0.0120271667838096,-0.0177773404866457,0.0055996645241975,standing
1783086953648390700,4.981390625,0.1145649752043187,-0.0635343145385384,0.140651164227724,-0.0285347364842891,-0.0111378952860832,-0.0029940668027848,standing
1783086953658434300,4.991434326171875,0.0930668446235358,-0.0689867347255349,0.1228834523469209,-0.0346397683024406,-0.0039777201600372,-0.0121385632082819,standing
1783086953668478500,5.001478515625,0.0769448541231453,-0.0738031950965523,0.0562128856092691,-0.0282090995460748,-0.0074226232245564,-0.0212234519422054,standing
1783086953678522400,5.0115224609375,0.0912555574178695,-0.0813162010751664,-0.0222603471249341,-0.0063120555132627,-0.0097148055210709,-0.0264887865632772,standing
1783086953688567300,5.0215673828125,0.0925337606601417,-0.0722756932683289,-0.0148819273114204,0.0066355280578136,-0.0105213932693004,-0.0270676612854003,standing
1783086953698611500,5.031611572265625,0.1075090653434395,-0.055731824094057,0.0549292755395174,-0.002862369408831,-0.0078582316637039,-0.0299247000366449,standing
1783086953708655400,5.0416552734375,0.1219287819705903,-0.0874517812207341,0.0787789376825094,-0.0191163197159767,-0.0050204186700284,-0.0307054780423641,standing
1783086953718700300,5.0517001953125,0.133589409147948,-0.0981888638123869,0.0910492211908102,-0.0322883129119873,-0.0053328075446188,-0.0292556546628475,standing
1783086953728744400,5.061744384765625,0.1412654967337846,-0.1339998896449804,0.0622106647193431,-0.0301424730569124,-0.0094334799796342,-0.02630016207695,standing
1783086953738788400,5.071788330078125,0.1645496339485049,-0.1534974940583109,0.0152419927954673,-0.0148772345855832,-0.0069282450713217,-0.024607989937067,standing
1783086953748833500,5.08183349609375,0.1651570983223617,-0.137492846327275,0.0216536134034395,0.0003969471435993,-0.0033433795906603,-0.0262797549366951,standing
1783086953758877400,5.09187744140625,0.1679590040005743,-0.0918503084406256,0.0460977343082427,0.0053187352605164,0.002624231390655,-0.032838586717844,standing
1783086953768921300,5.10192138671875,0.1187837619431316,-0.0770966836839914,0.0710533118665218,-0.0005516989622265,0.0054900799877941,-0.0372259281575679,standing
1783086953778966500,5.111966552734375,0.0724083797372877,-0.0642797260783612,0.0618307254910469,-0.0094597060233354,0.012994335964322,-0.0404097363352775,standing
1783086953789010400,5.122010498046875,0.0441365172378718,-0.0960726023107767,0.0702577775746583,-0.0188174284994602,0.0218478329479694,-0.0474789999425411,standing
1783086953799054300,5.132054443359375,0.038747371545434,-0.0987841993570327,0.082386606785655,-0.0274295583367347,0.0262207444757223,-0.0535374246537685,standing
1783086953809099500,5.142099609375,0.0781936851404607,-0.0890408039778471,0.0664361734598875,-0.0316537730395793,0.0212122220546007,-0.052506148815155,standing
1783086953819143400,5.152143310546875,0.1082509697519242,-0.0702383422218263,0.0413859033554792,-0.0279831364750862,0.0077118603512644,-0.0455790013074874,standing
1783086953829187300,5.162187255859375,0.1316923433549702,-0.0742287270322442,0.0150151983022689,-0.0167549420148134,-0.010472884401679,-0.0332879945635795,standing
1783086953839232500,5.172232421875,0.1676191045217216,-0.1021358478724956,-0.0355085357546806,-0.0020598853006958,-0.0291922427713871,-0.0189229063689708,standing
1783086953849276400,5.1822763671875,0.1748667375624179,-0.1113867835596203,-0.0433481433391571,0.0075035179033875,-0.05271827429533,-0.0084409322589635,standing
1783086953859320300,5.1923203125,0.2044930834107101,-0.1444976105228066,-0.0445773928731679,0.0184941180050373,-0.0648809373378753,-0.0035955775529146,standing
1783086953869365500,5.202365478515625,0.222132492736727,-0.1299323479451239,-0.0163964235275983,0.0271679069846868,-0.0652918592095375,0.0004049027338624,standing
1783086953879409700,5.21240966796875,0.2129346024110913,-0.0879610459171235,0.0664297437191009,0.0170649383217096,-0.0613714233040809,-2.06702388823e-05,standing
1783086953889453300,5.222453369140625,0.2001097537599503,-0.025189532444626,0.1529687940090894,-0.0004617907106876,-0.0599214918911457,0.0070881494320929,standing
1783086953899498500,5.23249853515625,0.1550846171192824,-0.0140314479619264,0.1648749203801155,-0.0193084478378295,-0.0577377043664455,0.0083113387227058,standing
1783086953909542700,5.242542724609375,0.0831572988972067,-0.0119325759865343,0.0838964268267154,-0.0200878828763961,-0.0546485446393489,0.0079393973574042,standing
1783086953919586300,5.25258642578125,0.017193419124186,-0.0521041351161897,0.0376700977027416,-0.0076192286796867,-0.0440156087279319,0.0039936578832566,standing
1783086953929631500,5.262631591796875,-0.0038479075998067,-0.0877595319956541,0.0257826760321855,0.0021291654556989,-0.0255253575742244,-0.0047964947298169,standing
1783086953939675400,5.27267529296875,0.0120757838495075,-0.0945301951743662,0.0812380212724208,-0.0012708924477919,-0.0071695181541144,-0.0109654404222965,standing
1783086953949719600,5.282719482421875,0.0496582032687962,-0.1078255839467048,0.1121025306135416,-0.0162113849073648,0.0080190980806946,-0.019763870164752,standing
1783086953959764500,5.292764404296875,0.1163280393540859,-0.0750488112434744,0.1245247898131608,-0.028986569494009,0.0150815350934863,-0.0203617494553327,standing
1783086953969808400,5.302808349609375,0.1836331046029925,-0.0789630620777606,0.0814601395905017,-0.0312219001352787,0.0091725187376141,-0.0230482257902622,standing
1783086953979852500,5.3128525390625,0.2440599546454846,-0.0971130512744188,-0.0283674318283796,-0.0222638249397277,0.0039157047867774,-0.0226681921631097,standing
1783086953989896400,5.322896484375,0.2387428512759506,-0.0642165977142751,-0.0738777216374874,-0.0046547707170248,-0.0008033365011215,-0.015798857435584,standing
1783086953999941400,5.33294140625,0.1866219111554324,-0.0607020137220621,-0.0140700264066457,0.0037240667734295,-0.006906502880156,-0.0077768843621015,standing
1783086954009985500,5.342985595703125,0.1604357688888907,-0.0719110977396369,0.0663911652743816,-0.0022872609551995,-0.0215437430888414,-0.0011776511091738,standing
1783086954020029400,5.353029541015625,0.1473499312140047,-0.0745779788613319,0.0958949076563119,-0.0060143545269966,-0.0305116716772317,0.0053574796766042,standing
1783086954030074400,5.363074462890625,0.1255460956849158,-0.0696985362567007,0.1022585974693298,-0.0014060294488444,-0.0344876497983932,0.0116590987890958,standing
1783086954040118500,5.373118408203125,0.1099004905246198,-0.0578394638977944,0.0713116705417633,0.0029088240116834,-0.0256709903478622,0.0211338270455598,standing
1783086954050162400,5.383162353515625,0.1120436400331556,-0.0829005476571619,0.0459568645328283,0.0017157280817627,-0.0105221308767795,0.0295832380652427,standing
1783086954060207400,5.393207275390625,0.1226091654501855,-0.0918690131410956,0.0580208118140697,-0.0053168814629316,0.0033912870567291,0.0323225669562816,standing
1783086954070251500,5.40325146484375,0.1514361776143312,-0.0756060067348182,0.0889706613510847,-0.0143332304432988,0.0113955391570925,0.0370824635028839,standing
1783086954080295700,5.413295654296875,0.1580155560046434,-0.0632096126288175,0.0527051697492599,-0.018464857712388,0.0118221770972013,0.0386244356632232,standing
1783086954090340400,5.42334033203125,0.2021018043600022,-0.0439624758452177,0.0058346975028514,-0.020107589662075,0.0015516113489866,0.038852572441101,standing
1783086954100384500,5.433384521484375,0.2310007127165794,-0.0325938173517584,-0.0203045368820428,-0.0107433833181858,-0.0058818040415644,0.0450044721364975,standing
1783086954110428400,5.443428466796875,0.1957087423220276,0.01137172723338,-0.0127764794647693,-0.0018074149265885,-0.0179586522281169,0.0483153350651264,standing
1783086954120473300,5.453473388671875,0.1979454153329133,0.0286661225140094,0.0325239669859409,0.0018584262579679,-0.0316193364560604,0.0507883466780185,standing
1783086954130517500,5.463517578125,0.1766492370650172,-0.0237651987299323,0.0556581743359565,0.0019641760736703,-0.0439011640846729,0.0444318912923336,standing
1783086954140561400,5.4735615234375,0.1463638427861034,-0.0582538899175822,0.0343675490260124,0.0019713663496077,-0.0505841001868248,0.0338247865438461,standing
1783086954150606300,5.4836064453125,0.1016886886268854,-0.0773874833241105,-0.0162134681761264,0.0074138762429356,-0.0455359183251857,0.0164213962852954,standing
1783086954160650500,5.493650390625,0.0479212964735925,-0.0682724489763379,0.0231546656161546,0.0109694628044962,-0.0352665036916732,0.0031434074044227,standing
1783086954170694400,5.5036943359375,0.0282530116684734,-0.0626747750997543,0.0762403591156005,0.0044742468744516,-0.0309028383344411,-0.0057835336774587,standing
1783086954180739300,5.5137392578125,0.0605019611053168,-0.063162997008115,0.0873234786659479,-0.0064827967435121,-0.0294727180153131,-0.0046205315738916,standing
1783086954190783500,5.523783447265625,0.1168751518428325,-0.0459687011010944,0.0807008456557989,-0.0049641365185379,-0.0252769030630588,-0.0028653866611421,standing
1783086954200827400,5.533827392578125,0.1402533970817923,-0.0367735872544348,0.052620998597145,1.14475842565e-05,-0.0239913947880268,-0.0065024658106267,standing
1783086954210872300,5.543872314453125,0.1724687365099787,-0.0711085491850972,0.0474433036983013,0.0035998520907014,-0.0161394327878952,-0.0130889248102903,standing
1783086954220916500,5.55391650390625,0.1904573976650834,-0.079187080091983,0.0205196409374475,0.0034861352760344,-0.0095728766173124,-0.0145435435697436,standing
1783086954230960400,5.56396044921875,0.2207405999869108,-0.1128320139318704,0.034963176831603,-0.0004451260901987,-0.0068827900104224,-0.0163866430521011,standing
1783086954241005300,5.57400537109375,0.2511119189836084,-0.1332455641463399,0.0598544569820165,-0.0036089613568037,-0.0052689150907099,-0.0168319232761859,standing
1783086954251049500,5.584049560546875,0.242810685236752,-0.1307739133358001,0.021307576444745,-0.0029926123097538,0.0004050354473292,-0.0172629915177822,standing
1783086954261093400,5.59409326171875,0.1743866989605128,-0.1098923072181642,0.0111725513994693,-0.0011635532137006,0.0075867818668484,-0.015164952725172,standing
1783086954271138300,5.60413818359375,0.1141786062352359,-0.106808808119595,0.0371715005308389,0.0009816230740398,0.0101061323657631,-0.0152869261801242,standing
1783086954281182500,5.614182373046875,0.0701908498182892,-0.1152262155920267,0.0619523060441017,0.0034016373101621,0.0175552610307931,-0.0149396508932113,standing
1783086954291226400,5.624226318359375,0.06901902955994,-0.0852833511404693,0.0926180779427289,0.0003438566345721,0.0167964249849319,-0.017426436766982,standing
1783086954301270500,5.6342705078125,0.0934361163273453,-0.0977912427969276,0.0871831934124231,0.0008408026769757,0.0172531567513942,-0.0234054997563362,standing
1783086954311315500,5.6443154296875,0.1485233589075505,-0.0910818082861602,0.0798135414272546,0.0008324207738041,0.0137937050312757,-0.0249526537954807,standing
1783086954321359400,5.654359375,0.1804335779093205,-0.0626373656988143,0.0427069228261709,0.0018649285193532,0.0052095376886427,-0.0182771738618612,standing
1783086954331403500,5.664403564453125,0.149772920577228,-0.0832255418278276,-0.0339607217907905,0.0045934487134218,0.000702952966094,-0.0135009624063968,standing
1783086954341448400,5.674448486328125,0.1299655195623636,-0.1163071426965296,-0.0577840804487466,0.0121392495930194,-0.0004227655008435,-0.0044022719375789,standing
1783086954351492400,5.684492431640625,0.1072450075797736,-0.096180154338479,-0.041712651091814,0.0190306641161441,-0.0010205544531345,-0.0037362640723586,standing
1783086954361536500,5.69453662109375,0.1261179042235016,-0.0953393196001648,0.0233598327994346,0.0165571216493845,0.0044900584034621,0.0012201450299471,standing
1783086954371581400,5.70458154296875,0.1491850376866757,-0.0913973039761185,0.1102501807451248,0.0079979076981544,0.0066750864498317,0.0026054489426314,standing
1783086954381625300,5.714625244140625,0.1861991556987166,-0.0758249101825058,0.1056336268603801,-0.0018683052621781,0.0124972891062498,0.0040275771170854,standing
1783086954391669500,5.72466943359375,0.1938591689325869,-0.0411608624279499,0.0785433753609657,-0.0067173889838159,0.0166915021836757,0.0004466904792934,standing
1783086954401714700,5.734714599609375,0.1829153117224574,-0.0309068871781229,0.0668470923483371,-0.0108594037592411,0.0145343411713838,0.0036328963469713,standing
1783086954411758300,5.74475830078125,0.1449504688568413,-0.0468351086720824,0.0322638547450304,-0.0102817304432392,0.0043213041499257,0.0083459168672561,standing
1783086954421802500,5.754802490234375,0.1113723166428506,-0.0706837479017674,0.0188566761612892,0.0007560064550489,-0.0058671510778367,0.0117699429392814,standing
1783086954431847400,5.764847412109375,0.106371439615637,-0.0905013780497014,0.0268704712688922,0.0146534787490963,-0.0174519829452037,0.0086540672928094,standing
1783086954441891300,5.774891357421875,0.1531941271975636,-0.064479632564634,0.0291390007227659,0.0276869907975196,-0.023673927411437,0.0009282367536798,standing
1783086954451935500,5.784935546875,0.1788078764036297,-0.0365725117243826,0.0359697235256433,0.0282232705503702,-0.0222867801785469,-0.0082442946732044,standing
1783086954461980400,5.79498046875,0.1419224993377923,-0.0046297056272625,0.0634796617418527,0.0157229248434305,-0.0235933270305395,-0.0170460417866706,standing
1783086954472024300,5.8050244140625,0.0988496658086776,-0.0028992285728454,0.04026537489295,0.003617713227868,-0.0189262330532073,-0.0261985994875431,standing
1783086954482068500,5.815068359375,0.0330697643004357,-0.0085622227706015,0.0545277090013027,-0.0050372937694191,-0.0132001703605055,-0.0333622395992279,standing
1783086954492113400,5.825113525390625,0.0121997024901211,-0.0535956888481974,0.0608323621034622,-0.0071615101769566,-0.0129003953188657,-0.0372076481580734,standing
1783086954502157600,5.835157470703125,0.0281985050022602,-0.0929654300756752,0.0364928706169128,-0.0038543969858437,-0.0092326886951923,-0.0439981780946254,standing
1783086954512201500,5.845201416015625,0.1219886954642832,-0.1039141095913946,0.0532224716216325,-0.0009588680695742,-0.0111538991332054,-0.0462609194219112,standing
1783086954522246400,5.855246337890625,0.1832854602091014,-0.0603593377642333,0.0626508097022771,-0.0005159843713045,-0.0091852899640798,-0.0400048866868019,standing
1783086954532290600,5.86529052734375,0.2461436290517449,-0.0206127260483801,0.0666495239496231,-0.0003333082422614,-0.0157443229109048,-0.0274845734238624,standing
1783086954542334500,5.87533447265625,0.2604631001748144,-0.001647621076554,0.0409632940292358,0.0016808402724564,-0.0191864594817161,-0.0134361339733004,standing
1783086954552379400,5.88537939453125,0.2296238714054226,-0.0092092885024845,0.0033621699094772,0.0078785577788949,-0.0174011960625648,-0.0015369118191301,standing
1783086954562423600,5.895423583984375,0.1994517282426357,-0.0086773735828697,0.0254418997704982,0.0129199223592877,-0.0124224163591861,0.0085178529843688,standing
1783086954572467500,5.905467529296875,0.1588753877043724,-0.0294299464933574,0.0679927552521228,0.0078478781506419,-0.0031408779323101,0.0157754831016063,standing
1783086954582511400,5.915511474609375,0.1068031090311706,-0.0498101789601147,0.1235860476583242,-0.0091356327757239,-0.0055720778182148,0.0217175278812646,standing
1783086954592556500,5.925556640625,0.0981305577538907,-0.1022157812409102,0.1166623858749866,-0.0212694182991981,-0.0097473077476024,0.0342435576021671,standing
1783086954602600400,5.935600341796875,0.0759733787424862,-0.0995621979922056,0.0584071807831525,-0.020108014345169,-0.0158281028270721,0.0456410907208919,standing
1783086954612644400,5.945644287109375,0.066083560629934,-0.1176093113362789,0.0074520695716142,-0.0113151632249355,-0.0240751877427101,0.0506977811455726,standing
1783086954622689500,5.955689453125,0.1202690320648253,-0.1222445699214935,-0.0388122534751892,0.001614483539015,-0.0296137668192386,0.0551290139555931,standing
1783086954632733400,5.9657333984375,0.2124164237558841,-0.1563448463134467,-0.0756944156706333,0.0213528797030448,-0.0219433140009641,0.0537099093198776,standing
1783086954642777300,5.97577734375,0.251974381031841,-0.1518035496219992,-0.0175035079866647,0.0252994187176227,-0.0105910561978816,0.0414503142237663,standing
1783086954652822500,5.985822509765625,0.3029547728151083,-0.1043297046549618,0.0810439600050449,0.0163493584841489,0.0008733524009585,0.0306496638804674,standing
1783086954662866400,5.995866455078125,0.2947740967079997,-0.0414266737572848,0.1620072559893131,-0.0007641136180609,0.004417753778398,0.0243805833160877,standing
1783086954672910300,6.005910400390625,0.21873715121001,-0.0272492414534091,0.1613642819106578,-0.0164627414196729,0.0059257629327476,0.0206395275890827,standing
1783086954682955500,6.01595556640625,0.1292950729548931,-0.0142918524637818,0.1068096849024295,-0.0248636826872825,0.0018037222325801,0.0170621052384376,standing
1783086954692999400,6.02599951171875,0.0343853769436478,-0.039214550665766,0.0386824896156787,-0.0200454145669937,-0.0028942078351974,0.0139249926432967,standing
1783086954703043600,6.036043701171875,-0.0205319158971309,-0.1043333579167723,-0.0650952802449464,-0.0010576093336567,-0.0038398969918489,0.0085073234513401,standing
1783086954713088500,6.046088623046875,-0.0089763565294444,-0.1509364113986492,-0.1294464641243219,0.0149673074483871,0.0092548048123717,-0.002939083147794,standing
1783086954723132400,6.05613232421875,0.0231401986993849,-0.1269933718837797,-0.0420487511783838,0.0188203677535057,0.018257088959217,-0.0079165315255522,standing
1783086954733176600,6.066176513671875,0.1150682485513389,-0.0791121151596307,0.069387424480915,0.008913941681385,0.0263499021530151,-0.0077615352347493,standing
1783086954743221500,6.076221435546875,0.2114008169725537,-0.0566658900737762,0.1028694228440523,-0.0064213387668132,0.0284351557493209,-0.005440323613584,standing
1783086954753265400,6.086265380859375,0.2957974484063684,-0.0493925380699336,0.131093062287569,-0.0146924387663602,0.02633598446846,-0.0032220613211393,standing
1783086954763309600,6.0963095703125,0.2972841798327863,-0.0311614464610815,0.0862543881297111,-0.0130916126072406,0.0300987660884857,0.003612941596657,standing
1783086954773354500,6.1063544921875,0.2527545716241002,-0.0718333563283085,0.0597357990384101,-0.0062110284343361,0.0260363519191741,0.0080485139042139,standing
1783086954783398400,6.1163984375,0.2322491053424775,-0.1041895655319094,0.023616437909007,-0.0065753487870097,0.0188932213932275,0.0113542955368757,standing
1783086954793442600,6.126442626953125,0.1971041422031819,-0.1156825810573995,-0.0052770636200904,-0.0051371762529015,0.0117339510470628,0.0128337293863296,standing
1783086954803487500,6.136487548828125,0.1848718526177108,-0.0924365838959813,0.0149111534059047,0.0008011402096599,0.0106393918395042,0.0094555094838142,standing
1783086954813531400,6.146531494140625,0.1367784144476056,-0.0579984538517892,0.0182446817427873,0.0020092250779271,0.011943963356316,0.0077988542616367,standing
1783086954823575600,6.156575439453125,0.1010183881498873,-0.0688720223046839,0.0036386487632989,-0.0030696894973516,0.0176732223480939,0.0067514330148696,standing
1783086954833620500,6.166620361328125,0.0758149733103811,-0.1147507070347666,0.0175198745995759,-0.0058099841699004,0.0284222979098558,0.0053669270128011,standing
1783086954843664400,6.176664306640625,0.0832346019171178,-0.0974165642656385,0.0529191047608852,-0.004485061392188,0.0376192592084407,-0.0014076218940317,standing
1783086954853708500,6.18670849609375,0.122203507258743,-0.0664902417346835,0.0776993257522583,0.0004047495312988,0.0421877168118953,-0.0024265458341687,standing
1783086954863753500,6.19675341796875,0.133040104702115,-0.0710154640741646,0.0785217480510473,0.0020375335589051,0.046809896826744,-0.0035320238675922,standing
1783086954873797400,6.20679736328125,0.1500337634705007,-0.0908364552229642,0.0835679255247116,-0.0024109024088829,0.0536460392177104,-0.0075290435925126,standing
1783086954883841500,6.216841552734375,0.1737568766243755,-0.1036957906655967,0.109593178141117,-0.013863293454051,0.0639929547905922,-0.0091242771595716,standing
1783086954893885400,6.226885498046875,0.1947983494788408,-0.1068752974845469,0.0916483561277389,-0.0259016286581754,0.0620875507593154,-0.0099389869719743,standing
1783086954903930400,6.236930419921875,0.1974883192151784,-0.0934704569883644,0.0626905571907758,-0.0382586941123008,0.0564911849796772,-0.0057346536777913,standing
1783086954913974500,6.246974609375,0.1885403119973838,-0.0807620743237435,0.0218611186742782,-0.0363334827125072,0.0450856536626815,0.0031406169291585,standing
1783086954924018400,6.257018310546875,0.1657115173347294,-0.1006806806281209,-0.0644850393921136,-0.0197361297905445,0.0357059985399246,0.0086879814043641,standing
1783086954934063400,6.2670634765625,0.1522417949087917,-0.123706605298072,-0.0726496411472558,0.0034725849982351,0.0316336005926132,0.0128694642335176,standing
1783086954944107500,6.277107421875,0.1142322361186146,-0.1105463872127234,-0.0271492882102727,0.0157894399017095,0.0334184542298316,0.0136303296312689,standing
1783086954954151400,6.2871513671875,0.114778910215944,-0.1252269467331469,0.0490752888143062,0.0072723692283034,0.0364938825368881,0.0121740894392132,standing
1783086954964196400,6.2971962890625,0.1385920397408306,-0.130646341433376,0.0765589235454797,-0.0054378332570195,0.0420481711626052,0.0118995178490877,standing
1783086954974240500,6.307240478515625,0.1142069555468857,-0.10599749173671,0.105189974746108,-0.0104517061263322,0.0467962212860584,0.0077692931517958,standing
1783086954984284400,6.317284423828125,0.1024244555555284,-0.0972770096644759,0.1046668276548385,-0.0081613874062895,0.0500420816242694,0.0032046348787844,standing
1783086954994329300,6.327329345703125,0.1154258298173546,-0.0866920488946139,0.0587374356508254,-0.0016184557462111,0.048249389976263,0.0009018874261528,standing
1783086955004373500,6.33737353515625,0.1176530043475329,-0.10777399988994,0.0371019424259662,0.0029760296456515,0.0455332323908805,0.0025043115019798,standing
1783086955014417400,6.34741748046875,0.1076882213026285,-0.1256857964165508,0.009880758023262,0.0008600566070526,0.0395913124084472,0.0061162458732724,standing
1783086955024462300,6.35746240234375,0.1160807865947484,-0.149205934344232,-0.038424715462327,-0.002150114160031,0.0332700349390506,0.0103128552436828,standing
1783086955034506500,6.367506591796875,0.1350673727460205,-0.151410458651185,-0.0266939456582069,-0.0043161744251847,0.0254853330552577,0.0195230320096015,standing
1783086955044550400,6.37755029296875,0.1809947189234197,-0.1065428506597876,-0.0330126272857189,0.0026418664492666,0.018119029700756,0.0268400683999061,standing
1783086955054595600,6.387595703125,0.1869450056299567,-0.0610175094120204,0.0035720132678747,0.0199550297111272,0.0139310322701931,0.0385203771293163,standing
1783086955064639200,6.39763916015625,0.1758041645430028,-0.0716639911107718,0.048111412218213,0.0224631950259208,0.0167406667023897,0.0448933206498622,standing
1783086955074683400,6.407683349609375,0.1703353777430951,-0.0999232863895595,0.1206371347248554,0.0143881775438785,0.0249358378350734,0.0453454777598381,standing
1783086955084728600,6.417728515625,0.1235226270332932,-0.0672913289844989,0.1611094303667545,0.0003317466471344,0.0355376154184341,0.0437675565481185,standing
1783086955094772200,6.427772216796875,0.0894160670310258,-0.0696120270170271,0.1435579915851354,-0.0188393965363502,0.0411286391317844,0.0398339666426181,standing
1783086955104816400,6.43781640625,0.0806653359510004,-0.0835932060964405,0.080322075471282,-0.0291428975760936,0.0443747639656066,0.0343103036284446,standing
1783086955114861600,6.447861572265625,0.133742261622101,-0.0827681534491479,0.0279997675597667,-0.0246714949607849,0.043932981789112,0.0343376696109771,standing
1783086955124905500,6.457905517578125,0.1934177087754011,-0.0400283512666821,-0.0079430679589509,-0.0151419062167406,0.0385334230959415,0.0322417616844177,standing
1783086955134949400,6.467949462890625,0.1911610158897936,-0.0391484996922314,-0.0194406135290861,-0.0088256113231182,0.0349601432681083,0.029625030234456,standing
1783086955144993500,6.47799365234375,0.1460527310103178,-0.0511604245252907,-0.0195978499174118,-0.0036891726776957,0.0240174829959869,0.0322240106761455,standing
1783086955155038500,6.48803857421875,0.0786919900514185,-0.0746913761079311,-0.0102338092446327,0.0074585368856787,0.0101866871118545,0.0380517952144146,standing
1783086955165082400,6.498082275390625,0.0740345196343958,-0.1145975622996687,0.0169441205382347,0.0153039433062076,0.0009630941785871,0.0396931022405624,standing
1783086955175126500,6.50812646484375,0.0977720997050404,-0.1192589782394468,0.0426087231487035,0.0172671470791101,-0.0062707322649657,0.0361773781478405,standing
1783086955185171500,6.51817138671875,0.1156058625593781,-0.1173264027416706,0.061961073872447,0.0190527960658073,-0.003571352455765,0.0273311547935009,standing
1783086955195215400,6.52821533203125,0.1069138759292662,-0.0961398223280906,0.0610866291254758,0.0186899024993181,0.0081586251035332,0.0165987107902765,standing
1783086955205259500,6.538259521484375,0.0935882381491363,-0.0792060770533978,0.0963812298685312,0.0090332804247736,0.0237314607948064,0.012750175781548,standing
1783086955215304400,6.548304443359375,0.1044694053865969,-0.1074677104197442,0.1302729780763387,-0.0050258748233318,0.0302864015102386,0.0049260058440268,standing
1783086955225348400,6.558348388671875,0.1013832759395241,-0.1043940020628273,0.099712420117855,-0.0183861553668975,0.0389776267111301,-0.0012791594490408,standing
1783086955235392300,6.568392333984375,0.1231986557759344,-0.0830675747871398,0.0820002378165721,-0.0189668498933315,0.0417619571089744,-0.0064133233390748,standing
1783086955245437400,6.5784375,0.1669844598799943,-0.0873247938401997,0.0492272645056247,-0.007381566800177,0.0358500033617019,-0.009786482900381,standing
1783086955255481600,6.588481689453125,0.2008775232620537,-0.0819080294884741,-0.000402735581994,0.0007353092078119,0.025530606508255,-0.0070878057740628,standing
1783086955265525200,6.598525146484375,0.2019612268455326,-0.0583994358681142,-0.0278875393569469,0.0105099100619554,0.0167115479707717,-0.0050273183733224,standing
1783086955275570400,6.6085703125,0.1491059811010956,-0.0594743716232478,0.0054167643517255,0.0153686441481113,0.0134295765310525,0.0029145451262593,standing
1783086955285614600,6.618614501953125,0.0870195272833108,-0.0751833974085748,0.0481464835315942,0.0128418374806642,0.0127949453890323,0.0061971573159098,standing
1783086955295658200,6.628658203125,0.0615522008106112,-0.0950968891464173,0.0914963804364204,0.0023518335074186,0.008918086066842,0.0097420178353786,standing
1783086955305703400,6.638703369140625,0.0895690656356513,-0.0852097013823688,0.0997749639600515,-0.0074877478182315,0.0035435601603239,0.0094346888363361,standing
1783086955315747600,6.64874755859375,0.129794108518213,-0.0794831404291093,0.0539221443235874,-0.001988258678466,-0.0007048165425658,0.0113975089043378,standing
1783086955325791200,6.658791259765625,0.1520937647402286,-0.0456543744549155,-0.0140115742176771,0.0169100649654865,0.0052611967548727,0.0132944788783788,standing
1783086955335836400,6.66883642578125,0.1115387592509388,-0.0414297424972057,-0.0070113400667905,0.0214723739773035,0.0124236773699522,0.0130335362628102,standing
1783086955345880600,6.678880615234375,0.1144099307730793,-0.0655468234047293,0.038337037178874,0.0114682083949446,0.019686384126544,0.0166144240647554,standing
1783086955355924500,6.688924560546875,0.1290523502402007,-0.0424348278865218,0.0904214446812868,-0.0047341329045593,0.0206428337842226,0.0210494380444288,standing
1783086955365969400,6.698969482421875,0.145145845298469,-0.0312019246019423,0.0920014073491096,-0.0150094078853726,0.0163357034325599,0.0228870175778865,standing
1783086955376013600,6.709013671875,0.1690733949832618,-0.0197170923829078,0.0506856466203927,-0.0130458436906337,0.0126346964389085,0.0241435207426548,standing
1783086955386057500,6.719057373046875,0.1725305496998131,-0.0104959673121571,0.0606739566713571,-0.0107225021347403,0.0068361964076757,0.0275164134800434,standing
1783086955396101400,6.729101318359375,0.1523806188575923,-0.024192776492238,0.0540109916508197,-0.0053551206365227,-0.0020942729897797,0.0283210035413503,standing
1783086955406146600,6.739146484375,0.1609969099029898,-0.0085176529765129,0.0167307700484991,0.0084674842655658,-0.0047172200866043,0.0319152027368545,standing
1783086955416191000,6.74919091796875,0.1254791679285466,0.0175255736880004,0.0307493585288524,0.0157137438654899,-0.0086865536868572,0.0364370346069335,standing
1783086955426235100,6.759235107421875,0.1146266422636806,0.0068693012475967,0.0673661477863788,0.0144138559699058,-0.0120213646441698,0.0375403836369514,standing
1783086955436280000,6.769280029296875,0.1034039681121706,-0.009756693252176,0.0394353538095951,0.0102794207632541,-0.0086984764784574,0.0340605713427066,standing
1783086955446324200,6.77932421875,0.0840149386398494,-0.0317139657773077,0.0533101499050855,0.0093169547617435,0.0007525496184825,0.0230025965720415,standing
1783086955456368000,6.7893681640625,0.1024108654215931,-0.0723382371105253,0.0484609563082456,0.005283567123115,0.0176961347460746,0.0057436693459749,standing
1783086955466413000,6.7994130859375,0.091401980151236,-0.0820095901668071,0.0539051931887865,-0.0016188136069104,0.0311996936798095,-0.0089609744027256,standing
1783086955476457200,6.809457275390625,0.0945477308310568,-0.0991162077903747,0.0939373438477516,-0.0090766977518796,0.0397568829357624,-0.0200391672551631,standing
1783086955486501000,6.819501220703125,0.0792839645951986,-0.1270782736882567,0.1027156935870647,-0.0119928587228059,0.0459316857159137,-0.0261079799383878,standing
1783086955496546000,6.829546142578125,0.095125530719012,-0.1666376922689378,0.079844521087408,-0.0190563462674617,0.0410032346844673,-0.0331474915146827,standing
1783086955506590200,6.839590087890625,0.0947995136350393,-0.1529120953857898,0.0409486809819936,-0.0204007104039192,0.0319548770785331,-0.0352191627025604,standing
1783086955516634000,6.849634033203125,0.1246716509379446,-0.1487374400496482,-0.0117360305011272,-0.0082535929977893,0.0251948907971382,-0.0348085984587669,standing
1783086955526679000,6.859678955078125,0.1488584360808134,-0.1047679499417543,0.0015472294420003,0.00819568708539,0.0143941733986139,-0.0268247090280056,standing
1783086955536723200,6.86972314453125,0.1857289078384637,-0.0850911895692348,0.0161591076403856,0.0136945499107241,-0.002185788936913,-0.0155917853116989,standing
1783086955546767000,6.87976708984375,0.1833916970625519,-0.1158480007521808,0.025074820023775,0.0086870081722736,-0.0117337545379996,-0.0029146065935492,standing
1783086955556812000,6.88981201171875,0.184056444581598,-0.1050507124058902,0.0312871186673641,0.0020524004939943,-0.0125838285312056,0.008519796654582,standing
1783086955566856200,6.899856201171875,0.1772600624397396,-0.0779964090026915,0.0639034401118755,-0.001734614605084,-0.0127095310017466,0.0190193094313144,standing
1783086955576900000,6.909900146484375,0.1659893113628029,-0.0701664460293948,0.0605897855192422,2.65163835138e-05,-0.0119259618222713,0.0281140003353357,standing
1783086955586945000,6.919945068359375,0.1681232546515762,-0.0862289614275097,0.0564367574930191,0.0028675766661763,-0.0119595173746347,0.0373024381697177,standing
1783086955596989200,6.9299892578125,0.1975648915827274,-0.0713522948130965,0.0340805487781763,0.0109915342181921,-0.0128316916525363,0.040799681097269,standing
1783086955607033000,6.940033203125,0.1765244416415691,-0.073379562857002,-0.0181511582404375,0.0216750726103782,-0.002519663888961,0.0390742160379886,standing
1783086955617078000,6.950078125,0.1810403116308152,-0.0655466772742569,0.0084890114039182,0.0270038992166519,0.0146079957485198,0.0341320410370826,standing
1783086955627122200,6.9601220703125,0.2105253493122756,-0.0416705655157566,0.0656874009191989,0.0235218163579702,0.028608500957489,0.0326670333743095,standing
1783086955637166000,6.970166015625,0.2126594387315213,-0.025567279715836,0.0637093788444995,0.0151196075603365,0.0406831130385398,0.0313871726393699,standing
1783086955647210200,6.980210205078125,0.1512551219590008,-0.0036554537676274,0.0857248112976551,-0.003054603235796,0.0387334153056144,0.0333366058766841,standing
1783086955657255200,6.990255126953125,0.0720129506789147,-0.0248461258344352,0.094743984055519,-0.0239102095365524,0.0256130807101726,0.0314496383070945,standing
1783086955667299000,7.000299072265625,0.0311363120198249,-0.0414127913624048,0.0206651868879795,-0.0301481317728757,0.0131569430232048,0.0355418510735034,standing
1783086955677343200,7.01034326171875,0.0186469789333641,-0.023081308118999,-0.0004939209967851,-0.0211594924330711,-0.0086872680112719,0.0427964925765991,standing
1783086955687388200,7.02038818359375,0.0774685857363045,-0.0666856181763112,-0.0269219091951847,0.0016206556465476,-0.0276207458227872,0.0477678179740905,standing
1783086955697432000,7.03043212890625,0.1608019718527794,-0.0611089870877563,-0.0293938522666692,0.0219027288258075,-0.0386209152638912,0.0554291494190692,standing
1783086955707476200,7.040476318359375,0.1761960864700376,-0.0609489742204546,0.0095306294113397,0.0250817462801933,-0.0398813895881176,0.0619914457201957,standing
1783086955717521200,7.050521240234375,0.2095715557187795,-0.0875584564656019,0.0509673861712217,0.0165935903787612,-0.0354384407401084,0.0659221485257148,standing
1783086955727565000,7.06056494140625,0.2189212756052613,-0.0749659552656114,0.0914572174698114,0.0079319272190332,-0.0248137600719928,0.0659905895590782,standing
1783086955737609200,7.070609130859375,0.2023277220703661,-0.0365774801604449,0.124500239893794,-0.0009413522202521,-0.0124329132959246,0.0630532503128051,standing
1783086955747654100,7.080654052734375,0.1915488461636006,-0.023532559017837,0.1593354064315557,-0.0110142268240451,-0.0045978939160704,0.0593088418245315,standing
1783086955757698000,7.090697998046875,0.145053636970371,-0.0062676820926368,0.1324398007214069,-0.0193680487573146,-0.0035583935678005,0.0590542443096637,standing
1783086955767742200,7.1007421875,0.0830142371647059,-0.0458327997617423,0.0881663592308759,-0.0248328559100627,-0.0149197047576308,0.0586760751903057,standing
1783086955777787100,7.110787109375,0.0538904340110719,-0.086221070381999,0.0202566060870885,-0.0182814784348011,-0.0245672725141048,0.0505675487220287,standing
1783086955787831000,7.1208310546875,0.0341018838271498,-0.1245791503489017,-0.0579337180525064,-0.0052556907758116,-0.0275209844112396,0.0443184413015842,standing
1783086955797875200,7.130875244140625,0.0168152334615588,-0.1374808636285364,-0.0591238046199083,0.0075649069622159,-0.0202926397323608,0.0315151698887348,standing
1783086955807920000,7.140920166015625,0.0406866690449416,-0.1192988718584179,0.0086117610007524,0.0067217508330941,-0.005467620678246,0.0253177285194396,standing
1783086955817964000,7.150964111328125,0.0923638109207153,-0.0868191824056208,0.1060556516647338,-0.0060098273679614,0.005202917382121,0.0206307079643011,standing
1783086955828008200,7.16100830078125,0.1344933722503483,-0.0533664101369678,0.1311626203924417,-0.0173799283802509,0.0176755655556917,0.0170716606080532,standing
1783086955838053000,7.17105322265625,0.1192998947717249,-0.0467607282616198,0.0877753140866756,-0.0173179470002651,0.0268226824700832,0.0160953253507614,standing
1783086955848097000,7.181096923828125,0.1108003619737923,-0.0604665975309908,0.0689075320094823,-0.0128957675769925,0.0325090624392032,0.0189033616334199,standing
1783086955858141200,7.19114111328125,0.1265524962484836,-0.0842092921681702,0.0574789600223302,-0.0071395323611795,0.0255873370915651,0.0236414652317762,standing
1783086955868186000,7.20118603515625,0.1912745592668652,-0.1064182013668119,0.0614589695692062,-0.0089046750217676,0.0068277646787464,0.0296346433460712,standing
1783086955878230000,7.21122998046875,0.2541626848563552,-0.1386754802405834,0.0374649305194616,-0.0081238504499197,-0.0186906345188617,0.0362922549247741,standing
1783086955888274200,7.221274169921875,0.2410226327762007,-0.15788199275285,-0.0039776714593172,-0.0035488065332174,-0.035619281232357,0.0405442640185356,standing
1783086955898319000,7.231319091796875,0.1825922172479331,-0.1543409591451287,-0.0266390006005764,0.0012722671963274,-0.0426456779241561,0.0421306565403938,standing
1783086955908363000,7.241363037109375,0.1322322954505682,-0.1575305489666759,-0.0043774844318628,0.0045562111772596,-0.0426912195980548,0.043032668530941,standing
1783086955918407200,7.2514072265625,0.0819549373701214,-0.1518213775396347,0.042611645758152,0.0046014990657567,-0.0390959605574607,0.0421780832111835,standing
1783086955928451000,7.261451171875,0.0698000969350337,-0.1444536252506077,0.0596300005763769,0.0075208563357591,-0.0297197680920362,0.0409287959337234,standing
1783086955938496000,7.27149609375,0.0790980866342783,-0.1366295074962079,0.059741644257307,0.0088733211159706,-0.0178479142487049,0.0411712378263473,standing
1783086955948540200,7.2815400390625,0.1291425127416849,-0.1296285426929593,0.094009240040183,0.012496817857027,-0.0090538896620273,0.0397850647568702,standing
1783086955958584000,7.291583984375,0.1788840103797614,-0.1237481063522398,0.0777250447154045,0.014787039719522,-0.0001184795983135,0.0420654565095901,standing
1783086955968629200,7.301629150390625,0.1691363772168755,-0.1424927004411816,0.0578980622172355,0.0086684273555874,0.0100446753203868,0.0475513003766536,standing
1783086955978673200,7.311673095703125,0.169653971350193,-0.1473975697480142,0.0621183102607727,-0.0050761941820383,0.0127862244844436,0.0474572442471981,standing
1783086955988717000,7.321717041015625,0.2044756938844919,-0.1520594240792095,0.0658452218294143,-0.0135234743356704,0.0063307220116257,0.0452079363167285,standing
1783086955998762200,7.33176220703125,0.2631679752193391,-0.1370614691726863,0.0356324543952941,-0.0081825666129589,-0.0034957067109644,0.0410567969083786,standing
1783086956008806100,7.34180615234375,0.2293527993790805,-0.09479352228567,-0.0007037643551826,0.0051159281283617,-0.0107450988143682,0.0384588837623596,standing
1783086956018850000,7.35185009765625,0.1373388248093426,-0.0744857705332338,0.0043050037175416,0.0087326569482684,-0.0206461679190397,0.0390862300992012,standing
1783086956028895200,7.361895263671875,0.0533057659909129,-0.0917037395767867,-0.0072445643007755,0.0064865471795201,-0.0271820984780788,0.037739735096693,standing
1783086956038939000,7.37193896484375,-0.008134060486406,-0.0942382264904677,0.0212134684205055,0.0108989691361784,-0.034565731883049,0.0463434159755706,standing
1783086956048983000,7.381983154296875,-0.0401030239380896,-0.1177440436318516,0.0346966348499059,0.015749916434288,-0.0420111306011676,0.0494284182786941,standing
1783086956059028200,7.3920283203125,0.0138072838172316,-0.173908852315694,0.050409167766571,0.0193023066967725,-0.0458418205380439,0.0434285849332809,standing
1783086956069072100,7.402072021484375,0.0822143189586699,-0.1471498785972595,0.0613835662454366,0.020335080102086,-0.0408936664462089,0.0335743576288223,standing
1783086956079116000,7.412115966796875,0.1491881064265966,-0.1322650286763906,0.0669254182815551,0.0175256505608558,-0.0300758071243762,0.0190826915204525,standing
1783086956089161200,7.4221611328125,0.2088055397823452,-0.0759948599219322,0.0653495472669601,0.0111268749460577,-0.0170787833631038,0.015971053391695,standing
1783086956099205000,7.432205078125,0.2203450247980654,-0.0369863532222807,0.0270253695696592,0.004631326533854,-0.002479625865817,0.015947014093399,standing
1783086956109249000,7.4422490234375,0.1940669664643704,-0.0070477265544235,0.0487304208993911,-0.0057446155697107,0.0040440531447529,0.0195063278079032,standing
1783086956119294200,7.452294189453125,0.1818932751983404,-0.0114851244799792,0.0619751023977994,-0.0153142595663666,0.0064634606242179,0.027481310069561,standing
1783086956129338000,7.462338134765625,0.1744246928833425,-0.052112902944535,0.0492085598051547,-0.0202171392738819,0.0041406517848372,0.0372082367539405,standing
1783086956139382000,7.472382080078125,0.1810408961527049,-0.0652228521473705,0.0419108040124177,-0.0153034385293722,-0.0034752180799841,0.0410050302743911,standing
1783086956149426200,7.48242626953125,0.1214186404913663,-0.0630504765443503,0.0161170220643281,-0.0001993195619434,-0.0125731099396944,0.0410321950912475,standing
1783086956159471000,7.49247119140625,0.0828932411335408,-0.0676747753441333,0.0219558112204074,0.0099353566765785,-0.0231254212558269,0.0394753143191337,standing
1783086956169515000,7.502514892578125,0.0669129971913993,-0.073161243931204,0.0517225884526968,0.0116232680156826,-0.0314959995448589,0.0390777066349983,standing
1783086956179559200,7.51255908203125,0.049838382141292,-0.0569217645309865,0.0840484025180339,0.0054989559575915,-0.0358649902045726,0.0343850925564765,standing
1783086956189604000,7.52260400390625,0.0801502260357141,-0.000162204824388,0.0984165350884199,-0.0005216519348323,-0.0392863564193248,0.0323664173483848,standing
1783086956199648300,7.532648193359375,0.0921335092961788,0.007480418883264,0.0920487536221742,-0.0052752215415239,-0.0352104753255844,0.03068133816123,standing
1783086956209692000,7.54269189453125,0.0943520621284842,-0.022017332149297,0.083658526417613,-0.0086574358865618,-0.0238475650548934,0.0305556375533342,standing
1783086956219737000,7.552737060546875,0.1466840146511793,-0.0974728244975209,0.0707248105645179,-0.0086694099009037,-0.0109559530392289,0.0245702266693115,standing
1783086956229781200,7.56278125,0.1981834618724882,-0.1245583998218178,0.0447556720495223,-0.0041462965309619,0.0125810643658041,0.0129633722826838,standing
1783086956239825000,7.572824951171875,0.232345259193331,-0.0618064678326249,0.0694850396364927,-0.0081765810027718,0.0266363676637411,-0.0016567227430641,standing
1783086956249870000,7.5828701171875,0.2244549443349242,-0.0196069100067019,0.0912403598487377,-0.0193916857242584,0.0337858907878398,-0.0115679427981376,standing
1783086956259914200,7.592914306640625,0.1703504291817545,-0.0091726097539067,0.1094207441836595,-0.0325046852231025,0.0347954891622066,-0.0158533565700054,standing
1783086956269958100,7.602958251953125,0.1146405246585607,-0.0091824004955589,0.0778705906659364,-0.0365878418087959,0.0261692441999912,-0.0207525081932544,standing
1783086956280003000,7.613003173828125,0.0849358528770506,-0.0285690918803215,0.0315559987366199,-0.0293936114758253,0.015338247641921,-0.0272860657423734,standing
1783086956290047200,7.623047119140625,0.078596859113872,-0.0496606874868273,-0.0247661924660205,-0.0118367224931716,0.003171595511958,-0.0370233841240406,standing
1783086956300091100,7.633091064453125,0.0807091750927269,-0.0513907261498272,-0.0568131895899772,0.0083860540762543,-0.0042371554300189,-0.0413168631494045,standing
1783086956310136000,7.643135986328125,0.0410179468259215,-0.0490242892794311,-0.0379600205600261,0.0207660235464572,-0.0091666663065552,-0.0426500402390956,standing
1783086956320180200,7.65318017578125,0.0475552396401762,-0.0921999986611306,0.0047504093974828,0.0215470045804977,-0.0081389602273702,-0.0441830791532993,standing
1783086956330224000,7.66322412109375,0.1158257889203727,-0.1044973163068294,0.0692781188875436,0.014464858919382,-0.007317108567804,-0.0444680377840995,standing
1783086956340269000,7.67326904296875,0.1654369381770491,-0.0782813634239137,0.1061754786521196,0.006983196362853,-0.0029343077912926,-0.0410280972719192,standing
1783086956350313200,7.683313232421875,0.1848901189267635,-0.0645350160136818,0.1216015958428382,-0.0017237422289326,-0.0006455867551267,-0.0375228449702262,standing
1783086956360357000,7.693357177734375,0.1994419375009834,-0.0564871725060045,0.0972907459288835,-0.0086141992360353,0.0001862188801169,-0.0335388295352458,standing
1783086956370402000,7.703402099609375,0.1957688019461929,-0.0420174792572855,0.0776502259135246,-0.0127106737345457,-0.0057065575383603,-0.0258457548916339,standing
1783086956380446200,7.7134462890625,0.1891850396417081,-0.0577189062580466,0.0595242021143436,-0.0152010144665837,-0.0125137930735945,-0.0210456736385822,standing
1783086956390490000,7.723489990234375,0.1875054159916937,-0.0594239566102623,0.028595979887247,-0.0097961295396089,-0.019536018371582,-0.0199037101119756,standing
1783086956400534300,7.7335341796875,0.1480462429150938,-0.0589813274092972,0.0120867436349391,0.0029039389919489,-0.0242045279592275,-0.0182368606328964,standing
1783086956410579200,7.7435791015625,0.133303139552474,-0.0976217314489185,-0.0052934302330017,0.0115493591874837,-0.0211964882910251,-0.0166378989815711,standing
1783086956420623000,7.753623046875,0.0846884539872407,-0.1056155066817998,0.0014162965387105,0.0102841844782233,-0.0085274782031774,-0.0132758282124996,standing
1783086956430667000,7.7636669921875,0.0448189465440809,-0.1177998654723167,0.0447328756958246,-0.0046074129641056,0.0081180771812796,-0.0167792160063982,standing
1783086956440712000,7.7737119140625,0.0677421414919197,-0.1202225625745952,0.0936836613476276,-0.0147487642243504,0.0156885106116533,-0.0303411111235618,standing
1783086956450756000,7.783756103515625,0.1015212231054902,-0.0763615012772381,0.1032201359778642,-0.0232495740056037,0.0199000351130962,-0.0430497154593467,standing
1783086956460800000,7.793800048828125,0.1066211765930056,-0.0719138742186129,0.0712444505244493,-0.0262578018009662,0.0203382205218076,-0.058305025100708,standing
1783086956470845000,7.803844970703125,0.0740920950405299,-0.0875296687625348,0.0556353779822587,-0.0273465029895305,0.010350301861763,-0.0743505656719207,standing
1783086956480889000,7.81388916015625,0.0715416799053549,-0.1532135625503957,0.0064139586955308,-0.0225936360657215,0.0038509741425514,-0.086698405444622,standing
1783086956490933000,7.82393310546875,0.0978854969516396,-0.1960952574215829,-0.0436556018531322,-0.0096714459359645,-0.0047185458242893,-0.0955685973167419,standing
1783086956500978000,7.83397802734375,0.1844087651506066,-0.1883759152159094,-0.0428594830393791,0.011260125786066,-0.014319397509098,-0.1038990542292594,standing
1783086956511022000,7.84402197265625,0.2599605574801564,-0.1352994279362261,-0.0326630831956863,0.0319363735616207,-0.0107086822390556,-0.1071363985538482,standing
1783086956521066000,7.85406591796875,0.2542905490197241,-0.0508737165383994,0.0614250672996044,0.0307544916868209,0.0020039486698806,-0.1109664961695671,standing
1783086956531111000,7.86411083984375,0.1870683397486806,-0.0309546718426048,0.1254582712709903,0.0096574630588293,0.0189738776534795,-0.122328869998455,standing
1783086956541155000,7.874155029296875,0.1119260050028562,-0.0337277898177504,0.1588525913506746,-0.0113911600783467,0.031395498663187,-0.1349326074123382,standing
1783086956551199000,7.884198974609375,0.027484511514008,-0.0094477734334766,0.1126204170078039,-0.0215447284281253,0.0324301347136497,-0.1491245925426483,standing
1783086956561244000,7.894243896484375,-0.0069694006212055,-0.071045420821011,0.0295358910858631,-0.0174052193760871,0.0329741463065147,-0.1627486497163772,standing
1783086956571288000,7.9042880859375,0.0119438280329108,-0.127755588427931,-0.0114905313074588,-0.0059456368908286,0.0354618057608604,-0.1725142002105713,standing
1783086956581332000,7.91433203125,0.0598315144978463,-0.139117232658714,0.0315098215073347,0.0015073451213538,0.0451900735497474,-0.1750435382127761,standing
1783086956591377000,7.924376953125,0.1549624520443379,-0.1390717860817909,0.0861187790513038,-0.0097687449306249,0.052235197275877,-0.1735620200634002,standing
1783086956601420800,7.9344208984375,0.256472861494869,-0.1396745742805302,0.1110398698180913,-0.0268431808799505,0.0484926402568817,-0.1636319905519485,standing
1783086956611465000,7.94446484375,0.2794850499004125,-0.0881352334402501,0.0354530061751604,-0.0358742289245128,0.048040971159935,-0.1518957018852234,standing
1783086956621509000,7.954509033203125,0.2478884268924593,-0.0165625738747417,-0.0079880761444568,-0.0147483088076114,0.0543627850711345,-0.1406615823507309,standing
1783086956631553800,7.9645537109375,0.220380242241919,0.010200637627393,-0.0152402392297983,0.0103746205568313,0.0557457655668258,-0.1245332062244415,standing
1783086956641598000,7.974597900390625,0.2373046351663768,-0.0398554789178073,0.0011567688196897,0.0229986459016799,0.0580175146460533,-0.1114652305841445,standing
1783086956656035000,7.98903515625,0.250654968996346,-0.0416014458023011,0.1109679736256599,0.009912671521306,0.0583738461136817,-0.0897394269704818,standing
1783086956666080000,7.999080078125,0.1849476943328976,-0.0238248199626803,0.1743693094342946,-0.0144632998853921,0.0574561655521392,-0.0703469142317771,standing
1783086956676124200,8.009124267578125,0.1295123689673841,-0.0339744580551981,0.1589215649336576,-0.0392671823501586,0.0482818447053432,-0.0484424121677875,standing
1783086956686168000,8.01916796875,0.0826398508943617,-0.0952139396548271,0.0986281320124864,-0.0435131601989269,0.0286340788006782,-0.0294855721294879,standing
1783086956696213000,8.029212890625,0.0789293059386312,-0.1495277136445045,-0.037359716579318,-0.0205268822610378,0.0122609641402959,-0.0209914185106754,standing
1783086956706257200,8.039257080078125,0.0837155173018574,-0.1241961423806846,-0.1414385152131319,0.0184335187077522,0.0015594093129038,-0.0232447683811187,standing
1783086956716301000,8.049301025390625,0.1364253632262349,-0.0849469587929546,-0.0952677156686782,0.0475442633032798,0.0031772793736308,-0.0258504040539264,standing
1783086956726346000,8.059345947265625,0.187840639295429,-0.0633813159339129,0.0501525626569986,0.0411028228700161,0.0008427901193499,-0.022363631054759,standing
1783086956736390000,8.069389892578124,0.2246801313929259,-0.062511108970642,0.1373246501535177,0.0081800268962979,-0.0009990520775318,-0.0106025785207748,standing
1783086956746434000,8.07943408203125,0.2372689793311059,-0.0820320942595601,0.1578933909296989,-0.0180115550756454,0.0014890325255692,0.0001694792881608,standing
1783086956756479000,8.08947900390625,0.1930897919952869,-0.0853029326237738,0.1219002865284681,-0.0169199258089065,0.0067511722445487,0.0068505518138408,standing
1783086956766523000,8.09952294921875,0.1470322435669601,-0.0505193501427769,0.0413362189948558,-0.0036685082595795,0.0095053128898143,0.004781081341207,standing
1783086956776567000,8.109567138671874,0.1489369081445038,-0.0768380327478051,-0.0234364051669836,0.0076531218364834,0.0108568668365478,-0.0065325596369802,standing
1783086956786612000,8.119612060546874,0.1648322502821683,-0.079088295892626,-0.035140286964178,0.0065896748565137,0.0145086832344532,-0.0182971209287643,standing
1783086956796655900,8.12965576171875,0.1427875917345285,-0.0450150536380708,0.0164729958951473,0.0029856190085411,0.020834757015109,-0.0244716610759496,standing
1783086956806700000,8.139699951171876,0.0919597601644694,-0.0313861951276659,0.0618067600935697,-0.0051387632265686,0.0231520347297191,-0.0302849356085062,standing
1783086956816745000,8.149744873046876,0.0680797028832137,-0.0610476122893393,0.0788438196122646,-0.0138891115784645,0.0202587749809026,-0.0266859401017427,standing
1783086956826788900,8.159788818359376,0.0760053813159465,-0.1065815752349793,0.0415928241044282,-0.0152115877717733,0.0114635396748781,-0.0149003565311431,standing
1783086956836833000,8.1698330078125,0.0755840871639549,-0.1069850414693355,-0.0020277064353227,-0.0025437294971197,-6.5017491579e-05,-7.26743601262e-05,standing
1783086956846878000,8.1798779296875,0.0845828016556799,-0.1119819729737937,-0.0310357742547988,0.0148322666063904,-0.0112914154306054,0.0134545350447297,standing
1783086956856921900,8.189921875,0.1080615846596658,-0.1022359472461044,-0.0392307711482048,0.0296136103570461,-0.0127492295578122,0.0200738199055194,standing
1783086956866966000,8.199966064453125,0.1539648193091154,-0.0866354964017868,0.0405079514771699,0.0286879427731037,-0.0099559295922517,0.0234001576900482,standing
1783086956877010200,8.21001025390625,0.2096234320364892,-0.0880044466674327,0.1148129586160182,0.0169806871563196,-0.0078054280020296,0.0294103790074586,standing
1783086956887054800,8.220054931640625,0.2736538595288992,-0.0754999160118401,0.1532908655703067,0.0001446353271603,-0.0061887195333838,0.0341097190976142,standing
1783086956897099000,8.23009912109375,0.2607294960260391,-0.0634165333777666,0.130369424188137,-0.0117335952818393,-0.0071615725755691,0.0433152019977569,standing
1783086956907143000,8.240142822265625,0.2149493032343685,-0.0177909466259181,0.1058335333466529,-0.0123167783021926,-0.0101029137149453,0.0564392879605293,standing
1783086956917187800,8.250187744140625,0.1348036072432994,-0.0237877028226852,0.0639484482973814,-0.0148811358958482,-0.0069289589300751,0.0624862611293792,standing
1783086956927232000,8.26023193359375,0.0738679308958351,-0.0523434968300163,0.0456289477527141,-0.0125150755047798,0.0042864861898124,0.0666228011250495,standing
1783086956937276000,8.27027587890625,0.0674367288045585,-0.050522857274115,0.0568552751660347,-0.0049724713899195,0.0129084698855876,0.066660888493061,standing
1783086956947320800,8.28032080078125,0.1216292145021259,-0.0570486057810485,0.0538636921346187,-0.0018404491711407,0.0201636552810668,0.0588065460324287,standing
1783086956957365000,8.290364990234375,0.1411104523025453,-0.0280456525281071,0.0369534738659858,-0.005630393512547,0.0344821400940418,0.0493131764233112,standing
1783086956967409000,8.300408935546875,0.0929912951692938,-0.0089667119182646,0.0648328299164772,-0.0158833768218755,0.0459291115403175,0.0421105846762657,standing
1783086956977453800,8.310453857421875,0.1273742609601467,-0.0469870843634009,0.0613923340737819,-0.0278196651488542,0.0548341907560825,0.0329141579568386,standing
1783086956987498000,8.320498046875,0.1423305686820298,-0.0253767255797982,0.0384802450418472,-0.0332631804049015,0.0647113323211669,0.027598462998867,standing
1783086956997542000,8.3305419921875,0.1127755345042794,-0.0111829266630113,0.0540863949745893,-0.0346573442220687,0.0719705745577812,0.0264684837311506,standing
1783086957007587000,8.340587158203125,0.0914958689797669,-0.0501512474827468,0.0942705213248729,-0.0347475074231624,0.074719026684761,0.0275293663144111,standing
1783086957018260000,8.351260009765625,0.0751850779090076,-0.042445641541481,0.1012356841623783,-0.0324092507362365,0.0694630071520805,0.0263956598937511,standing
1783086957028304100,8.36130419921875,0.0679375909987837,-0.0436500488951802,0.0410714305788278,-0.0202598925679922,0.0691732391715049,0.0292362086474895,standing
1783086957038348000,8.37134814453125,0.0717632137015461,-0.0371988269291818,0.0507476059406995,-0.0195624101907014,0.0705050900578498,0.0332072488963604,standing
1783086957048393000,8.38139306640625,0.0929264863047748,-0.04287643417418,0.0710620796948671,-0.032124824821949,0.0629678219556808,0.0338117629289627,standing
1783086957058437000,8.39143701171875,0.1637033193174749,-0.0855883254364132,0.0581762946367263,-0.0415249839425087,0.0512760132551193,0.0354514718055725,standing
1783086957068481000,8.40148095703125,0.21592574705109,-0.0984304174832999,0.0242892226040363,-0.0341699756681919,0.0358720049262046,0.0412306971848011,standing
1783086957078525200,8.411525146484376,0.2444074529089033,-0.1125318619415163,-0.0088210198372602,-0.016041038557887,0.0219623148441314,0.0425249934196472,standing
1783086957088569900,8.42156982421875,0.2615934193789959,-0.1153004498720169,-0.0126683429151773,0.0019879029132425,0.0033492092043161,0.0419304519891738,standing
1783086957098614000,8.431614013671876,0.2308772324673831,-0.0845277104675769,-0.0042991584986448,0.0154107678681612,-0.0008063875138759,0.0354914590716362,standing
1783086957108658200,8.441658203125,0.170249379960075,-0.1064259462818503,0.0152758950650691,0.0111724091693758,0.0093358904123306,0.0205567851662635,standing
1783086957118702800,8.451702880859376,0.1325583855997771,-0.1234613983653485,0.0466238040089607,-0.0053426511585712,0.0234588980674743,-0.0013192186597734,standing
1783086957128747000,8.4617470703125,0.1015277259115129,-0.1184925239115953,0.0522527498066425,-0.0180390197783708,0.0492363944649696,-0.0219355802983045,standing
1783086957138791200,8.471791259765626,0.0838148860231041,-0.1173147123038768,0.081222823703289,-0.0221642553806304,0.0723843201994896,-0.0362740382552146,standing
1783086957148835800,8.4818359375,0.0515071921363472,-0.10591361284554,0.1006575920134782,-0.0205532293766737,0.0832834094762802,-0.0383341908454895,standing
1783086957158880000,8.4918798828125,0.1212039748273789,-0.1245513855591416,0.084352353900671,-0.0207998380064964,0.0769011452794075,-0.0352968499064445,standing
1783086957168924200,8.501924072265625,0.1630935899212956,-0.1526117972649633,0.0643786564081907,-0.0197999961674213,0.0703187435865402,-0.0239186491817235,standing
1783086957178968800,8.51196875,0.1469648043539375,-0.1552067821942269,0.0369973130077123,-0.0170383006334304,0.0581755302846431,-0.0150955971330404,standing
1783086957189013000,8.522012939453125,0.1839328912671655,-0.1402881761342287,-0.0061707975894212,-0.0100946370512247,0.0485843680799007,-0.0104433381929993,standing
1783086957199057200,8.53205712890625,0.2345717761363834,-0.1069810959465801,-0.0230266553223133,0.0068886075168848,0.0473116412758827,-0.0073753762990236,standing
1783086957209101800,8.542101806640625,0.2486036624897271,-0.0432217404805123,0.0241425076097249,0.0228502508252859,0.0476615913212299,-0.0037106261588633,standing
1783086957219146000,8.55214599609375,0.2319144665606319,-0.0340747035592794,0.0525958641558885,0.0248303115367889,0.0534622222185134,-0.0007033844012767,standing
1783086957229190000,8.56218994140625,0.1654909333866089,-0.0792975547291338,0.0702501787900924,0.0188786908984184,0.0725032836198806,0.0034154856111854,standing
1783086957239234800,8.57223486328125,0.0430967258613556,-0.1249703416235744,0.1164735853046178,-0.0023014286998659,0.0900207534432411,0.0040660956874489,standing
1783086957249279000,8.582279052734375,-0.0177894122559577,-0.1544388665616512,0.1412473765552044,-0.0234416350722312,0.0993533581495285,0.0035257157869637,standing
1783086957259323000,8.592322998046875,-0.0147273212715983,-0.1222045301720499,0.1334767425537109,-0.0341235734522342,0.101301722228527,0.0034018787555396,standing
1783086957269367800,8.602367919921875,0.0429325482755899,-0.1281592007927596,0.0666629679530858,-0.0295585226267576,0.0910187289118766,-0.00262420065701,standing
1783086957279412000,8.612411865234375,0.1195665828838944,-0.0965508873470127,0.0217243405520915,-0.0174597818404436,0.0809604972600936,-0.0073169562965631,standing
1783086957289455900,8.622455810546874,0.1993909379661083,-0.0594368160918354,-0.0005453589230775,-0.0053083593957126,0.0694025233387947,-0.0080549512058496,standing
1783086957299500000,8.6325,0.2744902372878045,-0.040313890209794,0.0091939448028802,0.0044321520254015,0.049691941589117,0.0006682332605123,standing
1783086957309545000,8.642544921875,0.2687916603200137,-0.0390676895409822,-0.0319780235409736,0.0132947769016027,0.0345342233777046,0.0154726300388574,standing
1783086957319588900,8.6525888671875,0.1749935057472437,-0.0618419775374233,-0.0141021751105785,0.0119663923978805,0.0232213791459798,0.0254842527210712,standing
1783086957329633000,8.662633056640624,0.1228119214806705,-0.0985443992517888,0.0218108497917652,0.0012006890028715,0.012271799147129,0.0309702195227146,standing
1783086957339678000,8.672677978515624,0.1082431517716497,-0.1195072539120912,0.0441045146644115,-0.008759799413383,-5.57075254619e-05,0.0364912189543247,standing
1783086957349721900,8.682721923828124,0.0506699375946074,-0.1383040165796875,0.0235948105990886,-0.0074041886255145,-0.0018142964690923,0.0370777137577533,standing
1783086957359766000,8.69276611328125,0.0139731419034302,-0.1368710611671209,0.0091688103616237,-0.0023889236617833,0.0024315814953297,0.0280988682061433,standing
1783086957369811000,8.70281103515625,0.0709391839675605,-0.1123024370998144,0.0756891549736261,0.004265833646059,0.0062123243696987,0.0241209343075752,standing
1783086957379854800,8.712854736328126,0.1479314574290066,-0.1043229826532304,0.1001747769325971,0.0020990853663533,-0.0003228061832487,0.0293844044208526,standing
1783086957389899000,8.72289892578125,0.200432994364947,-0.0763213153973221,0.093714641007781,-0.0004650857299566,-0.005467596463859,0.0354150608181953,standing
1783086957399944200,8.732944091796876,0.1920129565440118,-0.0634071810275316,0.0614122078180313,-0.0033138690050691,-0.0134006207808852,0.0362510234117507,standing
1783086957409987800,8.74298779296875,0.1528982129909098,-0.0664246291525662,0.0256342074722051,0.0008077472448348,-0.0141654070466756,0.0360543392598629,standing
1783086957420031700,8.75303173828125,0.0913785992756485,-0.0788702692277729,0.0648439358323812,-0.0011067992309108,-0.0155731551349163,0.0275918785482645,standing
1783086957430077000,8.763076904296875,0.0835317582327872,-0.0925700010173022,0.0718295569360256,-0.0031516966409981,-0.017938369885087,0.0185883864760398,standing
1783086957440120600,8.77312060546875,0.0951743382968008,-0.0965789443977177,0.0397504111081361,-0.0008898738306015,-0.0149969086050987,0.0150381252169609,standing
1783086957450164700,8.783164794921875,0.1008225733168423,-0.1053914886675775,0.0200900173485279,0.0095505602657794,-0.0114557389169931,0.0116016510874032,standing
1783086957460210000,8.7932099609375,0.1178174011290073,-0.0834966138541698,0.0369254168152809,0.0114789549261331,-0.0091566313058137,0.0170936211943626,standing
1783086957470253800,8.80325390625,0.1156551815938204,-0.0916077318564057,0.0402343952327966,0.0016035938169807,-0.012921892106533,0.0211053118109703,standing
1783086957480297700,8.813297607421875,0.1210596709858626,-0.1198547521755099,0.0346755920618772,-0.0006513048429042,-0.0179312974214553,0.0218912102282047,standing
1783086957490343000,8.823343017578125,0.1467825065895915,-0.1173642505340278,0.0102671269923448,0.004918242804706,-0.0193037949502468,0.0233003627508878,standing
1783086957500386800,8.83338671875,0.1568923241283744,-0.0905908098988235,0.016514496949315,0.013966865837574,-0.0177367907017469,0.0232271272689104,standing
1783086957510430700,8.8434306640625,0.1775585339296609,-0.0865837662145495,0.048180385801196,0.0167129300534725,-0.0103128664195537,0.0223358403891325,standing
1783086957520475600,8.8534755859375,0.2031737444404512,-0.0680832100145518,0.1058019691646099,0.0092382356524467,-0.0010237609967589,0.0240889992564916,standing
1783086957530519800,8.863519775390625,0.2122742388062179,-0.0596808539807796,0.14685060338974,-0.0086293518543243,0.0038219457492232,0.0248853825032711,standing
1783086957540563700,8.873563720703125,0.207028227911517,-0.0648655631422996,0.1324181734114885,-0.0253532025963068,0.0030203342903405,0.0257991105318069,standing
1783086957550607600,8.883607666015624,0.1670740378595888,-0.0330865693047642,0.0697685327529907,-0.0212452467530965,-0.0066869133152067,0.0295659285038709,standing
1783086957560652800,8.89365283203125,0.1110620816498994,-0.0287939866773784,0.0031043957561254,-0.0065110428258776,-0.0242592487484216,0.0296458229422569,standing
1783086957570696700,8.90369677734375,0.0413435985837131,-0.0557885227173566,-0.05660276170969,0.0100791361182928,-0.0386329255998134,0.0246284324675798,standing
1783086957580740600,8.91374072265625,-0.0086559654686599,-0.0853895879939198,-0.0346411052703857,0.0226782839745283,-0.0450660586357116,0.0176658648997545,standing
1783086957590785800,8.923785888671874,0.0046005525980144,-0.1241502574123442,0.0301677592486143,0.0224950592964887,-0.047878623008728,0.0096476199105381,standing
1783086957600830000,8.933829833984374,0.0567563448362052,-0.1252358606919646,0.0633984131991863,0.0150310173630714,-0.0332418903708457,0.0038754851557314,standing
1783086957610873600,8.94387353515625,0.0941245369829237,-0.0748414521031081,0.1078460422128438,-0.0008710003457963,-0.0182639397680759,-0.00141755444929,standing
1783086957620918800,8.953918701171874,0.1642114880353212,-0.0430249027341604,0.1246808571577072,-0.0131798647344112,-0.0045561180450022,-0.0013160880189388,standing
1783086957630963000,8.963962890625,0.2428656302943825,-0.0244403215125203,0.0795966838061809,-0.0158604625612497,0.0107272239401936,0.0036596381105482,standing
1783086957641006600,8.974006591796876,0.2881523404806852,-0.0048119303263723,0.0781710349172353,-0.0128532201051712,0.0147709678858518,0.0118624400347471,standing
1783086957651051800,8.9840517578125,0.2600625565499067,-0.0130950438946485,0.0655646513223648,-0.0171809494495391,0.0172148123383522,0.0229085907340049,standing
1783086957661096000,8.994095947265626,0.1911119891162961,-0.0628150603532791,0.0585679243028163,-0.0202308017760515,0.0157524719834327,0.0303172376006841,standing
1783086957671139800,9.004139892578126,0.1179141395017504,-0.1177178862772881,0.0446533807188272,-0.0143248811364173,0.0080277910456061,0.0377739183604717,standing
1783086957681184800,9.014184814453126,0.0924696824479848,-0.1120174826785922,0.0399327819377183,0.0007946833502501,-0.0053223692812025,0.0412008725106716,standing
1783086957691228700,9.024228759765624,0.1134031648833304,-0.0896161196477711,0.0214572140485048,0.0081991162151098,-0.0190720930695533,0.0417079888284206,standing
1783086957701272800,9.03427294921875,0.1015181543655693,-0.0657416153244674,0.0294493818461894,0.0122042447328567,-0.0270762257277965,0.0416137129068374,standing
1783086957711317800,9.04431787109375,0.1295729400482028,-0.0878375656679272,0.0338853184670209,0.0166180469095706,-0.0231827497482299,0.0381597131490707,standing
1783086957721361700,9.054361572265623,0.1274228493422269,-0.0727998632729053,0.0979436568796634,0.0106046292930841,-0.0170284491032362,0.0331979766488075,standing
1783086957731405800,9.06440576171875,0.1004877153392881,-0.0636686084426939,0.0979722984522581,-0.0071396580897271,-0.0121203660964965,0.0224272087216377,standing
1783086957741450800,9.07445068359375,0.0837112795181572,-0.0541723196923732,0.0944067149251699,-0.0182746015489101,-0.0017209881916642,0.0098147448152303,standing
1783086957751494700,9.08449462890625,0.0756533530078828,-0.026372020227462,0.0670773939728736,-0.0114588476717472,0.0023774630390107,-0.0034199289511889,standing
1783086957761538800,9.094538818359377,0.0848944248881191,-0.0199913792796432,0.0125900169819593,0.0011858404614031,0.0066473092883825,-0.0138885490596294,standing
1783086957771582700,9.104582763671877,0.0972854121666401,-0.0447400360889732,-0.0070569327741861,0.0050918329507112,0.0017462382093071,-0.0223025791347026,standing
1783086957781627600,9.114627685546877,0.1488514948833733,-0.0537558478459715,0.0178840317368507,0.0096333213150501,-0.0041763656772673,-0.0301093701273202,standing
1783086957791671800,9.124671875,0.133725968074426,-0.0295538651339709,0.0076765259772539,0.0125352144241333,-0.007116796914488,-0.0304083544760942,standing
1783086957801716000,9.134716064453125,0.1339232442121952,-0.0201605983667075,0.0502858336478471,0.0095242448151111,-0.0051455250941216,-0.0295508187264204,standing
1783086957811760600,9.1447607421875,0.0969001391761004,-0.0257991887755692,0.074484455358982,0.0013895845040678,0.0078409807756543,-0.032807607203722,standing
1783086957821804800,9.1548046875,0.0853062936246395,-0.0255034206993877,0.1076531499892473,-0.0148072279989719,0.0246210265904665,-0.0413965657353401,standing
1783086957831848700,9.1648486328125,0.1079211532756686,-0.0229863233119249,0.1178559795737266,-0.0286097172647714,0.0438665673136711,-0.0480167903006076,standing
1783086957841893600,9.1748935546875,0.1087259668525308,-0.0248445183992385,0.1150567042440176,-0.030754892155528,0.0530872270464897,-0.052596628665924,standing
1783086957851937800,9.184937744140624,0.143944287488982,-0.0405710798412561,0.065972647601366,-0.0247030332684516,0.0534787997603416,-0.0553371906280517,standing
1783086957861981700,9.194981689453124,0.1527330855570733,-0.0653115533441305,0.0327981077522039,-0.0195556748658418,0.0452504307031631,-0.0539997518062591,standing
1783086957872026600,9.205026611328124,0.1480466813065111,-0.1249405310072004,0.0145101713895797,-0.0133119579404592,0.0271232482045888,-0.0434744618833065,standing
1783086957882070800,9.21507080078125,0.153768200758472,-0.1656365524023771,0.0072159227281808,-0.0028265595901757,0.0059175617061555,-0.0320755988359451,standing
1783086957892114700,9.22511474609375,0.1467473622109741,-0.1555234469279647,0.0190010530680418,0.0033476219978183,-0.0151377953588962,-0.0252311211079359,standing
1783086957902159600,9.23515966796875,0.1645700922146439,-0.1594707232490181,0.0255851076334714,0.00601318012923,-0.0278250947594642,-0.0242630615830421,standing
1783086957912203800,9.245203857421876,0.1810191957775503,-0.0922290786251425,0.0492933154791593,0.0040025869384408,-0.031465820968151,-0.0128744896501302,standing
1783086957922247700,9.25524755859375,0.1499471081003546,-0.071293550363183,0.0728857879906892,0.0006613847799599,-0.0404686331748962,-0.0015392773784697,standing
1783086957932292600,9.265292724609376,0.1348677585206925,-0.1080102928638458,0.0366869318842887,-0.001590883010067,-0.0396637469530105,-0.0024847243912518,standing
1783086957942336800,9.275336669921876,0.0975236048366874,-0.135497288595885,-0.0047983401924371,0.0043903104960918,-0.0283178817480802,-0.0070235496386885,standing
1783086957952380700,9.285380615234375,0.0434399132758379,-0.1807731851272284,0.0228244107484817,0.0087895859032869,-0.0033001461997628,-0.0151025159284472,standing
1783086957962424800,9.2954248046875,0.0613374620813876,-0.183285314078629,0.0448269837200641,-0.0024710576981306,0.0215229112654924,-0.0249394327402114,standing
1783086957972469800,9.3054697265625,0.0581102436631917,-0.1633952032163739,0.0860416221618652,-0.014354083687067,0.0402167551219463,-0.0304321907460689,standing
1783086957982513700,9.315513671875,0.0782486301980912,-0.1565836235053837,0.1077472580134868,-0.027876017615199,0.0497159846127033,-0.032394140958786,standing
1783086957992557800,9.325557861328123,0.0801258953120559,-0.1366295074962079,0.1185387011408805,-0.0365928262472152,0.0454046092927455,-0.0266971252858638,standing
1783086958002602800,9.335602783203123,0.0898765972148627,-0.1373264037191867,0.0639396804690361,-0.0357989370822906,0.0350449122488498,-0.019049858674407,standing
1783086958012646700,9.345646728515623,0.1889727120652794,-0.1241650165900588,0.0001899696141481,-0.018537126481533,0.0186355784535408,-0.0123935546725988,standing
1783086958022690800,9.35569091796875,0.1985585057299584,-0.1174482755556702,-0.0232896901726722,-0.0042452728375792,0.0134314950555562,-0.0088954921811819,standing
1783086958032735700,9.36573583984375,0.167483057051897,-0.0891546396158635,-0.0109340664684772,-0.002503799740225,0.0112311141565442,-0.0103151956573128,standing
1783086958042779600,9.375779541015625,0.145734312710911,-0.0579927547633647,0.0269844530373811,-0.0051648300141096,0.0116164740175008,-0.0067518856376409,standing
1783086958052823800,9.38582373046875,0.0753916333317756,-0.0502343957215547,0.0208177471011877,9.9288299679e-06,0.0199133083224296,-0.005809704773128,standing
1783086958062868700,9.39586865234375,0.0335910116955637,-0.0330588045150041,0.0618237112283706,0.0025378013961017,0.0341076888144016,-0.0106103187426924,standing
1783086958072912600,9.40591259765625,0.027041955378279,-0.0580063448973,0.0893581993639469,0.0003334851935505,0.0454842485487461,-0.0151539398357272,standing
1783086958082956800,9.415956787109376,0.0779259741149842,-0.0755754654660821,0.0964484498858451,-0.0022889296524226,0.0532779917120933,-0.0186410844326019,standing
1783086958093001700,9.426001708984376,0.1272105948310345,-0.0705368867769837,0.0779448249459266,-0.0056997016072273,0.0574539303779602,-0.0208782088011503,standing
1783086958103045600,9.436045654296874,0.1470567204210907,-0.0549114476218819,0.0673591335237026,-0.0046996842138469,0.0503797754645347,-0.0207367949187755,standing
1783086958113089800,9.44608984375,0.1795006079081446,-0.0659706017747521,0.0364414326906204,-0.0078113386407494,0.039204154163599,-0.0147316381335258,standing
1783086958123135000,9.456135009765624,0.1454348183076828,-0.0786754773080349,-0.0107645551204681,-0.0061990614049136,0.0263200476765632,-0.0051775481551885,standing
1783086958133178600,9.4661787109375,0.166070779101178,-0.0788794754475355,0.0053700026005506,-0.0055511454120278,0.0137590570375323,0.0022965848911553,standing
1783086958143222800,9.476222900390624,0.1817179916966706,-0.0481722024947404,0.023918635725975,-0.0063391746953129,-0.0002598227001726,0.0080021414905786,standing
1783086958153267700,9.486267822265624,0.2191932974796742,-0.0551110618472099,0.0277852480262517,-0.0035086264833807,-0.0156518332660198,0.0169947128742933,standing
1783086958163311600,9.4963115234375,0.2320047021273523,-0.0689822046808898,0.0411333898991346,0.0030741749797016,-0.035507034510374,0.0239093452692031,standing
1783086958173355800,9.506355712890626,0.1506540873259305,-0.0936414296410977,0.0419715942889451,0.0091014569625258,-0.0517696924507617,0.0249999184161424,standing
1783086958183399700,9.516399658203126,0.0788944538209587,-0.1015478188514709,0.0176525610685348,0.0140136582776904,-0.0591445192694664,0.0254702325910329,standing
1783086958193444600,9.526444580078126,0.0464810345374047,-0.1161582357451319,0.0479389782607555,0.016151251271367,-0.0643651187419891,0.0318571701645851,standing
1783086958203488800,9.53648876953125,0.0413634723279625,-0.1333140993379056,0.098675478285551,0.011801510117948,-0.065457284450531,0.0354947820305824,standing
1783086958213532700,9.54653271484375,0.0731518185157328,-0.1271520695768296,0.1157949553906917,0.003715636441484,-0.0660272017121315,0.0321144498884677,standing
1783086958223577900,9.556577880859376,0.1466238819617778,-0.1194318505883216,0.0747258628994226,-0.0035127154551446,-0.0611493624746799,0.0265372563153505,standing
1783086958233621800,9.566621826171875,0.1985632549703121,-0.1097884084522724,0.0550625465303659,-0.0043912287801504,-0.0533165819942951,0.0226195435971021,standing
1783086958243665700,9.576665771484375,0.2010382667817175,-0.0608446370631456,0.0095744685530662,-0.0057920515537261,-0.0476741418242454,0.0186881851404905,standing
1783086958253710800,9.5867109375,0.2192337025552987,-0.0635717239394784,-0.0260527251452207,0.0086856912821531,-0.0394357033073902,0.0149866510182619,standing
1783086958263754800,9.596754638671875,0.2262552717551589,-0.0329874928444623,0.0071925418525934,0.0201559253036975,-0.0290802679955959,0.0173227749764919,standing
1783086958273798700,9.606798583984377,0.1309395522262901,-0.0981926632046699,0.0536813213050365,0.0064286328852176,-0.0233842749148607,0.0159259028732776,standing
1783086958283843800,9.61684375,0.0611135901976376,-0.13306816175282,0.0733382079333066,-0.0057084574364125,-0.0259955041110515,0.0163685195147991,standing
1783086958293887700,9.6268876953125,0.0612695844769477,-0.1119799271471798,0.0572650250107049,-0.0006111992988735,-0.0296231806278228,0.0176036693155765,standing
1783086958303931600,9.636931640625,0.0728466980893164,-0.0966777285970747,0.0573801758229732,0.0164418183267116,-0.0312663540244102,0.0171812921762466,standing
1783086958313976800,9.646976806640623,0.1102005694497376,-0.0768960465453565,0.0507306548058986,0.0228714756667614,-0.0402134954929351,0.0162502266466617,standing
1783086958324020700,9.657020751953125,0.1286300331749021,-0.0793349641300737,0.0483481435835361,0.0152633562684059,-0.0436029024422168,0.0192673224955797,standing
1783086958334064600,9.667064697265625,0.1400828628204762,-0.0594938069760799,0.0727139385551214,0.0085710640996694,-0.0466502234339714,0.0198572035878896,standing
1783086958344109800,9.67710986328125,0.13389577168338,-0.0547466124489903,0.059564534124732,0.0052522332407534,-0.0504545494914054,0.0224239584058523,standing
1783086958354153700,9.68715380859375,0.1444344090934842,-0.078374010143429,0.0280032746911048,0.0101906582713127,-0.0511757247149944,0.0257221404463052,standing
1783086958364197600,9.69719775390625,0.1399989839293062,-0.0773033121719956,0.0259995336532592,0.0177556350827217,-0.0549765899777412,0.0302196852862834,standing
1783086958374242800,9.707242919921876,0.1677306020721793,-0.0769341865986585,0.0195803142607212,0.0259610842913389,-0.0605300664901733,0.0323813557624816,standing
1783086958384286700,9.71728662109375,0.203266537290439,-0.0381022055096924,0.0415396326124668,0.0331675969064235,-0.059944175183773,0.0365870185196399,standing
1783086958394330600,9.72733056640625,0.1349937960531562,-0.0451079926185309,0.0611059183478355,0.0259575434029102,-0.057964738458395,0.0359089002013206,standing
1783086958404374800,9.737374755859374,0.0770143391627818,-0.0637387510694563,0.0714139618724584,0.011599376797676,-0.0494309067726135,0.034331776201725,standing
1783086958414419700,9.747419677734374,0.0707322632186114,-0.054361120262742,0.0790858116745948,0.0005906363949179,-0.041714321821928,0.02863684669137,standing
1783086958424463400,9.75746337890625,0.1319593967933207,-0.0485236462809145,0.0663958414494991,-0.0020501541439443,-0.0296320915222167,0.0213392525911331,standing
1783086958434507000,9.767507080078126,0.1868468059524893,-0.0203162273198366,0.0701437958061695,0.0027660015039145,-0.0229778848588466,0.017252180725336,standing
1783086958444552200,9.77755224609375,0.1663263612974435,-0.0063588675074279,0.0695019907712936,0.0066699292510747,-0.0210439004004001,0.0184743050485849,standing
1783086958454596400,9.787596435546876,0.1422800075385719,-0.0038273032031953,0.0610357757210731,0.0072738239541649,-0.0171732790768146,0.0141502963379025,standing
1783086958464640300,9.79764013671875,0.1071191161777824,-0.0061537003241479,0.075217445808649,0.0096288574859499,-0.0104591827839612,0.0085778972133994,standing
1783086958474685200,9.807685302734376,0.1355306794088333,-0.0160883804917335,0.0999053123414516,0.0146640045568346,0.0021238445769995,0.0013717992696911,standing
1783086958484729300,9.817729248046875,0.1588667660064995,-0.0563547782979905,0.1132230590760707,0.010349684394896,0.012878487817943,-0.0065782694146037,standing
1783086958494773200,9.827773193359375,0.1198698766794055,-0.0965947264887392,0.1003121395766735,-0.0037858602590858,0.0256111305207014,-0.0144473770633339,standing
1783086958504818200,9.837818115234375,0.1052496690440922,-0.0814804517261683,0.0866436797082424,-0.0123391347005963,0.0386992320418357,-0.0159770958125591,standing
1783086958514862300,9.8478623046875,0.1168824583664536,-0.0883532601051032,0.0871861160218715,-0.0186157692223787,0.044686522334814,-0.0149936750531196,standing
1783086958524906200,9.85790625,0.1483368964247405,-0.0898738938011229,0.0691863489508628,-0.0152066554874181,0.0463712364435195,-0.0146517250686883,standing
1783086958534951200,9.867951171875,0.1663303068201989,-0.0654309419400989,0.0066577043235301,-0.0098649645224213,0.0432088524103164,-0.0135332848876714,standing
1783086958544995300,9.877995361328123,0.156577486025542,-0.0847261556491255,-0.0749181706011295,0.0039395308122038,0.0413126796483993,-0.0121617559343576,standing
1783086958555039200,9.888039306640623,0.2121035584144294,-0.0462388963446021,-0.0218605341523885,0.0234879050403833,0.0405582264065742,-0.0049094837158918,standing
1783086958565084200,9.898084228515623,0.1703004525601864,-0.0272597628474235,0.0424666843295097,0.0188159216195344,0.0280544217675924,0.0025295240338891,standing
1783086958575128300,9.90812841796875,0.1948071903724223,-0.0650917731136083,0.0598608867228031,0.0090547259896993,0.0227287746965885,0.0102951517328619,standing
1783086958585172200,9.918172119140625,0.2068582781720906,-0.083133479630202,0.1043915178447961,-0.0052320677787065,0.0138087812811136,0.0113878464326262,standing
1783086958595217200,9.928217041015625,0.1945920863170176,-0.0945604441821575,0.0705576373040676,-0.0101027693599462,0.009731039404869,0.0076388670131564,standing
1783086958605261000,9.938260986328125,0.2296370231479406,-0.0733620272003114,0.054517772129178,-0.0040549971163272,0.0048990002833306,0.0028158822096884,standing
1783086958615305200,9.94830517578125,0.2422824966441839,-0.0476262590497732,0.0129027361929416,0.0006394863594323,-0.0053132087923586,-0.0037231426686048,standing
1783086958625349400,9.958349365234374,0.2452608548678457,-0.0687371438786387,-0.0406675259530544,0.0137989642098546,-0.0137660820037126,-0.0089634452015161,standing
1783086958635394000,9.96839404296875,0.2243520684823393,-0.0502526620306074,-0.0325602073431015,0.0299600567668676,-0.0184209402650594,-0.0129081420600414,standing
1783086958645438200,9.978438232421874,0.1458258634518832,-0.0319638488851487,0.0157435125768184,0.0280250050127506,-0.0154975894838571,-0.0193386115133762,standing
1783086958655482400,9.988482421875,0.1202705664347857,-0.0504879320912063,0.0436824898600578,0.022068403661251,-0.0089636044576764,-0.0237047486007213,standing
1783086958665527000,9.998527099609374,0.1097965186934918,-0.0400111078709363,0.073484922927618,0.005706476047635,0.001428316347301,-0.0253441892564296,standing
1783086958675571200,10.0085712890625,0.1093542548187077,-0.068331777948141,0.0912391908049583,-0.0003193498123437,0.0155383013188838,-0.0258309058845043,standing
1783086958685615400,10.018615478515626,0.1423305686820298,-0.03327157048285,0.1515916604369878,-0.0086132325232028,0.0272372998297214,-0.0174131859093904,standing
1783086958695660000,10.028659912109376,0.1303963121950626,-0.0729828186243772,0.1402519357770681,-0.0299038738012313,0.0288029238581657,-0.0112740769982337,standing
1783086958705704200,10.0387041015625,0.1635460829291492,-0.1180089781783521,0.0521937130957841,-0.0366866774857044,0.0286801513284444,-0.0010294287931174,standing
1783086958715748400,10.048748291015626,0.2276389811985194,-0.0769343327291309,-0.0123135381281375,-0.020919494330883,0.0220284759998321,0.0115432841703295,standing
1783086958725793000,10.05879296875,0.2707248203396797,-0.0329288945250213,-0.0492179121553897,0.0027112665120512,0.0127039505168795,0.0250042304396629,standing
1783086958735837200,10.068837158203126,0.3162181590139866,-0.0165318864755332,-0.0178413616389036,0.0111745260655879,0.006002904381603,0.0420175716280937,standing
1783086958745881000,10.078881103515624,0.3070235566239804,-0.0349620077878236,0.0412029480040073,-0.0035594124346971,-0.0033794119954109,0.0553456246852874,standing
1783086958755926000,10.088926025390624,0.2418960546098649,-0.0704110684402287,0.0820008223384618,-0.0160249657928943,-0.0053507145494222,0.0653470456600189,standing
1783086958765970200,10.09897021484375,0.1750426786512136,-0.0595163110688328,0.0891214679986238,-0.0213334448635578,-0.0091182887554168,0.0720571503043174,standing
1783086958776014000,10.10901416015625,0.1398217276662588,-0.0674507573299109,0.0485574024200439,-0.0216960422694683,-0.0146842878311872,0.0727206692099571,standing
1783086958786059300,10.119059326171875,0.1070595680102705,-0.0780539844088256,0.038113165295124,-0.0157960765063762,-0.0121734607964754,0.0679919570684433,standing
1783086958796103200,10.129103271484375,0.0677590195614844,-0.0574772064566612,0.075079498642683,-0.0132797481492161,-0.0056927422992885,0.0638732835650444,standing
1783086958806147000,10.13914697265625,0.0852650117661803,-0.0377216817595064,0.0744219115167856,-0.0151295801624655,0.0058656432665884,0.0551700741052627,standing
1783086958816192300,10.149192138671877,0.0705832832019776,-0.0494274632528424,0.0660720163226127,-0.016305286437273,0.0183596946299076,0.0480869375169277,standing
1783086958826236200,10.159236083984377,0.0220993844095617,-0.0547531883202493,0.050174189966917,-0.0065093813464045,0.0363429561257362,0.0394806638360023,standing
1783086958836280000,10.169280029296877,0.0710316114913672,-0.0846031137913465,0.0548047723770141,-0.0011301260674372,0.0527330040931701,0.0275019779801368,standing
1783086958846324200,10.17932421875,0.1300703681763261,-0.066101242417097,0.0806505767732858,-0.0128520298749208,0.0662781074643135,0.0238260179758071,standing
1783086958856369200,10.189369140625,0.1743780041974038,-0.0722933750554919,0.0902887582123279,-0.0333864577114582,0.0674735456705093,0.021599743515253,standing
1783086958866413000,10.1994130859375,0.2070247938454151,-0.0648017041258513,0.0465700279951095,-0.0389772318303585,0.0658828392624855,0.0241111032664775,standing
1783086958876457200,10.209457275390625,0.1743716475218534,-0.06310235286206,0.0387871190339326,-0.0281181894242763,0.0620960853993892,0.0251321606338024,standing
1783086958886502100,10.219502197265625,0.1720291760489344,-0.1075169563889503,0.0107791681677103,-0.0173033606261014,0.0538405515253543,0.0230184085667133,standing
1783086958896546000,10.229546142578124,0.1534981516454368,-0.1377225634299218,0.0025701427489519,-0.0073575368151068,0.0468674004077911,0.0192827880382537,standing
1783086958906590200,10.239590087890624,0.1685845154877752,-0.1164665710419416,0.0192903914034366,0.0019281071145087,0.0399586260318756,0.0143197206780314,standing
1783086958916635400,10.249635498046874,0.1311998836629092,-0.0632715719491243,0.0463163454949855,0.0021104717161506,0.0305580385029315,0.0117843225598335,standing
1783086958926679000,10.259678955078124,0.0821870656255632,-0.0598462736755609,0.0458832147747278,0.0037834697868674,0.0223054345697164,0.0092649720609188,standing
1783086958936723200,10.26972314453125,0.0933862858362495,-0.0852675690494477,0.0455915383517742,0.0098735112696886,0.0151909105479717,0.004941766615957,standing
1783086958946768400,10.279768310546874,0.107336996712163,-0.0850542185597121,0.0484124409914016,0.0097784362733364,0.0105639342218637,-0.0013784472830593,standing
1783086958956812000,10.28981201171875,0.1036178300585597,-0.0921503143005073,0.0456383001029491,0.0044142473489046,0.012835276313126,-0.0048730662092566,standing
1783086958966856200,10.299856201171876,0.155709324888885,-0.0685416213065385,0.0724555798798799,0.00075453100726,0.0157429166138172,-0.0097338669002056,standing
1783086958976901400,10.3099013671875,0.1698139842174947,-0.0318424144625663,0.0658814621865749,-0.0023725377395749,0.0156429838389158,-0.0113075170665979,standing
1783086958986945300,10.3199453125,0.1476167654566466,-0.0302042918667197,0.0606476531863212,0.0012198002077639,0.0139987487345933,-0.013515543192625,standing
1783086958996989200,10.3299892578125,0.1532426425144076,-0.0652795507706701,0.0151011230200529,0.0070258867926895,0.0165627896785736,-0.0218106545507907,standing
1783086959007034400,10.340034423828126,0.1308078156054019,-0.0646960517942905,0.02428220834136,0.0091177988797426,0.0267304722219705,-0.0261500086635351,standing
1783086959017078300,10.350078369140626,0.0892124342177063,-0.0422226464405655,0.0782972916454076,-9.8431482911e-06,0.0386799648404121,-0.029632531106472,standing
1783086959027122200,10.3601220703125,0.0829885912667959,-0.0687038261309266,0.1039765073031187,-0.010699238628149,0.0499121136963367,-0.0300549082458019,standing
1783086959037166000,10.370166015625,0.1003668654385954,-0.0811126413270831,0.1037438675910234,-0.0135314175859093,0.058605819940567,-0.026855556294322,standing
1783086959047211300,10.380211181640624,0.1308089115839451,-0.0705216892078518,0.0916273133397102,-0.0101667791604995,0.0628394484519958,-0.0229995660483837,standing
1783086959057255200,10.390255126953123,0.1314248515252024,-0.0613971563793718,0.0652665451586246,-0.0043298648670315,0.0775684341788292,-0.0131258433684706,standing
1783086959067299000,10.400299072265623,0.195196993407607,-0.0365906319029629,0.1079682072877883,-0.0025934840086847,0.0892077758908271,-0.0010438808239996,standing
1783086959077344300,10.41034423828125,0.2151118733849376,-0.04328676854074,0.1210135668218135,-0.0212731324136257,0.0737941786646843,0.0106098894029855,standing
1783086959087388200,10.42038818359375,0.2425547377143055,-0.0996983915925025,0.0237818576037883,-0.0260058362036943,0.0404093265533447,0.0153662953525781,standing
1783086959097432000,10.43043212890625,0.2319547985710203,-0.081750646969676,-0.0651806204408407,-0.0198666080832481,0.0205333717167377,0.0179746970534324,standing
1783086959107477200,10.440477294921877,0.1851901978518813,-0.0590612607777118,-0.0852636235266923,-0.0029667187482118,0.0070697609335184,0.0244903862476348,standing
1783086959117521400,10.450521484375,0.1748010519150644,-0.0693726653032004,-0.0234252992510795,0.0077310735359787,-0.008117452263832,0.0286384038627147,standing
1783086959127565000,10.46056494140625,0.1063815956834703,-0.0462543861746788,0.021952888610959,0.0099561447277665,-0.0158872250467538,0.0298067312687635,standing
1783086959137610200,10.4706103515625,0.0314862214360386,-0.0631166736483574,0.0971504606753587,0.0013791043311357,-0.0190330613404512,0.0294873658567667,standing
1783086959147654400,10.480654296875,0.0347459538843482,-0.1045072531789541,0.1321124684631824,-0.006635945290327,-0.0131586603820323,0.0263389758765697,standing
1783086959157698000,10.490697998046874,0.1343594436723738,-0.090868603926897,0.1423813490211963,-0.0094740074127912,-0.0048615331761538,0.0225719641894102,standing
1783086959167743200,10.5007431640625,0.160090681778267,-0.0453683971203863,0.0770639504581689,-0.0172834619879722,0.0019063586369156,0.0200898982584476,standing
1783086959177787400,10.510787353515624,0.1087805465839803,-0.0671186027660965,-0.0264215584576129,-0.0171407666057348,0.0099870730191469,0.014745975844562,standing
1783086959187831000,10.5208310546875,0.1262243602726608,-0.0155034202106297,-0.044677930638194,0.0164470206946134,0.0254832077771425,0.0109389871358871,standing
1783086959197876200,10.530876220703124,0.2095087196156382,0.0238498082734644,0.0126812023967504,0.047879934310913,0.0358202494680881,0.0083303190767765,standing
1783086959207920400,10.54092041015625,0.065917191087082,-0.0322445655226707,0.0198047706663608,0.0379857569932937,0.0891489833593368,-0.0060435608029365,standing
1783086959217964300,10.55096435546875,0.0509088609170168,-0.0477807189591228,0.2536813310801982,-0.0037708694580942,0.1655726432800293,-0.0286560524255037,standing
1783086959228009200,10.56100927734375,0.2065994080401957,0.0957309492662549,0.5948252570360899,0.0721433386206626,0.2835887670516968,-0.0660545527935028,standing
1783086959238053000,10.57105322265625,0.5624556038290262,-0.0854297738738358,0.5313847582608461,0.0205152947455644,0.088670939207077,-0.0841462016105651,standing
1783086959248097300,10.58109716796875,0.2185060458678752,-0.1118522091142833,-0.461605704113841,-0.0255009327083826,0.0011607985943555,-0.0298225171864032,standing
1783086959258141200,10.59114111328125,-0.1680284159749746,-0.180303083397448,-0.7792880904614925,0.0329729057848453,-0.0322427600622177,-0.0204504560679197,standing
1783086959268186000,10.60118603515625,-0.1689638701941818,-0.1550381476290523,-0.3492214339494704,0.0867469236254692,-0.084035113453865,-0.024013765156269,standing
1783086959278230300,10.611230224609375,-0.041353608521074,-0.1742177721343934,-0.1573246511310339,0.0634273886680603,-0.1024906411767005,-0.012330574914813,standing
1783086959288274200,10.621274169921875,0.096818525307253,-0.1783180470600724,0.1614957993358373,-0.0176890324801206,-0.0864671990275383,-0.007966186851263,standing
1783086959298319000,10.631319091796875,0.1309777653448283,-0.1095836796604096,0.4538268868058919,-0.1092670559883117,-0.0386303514242172,-0.0081093683838844,standing
1783086959308363300,10.64136328125,0.1685853192053735,-0.0179065358296036,0.5839543189316988,-0.1187934502959251,0.0434024669229984,-0.0139097329229116,standing
1783086959318407400,10.651407470703123,0.2231086442925035,-0.0245551800638437,0.5119418066442013,-0.1254780739545822,0.0756687670946121,-0.0187751445919275,standing
