time,seconds_elapsed,accel_x,accel_y,accel_z,gyro_x,gyro_y,gyro_z,label
1783085217865149000,0.06214892578125,-0.148359254387021,-0.0348801016580313,0.039336569610238,0.1311085522174835,0.0865186005830764,-0.1157608106732368,standing
1783085217875192800,0.07219287109375,-0.0043391982480883,-0.0828241944853216,-0.0679582684606313,0.182544320821762,0.1031811982393264,-0.1273625940084457,standing
1783085217885238000,0.082238037109375,0.1101370757594704,-0.1799339578241109,-0.1274228493422269,0.2252281308174133,0.1192768141627311,-0.1308201849460601,standing
1783085217895282000,0.092281982421875,0.111037677861005,-0.1718251048441976,-0.1456891583949327,0.2577246427536011,0.1435183137655258,-0.1218846589326858,standing
1783085217905325800,0.102325927734375,-0.0210555013798177,-0.0519437569227069,-0.0177197810858488,0.2726210355758667,0.1638779044151306,-0.1085592657327652,standing
1783085217915370000,0.112369873046875,-0.1650434088148176,0.0121353320170193,0.1653957293838262,0.26998370885849,0.1566793918609619,-0.0991380661725997,standing
1783085217925415000,0.122414794921875,-0.2488485040962696,-0.0006664280194789,0.2933510781675577,0.2559890747070312,0.1336792558431625,-0.0993726924061775,standing
1783085217935458800,0.132458740234375,-0.304102189284563,-0.0631840397961437,0.2968365821957588,0.245763674378395,0.1102280691266059,-0.1163878068327903,standing
1783085217945503000,0.1425029296875,-0.2525707394897937,-0.1234003888931125,0.072233461561799,0.241696760058403,0.124424047768116,-0.1303246468305587,standing
1783085217955547100,0.152547119140625,-0.1756895982526242,-0.1403334765806794,-0.0901817907065153,0.2295968681573867,0.1402375698089599,-0.1373672038316726,standing
1783085217965591000,0.162591064453125,-0.1000233126979321,-0.140806062528491,-0.0063607672035694,0.2055418640375137,0.1318568587303161,-0.141304150223732,standing
1783085217975636000,0.172635986328125,-0.0271737650644034,-0.185171347020939,0.061765259039402,0.1652646511793136,0.1294586658477783,-0.14366514980793,standing
1783085217985680100,0.18268017578125,-0.0464648140549659,-0.2135902898408472,0.1694090566784143,0.1049389988183975,0.1186310574412345,-0.1464913040399551,standing
1783085217995724000,0.19272412109375,-0.0758952720049768,-0.1337337860547006,0.3628337797164916,0.0335808247327804,0.0880367457866668,-0.149677887558937,standing
1783085218005768000,0.202767822265625,0.0097062782391905,-0.07904116881527,0.4404302296161651,-0.0143715189769864,0.0433877855539321,-0.15214504301548,standing
1783085218015812900,0.212812744140625,0.0805805802769959,-0.1137846384815871,0.2277028402149677,-0.0076834140345454,0.0459053926169872,-0.1436121463775634,standing
1783085218025857000,0.22285693359375,0.0417263142909854,-0.0357134106770157,-0.1581891590058803,0.0396513454616069,0.0869577527046203,-0.1242096945643425,standing
1783085218035901200,0.232901123046875,0.0527799885511398,0.0762636669259518,-0.2621551449149847,0.1038778200745582,0.1135929524898529,-0.1090061515569686,standing
1783085218045944800,0.24294482421875,0.1089362486023455,0.0975987889647483,-0.1759615470618009,0.1479821652173996,0.1292030811309814,-0.0916972011327743,standing
1783085218055989000,0.252989013671875,0.1168587121646851,0.0666642100621014,-0.0185708449572324,0.1546591520309448,0.1240893527865409,-0.0629628449678421,standing
1783085218066034200,0.2630341796875,0.1396401605542749,0.0681370590936392,0.2236076798558235,0.1239902004599571,0.0910147577524185,-0.039507582783699,standing
1783085218076077800,0.273077880859375,0.1266438277937471,0.0085626611620187,0.4375725020974874,0.0687139704823494,0.0533184260129928,-0.0268782563507556,standing
1783085218086122000,0.2831220703125,0.0732196961201727,-0.0644051790889352,0.5672451761931181,-0.0080409916117787,0.0183415375649929,-0.0154516976326704,standing
1783085218096166000,0.293165771484375,0.0858236685622483,-0.0888445507533848,0.6884568959355354,-0.1029873788356781,-0.0439252890646457,0.0001057831104844,standing
1783085218106211000,0.303211181640625,0.1416329418066889,-0.1351207103684544,0.7350643333315849,-0.1942701637744903,-0.1156482100486755,0.0131105314940214,standing
1783085218116255000,0.3132548828125,0.2266665559697896,-0.2205306104980409,0.598752659612894,-0.256393164396286,-0.1606670320034027,0.0235756859183311,standing
1783085218126299000,0.323298828125,0.1831961744904518,-0.2155704308073967,0.2879249614655971,-0.2774806022644043,-0.1807781606912613,0.0294897705316543,standing
1783085218136343000,0.333343017578125,0.0911506357386708,-0.2054056682109832,0.0034358196675777,-0.2458580881357193,-0.173400416970253,0.0280590206384658,standing
1783085218146387200,0.34338720703125,0.0185045747879892,-0.1642854300543665,-0.2587280930757522,-0.1826061457395553,-0.1388293951749801,0.0268502123653888,standing
1783085218156432000,0.353431884765625,-0.0868872792057693,-0.0956704512506723,-0.4689718489676713,-0.1024153977632522,-0.0825300142168998,0.0209841039031744,standing
1783085218166476000,0.36347607421875,-0.158911993387714,-0.0731144091147929,-0.4921458038061856,-0.0284945722669363,-0.0380187407135963,0.0071678920648992,standing
1783085218176520000,0.37352001953125,-0.1529554230708628,-0.0459828757569193,-0.3938017494320869,0.0408749505877494,-0.0466871857643127,-0.0049542523920536,standing
1783085218186564000,0.383564208984375,-0.0818457048419862,-0.1008254959262907,-0.4045937770813703,0.1195348799228668,-0.0515490546822547,-0.0084081059321761,standing
1783085218196609000,0.393609130859375,-0.0499316133826971,-0.1342317987047135,-0.5660393075346947,0.2062767446041107,-0.0260205399245023,-0.005810406524688,standing
1783085218206653000,0.40365283203125,-0.0574267914436757,-0.0528629906594753,-0.5038450094282627,0.2784601151943207,0.0113092549145221,-0.0088235065340995,standing
1783085218216697000,0.413697021484375,-0.1228662089511752,-0.0199047239094972,-0.2883691981017589,0.306127667427063,0.0378985367715358,-0.0179941542446613,standing
1783085218226741000,0.423740966796875,-0.144613857313618,-0.0217667183890938,-0.0022825579792261,0.2831017076969147,0.0436576232314109,-0.0201678276062011,standing
1783085218236785000,0.433784912109375,-0.106641415663436,-0.012965937622264,0.2718780820280313,0.2206554561853408,0.0237096101045608,-0.023536903783679,standing
1783085218246830000,0.443830078125,-0.0232839180190116,-0.0231508662238717,0.4981517662227153,0.1312102526426315,-0.0162825472652912,-0.0254567749798297,standing
1783085218256874000,0.4538740234375,0.1013375371016561,-0.0139218501076102,0.6343178939908742,0.0377201065421104,-0.0703680962324142,-0.0261109992861747,standing
1783085218266918000,0.46391796875,0.1871376055926084,-0.0280180338688194,0.5508896691977977,-0.0310107562690973,-0.1108273714780807,-0.021611588075757,standing
1783085218276962000,0.473962158203125,0.1494087634399533,-0.009841960382834,0.3268558728843927,-0.0559874661266803,-0.1176236048340797,-0.0175246987491846,standing
1783085218287006000,0.484005859375,0.1222166590012609,0.0351168330233544,0.0415250195652246,-0.0413478054106235,-0.0949489176273346,-0.021485086530447,standing
1783085218297051000,0.49405078125,0.0864182003892958,0.0396870635483413,-0.1542237625062465,-0.0024785259738564,-0.0701794549822807,-0.0258082840591669,standing
1783085218307095000,0.504094970703125,0.0608005056604743,0.0175531923472881,-0.2046142255723476,0.0401419065892696,-0.0436282753944397,-0.020088879391551,standing
1783085218317139000,0.514138916015625,-0.0065098202854394,0.011215075366944,-0.1156686986625194,0.0756298154592514,-0.0218160077929496,-0.0167197491973638,standing
1783085218327183000,0.52418310546875,-0.0839816208921372,-0.0334879166472703,-0.0615589228123426,0.0952080488204956,-0.0036772172898054,-0.0225629899650812,standing
1783085218337228000,0.53422802734375,-0.2147466202691197,-0.0785009244587272,0.0051426235854625,0.0947908014059066,0.0196595508605241,-0.0235714651644229,standing
1783085218347272000,0.54427197265625,-0.2242737425491213,-0.0519716678429394,0.0893687207579612,0.0716077163815498,0.0383906289935112,-0.0192235875874757,standing
1783085218357316000,0.554316162109375,-0.2613029119998216,-0.0437798858199268,0.2093038446933031,0.0269778929650783,0.0516298599541187,-0.0248242449015378,standing
1783085218367360000,0.564360107421875,-0.2509966220408678,-0.0435318293429911,0.2662789468467235,-0.0315719693899154,0.0636806637048721,-0.0255102757364511,standing
1783085218377404000,0.57440380859375,-0.2296633266329765,-0.0582134117767214,0.2721469620972871,-0.0863465368747711,0.06097973883152,-0.0258889831602573,standing
1783085218387449000,0.584448974609375,-0.2185328608095645,-0.1323382400430738,0.2332815171301364,-0.1234925761818885,0.0581035241484642,-0.030737267807126,standing
1783085218397493000,0.594492919921875,-0.2037599468305707,-0.2123109906200319,0.1040612629771232,-0.1298131793737411,0.0699352547526359,-0.0396566055715084,standing
1783085218407537000,0.604536865234375,-0.210425688330084,-0.2895265514433384,0.0062099605560302,-0.110550008714199,0.0914336219429969,-0.0567668825387954,standing
1783085218417581000,0.6145810546875,-0.1992931766800582,-0.2888563240315765,0.0172591778367757,-0.0818667933344841,0.1035275533795356,-0.0747358500957489,standing
1783085218427626500,0.62462646484375,-0.1953283647023141,-0.2659371476717293,0.0809469293713569,-0.0526250191032886,0.0977604761719703,-0.0858329758048057,standing
1783085218437670400,0.63467041015625,-0.1676647702943533,-0.2193654391761869,0.1243535248994827,-0.0276547614485025,0.0816240981221199,-0.0817320346832275,standing
1783085218447714300,0.64471435546875,-0.1637691510953009,-0.1885554365012794,0.1369832893699407,-0.0007381925825029,0.0737283527851104,-0.0839416608214378,standing
1783085218457758500,0.654758544921875,-0.0709142687220126,-0.1579860376492142,0.1485872179239988,0.0132815772667527,0.0802118927240371,-0.0953694581985473,standing
1783085218467802400,0.66480224609375,0.0259700152978301,-0.1620259606897831,0.1616156263232231,-0.0028459937311708,0.0843302085995674,-0.1064119935035705,standing
1783085218477847300,0.674847412109375,0.114296825787425,-0.1629123150702565,0.1998544638246297,-0.0476701594889164,0.0615651719272136,-0.0980139523744583,standing
1783085218487891500,0.684891357421875,0.2066336756359785,-0.0242395382434129,0.1923462801516056,-0.095526099205017,0.0354917608201503,-0.0716824755072593,standing
1783085218497935400,0.694935302734375,0.2578509449150413,0.1211661270350217,0.1356236914545297,-0.1173316463828086,0.0178402680903673,-0.0331711545586586,standing
1783085218507979500,0.7049794921875,0.2812500137463212,0.2267739618670195,0.0263514158308506,-0.1056550145149231,0.0138002522289752,0.0100599387660622,standing
1783085218518023200,0.715023193359375,0.1719536996599286,0.2598098238978534,-0.0554851558566093,-0.064186155796051,0.0159097500145435,0.0413142368197441,standing
1783085218528068400,0.725068359375,0.0164208273164927,0.1414462601281702,-0.1250946986556053,-0.0068453717976808,0.0330900698900222,0.0546572059392929,standing
1783085218538112500,0.735112548828125,-0.1317985071431845,0.0090674688789993,-0.1384820034950971,0.0430489517748355,0.0515071600675582,0.053173292428255,standing
1783085218548156200,0.74515625,-0.2258835888985544,-0.1006692093860358,0.0113514150977134,0.0637643486261367,0.0498061999678611,0.040391981601715,standing
1783085218558200300,0.755200439453125,-0.1910184656139463,-0.1855344081796705,0.1834627164721488,0.0463712140917778,0.022607933729887,0.0191804077476263,standing
1783085218568245500,0.76524560546875,-0.1509639569927006,-0.1993571087617427,0.266604525539279,0.0089338272809982,-0.0203477889299392,0.0042707007378339,standing
1783085218578289200,0.7752890625,-0.1509235519170761,-0.1959333448581397,0.219456989917159,-0.0140048684552311,-0.0506562292575836,-0.0122899888083338,standing
1783085218588333300,0.785333251953125,-0.1401526401210576,-0.1379666743841022,0.0901829597502946,-0.0167058464139699,-0.0488263703882694,-0.0235386472195386,standing
1783085218598377500,0.79537744140625,-0.1612728042349219,-0.0882936388723552,-0.0346282457888126,-0.0114041529595851,-0.0337435081601142,-0.0360316596925258,standing
1783085218608421400,0.80542138671875,-0.1443591519001871,-0.1378362529374659,-0.1209405015856027,-0.0091575104743242,-0.0226519741117954,-0.042940430343151,standing
1783085218618466300,0.81546630859375,-0.1465416105058044,-0.1745796642493456,-0.1074865612506866,-0.0091774109750986,-0.0171573180705308,-0.0461135245859622,standing
1783085218628510500,0.825510498046875,-0.1297368253730237,-0.1769995118074118,-0.0256184253811836,-0.0115343080833554,-0.0167384035885334,-0.0466027483344078,standing
1783085218638554400,0.835554443359375,-0.059056803798303,-0.1889088530488312,0.0653033700376749,-0.0143348034471273,-0.0246779583394527,-0.0497611686587333,standing
1783085218648598500,0.8455986328125,-0.0263197055183351,-0.1700496926695108,0.11930442481637,-0.00959437713027,-0.033931378275156,-0.0508655831217765,standing
1783085218658643200,0.855643310546875,-0.0382501626130193,-0.1140440200701355,0.0984457611829042,0.005407934077084,-0.0199924148619174,-0.0459372028708457,standing
1783085218668687400,0.865687255859375,-0.064221785346046,-0.0789580936416983,0.0800251383513212,0.0145311262458562,0.0006942218169569,-0.0391221791505813,standing
1783085218678731500,0.8757314453125,-0.0590970627434551,-0.065406684281677,0.1351847155153751,0.0112349679693579,-0.0100672012194991,-0.0301142632961273,standing
1783085218688775400,0.885775390625,0.0167507168579846,-0.0755363755647093,0.1690998445987701,-0.000864305300638,-0.0305517055094242,-0.0183843690901994,standing
1783085218698819300,0.8958193359375,0.0679740505516529,-0.089668069030717,0.1271528002291917,-0.0052026733756065,-0.0425132103264331,0.0010755286784842,standing
1783085218708864500,0.905864501953125,0.0946443230733275,-0.0426711208604276,0.054174657779932,-0.0041800197213888,-0.0404551178216934,0.0130674764513969,standing
1783085218718908400,0.915908447265625,0.0879044203590601,-0.0439947706796228,-0.0202402394741773,-0.0051221065223217,-0.0357828177511692,0.0215710960328578,standing
1783085218728952300,0.925952392578125,0.0201616943452507,-0.018315262760967,0.0155114573866128,-0.0102116735652089,-0.0326077938079834,0.0277578849345445,standing
1783085218738996200,0.935996337890625,-0.069279287931323,-0.0622861411083489,0.0650929421573877,-0.0249122567474842,-0.0358296111226081,0.0266772359609603,standing
1783085218749040400,0.946040283203125,-0.1241080987710505,-0.102720662023127,0.1315267775297164,-0.0377130061388015,-0.0446542613208293,0.018010776489973,standing
1783085218759085300,0.956085205078125,-0.1334822955116629,-0.100151176861301,0.1494850435465574,-0.0456436276435852,-0.0406569130718708,0.0192819014191627,standing
1783085218769129200,0.966129150390625,-0.1801520575542002,-0.1026768959466367,0.1181540857374668,-0.0496868379414081,-0.0252108462154865,0.0126154767349362,standing
1783085218779173400,0.97617333984375,-0.1842613195039331,-0.166490465817973,0.0946948842167854,-0.0591712929308414,-0.0153809497132897,-0.0068992283195257,standing
1783085218789217500,0.986217529296875,-0.1942919343266636,-0.2002551535800099,0.0614046090334653,-0.0666308104991912,-0.0058135446161031,-0.0238569062203168,standing
1783085218799262200,0.99626220703125,-0.136020947143808,-0.1819684593264013,0.0569949758976697,-0.0726014599204063,-0.0043715606443583,-0.0387297049164772,standing
1783085218809306400,1.006306396484375,-0.0386473452370613,-0.1566413450419902,0.1049818849533796,-0.077687032520771,-0.0171792339533567,-0.0395305193960666,standing
1783085218819350500,1.0163505859375,0.0110103465750813,-0.1303594873160123,0.1215548340916633,-0.0786156952381134,-0.0432590320706367,-0.0308710113167762,standing
1783085218829394400,1.02639453125,0.0791226365536451,-0.0413277434274554,0.0950520270913839,-0.0713583156466484,-0.0630963817238807,-0.0242381431162357,standing
1783085218839438300,1.036438232421875,0.0706513069368898,0.032095293245092,0.0299251826643943,-0.0526286885142326,-0.0633976534008979,-0.0148399677127599,standing
1783085218849483300,1.046483154296875,-0.0563151769399642,0.0472018230926245,-0.0106622637897729,-0.0324222184717655,-0.0467819198966026,-0.0084393247961997,standing
1783085218859527400,1.05652734375,-0.1137538049519061,0.0045269759051501,-0.0044978959411382,-0.0172190573066473,-0.0308958943933248,-0.0105104986578226,standing
1783085218869571300,1.0665712890625,-0.0750194390185177,-0.0615451134826987,-0.0379717109978198,-0.0012640588684007,-0.0198802594095468,-0.009440972469747,standing
1783085218879615200,1.076615234375,-0.0466961385928094,-0.0805525962915271,-0.1141869356721639,0.0139896692708134,0.0021506058983504,-0.0083643151447176,standing
1783085218889659400,1.086659423828125,-0.0543951686628162,-0.0831038882095366,-0.0988332991957664,0.0306959450244903,0.0262285117059946,-0.0095707271248102,standing
1783085218899704600,1.09670458984375,-0.0883645121514797,-0.0937262583803385,-0.0065571665585041,0.0298589915037155,0.037183079868555,-0.0207132995128631,standing
1783085218909748200,1.106748291015625,-0.0906273425169289,-0.1583985639728605,0.1369762751072645,0.0094980597496032,0.0314184017479419,-0.0263040736317634,standing
1783085218919792400,1.11679248046875,-0.1302189098015427,-0.2196364381372928,0.2618862648457288,-0.0201237667351961,0.0204392001032829,-0.0289265252649784,standing
1783085218929836300,1.126836181640625,-0.1315954588517546,-0.2560889767438173,0.3326660204678773,-0.0549110397696495,0.0119863273575901,-0.0384646356105804,standing
1783085218939881200,1.136881103515625,-0.0680392247423529,-0.2447659840229898,0.3065139266014099,-0.079726293683052,-0.0031453599222004,-0.0360186956822872,standing
1783085218949925400,1.14692529296875,-0.0235452723689377,-0.1798147884238511,0.2351110706448554,-0.0863487720489502,-0.0166403949260711,-0.0344255939126014,standing
1783085218959969300,1.15696923828125,0.0579664512783288,-0.1569862860221415,0.0542880550265312,-0.0720324516296386,-0.0136578567326068,-0.0310444738715887,standing
1783085218970013400,1.167013427734375,0.0698429131634533,-0.079607789722085,-0.0632961218684911,-0.046911384910345,-0.0092926686629652,-0.0262451898306608,standing
1783085218980057600,1.1770576171875,0.0637673926420509,-0.0198270555634051,-0.1182832650750875,-0.0171285197138786,0.0005052899941802,-0.0180203411728143,standing
1783085218990102300,1.187102294921875,0.0327544147409498,-0.0144971657775342,-0.1371960553377866,0.0141689479351043,0.0133776795119047,-0.0102013014256954,standing
1783085219000146400,1.197146484375,0.0035379648678004,-0.0565825957044959,-0.1623088692843914,0.0385239794850349,0.0227609407156705,-0.0069590229541063,standing
1783085219010190300,1.2071904296875,-0.0791673524782061,-0.0774877288281917,-0.1224585049331188,0.0517681464552879,0.0348668731749057,-0.0082096438854932,standing
1783085219020234200,1.217234130859375,-0.1600162283025681,-0.122331736748293,-0.0367874696493148,0.050749484449625,0.0387181267142295,-0.0080570429563522,standing
1783085219030278400,1.2272783203125,-0.1573610376186668,-0.1540690834011882,0.1035299325793981,0.0360397771000862,0.0295315533876419,-0.0109921116381883,standing
1783085219040323300,1.2373232421875,-0.0986019746579229,-0.1288117464173585,0.2267868944138288,0.0100285373628139,-0.0006702868267893,-0.0094098104164004,standing
1783085219050367200,1.2473671875,-0.0178457455530762,-0.0403515188064426,0.2747884165167808,-0.0095587456598877,-0.0268472954630851,0.001294765737839,standing
1783085219060411400,1.257411376953125,0.027364246135205,-0.0007302139706909,0.2337982344806194,-0.0203324239701032,-0.0409050025045871,0.0043572816066443,standing
1783085219070455300,1.267455322265625,0.0023326807312667,-0.0301502966571599,0.1169061315029859,-0.0240885466337203,-0.0470798090100288,0.006147458218038,standing
1783085219080500500,1.27750048828125,-0.0297492415755987,-0.067315951969102,0.0389227281123399,-0.0209016278386116,-0.0415922291576862,0.0044104577973484,standing
1783085219090544400,1.28754443359375,-0.0858098592326045,-0.0584935438923537,0.0036018238842487,-0.0117603261023759,-0.0293821673840284,0.0037236283533275,standing
1783085219100588300,1.29758837890625,-0.0781821408331394,-0.0220030113629996,0.0134141928464174,-0.0017766134114935,-0.0157234203070402,-0.0006628066767007,standing
1783085219110632400,1.307632568359375,-0.0580652354776859,0.01295000940077,0.0294686710685491,0.0062027494423091,-0.0043919351883232,-0.0052349213510751,standing
1783085219120676400,1.31767626953125,-0.0464706592738628,-0.0158946114853024,0.0700146164685487,0.0030193640850484,-0.0069143343716859,-0.0078736990690231,standing
1783085219130721300,1.32772119140625,-0.0782081520572304,-0.0796713564775884,0.1118535242885351,-0.0080130472779273,-0.0199782066047191,-0.0099363168701529,standing
1783085219140765400,1.337765380859375,-0.0872024826347827,-0.1096765455756336,0.1036357310414314,-0.0170750766992568,-0.0306413061916828,-0.0090120211243629,standing
1783085219150809300,1.347809326171875,-0.0327428704336285,-0.0780920513968914,0.0840419727772474,-0.0159943643957376,-0.0391407832503318,-0.0073661883361637,standing
1783085219160853500,1.357853515625,0.0446875752493739,-0.061562868335098,0.0441729037255048,-0.0084785372018814,-0.0463124029338359,-0.0006000441499054,standing
1783085219170897200,1.367897216796875,0.0958776642605662,-0.0343174262739717,0.0261591081291437,0.0039962418377399,-0.0525569841265678,0.0052570458501577,standing
1783085219180942300,1.3779423828125,0.0356917833670973,-0.060348158783093,-0.013118424770236,0.0197165552526712,-0.045436892658472,0.0051962668076157,standing
1783085219190986500,1.387986572265625,-0.0348410117566585,-0.0699573333233594,-0.0537684150665998,0.0369272343814373,-0.0348244607448577,0.002303541637957,standing
1783085219201030100,1.398030029296875,-0.0763081636548042,-0.0611933774355798,-0.0157160400480031,0.0477944463491439,-0.0188496205955743,-0.003338988404721,standing
1783085219211074300,1.40807421875,-0.1140836214281618,-0.0810624455098062,0.0312397723942995,0.0504019446671009,-0.0108481515198946,-0.0078107025474309,standing
1783085219221119500,1.418119384765625,-0.1143568854115903,-0.1094449287768453,0.1157657292962074,0.0442464835941791,-0.0170330889523029,-0.0135427108034491,standing
1783085219231163100,1.4281630859375,-0.0771795396618545,-0.0988863445572555,0.1574023925423622,0.027861651033163,-0.0308509003371,-0.0180066991597414,standing
1783085219241207300,1.438207275390625,-0.0506423920005559,-0.0804343036741018,0.1757324144810438,0.0094752479344606,-0.0521347485482692,-0.0194519404321908,standing
1783085219251251500,1.44825146484375,-0.0124694593422114,-0.0912172712340951,0.1296124683409929,-0.0052152806892991,-0.0691621974110603,-0.0202820468693971,standing
1783085219261295400,1.45829541015625,-0.0154547587633132,-0.1259774728395044,0.0171697459876537,-0.0028841556049883,-0.0701980292797088,-0.021427147090435,standing
1783085219271340300,1.46834033203125,-0.023001959272474,-0.1017512324690818,-0.0421685781657695,0.0141409011557698,-0.0589485801756382,-0.0227328948676586,standing
1783085219281384400,1.478384521484375,-0.0346197702214121,-0.0855609259728342,-0.071890347212553,0.0311457812786102,-0.0317722707986831,-0.0275283921509981,standing
1783085219291428400,1.488428466796875,-0.0269448516793549,-0.0736706547580659,-0.0544768555968999,0.0442165769636631,-0.0147677222266793,-0.0291843470185995,standing
1783085219301472500,1.498472412109375,0.0061215516202151,-0.0393983828000724,0.0416863476067781,0.0453238040208816,-0.0120218005031347,-0.024982800707221,standing
1783085219311516200,1.50851611328125,0.0170557642191648,-0.0622762042362242,0.1236450843691825,0.0473680458962917,-0.0123275313526391,-0.0245372522622346,standing
1783085219321561300,1.518561279296875,0.023080285205692,-0.0562453996393829,0.135738842266798,0.0384934991598129,-0.007859556004405,-0.0225122682750225,standing
1783085219331605500,1.52860546875,0.0291824014730751,-0.0564882684845477,0.1679179413378238,0.0206961259245872,-0.0105030108243227,-0.0172341484576463,standing
1783085219341649400,1.5386494140625,0.0160403035663068,-0.0518662347070872,0.2070300545424223,-0.0038390140980482,-0.0160096939653158,-0.0083370301872491,standing
1783085219351693300,1.548693359375,0.0160045016005635,0.005407923458144,0.2054647049218416,-0.0252257958054542,-0.0180246420204639,0.0005073277279734,standing
1783085219361738500,1.558738525390625,-0.004778904839605,-0.0185384039923548,0.1914174748688936,-0.0469274893403053,-0.0217615347355604,0.0081108007580041,standing
1783085219371782400,1.568782470703125,-0.023930764555186,-0.0621297084376215,0.1593511885225772,-0.0623338744044303,-0.0222816485911607,0.0095017701387405,standing
1783085219381826300,1.578826416015625,-0.0827989869788289,-0.049520548363775,0.1158481468826532,-0.0650447905063629,-0.0149887101724743,0.0069106919690966,standing
1783085219391870200,1.5888701171875,-0.1169426641210913,-0.0476478863596916,0.0574397970557212,-0.0581911504268646,0.003398019587621,-0.0008604116737842,standing
1783085219401914400,1.598914306640625,-0.1622024863004684,-0.063944502774626,0.0292313551813364,-0.0524178855121135,0.0160119514912366,-0.0018537114374339,standing
1783085219411959300,1.608959228515625,-0.1591255630731582,-0.1148556287139654,0.0261374808192253,-0.0464835651218891,0.0123306633904576,-0.0147769674658775,standing
1783085219422003000,1.6190029296875,-0.0719585901431739,-0.1723927486643195,0.0298638078659772,-0.0359159596264362,-0.0005138902924954,-0.0219055395573377,standing
1783085219432046800,1.629046875,0.0051291795819997,-0.1219695523723959,-0.0513631074905395,-0.0082286717370152,-0.0043674842454493,-0.0276185534894466,standing
1783085219442091000,1.639091064453125,0.0283897897906601,-0.08010653302446,-0.1647270363420248,0.0257104523479938,0.0031610815785825,-0.024215780198574,standing
1783085219452135200,1.64913525390625,0.0027779402807354,-0.0435066949017345,-0.1802642126917839,0.0541546083986759,0.0093800947070121,-0.0241950079798698,standing
1783085219462179800,1.659179931640625,-0.0169150405742228,-0.0793176476690918,-0.0787409437596797,0.062757521867752,0.00642895931378,-0.0279507376253604,standing
1783085219472224000,1.66922412109375,-0.0275470553562045,-0.0871308056380599,0.0575444264739751,0.0502217561006546,-0.0009743622504174,-0.0232601109892129,standing
1783085219482268200,1.67926806640625,-0.0764414346456527,-0.1115510342106223,0.1540238560199737,0.0271760337054729,-0.012152848765254,-0.0220225993543863,standing
1783085219492312000,1.68931201171875,-0.0996314638361334,-0.1261411389686167,0.2122889979839324,-0.0046703135594725,-0.0153861921280622,-0.0222335215657949,standing
1783085219502357000,1.69935693359375,-0.1016376890920102,-0.0908909618891775,0.2329085921645164,-0.0313303917646408,-0.0100937597453594,-0.0246753450483083,standing
1783085219512401200,1.709401123046875,-0.073243369256705,-0.121933165884763,0.2070078427106142,-0.0522724241018295,-0.003175666090101,-0.0312813185155391,standing
1783085219522445000,1.719445068359375,0.0031551030300557,-0.1645561367545276,0.1938297967076301,-0.0715279877185821,-0.0017645182088017,-0.03038315102458,standing
1783085219532489000,1.729489013671875,0.0229724409170448,-0.1037930404949933,0.1741080281496048,-0.0790764540433883,-0.0015725041739642,-0.0240387022495269,standing
1783085219542532900,1.739532958984375,0.0491235118702054,-0.0599244534783065,0.1528881299883127,-0.0804573222994804,-0.0158420391380786,-0.0135922208428382,standing
1783085219552578000,1.749578125,0.1107987545385956,0.0182258309118449,0.0775210465759038,-0.0668381825089454,-0.0251601748168468,0.0049324599094688,standing
1783085219562622000,1.7596220703125,0.1048611811831593,0.0051890930756926,-0.0212929633975028,-0.0421556234359741,-0.0169277470558881,0.0148414047434926,standing
1783085219572665900,1.769665771484375,0.084514558725059,-0.0423153662253171,-0.0800157860010862,-0.0132059995085001,-0.0192542839795351,0.0163998864591121,standing
1783085219582710000,1.7797099609375,0.0448904043450951,-0.0736763538464903,-0.1082177981346845,0.0167914908379316,-0.0164479166269302,0.0192408598959445,standing
1783085219592754000,1.78975390625,0.0072933718785643,-0.0640993280101567,-0.12184066529572,0.0423088334500789,-0.0050650322809815,0.0210392922163009,standing
1783085219602798800,1.799798828125,-0.0110940793357789,-0.0560896245557814,-0.0452618680059909,0.0502233318984508,-0.000919493380934,0.0203238222748041,standing
1783085219612843000,1.809843017578125,-0.0381939754463732,-0.0743653590239584,0.0220826524704694,0.0468847937881946,0.0015239571221172,0.0210860185325145,standing
1783085219622887000,1.819886962890625,-0.0668725190505385,-0.1162167609993368,0.0596691635429859,0.0395851023495197,0.0107117388397455,0.0199885535985231,standing
1783085219632931000,1.82993115234375,-0.0966683762468397,-0.124779568291828,0.116782797384262,0.0276738498359918,0.0243886671960353,0.0129490215331316,standing
1783085219642975000,1.83997509765625,-0.0797916218563914,-0.1293949531327933,0.2064817730098962,-0.0004035178571939,0.0290806014090776,0.0103725036606192,standing
1783085219653020000,1.85002001953125,-0.0176110600143671,-0.1453857184689491,0.3099076606929302,-0.0378973633050918,0.0211526378989219,0.0152498167008161,standing
1783085219663064000,1.86006396484375,0.0536689002148807,-0.1266624594289809,0.3314145591020584,-0.0732815042138099,0.0083753988146781,0.0302907619625329,standing
1783085219673108200,1.870108154296875,0.0530627510152757,-0.08419329088144,0.2994926496624946,-0.0971921607851982,-0.0026540835388004,0.0416739098727703,standing
1783085219683152000,1.88015185546875,0.0377240198470652,-0.0643038376063108,0.2290478250831365,-0.107326403260231,0.0006457194685935,0.0473716221749782,standing
1783085219693197000,1.890197021484375,0.0043679859511554,-0.0671202102012932,0.0762356829404831,-0.095105692744255,0.0104911588132381,0.0465873219072818,standing
1783085219703241000,1.900240966796875,-0.0211469790555536,-0.0746762516040354,-0.0480371779382228,-0.0685766413807869,0.0319558307528495,0.045327354222536,standing
1783085219713284900,1.910284912109375,-0.0114927232645452,-0.0247714531630277,-0.0875333220243454,-0.0413847044110298,0.0505691953003406,0.0427587330341339,standing
1783085219723329000,1.9203291015625,0.0052061903409659,0.014112404243648,-0.0870885008662939,-0.026862658560276,0.0615265145897865,0.0484625101089477,standing
1783085219733373000,1.930373046875,0.00922229411453,0.0313983970221132,-0.0241641349196434,-0.0239773895591497,0.0520416684448719,0.0541805811226367,standing
1783085219743417900,1.94041796875,0.0024541151538491,-0.0144597563765943,0.0247889888197183,-0.0242313109338283,0.0341694541275501,0.0573709346354007,standing
1783085219753462000,1.9504619140625,-0.0398046255134046,-0.0737265496637672,-0.0154530051976442,-0.0186147037893533,0.0241261422634124,0.0573024898767471,standing
1783085219763506000,1.960505859375,-0.1104457033172249,-0.0973421838551759,-0.0678285046011209,-0.0075526414439082,0.0189106781035661,0.0455005168914794,standing
1783085219773550000,1.970550048828125,-0.1360435243017971,-0.1046503149114549,-0.0319476284027099,-0.0040998528711497,0.0074196700006723,0.0322755239903926,standing
1783085219783594000,1.980593994140625,-0.1432400116771459,-0.1182761046819388,0.0474187537789344,-0.0079671312123537,-0.0131345614790916,0.0261043570935726,standing
1783085219793639000,1.990638916015625,-0.1245579614304006,-0.1071720884740352,0.0921791020035743,-0.0145536605268716,-0.0331327691674232,0.0232406631112098,standing
1783085219803683000,2.00068310546875,-0.0938381212569773,-0.1042430492848157,0.091202365925908,-0.020508985966444,-0.0415604673326015,0.0251720175147056,standing
1783085219813727000,2.01072705078125,-0.0865581933818757,-0.1028174734611064,0.041233343142271,-0.0196826066821813,-0.0398192927241325,0.0270167887210845,standing
1783085219823771000,2.02077099609375,-0.0354223187759518,-0.0990155969601124,0.0174029702216386,-0.0094602284952998,-0.0318160057067871,0.0230716597288846,standing
1783085219833815000,2.03081494140625,0.0098581078000366,-0.0524015836928039,-0.0079576810061931,0.0048606544733047,-0.0214499197900295,0.0185051374137401,standing
1783085219843860000,2.04085986328125,0.0541768497370183,0.0135870651952922,-0.0080967972159385,0.0201850291341543,-0.0243401397019624,0.018446322530508,standing
1783085219853904100,2.050904052734375,0.0636094256013631,0.0199594497714191,0.0266109435498714,0.0266085732728242,-0.037543024867773,0.0249787904322147,standing
1783085219863948000,2.060947998046875,0.0422970268510282,0.0082077102445065,0.020367665246129,0.0380898229777812,-0.0459277108311653,0.0279123503714799,standing
1783085219873992000,2.070991943359375,0.0060170683324337,-0.0475455950289964,-0.0093979429423809,0.0509608797729015,-0.0405910052359104,0.0302924178540706,standing
1783085219884037000,2.081037109375,-0.0246938578821718,-0.0687185853086412,-0.0032318215280771,0.0551775246858596,-0.0359122268855571,0.0224462691694498,standing
1783085219894080800,2.091080810546875,-0.0201031690910458,-0.0808859198991209,0.0524240147203207,0.0500544048845768,-0.0419325679540634,0.012356617487967,standing
1783085219904125000,2.101125,0.0119167938955128,-0.0938913127489387,0.0857908622711896,0.0400913655757904,-0.0427082851529121,0.0061848619952797,standing
1783085219914169000,2.111169189453125,-0.0451380954958498,-0.1146166323263198,0.1198088672071695,0.0270445384085178,-0.04275568947196,-0.0018030232749879,standing
1783085219924213000,2.121212890625,-0.1343295599907636,-0.1636018317043781,0.1607382589668035,0.0081014391034841,-0.0364084541797637,-0.0234649386256933,standing
1783085219934258000,2.1312578125,-0.1544341903865337,-0.1922200964886695,0.1433680219709873,-0.0122096929699182,-0.0268796626478433,-0.0429526194930076,standing
1783085219944302000,2.141302001953125,-0.1719362370684742,-0.2264218604937195,0.1278197397053241,-0.0219875164330005,-0.0094694476574659,-0.0628832131624221,standing
1783085219954346000,2.151345947265625,-0.1530466815508901,-0.1897914811022579,0.1138765545487403,-0.0194290205836296,0.0140079148113727,-0.0799687281250953,standing
1783085219964390100,2.16139013671875,-0.1112622803971171,-0.1337384622298181,0.100613168349862,-0.0100612230598926,0.0359501764178276,-0.0958575531840324,standing
1783085219974433800,2.171433837890625,-0.0703708825603127,-0.1506493380855768,0.1053121398210525,-0.0036533917300403,0.0469599515199661,-0.1007993146777153,standing
1783085219984479000,2.18147900390625,-0.0281150645025074,-0.1539299671914428,0.0990729531705379,0.0057256687432527,0.0455012023448944,-0.0996656715869903,standing
1783085219994523100,2.191523193359375,0.0266205881610512,-0.1235447657998651,0.0653600686609745,0.01461529918015,0.0450716353952884,-0.1006928533315658,standing
1783085220004566800,2.20156689453125,0.0485951040819287,-0.1016028369743377,0.0163268654227256,0.01952407322824,0.0465919077396392,-0.0941190794110298,standing
1783085220014611000,2.21161083984375,0.0601199760504066,-0.0739166654083877,0.019655133062601,0.022354481741786,0.039220280945301,-0.0889647975564003,standing
1783085220024655000,2.221655029296875,0.0917661372885108,-0.0406320162482559,0.035265374648571,0.0183740854263305,0.0279275365173816,-0.0791398882865905,standing
1783085220034700000,2.231699951171875,0.0600062865428626,-0.0025868746880441,0.0204904148429632,0.0165610052645206,0.0205782763659954,-0.0689319893717765,standing
1783085220044744000,2.241743896484375,0.0276779882594943,-0.0334151436720043,-0.0110994861632585,0.0220290441066026,0.0174939446151256,-0.0586851872503757,standing
1783085220054787800,2.251787841796875,-0.0354689343966543,-0.062527037192136,-0.0300555310457944,0.0337855666875839,0.0188265908509492,-0.0500016845762729,standing
1783085220064832000,2.26183203125,-0.0422029188267886,-0.1525525413583964,-0.0884796629637479,0.0513717234134674,0.0215324275195598,-0.043526504188776,standing
1783085220074877000,2.271876953125,-0.0204725869253277,-0.1172054797757417,-0.1277607029944658,0.0717486292123794,0.0359414629638195,-0.034730352461338,standing
1783085220084920800,2.2819208984375,-0.0087491236448287,-0.0198380153488367,-0.0518827474504709,0.0817357748746872,0.0346953608095645,-0.022645691409707,standing
1783085220094965000,2.291965087890625,0.0175669286116957,-0.0267725638523697,0.0897416457235813,0.0694623365998268,0.0216527953743934,-0.0111765228211879,standing
1783085220105009200,2.302009033203125,0.0400485172718763,-0.0756921506483107,0.2184445980042219,0.0371939986944198,-0.0058009293861687,-0.0076511790975928,standing
1783085220115053000,2.312052978515625,0.0432138494350016,-0.1086949141271412,0.3043956192731857,-0.0011709687532857,-0.0314809940755367,-0.0037107658572494,standing
1783085220125098000,2.322097900390625,0.0353197351843118,-0.1346102766282856,0.298320683273673,-0.0263200830668211,-0.0503371022641658,-0.0024530470836907,standing
1783085220135142100,2.33214208984375,-0.01019683823511,-0.1379408092904835,0.2101274360358715,-0.028480440378189,-0.050543762743473,-0.0002322371583431,standing
1783085220145186000,2.34218603515625,-0.0298519712977111,-0.1139699319206178,0.0945060836464166,-0.0131893372163176,-0.0443716868758201,0.0001363730989396,standing
1783085220155230000,2.35222998046875,-0.0266866391345858,-0.1201205635048449,-0.0381733710497617,0.0057004643604159,-0.0332151725888252,-0.0054022031836211,standing
1783085220165273900,2.36227392578125,-0.0595217178963124,-0.1640419036220759,-0.1185790331512689,0.0300239454954862,-0.0200493671000003,-0.0060173640958964,standing
1783085220175319000,2.372319091796875,-0.0537877042889595,-0.1473885827239602,-0.1107856027960777,0.0496903210878372,-0.0085003022104501,-0.0038873679004609,standing
1783085220185363000,2.382363037109375,-0.0129907067373394,-0.0988369524575769,-0.043924481922388,0.060232613235712,-0.0066256555728614,-0.0013798170257359,standing
1783085220195406800,2.39240673828125,0.0342525443442165,-0.0407851609833538,0.0029296237111091,0.0606874786317348,-0.0083444602787494,0.0051888697780668,standing
1783085220205451000,2.402450927734375,0.0548904048338532,-0.0334402050480246,0.086974519097805,0.0549611262977123,-0.0101247755810618,0.013957830145955,standing
1783085220215495000,2.412494873046875,0.053519993263483,-0.0448900390189141,0.1353121412873268,0.0428093858063221,-0.0107548786327242,0.0208543539047241,standing
1783085220225539800,2.422539794921875,0.0438363652475178,-0.0890896115556359,0.1687216589361429,0.0286092367023229,-0.0092125739902257,0.0267176553606987,standing
1783085220235584000,2.432583984375,-0.0152452076658606,-0.1193822392929345,0.1823568010568618,0.0119394473731517,-0.0178220402449369,0.0328626334667205,standing
1783085220245628000,2.4426279296875,-0.0556191574998199,-0.142489704766497,0.2357616435080766,-0.0062187300063669,-0.0317373983561992,0.0351697914302349,standing
1783085220255672000,2.452672119140625,-0.0726293290115892,-0.1679101233575493,0.2101268515139818,-0.0231665540486574,-0.0419152006506919,0.0354534164071083,standing
1783085220265717000,2.462717041015625,-0.0721115887477994,-0.1618837026748806,0.1700210510969161,-0.024365060031414,-0.0360318720340728,0.0353310853242874,standing
1783085220275761000,2.472760986328125,-0.0522663399405777,-0.1466804344546049,0.0948749169588089,-0.0205886997282505,-0.0252471342682838,0.0410678014159202,standing
1783085220285805000,2.48280517578125,-0.034966976223886,-0.0967841846462339,0.0375584540218114,-0.00762345129624,-0.0215936712920665,0.0455921553075313,standing
1783085220295849000,2.492848876953125,-0.007169891629368,-0.0378938965212553,-0.0181903212070465,0.011927880346775,-0.0119343856349587,0.0528162457048893,standing
1783085220305892900,2.502892822265625,-0.0064997372828423,-0.0106394674360752,-0.1067798742860555,0.0383317545056343,-0.0014672400429844,0.0564133524894714,standing
1783085220315938000,2.51293798828125,-0.0169819683305919,-0.0103364659015089,-0.0976309376686811,0.0556990280747413,0.0064047975465655,0.0524657480418682,standing
1783085220325982200,2.522982177734375,-0.0471903518505394,-0.0009237637814134,-0.0238151753515005,0.0582677461206913,0.0112295988947153,0.0503009408712387,standing
1783085220336025900,2.53302587890625,-0.0935242330022156,-0.0489542927831411,0.070747022396326,0.0405228398740291,0.0090378168970346,0.0440190769731998,standing
1783085220346070000,2.543070068359375,-0.0770132431842386,-0.0661939622018486,0.1819581571280956,0.0116407088935375,0.0027740651275962,0.0391679778695106,standing
1783085220356114000,2.553114013671875,-0.0876385359644889,-0.0794316294375807,0.2313052486211061,-0.0200125575065612,-0.0026393425650894,0.0316528007388114,standing
1783085220366158800,2.563158935546875,-0.1014700774401426,-0.1001878556098788,0.2265507475703954,-0.0478741750121116,-0.0111050838604569,0.0209070816636085,standing
1783085220376203000,2.573203125,-0.0868659441567957,-0.1460971546739339,0.1933399673640728,-0.0649266615509986,-0.0209366753697395,0.0155562590807676,standing
1783085220386247000,2.583246826171875,-0.0605092676289379,-0.1258114686228335,0.0965466495633125,-0.0664570555090904,-0.0189966186881065,0.02038867585361,standing
1783085220396291000,2.593291015625,-0.0492341326378285,-0.0662936231840401,0.0587953033179044,-0.0577024482190609,-0.0146162509918212,0.0260151363909244,standing
1783085220406335000,2.6033349609375,-0.0333234468005597,-0.0395475089471787,0.0321399361044168,-0.0412429049611091,-0.0076054250821471,0.0241004787385463,standing
1783085220416380000,2.6133798828125,-0.0194300921350717,-0.0477858335256576,-0.0279255332797765,-0.0258538294583559,-0.0002969116903841,0.0225867368280887,standing
1783085220426424000,2.623424072265625,-0.0387837580330669,-0.0412003907207399,-0.0361129313886165,-0.0014377323677763,0.0022760338615626,0.0166622418910264,standing
1783085220436468200,2.63346826171875,-0.0615763123385608,-0.0696564506806433,-0.0734837538838386,0.0279545113444328,0.0105419531464576,0.0103667946532368,standing
1783085220446511900,2.643511962890625,-0.0720790016524493,-0.1005715942304581,-0.1396902102410793,0.0603182576596736,0.0293774995952844,0.0043783485889434,standing
1783085220456556000,2.65355615234375,-0.0896570361800491,-0.1050034391980618,-0.1102951889306306,0.0771803259849548,0.0394269376993179,-0.001945593394339,standing
1783085220466601200,2.663601318359375,-0.122677262250334,-0.148922075901553,-0.0037806875824928,0.0714585334062576,0.0287974048405885,-0.0073922974988818,standing
1783085220476645000,2.67364501953125,-0.1421921100594103,-0.2144838046144694,0.1322784726798534,0.0498658828437328,0.0053424113430082,-0.015675526112318,standing
1783085220486689000,2.68368896484375,-0.0708873076498508,-0.214492353247106,0.1953694273650646,0.0256340485066175,-0.0194399002939462,-0.0192191284149885,standing
1783085220496733000,2.69373291015625,-0.0427117451317608,-0.1465886645179241,0.1936246295243501,0.0090328734368085,-0.0386072136461734,-0.0176836308091878,standing
1783085220506778000,2.703778076171875,9.51309375464e-05,-0.0690557083085179,0.1410463010251522,0.0072897132486104,-0.0417233817279338,-0.0124623551964759,standing
1783085220516822000,2.713822021484375,0.0289348564527928,-0.0514352228786796,0.0479851554900407,0.0147079490125179,-0.0335916839540004,-0.0042816568166017,standing
1783085220526866000,2.723865966796875,0.0029198329694569,-0.0386430343881249,0.0013058219015598,0.0279886648058891,-0.0148054044693708,0.0007349939551204,standing
1783085220536910000,2.73391015625,0.0025566987454891,-0.0674550681788474,-0.013403671452403,0.0310190767049789,0.0112110152840614,0.0057710316032171,standing
1783085220546954000,2.7439541015625,0.0034102468349039,-0.0686889938879758,0.0615834727317094,0.0202528238296508,0.0222043972462415,0.0096524469554424,standing
1783085220556999000,2.7539990234375,-0.0014877543397247,-0.050964390496537,0.1710328584879636,-0.0026626109611243,0.0169063061475753,0.0151540040969848,standing
1783085220567043000,2.76404296875,0.0079284549117088,-0.0220849905580282,0.2104290493309497,-0.0274545606225729,0.0074622184038162,0.0232661943882703,standing
1783085220577087000,2.7740869140625,-0.0102573362506926,-0.0096972181499004,0.1990367177009582,-0.0484288185834884,-0.0049459813162684,0.0286308657377958,standing
1783085220587131100,2.784131103515625,-0.0775476423218846,-0.0587481031753122,0.1433668529272079,-0.0616398863494396,-0.008767107501626,0.0300056841224432,standing
1783085220597175000,2.794175048828125,-0.1069908866882324,-0.0635962738588452,0.0526297664254903,-0.0600744783878326,-0.0084030535072088,0.0298285838216543,standing
1783085220607220000,2.804219970703125,-0.0612282295532524,-0.0478364677343517,-0.035813656181097,-0.0449929609894752,-0.0071877096779644,0.0300161000341177,standing
1783085220617264000,2.81426416015625,-0.0035343116059899,-0.0244821148276329,-0.1080219833016395,-0.0221928413957357,-0.004930414725095,0.0352830328047275,standing
1783085220627308000,2.82430810546875,0.0081457509241998,-0.0069194970648735,-0.099193949201703,0.0079963346943259,-0.010298753157258,0.0320487432181835,standing
1783085220637352000,2.83435205078125,0.0049618601910769,-0.045907910824567,-0.0771200645595788,0.0298528969287872,-0.0260534826666116,0.0286742523312568,standing
1783085220647396000,2.84439599609375,-0.0207720082633197,-0.0665995473280549,-0.0436918422102928,0.0485531166195869,-0.0386370420455932,0.0178924724459648,standing
1783085220657441000,2.85444091796875,-0.0659592035979032,-0.1462652047172188,-0.0374403806000947,0.0631246045231819,-0.0383198596537113,0.0070640593767166,standing
1783085220667485000,2.86448486328125,-0.1435981774650514,-0.1885468148034066,0.0016179565906524,0.0688283815979957,-0.0264924243092536,-0.0070335632190108,standing
1783085220677529000,2.874529052734375,-0.1821824674032628,-0.2182834160931408,0.093725746923685,0.0576787963509559,-0.0264713838696479,-0.0196399018168449,standing
1783085220687573000,2.884572998046875,-0.1334264736711979,-0.2121554347321391,0.1928425392359495,0.0330218560993671,-0.0462244525551795,-0.0282696671783924,standing
1783085220697617200,2.8946171875,-0.0835284702971577,-0.1792683335222303,0.222146375131607,0.0134106073528528,-0.0695904940366745,-0.0311203151941299,standing
1783085220707662000,2.904662109375,-0.0124449094228446,-0.1484141263794154,0.1317471422821283,0.0120244063436985,-0.0716365948319435,-0.0274369306862354,standing
1783085220717706000,2.9147060546875,-0.0154573891118168,-0.1002562446709722,0.0065092357635498,0.0249244906008243,-0.0551324523985385,-0.0217548105865716,standing
1783085220727750100,2.924750244140625,-0.0294879602909088,-0.0803432643897831,-0.057091422009468,0.0483567267656326,-0.035119067877531,-0.0194789879024028,standing
1783085220737794000,2.9347939453125,-0.0192206871680915,-0.0717138946671038,-0.0355085357546806,0.0693331137299537,-0.012359426356852,-0.0103731080889701,standing
1783085220747839000,2.9448388671875,0.0019603402875363,-0.0629315994050353,0.0191039289206266,0.0755673348903656,0.005437939427793,-0.0006440156139433,standing
1783085220757883100,2.954883056640625,0.0069201546519994,-0.0686455200724303,0.1171943007946014,0.0619157031178474,0.0033122040331363,0.005627728998661,standing
1783085220767927000,2.964927001953125,0.0129321084178984,-0.0902696881856769,0.2336158636510372,0.038518738001585,0.0012584398500621,0.0129465982317924,standing
1783085220777971000,2.974970947265625,0.0229418996483087,-0.067896455270797,0.2830821976095438,0.0106149362400174,0.0011931923218071,0.0222626030445098,standing
1783085220788015000,2.98501513671875,0.0381666490480303,-0.042913185987994,0.3065022361636161,-0.0223938450217247,-0.0071753826923668,0.0334471054375171,standing
1783085220798060000,2.99506005859375,0.0655759033687412,-0.0402569723907858,0.3145896810293197,-0.0518398843705654,-0.0315632782876491,0.0400469489395618,standing
1783085220808104000,3.00510400390625,0.0525683916270732,-0.05903429970555,0.2498953828006982,-0.0657446980476379,-0.0486614480614662,0.0508706606924533,standing
1783085220818148000,3.015148193359375,0.0239928700059652,-0.0616841566272079,0.1232213059991598,-0.0587072931230068,-0.0550391860306263,0.0605081096291542,standing
1783085220828192000,3.02519189453125,-0.055126697807759,-0.0704805534798651,0.0139957921266555,-0.0315303169190883,-0.0527192912995815,0.0600086934864521,standing
1783085220838236200,3.035236083984375,-0.0870728649057447,-0.1090983803614974,-0.1123147120594978,0.0005993898957967,-0.0363094247877597,0.0526431910693645,standing
1783085220848281000,3.045281005859375,-0.0804424869805574,-0.0993071272525936,-0.126417471691966,0.0208152346312999,-0.0280696786940097,0.0470271818339824,standing
1783085220858325000,3.055324951171875,-0.0335590091221034,-0.092625019140169,-0.0547387214034795,0.0190684664994478,-0.0408608391880989,0.0390435568988323,standing
1783085220868369200,3.065369140625,-0.0048421793341636,-0.1302037852976471,0.0384773224323987,0.0107000162824988,-0.0613282993435859,0.0373103730380535,standing
1783085220878413000,3.0754130859375,-0.0204306474797427,-0.1200672258824109,0.0679325494974851,0.0033403707202523,-0.0720275491476059,0.0321726016700267,standing
1783085220888457000,3.08545703125,-0.0872336084254086,-0.1722083320081233,0.0509457588613033,0.0096318181604146,-0.0677288845181465,0.0160317216068506,standing
1783085220898502100,3.095502197265625,-0.1330332365699112,-0.2481833912510424,-0.0133177467346191,0.0209505185484886,-0.063132531940937,0.0019800849258899,standing
1783085220908546000,3.105546142578125,-0.1664239033877849,-0.2030661924127489,-0.0643745647549629,0.0365323163568973,-0.0551023706793785,-0.0023351227864623,standing
1783085220918590000,3.11558984375,-0.1700700048051774,-0.1158529691882431,-0.0364385100811719,0.0481271855533123,-0.0409878827631473,-0.0048020090907812,standing
1783085220928633900,3.1256337890625,-0.1391007199153304,-0.144854388071224,-0.0010690905362367,0.0477672293782234,-0.0311424918472766,-0.0074302088469266,standing
1783085220938678000,3.135677978515625,-0.1338249714694917,-0.1684479565612971,0.0679892481207847,0.0373726449906826,-0.0305174477398395,-0.0085671124979853,standing
1783085220948723200,3.14572314453125,-0.0951503728993237,-0.1291767803374678,0.1120873330444097,0.0283534936606884,-0.0343476757407188,-0.0024565749336034,standing
1783085220958766800,3.155766845703125,-0.0535531648807227,-0.100384401095286,0.1337964760273695,0.0237731225788593,-0.031405683606863,0.0006470731459558,standing
1783085220968811000,3.16581103515625,-0.0247477800264954,-0.085471786384657,0.126378308725357,0.0185073446482419,-0.0224800277501344,0.0066733593121171,standing
1783085220978855200,3.175855224609375,0.0176696583338081,-0.0586131516840308,0.1030681602865457,0.0137954130768775,-0.0106137804687023,0.0138915907591581,standing
1783085220988899800,3.18589990234375,0.0721406687118113,-0.0520861610680818,0.1084714806348085,0.0127315372228622,-0.00229067588225,0.0183559153228998,standing
1783085220998944000,3.195944091796875,0.121072311271727,-0.0321762495268136,0.0891530321806669,0.0111304437741637,0.0080754123628139,0.0263062492012977,standing
1783085221008988200,3.20598828125,0.1166743685737252,0.0067389528661966,0.093647420990467,0.0121644278988242,0.01949318125844,0.0349267870187759,standing
1783085221019032000,3.216031982421875,0.0688031948521733,0.0091238752413541,0.1435895557671785,0.0025128663983196,0.02290122769773,0.0455978065729141,standing
1783085221029076200,3.226076171875,0.0076836863704025,-0.0375295932535082,0.2184621336609125,-0.0202276855707168,0.0123746888712048,0.0519221872091293,standing
1783085221039121000,3.236120849609375,-0.0482259785085916,-0.0901719268996268,0.2776251012474298,-0.0478824824094772,-0.0069931503385305,0.0526620112359523,standing
1783085221049165000,3.2461650390625,-0.0982410323910415,-0.1147672928433865,0.2649187644094228,-0.0728319510817527,-0.0235784500837326,0.0503334291279315,standing
1783085221059209200,3.256209228515625,-0.1399574828751385,-0.1355595401771366,0.1529851606220006,-0.0789489671587944,-0.0252184234559535,0.041219562292099,standing
1783085221069252900,3.2662529296875,-0.1645396970763802,-0.1487551949020475,-0.0335386969864368,-0.0615403950214386,0.0009397286921739,0.0326490178704261,standing
1783085221079297000,3.276297119140625,-0.1569667776040732,-0.0982460008271038,-0.1457242297083139,-0.0298322662711143,0.037824772298336,0.0260446462780237,standing
1783085221089342200,3.28634228515625,-0.143084090463072,-0.0475372655920684,-0.1394330206096172,-0.0073560350574553,0.060824379324913,0.0151889976114034,standing
1783085221099385900,3.2963857421875,-0.0912413827620446,-0.0472184819664806,-0.0359025035083293,-0.0054617282003164,0.0612664632499218,0.0113977212458848,standing
1783085221109430000,3.306429931640625,-0.0274932793423533,-0.043092707273364,0.1067231756627559,-0.0211781170219182,0.0345516167581081,0.0101276719942688,standing
1783085221119474000,3.316473876953125,0.0174783735454082,-0.038721725647524,0.196468913039565,-0.0430908724665641,-0.0012306161224842,0.0152025921270251,standing
1783085221129518000,3.32651806640625,0.0419948290340602,-0.0469560316380113,0.1887269206106662,-0.0556799508631229,-0.0324931815266609,0.0194790251553058,standing
1783085221139563000,3.33656298828125,0.0454931925438344,-0.0563886075023561,0.0975631331294775,-0.0503741353750228,-0.0467078052461147,0.0225536450743675,standing
1783085221149607000,3.34660693359375,0.0367027139753103,-0.0783080322351306,-0.0507014287114143,-0.0251918267458677,-0.0417555421590805,0.0223459303379058,standing
1783085221159651000,3.356651123046875,-0.0072040861599147,-0.0949685135263949,-0.1422650291651487,0.0064742220565676,-0.0243507176637649,0.021025801077485,standing
1783085221169695200,3.3666953125,0.0043548342086374,-0.0730162825025618,-0.1518909356445074,0.0352196432650089,-0.008339924737811,0.0220775417983531,standing
1783085221179739000,3.37673876953125,0.041298517332971,-0.046539340595901,-0.0616898557156324,0.0511754415929317,-0.0096456725150346,0.0291809923946857,standing
1783085221189784000,3.3867841796875,0.0781938312709331,-0.0240481803897768,0.0561912582993507,0.0496650524437427,-0.0196203961968421,0.0333271399140358,standing
1783085221199828200,3.396828125,0.0529288955025374,-0.036287776498869,0.1669207469940185,0.0365804098546505,-0.0325963832437992,0.0351237095892429,standing
1783085221209872100,3.4068720703125,-0.0019318448454141,-0.0580894200708717,0.192241066211462,0.0249704793095588,-0.0399211384356021,0.0357643142342567,standing
1783085221219916000,3.416916015625,-0.0346789530627429,-0.0941797012362629,0.1638607749015092,0.0153436856344342,-0.0375562533736228,0.0365275777876377,standing
1783085221229960000,3.4269599609375,-0.0290820098385214,-0.091202000599727,0.1400274793714284,0.0010299826972186,-0.0388935729861259,0.0376927219331264,standing
1783085221240005000,3.437005126953125,-0.0368305781386792,-0.1121007039826363,0.1229950960278511,-0.0161290299147367,-0.0504719316959381,0.0399332381784915,standing
1783085221250049000,3.447049072265625,-0.0472461736910045,-0.1192059328779578,0.1087520511418581,-0.0323034673929214,-0.0618780404329299,0.0417737439274787,standing
1783085221260093000,3.457093017578125,-0.031162323243916,-0.1437771872937679,0.0362765975177288,-0.0278623793274164,-0.0652951449155807,0.0379137583076953,standing
1783085221270137000,3.46713720703125,-0.0428181281156837,-0.1516910291582346,-0.0763712920188903,0.0002390341833233,-0.0504283756017684,0.0356857515871524,standing
1783085221280181000,3.477180908203125,-0.1106947096422314,-0.1021150242801755,-0.1483311973363161,0.0358798541128635,-0.0293177608400583,0.0315954014658927,standing
1783085221290226000,3.487225830078125,-0.113808165487647,-0.0785552119292318,-0.1086310551106929,0.0628171041607856,-0.0245483759790658,0.0259219836443662,standing
1783085221300270000,3.49727001953125,-0.0622458821631968,-0.0977997914295643,-0.0257218857556581,0.0690118819475174,-0.0331109724938869,0.0317231453955173,standing
1783085221310314000,3.50731396484375,0.0172920571930706,-0.0922665610913187,0.0380097049206495,0.0629858970642089,-0.0459465980529785,0.034308198839426,standing
1783085221320358100,3.517358154296875,0.0537692918494343,-0.0943938554435968,0.0813087484210729,0.0577895380556583,-0.0550290420651435,0.0361013039946556,standing
1783085221330402000,3.527402099609375,0.077227908848226,-0.1131507975574582,0.0990408044666051,0.059057991951704,-0.0575935430824756,0.0385618209838867,standing
1783085221340447000,3.537447021484375,0.0478045382261276,-0.0931893019594252,0.0722451519995927,0.0655369311571121,-0.0523809418082237,0.0357433967292308,standing
1783085221350491100,3.5474912109375,0.0186352884955704,-0.0885871419262141,0.0634580344319343,0.0712327808141708,-0.0369748845696449,0.0309011153876781,standing
1783085221360535000,3.55753515625,0.0247146084092557,-0.061506388907507,0.0804950939506292,0.0651450604200363,-0.0238646734505891,0.0295397080481052,standing
1783085221370579000,3.567578857421875,-0.0017009586989879,-0.0487546785578131,0.1356944186031818,0.045462641865015,-0.0203618928790092,0.0346476025879383,standing
1783085221380624100,3.5776240234375,-0.0264371944181621,-0.104365141294524,0.2195493443757295,0.0160075463354587,-0.0250365398824214,0.033009223639965,standing
1783085221390668000,3.58766796875,-0.0169388598412275,-0.1226294775858521,0.2498796007096767,-0.0173111073672771,-0.0364003702998161,0.031997624784708,standing
1783085221400712000,3.5977119140625,-0.0380054671369493,-0.100221173357591,0.2294464690119028,-0.0295049231499433,-0.0401897802948951,0.0232091937214136,standing
1783085221410756000,3.607756103515625,-0.0584770311489701,-0.0663134238630533,0.128590139555931,-0.0184500850737094,-0.0251003839075565,0.0164341777563095,standing
1783085221420800000,3.617800048828125,-0.0985598890818655,-0.064919412221387,0.0137087918788194,0.0026743744965642,0.00073680607602,0.0062542441301047,standing
1783085221430845000,3.627844970703125,-0.1258193596683442,-0.0960882382713258,-0.0372182622820138,0.0224705953150987,0.0166526511311531,0.0020138439722359,standing
1783085221440888800,3.637888916015625,-0.0881961698472499,-0.0769642164107412,0.0039689036309719,0.0320904664695262,0.0158779397606849,0.0012415271485224,standing
1783085221450933000,3.64793310546875,-0.0486174620442092,-0.0910050897881388,0.0886433290928602,0.0266194678843021,0.0068236477673053,0.0009911358356475,standing
1783085221460977200,3.65797705078125,-0.0058197921946644,-0.1045109064407646,0.1333382108658552,0.0084993205964565,-0.0109982248395681,-0.0020208994392305,standing
1783085221471021000,3.66802099609375,-0.0075588909469544,-0.1201564385358244,0.1463397312581539,-0.0054810186848044,-0.0261654425412416,-0.001834584865719,standing
1783085221481066000,3.67806591796875,-0.0260661691486835,-0.1337161042675375,0.0815799665778875,-0.003797901328653,-0.0172680858522653,-0.0074605126865208,standing
1783085221491110100,3.688110107421875,-0.0759685564368963,-0.1466261469841003,-0.0013578443497419,0.0062376586720347,0.0132006723433732,-0.0142127200961112,standing
1783085221501154000,3.698154052734375,-0.1516755393281579,-0.1488219765279442,-0.0069534723997116,0.0103873955085873,0.0454837791621685,-0.0214740950614213,standing
1783085221511198000,3.708197998046875,-0.1368896197371184,-0.0652489364366978,0.139612468829751,-0.0103859733790159,0.0553176291286945,-0.0211674701422452,standing
1783085221521241900,3.718241943359375,-0.08447539575845,-0.0843769038200378,0.298262815606594,-0.0545534342527389,0.0374139957129955,-0.0200428161770105,standing
1783085221531287000,3.728287109375,-0.0661931584842503,-0.0994224972605705,0.3575567160964012,-0.0977687239646911,0.0150353144854307,-0.0245224256068468,standing
1783085221541331000,3.7383310546875,-0.054878568265587,-0.1156192334976047,0.2518085229456424,-0.1153455898165702,0.0140925552695989,-0.0258087310940027,standing
1783085221551374800,3.748374755859375,-0.0679155983626842,-0.0877431653827428,0.1316138712912797,-0.1078594699501991,0.0293643996119499,-0.0246891882270574,standing
1783085221561419000,3.7584189453125,-0.0140711954504251,-0.0473194581229239,0.0715811351329088,-0.1002183258533477,0.0425166860222816,-0.0257541853934526,standing
1783085221571463200,3.768463134765625,0.0041245325841009,-0.0742927321791648,0.0372276146322488,-0.0939864516258239,0.0345522165298461,-0.0185771211981773,standing
1783085221581507800,3.7785078125,0.0176750651612877,-0.0599500993762165,0.004276362144947,-0.0831540450453758,0.0252316873520612,-0.0066594760864973,standing
1783085221591552000,3.788552001953125,0.0143755852244794,-0.0558150453981012,-0.0471358451843261,-0.0599103868007659,0.0288626439869403,0.0017349240370094,standing
1783085221601596000,3.798595947265625,-0.0562283754393458,-0.077697499121353,-0.0910229177057743,-0.035958182066679,0.0424567498266696,0.0063384640961885,standing
1783085221611640000,3.80864013671875,-0.0992762206576764,-0.0979443144667893,-0.0783826318413019,-0.0146925058215856,0.0545342005789279,0.0019030083203688,standing
1783085221621684000,3.81868408203125,-0.1016796285375952,-0.1439581698838621,-0.0348012642681598,-0.0019852332770824,0.0570436976850032,-0.0004799882881343,standing
1783085221631729000,3.82872900390625,-0.0811452284224331,-0.1560045815084129,0.040226211926341,-0.0020203965250402,0.0489723086357116,-0.0038126485887914,standing
1783085221641773000,3.83877294921875,-0.0612180004201829,-0.0854023744102567,0.120078331798315,-0.0136150009930133,0.0300241839140653,0.0008212516549974,standing
1783085221651817000,3.84881689453125,-0.0322825594455003,-0.0489438444543629,0.1703945605844259,-0.029517762362957,-0.000500354450196,0.001371468999423,standing
1783085221661860900,3.85886083984375,0.0289634980253875,-0.0649180970471352,0.1190139174371957,-0.0402785316109657,-0.0214796736836433,0.0062035084702074,standing
1783085221671905000,3.868905029296875,0.0093684245869517,-0.077889514562115,0.0410123938679695,-0.0416240319609642,-0.0308233276009559,0.011113810352981,standing
1783085221681950200,3.8789501953125,-0.0362771820396184,-0.0570335543423891,-0.0141916069597005,-0.0333208292722702,-0.0171083156019449,0.0056833592243492,standing
1783085221691993900,3.888993896484375,-0.0754886639654636,-0.0531830894593149,-0.0709194563537836,-0.019252385944128,0.0078126797452569,-0.0032717566937208,standing
1783085221702038000,3.8990380859375,-0.0861586726702749,-0.0512353163924068,-0.0529758033841848,-0.012419513426721,0.0271738618612289,-0.0098135452717542,standing
1783085221712082000,3.90908203125,-0.0633602731458842,-0.0430155503839254,0.0413543391734361,-0.0129478136077523,0.0353340692818164,-0.0072339624166488,standing
1783085221722126000,3.9191259765625,-0.0345600028581917,-0.022164996991679,0.1134177048653364,-0.0186264719814062,0.0346411168575286,0.0020807096734642,standing
1783085221732171000,3.9291708984375,-0.0544251254096627,-0.0254090934794396,0.1270920099526643,-0.0229913033545017,0.0384399183094501,0.0130666010081768,standing
1783085221742215000,3.93921484375,-0.0903624079704284,-0.0387042630560696,0.1207873568505048,-0.0326686985790729,0.0497655421495437,0.019733291119337,standing
1783085221752259000,3.949259033203125,-0.1085411848701536,-0.0778509361173957,0.170543613666296,-0.048170369118452,0.0470285415649414,0.0270871445536613,standing
1783085221762303000,3.959302978515625,-0.0601554857552051,-0.0954993324674665,0.199775553369522,-0.0720306932926178,0.0338621363043785,0.0406711287796497,standing
1783085221772347000,3.969346923828125,-0.0186367498002946,-0.1181769551564008,0.1685655915915966,-0.0840666145086288,0.0148261338472366,0.0534332245588302,standing
1783085221782392000,3.97939208984375,0.0218861069850623,-0.1488004953484982,0.1127788224399089,-0.0866253748536109,-0.0013491068966686,0.0617311038076877,standing
1783085221792436000,3.98943603515625,0.0347131475932896,-0.1239985009167343,-0.0299982479006052,-0.0726402699947357,-0.0158609524369239,0.0759055837988853,standing
1783085221803735000,4.000735107421875,0.0359568640440702,-0.1314706634283065,-0.0309381590992212,-0.0362878516316413,-0.0188807100057601,0.0800103172659874,standing
1783085221813779000,4.010779052734375,0.0604715659670531,-0.1893741324730217,-0.1583539941787719,0.0038602331187576,-0.0076870871707797,0.0815132185816764,standing
1783085221823822800,4.02082275390625,0.065795537468791,-0.1640022291988134,-0.2081324628263711,0.0400131754577159,0.0041487994603812,0.0860381945967674,standing
1783085221833868000,4.030867919921875,0.060974400922656,-0.1056326770123094,-0.1630710858285427,0.0700399577617645,0.0056785712949931,0.0871521383523941,standing
1783085221843912000,4.040911865234375,0.0656505760401487,-0.1093792431294918,-0.1178887127995491,0.0876450464129448,0.0102842412889003,0.0915245190262794,standing
1783085221853956000,4.0509560546875,-0.0024338030181825,-0.1143600272167474,-0.0189583829700946,0.0875477269291877,0.0175020843744277,0.0869669094681739,standing
1783085221864000000,4.061,-0.103613080818206,-0.170081987503916,0.1280412735015153,0.065840296447277,0.0089283036068081,0.0804906338453292,standing
1783085221874044000,4.0710439453125,-0.1503993819124996,-0.177436588050425,0.2860059761017561,0.0258880946785211,-0.0158433560281991,0.0679519400000572,standing
1783085221884089000,4.081089111328125,-0.1268964873805642,-0.1557663157731294,0.3358703694671392,-0.0161557476967573,-0.0449398756027221,0.058584064245224,standing
1783085221894133000,4.091133056640625,-0.0379401468157768,-0.148225471939519,0.2517991705954074,-0.0347477383911609,-0.0551613382995128,0.0624651238322258,standing
1783085221904177000,4.101177001953125,-0.0085791739054024,-0.0631557635497301,0.0921060367673635,-0.026522297412157,-0.0457614436745643,0.0623205155134201,standing
1783085221914221000,4.111220947265625,-0.0355085357546806,-0.012597542701289,0.0025508535265922,0.001121656037867,-0.0262202527374029,0.0532685443758964,standing
1783085221924265000,4.121264892578125,-0.0289288651034235,-0.0180761202428489,-0.0442553213119506,0.0256930440664291,-0.0090340757742524,0.0446308478713035,standing
1783085221934310000,4.131309814453125,-0.0222677997790276,-0.026890491143614,-0.0311012407064437,0.0496524572372436,-0.0011678086593747,0.0423098765313625,standing
1783085221944354000,4.14135400390625,0.0143824533566832,-0.0122189186472445,-0.0194558110982179,0.069239467382431,0.0022234609350562,0.0487454049289226,standing
1783085221954398000,4.15139794921875,-0.0096655078373849,0.0378729267984628,0.0169067111372947,0.0800200030207634,0.0004399297758936,0.0490086041390895,standing
1783085221964442000,4.161442138671875,-0.0722859224013984,-0.0019257073655724,0.0800368287891149,0.0802820548415184,-0.0052784099243581,0.0429080985486507,standing
1783085221974485800,4.17148583984375,-0.1164284309886395,-0.0606152122214436,0.0668757339209318,0.0773163586854934,-0.00976855866611,0.0427834540605545,standing
1783085221984531000,4.181531005859375,-0.1522131533361971,-0.1047766447048634,0.0801648390829563,0.0662397444248199,-0.0016781417652964,0.0367902778089046,standing
1783085221994575000,4.1915751953125,-0.1411414319626986,-0.1234141982227563,0.0895160202741622,0.0446721166372299,0.0015795868821442,0.0259018652141094,standing
1783085222004619000,4.201618896484375,-0.0785347536630928,-0.1224208763364702,0.1543102717459201,0.0176671277731657,0.0006749108433723,0.018116645514965,standing
1783085222014663000,4.211662841796875,-0.0319118264369666,-0.111688542985171,0.1908651016831397,-0.009937085211277,-0.0006867880001664,0.0198877081274986,standing
1783085222024707000,4.22170703125,-0.0445078347682952,-0.0843546189229935,0.2420674656540155,-0.0343968868255615,-0.0089385928586125,0.0206616222858428,standing
1783085222034752000,4.231751953125,-0.0566907322540879,-0.093732322794944,0.2344382859498262,-0.047897033393383,-0.0162042155861854,0.0231159124523401,standing
1783085222044796000,4.2417958984375,-0.0813470346048474,-0.1076548304896801,0.1598638142198324,-0.0486126244068145,-0.0086967656388878,0.0212969742715358,standing
1783085222054840000,4.251840087890625,-0.121447282063961,-0.1475189311053603,0.0414151294499635,-0.0327015742659568,0.0080934595316648,0.0202777944505214,standing
1783085222064884000,4.261884033203125,-0.1452697639390826,-0.0939661315508186,-0.0062386021286249,-0.0159960985183715,0.0319993235170841,0.0140736950561404,standing
1783085222074928000,4.27192822265625,-0.1635803505249321,-0.0481133119143545,-0.015720131701231,-0.0061809280887246,0.0497919730842113,0.0052352799102663,standing
1783085222084973000,4.28197314453125,-0.1356951492555439,-0.0392532752409577,0.0692372023552656,-0.0140870539471507,0.0521086566150188,0.0084236161783337,standing
1783085222095017000,4.292016845703125,-0.0519417841613292,-0.0093653558470308,0.1828273411780595,-0.0410318523645401,0.0236218869686126,0.0134729705750942,standing
1783085222105061000,4.30206103515625,0.0392697879843413,-0.0503989386335015,0.199216165921092,-0.0663137733936309,-0.0060635693371295,0.0210094489157199,standing
1783085222115105000,4.31210498046875,0.0507243711955845,-0.0380886884409934,0.1307896954268217,-0.0705707445740699,-0.0300194360315799,0.0266530402004718,standing
1783085222125149000,4.32214892578125,0.0513949639335274,0.0371655822467058,0.0043576106876134,-0.0497775860130786,-0.023741029202938,0.0310949236154556,standing
1783085222135194000,4.332194091796875,0.0268919524483382,0.0750180507790297,-0.1456149241149425,-0.0107588153332471,-0.0035723196342587,0.0322906970977783,standing
1783085222145238000,4.342238037109375,-0.0382188176266849,0.0053005906261503,-0.1649655212730169,0.02491981908679,0.0038882598746567,0.0338635593652725,standing
1783085222155282000,4.352281982421875,-0.1110856086559593,-0.1037703172065317,-0.1445563549727201,0.0487082488834857,-0.0014145411550998,0.0303910188376903,standing
1783085222165327000,4.3623271484375,-0.1449928466938436,-0.1780873070441186,-0.1392179165542125,0.0706798657774925,-0.000775116495788,0.0243616234511137,standing
1783085222175371000,4.37237109375,-0.143145757522434,-0.1564213456157595,-0.1105138001173734,0.088639959692955,-0.0050340434536337,0.0207104291766881,standing
1783085222185415000,4.382414794921875,-0.1602097050480544,-0.1380835787620395,-0.0576660070270299,0.0994581654667854,-0.0078576877713203,0.01212012860924,standing
1783085222195458800,4.392458740234375,-0.1512918007075786,-0.1649656674034893,-0.0294248319268226,0.102823868393898,-0.0035068816505372,-0.0036716172471642,standing
1783085222205504000,4.40250390625,-0.0971593746341764,-0.1580580799721181,0.0633767858892679,0.0959543660283088,0.0025145285762846,-0.0141025697812438,standing
1783085222215548200,4.412548095703125,-0.0276442321203649,-0.0729810650587081,0.1735679299235343,0.0718519613146781,0.0018964088521897,-0.0197503361850976,standing
1783085222225591800,4.422591796875,0.0531103895492851,-0.0089253569945693,0.2868517792761326,0.0367674268782138,-0.0080353049561381,-0.0179695561528205,standing
1783085222235636000,4.432635986328125,0.0886043122567236,0.0212703862395137,0.362512292677164,-0.0015067234635353,-0.0199462920427322,-0.0155476769432425,standing
1783085222245680000,4.44268017578125,0.0961786930337548,-0.0098964670490473,0.3602840952336787,-0.0335849151015281,-0.0169837307184934,-0.0156333055347204,standing
1783085222255724800,4.452724853515625,0.0458772234253585,-0.0301053615368902,0.3020604543238878,-0.0483931563794612,-0.0114486161619424,-0.0145968040451407,standing
1783085222265769000,4.46276904296875,0.0054471594899892,-0.0498491957962512,0.1525514453798532,-0.040608387440443,0.0065577360801398,-0.0095060700550675,standing
1783085222275813000,4.472813232421875,-0.0738483494125306,-0.0583607112929224,0.0148731594830751,-0.0281330775469541,0.0349824540317058,-0.0061313128098845,standing
1783085222285857000,4.48285693359375,-0.0789079708896577,-0.0577536853104829,-0.0273088626861572,-0.0189891383051872,0.054574005305767,-0.0062876748852431,standing
1783085222295901200,4.492901123046875,-0.0399742829918861,-0.0564058508981019,0.0063064066678285,-0.021170001477003,0.0618212632834911,-0.0026157088577747,standing
1783085222305945900,4.50294580078125,-0.0103914840243756,-0.0581457533679902,0.0817471398383379,-0.031860776245594,0.0547238923609256,0.0044562201946973,standing
1783085222315990000,4.512989990234375,0.0199492937035858,-0.0406499902963638,0.1202940203756093,-0.0398638434708118,0.0439119897782802,0.0081138052046298,standing
1783085222326034200,4.5230341796875,0.0169977504216134,-0.0345578109011054,0.0969768576741218,-0.030460437759757,0.0485757663846015,0.0099890325218439,standing
1783085222336077800,4.533077880859375,-0.0231955821484327,-0.0376915058169513,0.0343131884902715,-0.012716862373054,0.0651656612753868,0.0091133853420615,standing
1783085222346122000,4.5431220703125,-0.0408203784272074,-0.0232795341048389,-0.0024719430714845,-0.0047916425392031,0.071368508040905,0.0011134087108075,standing
1783085222356167200,4.553167236328125,-0.0351538770981132,-0.0444064932856708,0.0553530539095401,-0.0075525417923927,0.0668376684188842,0.0010918371845036,standing
1783085222366210800,4.5632109375,-0.0325318580314517,-0.0347195773340761,0.1163350536167621,-0.0214698947966098,0.0428650937974453,0.003468498121947,standing
1783085222376255000,4.5732548828125,-0.0320893749609589,-0.0633901568274944,0.167151048618555,-0.0436556227505207,0.0094240494072437,0.0052698603831231,standing
1783085222386299000,4.583298828125,-0.0379186656363308,-0.0515383179269731,0.1581459043860435,-0.0550104640424251,-0.0092399939894676,0.0068425647914409,standing
1783085222396343000,4.593343017578125,-0.0287032396540045,-0.0386758406791836,0.0509703087806701,-0.0468057990074157,-0.0061392751522362,0.0118181491270661,standing
1783085222406388000,4.603387939453125,-0.0509783459566533,-0.0444715944111347,-0.0892027165412902,-0.0114193661138415,0.0130480732768774,0.0146998884156346,standing
1783085222416431900,4.613431884765625,-0.0937102570936083,-0.052845235807076,-0.1698135458260774,0.0282260477542877,0.0454784519970417,0.0126324761658906,standing
1783085222426475800,4.623475830078125,-0.0853404881551861,-0.0595016980215907,-0.1578489672660827,0.0514293164014816,0.0655036270618438,0.0092680361121892,standing
1783085222436520000,4.63352001953125,-0.0232077109776437,-0.1084724304828792,-0.0401642526060342,0.0500945411622524,0.0628998577594757,0.0099553978070616,standing
1783085222446563800,4.643563720703125,-0.0038075755894184,-0.101420320014283,0.1172235268890857,0.0337834432721138,0.0428996421396732,0.0082019567489624,standing
1783085222456608800,4.65360888671875,0.0299169993579387,-0.0789981333911418,0.2023264068961143,0.0151122855022549,0.0278154984116554,0.0071747759357094,standing
1783085222466653000,4.66365283203125,-0.032409985217452,-0.0150689012508839,0.1696989795356988,0.0023464583791792,0.0271831378340721,0.01088004745543,standing
1783085222476697000,4.673697021484375,-0.1159612518683075,-0.0173197489175945,0.1598012703776359,-0.004021159838885,0.0331981554627418,0.0080235404893755,standing
1783085222486740700,4.68374072265625,-0.1378947051264345,-0.0863720231600105,0.1607744993239641,-0.0159895308315753,0.0315118990838527,0.0017197370762005,standing
1783085222496785000,4.693784912109375,-0.1263492287613451,-0.0897013867784291,0.1552472603350877,-0.0272584315389394,0.0201820116490125,0.0017048234585672,standing
1783085222506830000,4.703830078125,-0.0009115618869662,-0.0575368276894092,0.1662193207263946,-0.0321311168372631,0.0052919602021574,0.0036106391344219,standing
1783085222516873700,4.713873779296875,0.0855297271169722,-0.0005562456432729,0.1044102225452661,-0.0277478210628032,-0.0069657708518207,0.0089766420423984,standing
1783085222526918000,4.72391796875,0.0932728885896503,0.0410253264147788,0.0425870958387851,-0.0166047513484954,-0.0079496912658214,0.0097424807026982,standing
1783085222536961800,4.7339619140625,0.0417851318061351,-0.0116354927361011,-0.009088146340847,-0.005556627176702,-0.0058500557206571,0.0007905312813818,standing
1783085222547006000,4.744005859375,-0.0601850041106343,-0.1301287473000586,-0.0476975707203149,0.0092386333271861,0.0059349793009459,-0.0178185403347015,standing
1783085222557051000,4.75405078125,-0.1829667496487498,-0.1650659129075705,-0.0602858341366052,0.019578356295824,0.0146842626854777,-0.0423395968973636,standing
1783085222567094800,4.7640947265625,-0.1814928777039051,-0.1745554065909236,0.0194949740648269,0.0165152102708816,0.0032822587527334,-0.0596301108598709,standing
1783085222577139000,4.774138916015625,-0.113713911332935,-0.1473015620276331,0.0846831932902336,0.0073707131668925,-0.0256409998983144,-0.0679809898138046,standing
1783085222587182800,4.784182861328125,-0.0824430131480097,-0.1295822193332016,0.0920738880634307,0.0058693690225481,-0.0347543433308601,-0.0704426690936088,standing
1783085222597226800,4.794226806640625,-0.096845924770832,-0.1659631540082395,0.0126005383759737,0.0182330943644046,-0.0267454162240028,-0.0713673159480094,standing
1783085222607272000,4.80427197265625,-0.1129367894805967,-0.1455742998436093,-0.0242559048563241,0.0325303450226783,-0.0146991275250911,-0.0669546946883201,standing
1783085222617315800,4.81431591796875,-0.1003156467080116,-0.1231328970633447,-0.0164420162349939,0.041070569306612,-0.0096873249858617,-0.0614355579018592,standing
1783085222627359700,4.82435986328125,-0.0288246740765869,-0.1090078525338321,0.032829671934247,0.0372210890054702,-0.0140527747571468,-0.054554633796215,standing
1783085222637404000,4.83440380859375,0.0505121897496283,-0.1059146357588469,0.0356277782201766,0.0325605571269989,-0.0156975425779819,-0.0438886769115924,standing
1783085222647447800,4.84444775390625,0.0751635236643254,-0.0800984227832406,0.017267945665121,0.0311575308442115,-0.0190235208719968,-0.0292287915945053,standing
1783085222657493000,4.854492919921875,0.0696994130395352,-0.0656027913756668,0.0386848277032375,0.0347312279045581,-0.0210776161402463,-0.0191748272627592,standing
1783085222667537000,4.864536865234375,0.0932012846581637,-0.0676666651029139,0.0527151066213846,0.0355293229222297,-0.0275259166955947,-0.0085888374596834,standing
1783085222677580800,4.874580810546875,0.137989836063981,-0.0376451093919575,0.0739525404393672,0.0353551544249057,-0.0407413206994533,0.0032228142954409,standing
1783085222687625000,4.884625,0.1545243528880178,-0.0055026890695095,0.0993868414252996,0.0354324132204055,-0.0433549508452415,0.0127553725615143,standing
1783085222697668900,4.8946689453125,0.1013046577453613,0.0445531352147459,0.0962730933189392,0.0364710465073585,-0.0391828417778015,0.0130898654460906,standing
1783085222707713800,4.9047138671875,0.0267412919312715,0.049779783821851,0.1187590658932924,0.0300685763359069,-0.0408994369208812,0.0094922026619315,standing
1783085222717758000,4.914758056640625,-0.0514782583028078,0.0173803930636495,0.1636252125799656,0.0161205381155014,-0.0520900413393974,0.0018928725039586,standing
1783085222727801900,4.9248017578125,-0.1331390350319445,-0.029611075213924,0.1611240434139967,0.0010090742725878,-0.0564045011997222,-0.0115077467635273,standing
1783085222737846000,4.934845947265625,-0.184243929977715,-0.0785237938776612,0.163805245321989,-0.0132614746689796,-0.0611156336963176,-0.0284851342439651,standing
1783085222747889700,4.9448896484375,-0.2223848600625991,-0.1739003767482936,0.1023071127861738,-0.0124837104231119,-0.0647990480065345,-0.0434929989278316,standing
1783085222757934800,4.954934814453125,-0.2429277357451617,-0.2154372328817844,-0.0097469025105237,0.0088482089340686,-0.0464197769761085,-0.058887667953968,standing
1783085222767979000,4.96497900390625,-0.1951391257405281,-0.1448845640137791,-0.0765928258150815,0.0363899990916252,-0.0171066988259553,-0.0764124169945716,standing
1783085222778022700,4.975022705078125,-0.0841636994607746,-0.0189329562678933,-0.0840554167807102,0.053961269557476,0.0049780970439314,-0.0793397575616836,standing
1783085222788066800,4.98506689453125,-8.70937615633e-05,0.0725615975376218,-0.0082540336042642,0.0535325892269611,0.0207129213958978,-0.0780776068568229,standing
1783085222798111000,4.995111083984375,0.0130953361555933,0.0503818413682281,0.0981195979684591,0.0324118584394454,0.0268254075199365,-0.0791021287441253,standing
1783085222808155600,5.00515576171875,0.0204423379175364,-0.0290835442084819,0.1669499730885028,0.0080827306956052,0.0321659818291664,-0.0803011730313301,standing
1783085222818199800,5.01519970703125,-0.0597381371259689,-0.0819241769056767,0.1987064628332853,-0.0153450975194573,0.036659799516201,-0.0791333764791488,standing
1783085222828244000,5.025243896484375,-0.0812036806114017,-0.15591208091937,0.2436024201363325,-0.0341065935790538,0.0318057872354984,-0.076622873544693,standing
1783085222838288000,5.035287841796875,-0.0001899696141481,-0.1933673668276518,0.2313444115877151,-0.0493571832776069,0.0210612639784812,-0.0635896325111389,standing
1783085222848332000,5.04533203125,0.0223790050685405,-0.1812705401901155,0.1688864941090345,-0.058375209569931,0.0175853110849857,-0.050258956849575,standing
1783085222858377000,5.055376953125,0.0167241941772401,-0.2340200605377554,0.1228232465922832,-0.0664267390966415,0.0188785437494516,-0.0352917239069938,standing
1783085222868420900,5.0654208984375,0.0117680330745875,-0.2627026227299124,0.0797001441806554,-0.0680988579988479,0.0171551350504159,-0.0246368367224931,standing
1783085222878465000,5.075465087890625,0.0093105569198727,-0.2447542935851961,0.0181827224224805,-0.0613733120262622,0.0172134581953287,-0.0187810789793729,standing
1783085222888508700,5.0855087890625,0.0544699874646961,-0.1600358097858727,-0.0081008888691663,-0.0436337850987911,0.0137149356305599,-0.0116782300174236,standing
1783085222898552800,5.095552734375,0.0784837541282176,-0.0383975351944565,-0.0351373643547296,-0.0242904499173164,0.0140211973339319,-0.0028892664704471,standing
1783085222908598000,5.105597900390625,0.1002279684245586,0.0105633334599435,-0.0403214889943599,-0.013021046295762,0.0147863905876874,0.0031917674932628,standing
1783085222918642000,5.115641845703125,0.0995854327373206,-0.0086956398919224,-0.0079302084773778,-0.0065383799374103,0.0060046170838177,0.0096443407237529,standing
1783085222928685800,5.125685791015625,0.0773180713497102,-0.0548586945213377,0.0342594124764204,-0.0005816572811454,-0.0027106436900794,0.0194091144949197,standing
1783085222938729700,5.135729736328125,0.0879763896167278,-0.0687496380340308,0.0148316584289073,0.0142833096906542,0.0013062017969787,0.0229686964303255,standing
1783085222948774000,5.14577392578125,0.0848236246742308,-0.0561512916151434,-0.0461696305006742,0.0316576771438121,0.0194750763475894,0.0330705270171165,standing
1783085222958818800,5.15581884765625,0.0589585310555994,-0.0504919506791979,-0.0152548522770404,0.0403505004942417,0.0266759991645813,0.0365896299481391,standing
1783085222968862700,5.16586279296875,0.0256710323512554,-0.0638106472618877,0.1028986489385366,0.0299720559269189,0.0229063741862773,0.0390909798443317,standing
1783085222978907000,5.175906982421875,-0.0183026955403387,-0.0381841847047209,0.1903606592923402,0.0015294945333153,0.0099852513521909,0.0373689793050289,standing
1783085222988951000,5.185950927734375,-0.0878393192335963,-0.0800752611033618,0.2408551672548055,-0.0289187002927064,-0.0049933106638491,0.0294924452900886,standing
1783085222998995000,5.195994873046875,-0.1288563892766833,-0.1336091367617249,0.2292605910509824,-0.0528448075056076,-0.0150882899761199,0.0244627986103296,standing
1783085223009040000,5.206039794921875,-0.1259371408291161,-0.1218358429901301,0.1613496688634157,-0.0584153123199939,-0.0145887453109025,0.0157835856080055,standing
1783085223019084000,5.216083984375,-0.0757438077703118,-0.0945296106524765,0.0523790065348148,-0.0500172972679138,-0.0036620623432099,0.0083389850333333,standing
1783085223029128000,5.2261279296875,-0.0205824770405888,-0.0649867783691734,-0.0350099385827779,-0.0294371023774147,0.010473858565092,0.0073441239073872,standing
1783085223039171800,5.236171875,0.016614304061979,-0.0545740323610603,-0.0938748000055551,-0.0048867519944906,0.0225779265165328,0.0084101874381303,standing
1783085223049215700,5.2462158203125,0.0485064028851687,-0.0498973457869142,-0.13963292709589,0.0190996956080198,0.0342107564210891,0.0136149320751428,standing
1783085223059261000,5.256260986328125,-0.0257223241470754,-0.0311143924489617,-0.1099725328475236,0.0365018546581268,0.0369719229638576,0.0109251393005251,standing
1783085223069304800,5.266304931640625,-0.1081232517190277,-0.0866312586180865,-0.0045364743858575,0.0377168208360672,0.0331835076212883,0.0032113203778862,standing
1783085223079348700,5.2763486328125,-0.1639465534888207,-0.116829924461618,0.0977986954510211,0.0274388827383518,0.0277826189994812,-0.0009269653819501,standing
1783085223089393000,5.286392822265625,-0.1374642047546803,-0.1069836532298475,0.1823912878483533,0.0042837318032979,0.0203948095440864,-0.0056671537458896,standing
1783085223099436800,5.296436767578125,-0.1112917987525463,-0.1496357771288603,0.2498737554907798,-0.0286393295973539,0.0137622077018022,-0.0025248897727578,standing
1783085223109481000,5.30648095703125,-0.0859285171762108,-0.1437885854706168,0.2930062102526426,-0.0614733584225177,0.0064823194406926,-0.0034156194888055,standing
1783085223119526000,5.31652587890625,-0.0029733167223632,-0.1418674081496894,0.2812526440948247,-0.090112991631031,-0.0043527516536414,-0.0013673822395503,standing
1783085223129569800,5.32656982421875,0.0690032474689185,-0.1305091249197721,0.1924351274788379,-0.0936366245150566,-0.0095600299537181,0.0078295785933732,standing
1783085223139614000,5.336614013671875,0.1230802900932729,-0.0617530571449548,0.0140156658709049,-0.066219113767147,0.0067467712797224,0.0117686595767736,standing
1783085223149657900,5.346657958984375,0.1462273569248616,-0.0364881944417953,-0.1534708983123302,-0.021098680794239,0.0442465469241142,0.0146899651736021,standing
1783085223159701800,5.35670166015625,0.0749611329600214,-0.0441107982747256,-0.2013005709797143,0.0108571220189332,0.0693345814943313,0.0177451446652412,standing
1783085223169747000,5.366746826171875,0.0360348977163434,-0.0939869551431387,-0.0939624782890081,0.0158062539994716,0.0655900537967681,0.0243803113698959,standing
1783085223179790800,5.376790771484375,0.0092924367412924,-0.1164836683072149,0.0745242028474807,0.001667532371357,0.0450552180409431,0.0354473441839218,standing
1783085223189834800,5.386834716796875,-0.0023126608565449,-0.1275903148636221,0.1892301939576864,-0.0130979213863611,0.0169156566262245,0.0436031892895698,standing
1783085223199879000,5.39687890625,-0.0223182147920131,-0.1187573853928595,0.2047480810850858,-0.0198991019278764,0.0046555283479392,0.0478083193302154,standing
1783085223209922800,5.4069228515625,-0.049779783821851,-0.1164357375122606,0.1277986969172954,-0.0154500650241971,-0.0051303380168974,0.046564619988203,standing
1783085223219967700,5.4169677734375,-0.0947081820897758,-0.1177640635065734,0.0502612837284803,-0.0052853114902973,-0.0041910414583981,0.0385471731424331,standing
1783085223230012000,5.427011962890625,-0.0895341404527425,-0.1175870995044708,-0.0029068273574113,0.0043317498639225,-0.0016583716496825,0.0341594628989696,standing
1783085223240055800,5.437055908203125,-0.0549454960219562,-0.0768359869211912,-0.0120884972006082,0.0116242840886116,0.0041840709745883,0.033461183309555,standing
1783085223250100000,5.447099853515625,-0.0138771341830492,-0.0281420255746692,0.0167120653480291,0.01367624476552,0.0103243142366409,0.0330673083662986,standing
1783085223260143900,5.457143798828125,0.0103930914595723,-0.0100141751445829,0.0769452925145626,0.0079563073813915,0.0072294548153877,0.028082937002182,standing
1783085223270188800,5.467188720703125,-0.0040790860071778,-0.0415038306467235,0.110238490307331,-0.002207457087934,-0.0006476244889199,0.0259988978505134,standing
1783085223280233000,5.47723291015625,-0.0213271579280495,-0.0732104168351739,0.1166992107540369,-0.0091508505865931,-0.007639221381396,0.0230782087892293,standing
1783085223290276900,5.48727685546875,-0.0311390884988009,-0.0714570703618228,0.0932312414050102,-0.0122660063207149,-0.0171383805572986,0.016700129956007,standing
1783085223300320800,5.49732080078125,-0.0154844232492148,-0.0742193746820092,0.0618897622019052,-0.0025771600194275,-0.020604483783245,0.013146941550076,standing
1783085223310365000,5.507364990234375,-0.0238899941533803,-0.0749728233978152,-0.0661824909597635,0.0178741049021482,-0.0058804093860089,0.0085951527580618,standing
1783085223320409900,5.517409912109375,-0.0228420925356447,-0.050623687300086,-0.142324065876007,0.0367697663605213,0.0131417512893676,7.72983767092e-05,standing
1783085223330453800,5.527453857421875,-0.0335537484250962,-0.0430962144047021,-0.100376436984539,0.0455587655305862,0.0228136945515871,-0.0054290392436087,standing
1783085223340498000,5.537497802734375,-0.0732549135640263,-0.0464434059407562,0.0021212299376726,0.0411126166582107,0.0265961810946464,-0.0091793034225702,standing
1783085223350541800,5.547541748046875,-0.0684505820222198,-0.0595517477083951,0.0866337428361177,0.0285242609679698,0.0287126526236534,-0.0143328858539462,standing
1783085223360586000,5.5575859375,-0.0650529024079442,-0.049981516939029,0.194773799559474,0.0069595817476511,0.0237882006913423,-0.0219604428857564,standing
1783085223370631000,5.567630859375,-0.037986324045062,-0.0430921227514743,0.2572971834897994,-0.0112507194280624,0.0192322134971618,-0.0252115502953529,standing
1783085223380674800,5.5776748046875,-0.0023287352085113,-0.0622649521898478,0.2481885788828134,-0.0272685680538415,0.0080578560009598,-0.023619245737791,standing
1783085223390719000,5.587718994140625,0.0189116212189197,-0.0743405899088829,0.2486900986641645,-0.0366333462297916,-0.0232508778572082,-0.0234152451157569,standing
1783085223400763000,5.597762939453125,0.0411123471111059,-0.1114032232377678,0.150382869169116,-0.0377430841326713,-0.0523256696760654,-0.0174068864434957,standing
1783085223410806800,5.607806884765625,0.0053925066933035,-0.1581294647078961,-0.0188911629527807,-0.0157367922365665,-0.0616444684565067,-0.0123761193826794,standing
1783085223420852000,5.61785205078125,-0.0280186183907091,-0.162845241183415,-0.1633580860763788,0.0177711006253957,-0.052234724164009,-0.0185461305081844,standing
1783085223430896000,5.627896240234375,-0.0467933153569698,-0.1483504134934395,-0.2367681902021169,0.0515026077628135,-0.0256290137767791,-0.0237732008099555,standing
1783085223440940000,5.63793994140625,-0.0281435599446296,-0.0898658566251397,-0.2419815409362316,0.0816796869039535,0.0017669233493506,-0.0210940614342689,standing
1783085223450984000,5.64798388671875,-0.0414715358123183,-0.0565101149901747,-0.1136520981431007,0.0941617861390113,0.0200619213283061,-0.0223198365420103,standing
1783085223461028000,5.658028076171875,-0.0319610724061727,-0.0561939617130905,0.0360234995394945,0.0855834782123565,0.0331532247364521,-0.0243454370647668,standing
1783085223471073000,5.668072998046875,-0.0457534509152173,-0.0682330668140202,0.1950005940526723,0.0587173737585544,0.028753325343132,-0.0292366668581962,standing
1783085223481117000,5.678116943359375,-0.050291678866744,-0.113526060610637,0.3030798604995012,0.0198890175670385,0.0108030885457992,-0.0342785641551017,standing
1783085223491161000,5.6881611328125,-0.0484688473537564,-0.1003831589862704,0.3151139971643686,-0.0120694087818264,-0.0058184177614748,-0.0281940344721078,standing
1783085223501205000,5.698205078125,-0.068326224990189,-0.08190174587816,0.2590741300344467,-0.0329299494624137,-0.0186588503420352,-0.0221151020377874,standing
1783085223511249200,5.708249267578125,-0.0582274403020739,-0.1130673570577055,0.1856336307704448,-0.0485758781433105,-0.0304448790848255,-0.0308178812265396,standing
1783085223521294000,5.718294189453125,-0.053986149470508,-0.1495635156102478,0.1009954456657171,-0.0506052076816558,-0.041415236890316,-0.0300306491553783,standing
1783085223531338000,5.728337890625,0.0026361937224864,-0.1052732691153883,-0.0149392104566097,-0.0320816114544868,-0.0455754175782203,-0.0317037031054496,standing
1783085223541382100,5.738382080078125,0.0263391408711671,-0.0517829403378069,-0.104828155696392,0.001281670294702,-0.0305067189037799,-0.0287222936749458,standing
1783085223551426000,5.748426025390625,0.0123011170379817,0.0183388628322631,-0.1633575015544891,0.0336854755878448,-0.0169175378978252,-0.0298346430063247,standing
1783085223561470000,5.758469970703125,-0.0282129719190299,-0.0138693892680108,-0.1173112051725387,0.055696502327919,-0.0079520065337419,-0.0337420329451561,standing
1783085223571515100,5.76851513671875,-0.0922799320295453,-0.0750780373379588,-0.025875030490756,0.0608620233833789,-0.0049312538467347,-0.0391484424471855,standing
1783085223581559000,5.77855908203125,-0.124467652798444,-0.1485773541171103,0.0843377408534288,0.0472567342221736,-0.0136802718043327,-0.0480740256607532,standing
1783085223591603000,5.78860302734375,-0.0690234134741127,-0.1690030331607908,0.1897737993150949,0.0256218966096639,-0.0412749424576759,-0.0545019619166851,standing
1783085223601647000,5.798647216796875,-0.0137469319321215,-0.1790748567767441,0.2159405062288045,0.0104093886911869,-0.0627509430050849,-0.0609492100775241,standing
1783085223611691000,5.80869091796875,0.0379366396844387,-0.1457322668842971,0.1264841071873903,0.0061440961435437,-0.0670945569872856,-0.0514286309480667,standing
1783085223621735200,5.818735107421875,0.0164257957525551,-0.0426055813435465,0.0583370381563901,0.0142425019294023,-0.053800594061613,-0.0480101965367794,standing
1783085223631780000,5.828780029296875,0.0150496850937604,-0.0523516070712357,0.0260059633940458,0.0230936333537101,-0.0334643647074699,-0.0493011698126792,standing
1783085223641824000,5.838823974609375,-0.0259445885956287,-0.0860617881670594,0.0125929395914077,0.031611755490303,-0.0127827916294336,-0.0508785583078861,standing
1783085223651868200,5.8488681640625,-0.0578736584283411,-0.1334807611417025,0.0257025965332984,0.0346389152109622,0.0045411437749862,-0.0560907050967216,standing
1783085223661912000,5.858912109375,-0.0997244028165936,-0.1238624534469097,0.0397965883374214,0.0377236530184745,0.0161083173006773,-0.0613429918885231,standing
1783085223671956000,5.8689560546875,-0.1023226026162505,-0.0714896574571728,0.0815858117967844,0.0405241176486015,0.0241323579102754,-0.0632896199822425,standing
1783085223682001200,5.879001220703125,-0.0578311344608664,0.022444325389713,0.0977139397770166,0.0330004207789897,0.0271582417190074,-0.0674303025007247,standing
1783085223692045000,5.889045166015625,-0.0508197943940758,0.0127292793221771,0.1648094539284706,0.0112957786768674,0.015139665454626,-0.0672664046287536,standing
1783085223702089000,5.8990888671875,-0.0491140133894979,-0.0224777892678976,0.208833889093995,-0.016584588214755,-0.0065286122262477,-0.0660067275166511,standing
1783085223712132900,5.9091328125,-0.0496907903641462,-0.0559414482567459,0.2294844629347324,-0.0371832512319088,-0.0210558213293552,-0.0679659396409988,standing
1783085223722177000,5.919177001953125,-0.0333189167559146,-0.0762606712512671,0.1567623410731554,-0.0489371120929718,-0.0287763252854347,-0.0655294135212898,standing
1783085223732222200,5.92922216796875,-0.0063340253271162,-0.0286195068933069,0.1165098256617784,-0.0427534058690071,-0.0370748750865459,-0.0571656115353107,standing
1783085223742265900,5.939265869140625,0.0382842840783298,0.0181899558808654,0.0181400523245334,-0.020751966163516,-0.0313927568495273,-0.0448042824864387,standing
1783085223752310000,5.94931005859375,0.0381055665105581,0.031200463297218,-0.0895844093352556,0.0103798536583781,-0.0210024341940879,-0.0437597930431366,standing
1783085223762354200,5.959354248046875,-0.0057793140538036,0.0021461451832205,-0.126486445274949,0.0392682254314422,0.0004208330065011,-0.0464434586465358,standing
1783085223772398000,5.969398193359375,-0.0597045271173119,0.0110522860206663,-0.1177162788420915,0.0549239180982112,0.0140830501914024,-0.0504040829837322,standing
1783085223782443000,5.979443115234375,-0.0800191470019519,-0.0010085925206542,0.0063859016448259,0.04759356752038,0.0093713849782943,-0.056772232055664,standing
1783085223792487200,5.989487060546875,-0.0575973257049918,-0.0352465238176286,0.1253939738631248,0.0317804813385009,-0.0075662536546587,-0.0526941642165184,standing
1783085223802531000,5.999531005859375,-0.0188053843654692,-0.0523313680008053,0.1471095465868711,0.0202878788113594,-0.0171776004135608,-0.0424346029758453,standing
1783085223812575000,6.009574951171875,-0.0239469850376248,-0.0431198875412344,0.1178244153916835,0.0175483468919992,-0.0183567740023136,-0.0320559591054916,standing
1783085223822619000,6.019618896484375,-0.0346788069322705,-0.0336265944655984,0.0811637869924306,0.0136785088106989,-0.0220239497721195,-0.027882782742381,standing
1783085223832664000,6.0296640625,-0.0641051001638174,-0.0402270156439393,0.0707096129953861,0.0066767884418368,-0.0275909584015607,-0.0198810324072837,standing
1783085223842708200,6.039708251953125,-0.0349694604419171,-0.0432747858420014,0.0786450821697711,0.0059931548312306,-0.0397850424051284,-0.0121030043810606,standing
1783085223852752000,6.049751953125,-0.027382950835675,-0.0701698800954967,0.073123103877902,0.0130566228181123,-0.0481246039271354,-0.0092012397944927,standing
1783085223862796000,6.059796142578125,-0.0351231896989047,-0.0478675204597413,0.0191547823250293,0.0263359434902668,-0.0444068312644958,-0.005103699862957,standing
1783085223872840000,6.06983984375,-0.0128650345310568,-0.0091839348655194,0.0042699324041604,0.0419085174798965,-0.0424140468239784,-0.0008956519886851,standing
1783085223882884900,6.079884765625,-0.0223055014409124,-0.0347364554036408,-0.0027764789760112,0.0526631586253643,-0.0301667023450136,0.0053478628396987,standing
1783085223892929000,6.089928955078125,-0.0324564547076821,-0.0261524591926485,0.0266869313955307,0.0543822906911373,-0.0137639548629522,0.0113791627809405,standing
1783085223902973000,6.099972900390625,0.0019243921913206,-0.0133140204075723,0.1038911671072244,0.0409080274403095,-0.0022268742322921,0.0211351215839386,standing
1783085223913017000,6.11001708984375,0.0149241590179502,-0.0125978349622339,0.2143634661704301,0.0109890382736921,-0.0037350268103182,0.0326954163610935,standing
1783085223923061200,6.120061279296875,0.0241191267341375,-0.0055601914104074,0.2976689413666725,-0.0282824654132127,-0.0135498419404029,0.0403461419045925,standing
1783085223933106000,6.13010595703125,0.0300374108672142,-0.030854572468996,0.2935878095328808,-0.0580423772335052,-0.0227680429816246,0.0433071739971637,standing
1783085223943150000,6.140150146484375,0.0466043686561286,-0.0653514469631016,0.2069809547036886,-0.0684963539242744,-0.0205216668546199,0.048879038542509,standing
1783085223953194200,6.1501943359375,0.0694990681618452,-0.0689990096852183,0.0999199253886938,-0.0603655129671096,-0.0149680459871888,0.0505402646958828,standing
1783085223963238000,6.16023779296875,0.0419384226717054,-0.0726485451687127,0.0386602777838707,-0.0410711765289306,-0.0167704746127128,0.0509394705295562,standing
1783085223973282000,6.170281982421875,0.0142227327503263,-0.1097611551191657,-0.0250502701044082,-0.015995655208826,-0.0243556275963783,0.0481817759573459,standing
1783085223983327000,6.180326904296875,-0.0078080434024333,-0.0896093976460397,-0.0662678311556577,0.0127968434244394,-0.0219252295792102,0.0401835069060325,standing
1783085223993371100,6.19037109375,-0.0631869624055922,-0.1103620436217635,-0.1448608908772468,0.0384884178638458,-0.0111142564564943,0.0325312353670597,standing
1783085224003415000,6.2004150390625,-0.1350285020403563,-0.1503367650050669,-0.1422615220338106,0.0557851195335388,0.0017317663878202,0.0291426293551921,standing
1783085224013459000,6.210458984375,-0.2332565288193523,-0.131195645879209,-0.0539823500782251,0.0593880005180835,0.0107296044006943,0.0186775848269462,standing
1783085224023503000,6.220503173828125,-0.2460404609382152,-0.120649848075956,0.0830418558239936,0.0397122986614704,0.004304994828999,0.0092153716832399,standing
1783085224033547000,6.230547119140625,-0.1838252661742269,-0.1083042343091219,0.1669727694422006,0.0096114752814173,-0.0147702991962432,0.0048023480921983,standing
1783085224043592000,6.240592041015625,-0.0708233025029301,-0.0862698048945516,0.2431991000324487,-0.0156842935830354,-0.0305788237601518,0.0041376231238245,standing
1783085224053636000,6.250635986328125,0.035331571752578,-0.0094289226025342,0.2210433823257684,-0.0307324584573507,-0.0392106659710407,0.0084690321236848,standing
1783085224063680000,6.260679931640625,0.0707110743001103,0.0168120185911655,0.1564122124612331,-0.0332107990980148,-0.0412751473486423,0.0108224675059318,standing
1783085224073724000,6.270723876953125,0.0730807260408997,0.012395151996985,0.0977320599555969,-0.0318942219018936,-0.0435207970440387,0.0137625122442841,standing
1783085224083768000,6.28076806640625,0.0358110258325934,-0.0423477341249585,0.0383592490106821,-0.0185347404330968,-0.0407780073583126,0.0158927738666534,standing
1783085224093813000,6.29081298828125,-0.0753947020716965,-0.1486539264846593,-0.050614334949851,0.0069294921122491,-0.0216746814548969,0.0155762657523155,standing
1783085224103857200,6.300857177734375,-0.1484953018568456,-0.1937294050730764,-0.1028010337829589,0.0343976020812988,0.0048224395141005,0.0094880126416683,standing
1783085224113901000,6.310901123046875,-0.1423228968322277,-0.2026883720763027,-0.0806143364161253,0.0460591427981853,0.0330781154334545,0.0039300797507166,standing
1783085224123945000,6.320945068359375,-0.1351724405556917,-0.1932866297416388,-0.0101519761800765,0.0374499410390853,0.0336288586258888,0.0014477474614977,standing
1783085224133989000,6.330989013671875,-0.0499037024624645,-0.1064948467995971,0.1553571504503488,0.0117236617952585,0.0183947160840034,0.0042468216270208,standing
1783085224144034000,6.341033935546875,0.0587453266963362,-0.0349396498255431,0.2545926007062196,-0.009983230382204,0.0066863959655165,0.0143015859648585,standing
1783085224154078000,6.351077880859375,0.1083770803496241,0.0117677408136427,0.2450163785874843,-0.0313794873654842,-0.0033203079365193,0.0265386924147605,standing
1783085224164122000,6.3611220703125,0.1388353469774127,0.053094753588736,0.2158551660329103,-0.0479552671313285,-0.0089686065912246,0.0393911078572273,standing
1783085224174166000,6.371166015625,0.1315197632670402,0.0081792148023843,0.168989954483509,-0.0595616772770881,-0.0147059215232729,0.0532144270837307,standing
1783085224184210200,6.381210205078125,0.095193481388688,-0.0284521875023841,0.1408615921080112,-0.0642845332622528,-0.0118760475888848,0.0637080818414688,standing
1783085224194255000,6.391255126953125,0.0290896086230874,-0.082145418440923,0.0832569598793983,-0.0667566582560539,-0.010499658063054,0.0693103894591331,standing
1783085224204299000,6.401299072265625,-0.0453909012131392,-0.1288603347994387,0.0049152445703744,-0.0568795204162597,-0.0065797506831586,0.0713983103632927,standing
1783085224214343200,6.41134326171875,-0.106516985566169,-0.1302118955388665,-0.0421983887821435,-0.0388573668897151,0.0060943774878978,0.0726084113121032,standing
1783085224224386800,6.42138671875,-0.1712012007921934,-0.1128506455671042,-0.0986626188039779,-0.0228645540773868,0.0218853242695331,0.0672165751457214,standing
1783085224234431000,6.431430908203125,-0.174765907536447,-0.1190565875351429,-0.0818143598556518,-0.0143107809126377,0.0287998169660568,0.0650306493043899,standing
1783085224244476200,6.44147607421875,-0.1117199610367417,-0.0683675799138844,-0.009000468057394,-0.0165262650698423,0.0179061572998762,0.0659419819712638,standing
1783085224254520000,6.45152001953125,-0.0226183667823672,-0.0268766818139702,0.0733820470750331,-0.0262538213282823,-0.0052010342478752,0.065120056271553,standing
1783085224264564000,6.46156396484375,0.0137542384557425,-0.003822700093314,0.1034919386565685,-0.0325300954282283,-0.0338683649897575,0.0635692998766899,standing
1783085224274608000,6.471608154296875,0.028698563478887,-0.0443643346443772,0.0626245062172412,-0.0247188694775104,-0.0463213138282299,0.0602967329323291,standing
1783085224284652000,6.481652099609375,-0.0085163378022611,-0.1082177250694483,-0.0144394442409276,-0.0013869161484763,-0.0318411737680435,0.0523522570729255,standing
1783085224294696200,6.4916962890625,-0.0485389899805188,-0.1481808290801942,-0.0438397262483835,0.0224672835320234,-0.0092951208353042,0.0434860624372959,standing
1783085224304741000,6.5017412109375,-0.0698312227256596,-0.1723576773509383,-0.0065343702048063,0.0349484533071517,0.0010105138644576,0.0326619111001491,standing
1783085224314785000,6.511784912109375,-0.0721316086225211,-0.1451244371842593,0.0504056606352329,0.034377422183752,0.007172280922532,0.0249471869319677,standing
1783085224324829200,6.5218291015625,-0.0035011399887502,-0.1563775795392692,0.1390571730345487,0.0203052777796983,0.0074228839948773,0.0239889807999134,standing
1783085224334873000,6.531873046875,0.0861110341362655,-0.0957620750568807,0.1982411834090948,0.0042875204235315,0.0063763307407498,0.0233136881142854,standing
1783085224344917000,6.5419169921875,0.133212684790045,-0.064800900408253,0.1751005463182926,-0.0102333649992942,0.005522521212697,0.0335394255816936,standing
1783085224354962200,6.551962158203125,0.0840969178348779,-0.0754531542606651,0.1566378379106521,-0.0195015836507082,0.0038487880956381,0.0389476343989372,standing
1783085224365006000,6.562006103515625,0.0103529055796563,-0.1275755556859076,0.0953115548104047,-0.0212179906666278,0.0064424406737089,0.0385577492415905,standing
1783085224375050000,6.572050048828125,-0.045066783825308,-0.1810624503973871,0.041449616241455,-0.0141601366922259,0.0149116301909089,0.0439340658485889,standing
1783085224385094000,6.582093994140625,-0.08483443832919,-0.1553426835335791,0.1005202293694019,-0.0194353256374597,0.0168224480003118,0.0417263060808181,standing
1783085224395138000,6.592137939453125,-0.0628948475912213,-0.1848623541370034,0.1223439386427402,-0.028552982956171,0.0073569063097238,0.0363160371780395,standing
1783085224405183000,6.602182861328125,-0.005472732322663,-0.1500218538369983,0.1130178918927907,-0.0304408986121416,0.0030100950971245,0.0406719036400318,standing
1783085224415227000,6.612226806640625,0.0373164619594812,-0.1073949374444782,0.0415910705387592,-0.0205658376216888,0.0006932793185114,0.0439489781856536,standing
1783085224425271000,6.62227099609375,0.0280044437348842,-0.0677764090877026,-0.0226613291412591,0.0003106817603111,0.0048012053593993,0.0487077794969081,standing
1783085224435315000,6.63231494140625,0.0201380942739546,-0.0383142408251762,-0.0736111796557903,0.0206055380403995,0.0117470622062683,0.0539049133658409,standing
1783085224445358800,6.64235888671875,0.034939942086488,-0.0371477543290704,-0.0692845486283302,0.0332832485437393,0.0114988554269075,0.0609907880425453,standing
1783085224455403800,6.65240380859375,0.0452880253605544,-0.0072116849444806,0.0118365682661533,0.0338552892208099,0.0085814232006669,0.059650432318449,standing
1783085224465448000,6.662447998046875,0.088248192295432,-0.0147115391805768,0.0762064568459987,0.0185085609555244,0.0013506743125617,0.0591622740030288,standing
1783085224475491800,6.672491943359375,0.0706320177145302,-0.0430377622157335,0.1297808106452226,0.0010694465599954,-0.0108755584806203,0.0604779161512851,standing
1783085224485535700,6.68253564453125,0.009410802423954,-0.0628532734718173,0.128207862240076,9.47297085076e-05,-0.0149683039635419,0.0557974129915237,standing
1783085224495580000,6.692579833984375,-0.0477620142586529,-0.061790904937312,0.0528080456018447,0.0193667542189359,0.0068417880684137,0.0420744605362415,standing
1783085224505624800,6.702624755859375,-0.0900717544607818,-0.067031070613116,-0.0438923332184553,0.040534358471632,0.030762568116188,0.032487615942955,standing
1783085224515669000,6.7126689453125,-0.109947690667212,-0.0590823766309767,0.0057283145189285,0.0410492867231369,0.0304550901055336,0.0265060719102621,standing
1783085224525713000,6.722712890625,-0.0814506411097943,-0.0582702565304934,0.091260233592987,0.0285555962473154,0.0195012427866458,0.0237121507525444,standing
1783085224535756800,6.7327568359375,-0.0588652998141944,-0.0437394807443022,0.155998370963335,0.008673720061779,0.0099361836910247,0.0194326154887676,standing
1783085224545801000,6.742801025390625,-0.0499427192986011,-0.0379992565918713,0.1746510489851236,-0.0146526414901018,0.0074506551027297,0.0119086541235446,standing
1783085224555844900,6.752844970703125,-0.0970453928656876,-0.0664530515294522,0.1405021111458539,-0.0304879769682884,-0.0028351424261927,0.0057730982080101,standing
1783085224565889800,6.762889892578125,-0.0832400087445974,-0.1047803710319101,0.1176718551784753,-0.0263757891952991,-0.0098805362358689,-0.0033452988136559,standing
1783085224575934000,6.772933837890625,-0.0252080910146236,-0.0877857624154537,-0.0032949498921632,-0.0065038185566663,0.0064857155084609,-0.0078960927203297,standing
1783085224585977900,6.782977783203125,-0.0198503633737564,-0.046368148747459,-0.0750058488845825,0.0130011737346649,0.0250154584646224,-0.0118977585807442,standing
1783085224596022000,6.79302197265625,-0.0003700023561716,-0.0580376168183982,-0.0428553913861513,0.0179585069417953,0.0322977527976036,-0.0105615770444273,standing
1783085224606065700,6.803065673828125,-0.0164170279242098,-0.0498215771369636,0.0126999070972204,0.0123935677111148,0.0346131063997745,-0.003392081009224,standing
1783085224616110800,6.81311083984375,-0.0486953495860099,-0.1226085809282958,0.092569562625885,0.0001233415678143,0.0316754281520843,0.0031348599586635,standing
1783085224626155000,6.823155029296875,-0.0917763664215803,-0.1811193682163953,0.1356535020709037,-0.0081489691510796,0.033203549683094,0.0012354934588074,standing
1783085224636198700,6.83319873046875,-0.0338845878146588,-0.1763241698291152,0.1657055259853601,-0.0100381225347518,0.0359599292278289,0.0058859698474407,standing
1783085224646242800,6.843242919921875,0.0746842157147824,-0.1132899137672036,0.1436509305655956,-0.0158379543572664,0.0285369008779525,0.0151670863851904,standing
1783085224656287000,6.853286865234375,0.1886921415582299,-0.0323020678635686,0.145550626707077,-0.027483157813549,0.0102889202535152,0.0292528104037046,standing
1783085224666331600,6.86333154296875,0.2615184544466435,-0.0212079154625535,0.1007540381252765,-0.0306488573551177,-0.0033315503969788,0.0454520210623741,standing
1783085224676375800,6.873375732421875,0.2710477686837315,-0.0298191650066524,0.0087567224293947,-0.0179888997226953,0.0005958806723356,0.0638548135757446,standing
1783085224686420000,6.883419921875,0.2174994261085987,-0.0466745843481272,-0.0877016643285751,0.0137330777943134,0.0120448097586631,0.0765269324183464,standing
1783085224696464000,6.8934638671875,0.1082965624593198,-0.0960050169672817,-0.1400157889336347,0.0503715686500072,0.0402207784354686,0.0816432237625122,standing
1783085224706508000,6.903508056640625,0.0068937050364911,-0.1219753975912928,-0.1306651922643184,0.071985512971878,0.0549861416220665,0.0823345780372619,standing
1783085224716553000,6.913552978515625,-0.063322425353527,-0.1317697925053536,0.018256372180581,0.0622587986290454,0.0462009795010089,0.0767490565776825,standing
1783085224726596900,6.923596923828125,-0.0862757231786847,-0.1587345909941941,0.1715425615757703,0.033205572515726,0.0249119345098733,0.0725500509142875,standing
1783085224736641000,6.93364111328125,-0.1009410851299762,-0.1865125324968248,0.2404050853997469,0.0008997202385216,-0.0008888952434062,0.0690819323062896,standing
1783085224746684700,6.9436845703125,-0.0998638112872838,-0.1717744706355035,0.2470318100631237,-0.0210596397519111,-0.0185624305158853,0.0643361806869506,standing
1783085224756728800,6.953728759765625,-0.0474538250923156,-0.1140853749938309,0.1806669482737779,-0.024443756788969,-0.0241053458303213,0.0634120777249336,standing
1783085224766772700,6.963772705078125,0.0065783554770052,-0.0848171949334442,0.0826695153802633,-0.0154529251158237,-0.0276044718921184,0.0600799284875392,standing
1783085224776818000,6.97381787109375,0.0187279352150857,-0.0735804922565817,-0.0152636201053857,0.0117212049663066,-0.0187767539173364,0.0571493953466415,standing
1783085224786861800,6.98386181640625,0.0057457040451467,-0.0691274583704769,-0.1143476791918277,0.0442724898457527,0.0021170766558498,0.0543429590761661,standing
1783085224796905700,6.99390576171875,-0.0260039175674319,-0.078522332572937,-0.0889548792600631,0.0650470703840255,0.0271858721971511,0.0475977770984172,standing
1783085224806950000,7.003949951171875,-0.0823909906998276,-0.1149311781682074,0.0080617259025573,0.0686375349760055,0.0400808975100517,0.0373475365340709,standing
1783085224816994000,7.013994140625,-0.1341324299834668,-0.1394361624147743,0.0963806453466415,0.0574596114456653,0.0514574684202671,0.0292241871356964,standing
1783085224827038700,7.024038818359375,-0.1227351299174129,-0.1078005956359207,0.1800216361075639,0.0342850498855114,0.0565861836075782,0.0215468257665634,standing
1783085224837083000,7.034082763671875,-0.0828442874252796,-0.0462283018853515,0.271593419867754,-0.0008385062683373,0.0442733727395534,0.0226900167763233,standing
1783085224847127000,7.044126953125,-0.0219429517388343,-0.019652356583625,0.299337166839838,-0.037336066365242,0.0273239519447088,0.0243702046573162,standing
1783085224857171000,7.0541708984375,0.0188163441509008,-0.0325915523294359,0.2671440392434597,-0.0642787516117096,0.014465088956058,0.0264729764312505,standing
1783085224867214800,7.06421484375,0.0281250013746321,-0.0375365344509482,0.1764391014456748,-0.0753388628363609,0.0087613966315984,0.0327090322971344,standing
1783085224877260000,7.074260009765625,-0.0230393686734139,-0.0304756561540067,0.0935714331448078,-0.0686790123581886,0.002557486994192,0.0347118489444255,standing
1783085224887304000,7.084303955078125,-0.0774589411251246,-0.0709478787306696,0.0084060092955827,-0.0486682876944541,0.00696368701756,0.0326881110668182,standing
1783085224897347800,7.094347900390625,-0.0928589009612798,-0.0760445442825555,-0.0807727418482303,-0.0216296780854463,0.0190528519451618,0.0329640358686447,standing
1783085224907391700,7.104391845703125,-0.142519880709052,-0.072410206368193,-0.1103431197255849,0.0110276024788618,0.0384838096797466,0.0266635287553071,standing
1783085224917436000,7.114435791015625,-0.1697882652543485,-0.0978120663892477,-0.095378190305829,0.0314142741262912,0.056957084685564,0.0221755057573318,standing
1783085224927480800,7.124480712890625,-0.152138626795262,-0.0317342779129743,0.0078635729819536,0.0232487544417381,0.0502379275858402,0.0205352660268545,standing
1783085224937524700,7.134524658203125,-0.09166954504624,-0.0221275145255029,0.1397235279887914,-0.0017922363476827,0.0231425315141677,0.0199082568287849,standing
1783085224947569000,7.14456884765625,-0.0153594816952943,-0.058649245910719,0.1625105293363332,-0.0264608301222324,0.0019293895456939,0.0175710674375295,standing
1783085224957612800,7.15461279296875,-0.0002440378889441,-0.0334525530729442,0.1264104574292898,-0.0373879596590995,-0.0054570250213146,0.0155282570049166,standing
1783085224967657000,7.164656982421875,-0.0269027661032974,-0.02649469675906,0.0696364308059215,-0.03458072245121,0.0015361700206995,0.0134099787101149,standing
1783085224977700900,7.174700927734375,-0.0757113668054342,-0.0378985726963728,0.0277162744432687,-0.0253947116434574,0.0132384318858385,0.0125044761225581,standing
1783085224987745800,7.184745849609375,-0.0957858943238854,-0.0747547236677259,-0.0129085814118385,-0.0129580153152346,0.0226148888468742,0.0105419931933283,standing
1783085224997790000,7.1947900390625,-0.0842665753133594,-0.0472960772473365,0.0004728782087564,-0.007159864064306,0.0397034063935279,0.0028503956273198,standing
1783085225007833900,7.204833740234375,-0.0703799426496028,-0.0530075867619365,0.0460574022978544,-0.0150292385369539,0.0479962229728698,-0.0031704790890216,standing
1783085225017877800,7.214877685546875,-0.0266498142555356,-0.0889047565080225,0.0891197144329547,-0.0358496308326721,0.0429758243262767,0.0037337322719395,standing
1783085225027922000,7.224921875,-0.023885025717318,-0.0588514904845505,0.1142366200327873,-0.0583866313099861,0.0390761569142341,0.0118582379072904,standing
1783085225037966800,7.234966796875,-0.0339982773222029,-0.0434986577257514,0.1205272446095943,-0.0769017934799194,0.0295265205204486,0.0168311186134815,standing
1783085225048010800,7.2450107421875,-0.021369243504107,0.0156312843739986,0.1613426546007394,-0.0934253707528114,0.0127382185310125,0.0237366966903209,standing
1783085225058055000,7.255054931640625,0.0190365627728402,0.0427760425396263,0.1508329510241746,-0.1004293262958526,-0.0130080757662653,0.0328546613454818,standing
1783085225068098800,7.265098876953125,0.0497691162973642,-0.0132845751173794,0.0659288084596395,-0.086646668612957,-0.0347455963492393,0.0381980240345001,standing
1783085225078143000,7.27514306640625,0.02496770638749,-0.0461962993118912,-0.0747480747312307,-0.0460510738193988,-0.0227655060589313,0.0404065810143947,standing
1783085225088188000,7.28518798828125,-0.0368085124373435,-0.0355012292310595,-0.1548953781574964,0.0133422119542956,-0.0114840874448418,0.0370632484555244,standing
1783085225098231800,7.295231689453125,-0.0885823926858603,-0.1025970356434583,-0.1260422086387872,0.0627503544092178,0.0172355659306049,0.0259939637035131,standing
1783085225108276000,7.30527587890625,-0.0984776176258921,-0.1349581402178853,-0.0879231981247663,0.088393397629261,0.0425835326313972,0.0207739006727933,standing
1783085225118319900,7.31531982421875,-0.0809586198091506,-0.1271661711674183,0.0415554147034883,0.0793839916586875,0.0609945096075534,0.0137652792036533,standing
1783085225128363800,7.32536376953125,-0.0283450738660991,-0.1352531045764684,0.2155547217816114,0.0397204719483852,0.0673298984766006,0.0054807183332741,standing
1783085225138409000,7.335408935546875,0.0138769880525767,-0.1012940632861107,0.3339700888037681,-0.0213644560426473,0.0546125099062919,0.0051374370232224,standing
1783085225148452900,7.345452880859375,0.0647181174956262,-0.0631324557393789,0.4060100736200809,-0.083595871925354,0.0262663569301366,0.0074053849093616,standing
1783085225158496800,7.355496826171875,0.1048768171437084,-0.0310444690179079,0.3260632612019777,-0.1161219477653503,0.0019662755075842,0.0195218864828348,standing
1783085225168541000,7.365541015625,0.1222935236297547,0.0034492636710405,0.2174567560106515,-0.1207185611128807,-0.001227387227118,0.0280615780502557,standing
1783085225178584800,7.375584716796875,0.0855116069383919,-0.0419128498390316,0.0784779089093208,-0.1076756715774536,-0.0047460878267884,0.0326553210616111,standing
1783085225188629000,7.38562890625,-0.020134441012144,-0.0814070942290127,0.0234247147291898,-0.0803657546639442,-0.0073903407901525,0.0257052686065435,standing
1783085225198674000,7.395673828125,-0.0938503962166607,-0.1730368187215179,-0.0755436090230941,-0.0419930107891559,0.0001756297424435,0.0197790116071701,standing
1783085225208717800,7.4057177734375,-0.1659625694863498,-0.2169871657375246,-0.1544552331745624,-0.0172586347907781,0.031600397080183,0.014072123914957,standing
1783085225218762000,7.415761962890625,-0.2071826147556305,-0.1821243805404752,-0.1688344716608524,0.0038835143204778,0.0395436659455299,0.0142882484942674,standing
1783085225228806000,7.425805908203125,-0.1611480088114738,-0.1305944651156663,-0.0751677614480257,0.0144714443013072,0.0306822620332241,0.0152323395013809,standing
1783085225238849800,7.435849853515625,-0.0421625868164002,-0.0835301507975906,-0.0416413394212722,0.0199638977646827,0.0097614843398332,0.0278636030852794,standing
1783085225248895000,7.44589501953125,0.0417025680892169,-0.0228799403280019,0.0466647205412387,0.0188413746654987,-0.0151888728141784,0.0353236496448516,standing
1783085225258939000,7.45593896484375,0.0610398673743009,-0.0893226165939122,0.0656236880332231,0.0159636251628398,-0.0383537113666534,0.039170105010271,standing
1783085225268982800,7.465982666015625,0.0401591380394995,-0.120073144166544,0.0903244140475988,0.0189128089696168,-0.0497083663940429,0.0412391163408756,standing
1783085225279026700,7.476026611328125,0.023441081342101,-0.1164827184591442,0.1103121400654316,0.0159631185233593,-0.0508037284016609,0.0364902168512344,standing
1783085225289070800,7.48607080078125,0.0041078737102448,-0.1176179330341517,0.1269552318304777,0.0093124061822891,-0.04961409419775,0.0276884697377681,standing
1783085225299115800,7.49611572265625,-0.0186905258141458,-0.1345646108556538,0.110139706107974,0.0074406424537301,-0.0346982702612876,0.0205793641507625,standing
1783085225309159700,7.50615966796875,-0.0933152664266526,-0.1378954357787966,0.1004670378774404,0.0076795285567641,-0.0114030670374631,0.007561832666397,standing
1783085225319203800,7.516203857421875,-0.1342320909656584,-0.1761976208399981,0.0701554862439632,0.0076210293918848,0.011339065618813,-0.0036366763524711,standing
1783085225329248000,7.526248046875,-0.1406952956303954,-0.1448447434600442,0.0511637855261564,-0.0002235784195363,0.0256839171051979,-0.0029626307077705,standing
1783085225339292000,7.5362919921875,-0.1300923608124256,-0.0863301567796617,0.1264806000560522,-0.0275048203766345,0.0183603595942258,-0.0024402188137173,standing
1783085225349335800,7.546335693359375,-0.0626039018206298,-0.1079288251254707,0.175541860345006,-0.0557740107178688,-0.0077876206487417,-0.0013744216412305,standing
1783085225359381000,7.556381103515625,0.0374153922893106,-0.0802741446763277,0.1496779357701539,-0.0677531510591507,-0.0268513299524784,0.0086633432656526,standing
1783085225369425000,7.5664248046875,0.0813036338545382,-0.0258123405180871,0.0896615662246942,-0.0565106123685836,-0.0345689058303833,0.0212923195213079,standing
1783085225379468800,7.57646875,0.0645217181406915,-0.0376270622786134,-0.0158224230319261,-0.0284722037613391,-0.0292542390525341,0.0264898724853992,standing
1783085225389512700,7.5865126953125,0.0119506961651146,-0.1130282671563327,-0.1291910280585289,0.0107324561104178,-0.0138031104579567,0.029312290251255,standing
1783085225399556900,7.596556884765625,-0.0369086118109524,-0.141810417265445,-0.1492921513229608,0.0453539155423641,0.007448861375451,0.0284561291337013,standing
1783085225409602000,7.60660205078125,-0.0776636699169874,-0.1559139806155115,-0.0855190595924854,0.0681660175323486,0.0195630490779876,0.0209308341145515,standing
1783085225419645700,7.616645751953125,-0.0602685907408595,-0.1703587586186826,0.0266249720752239,0.0667809695005416,0.0185549706220626,0.0138769960030913,standing
1783085225429689300,7.626689453125,-0.0378757032774388,-0.1664938998840749,0.1754565201491117,0.0397890284657478,0.0001850188709795,0.0115083809942007,standing
1783085225439733500,7.6367333984375,-0.0339323724791407,-0.1550144744925201,0.2331055760413408,0.0020921942777931,-0.0235870853066444,0.0107567608356475,standing
1783085225449777700,7.646777587890625,0.0120297527506947,-0.1400101629104465,0.1913572691142559,-0.0276699624955654,-0.041825208812952,0.0139530869200825,standing
1783085225459822300,7.656822265625,0.0250524620614945,-0.1157450518343597,0.0604027385145425,-0.037277553230524,-0.0419704169034957,0.0211492422968149,standing
1783085225469866500,7.666866455078125,-0.0305554433919489,-0.1125403375089168,-0.0664753364264965,-0.0274267867207527,-0.0366478264331817,0.022669106721878,standing
1783085225479910400,7.676910400390625,-0.091733988584578,-0.1458119079917669,-0.1414145498156547,0.0011194837279617,-0.0246490947902202,0.0167690236121416,standing
1783085225489954600,7.68695458984375,-0.1179759526915848,-0.1197776683513075,-0.1867787091523408,0.0496784970164299,0.0037039830349385,0.0104275047779083,standing
1783085225499998500,7.69699853515625,-0.0923132497772574,-0.0597948357492685,-0.1177946047753095,0.0841874256730079,0.0248009599745273,0.0051671070978045,standing
1783085225510043400,7.70704345703125,-0.0663936494924128,-0.031822540718317,0.031774025401473,0.0944176912307739,0.0269589200615882,-0.0023989332839846,standing
1783085225520087600,7.717087646484375,-0.0622509967297315,-0.141945587952435,0.2051017168283462,0.0706226378679275,0.0122796334326267,-0.0138986529782414,standing
1783085225530131500,7.72713134765625,-0.068996817728132,-0.1880989979706704,0.3262789497792721,0.0282192528247833,-0.0215137489140033,-0.0238966941833496,standing
1783085225540175400,7.73717529296875,-0.0716451402798295,-0.2043175807133317,0.3969090677976608,-0.0110601307824254,-0.0512845739722251,-0.0346647724509239,standing
1783085225550219500,7.747219482421875,-0.0733903765119612,-0.2093362125929445,0.3171615773439407,-0.0346176549792289,-0.0640869140625,-0.042354118078947,standing
1783085225560263400,7.757263427734375,-0.0360734761610627,-0.1534833924677222,0.1381400581896305,-0.0363932326436042,-0.0604107417166233,-0.0457774586975574,standing
1783085225570308400,7.767308349609375,-0.0021555705986917,-0.0615161065839231,-0.0805856948435306,-0.0212504994124174,-0.0390972010791301,-0.0386111587285995,standing
1783085225580352500,7.7773525390625,-0.0258035726897418,0.0440275039054453,-0.1660387034624814,0.0068024033680558,-0.0157386921346187,-0.0317993126809597,standing
1783085225590396400,7.787396484375,-0.024683190357685,0.0551319585047662,-0.1533878962039947,0.0344987474381923,-0.003193337470293,-0.0201700869947671,standing
1783085225600440600,7.797440673828125,0.0328523221574723,0.0290687850307673,-0.0685562343537807,0.0518017187714576,0.0026919182855635,-0.0121983075514435,standing
1783085225610484500,7.807484375,0.0586105944007635,-0.0418746367204934,0.0559124413579702,0.058402094990015,0.00167246023193,-0.0046828668564558,standing
1783085225620529400,7.817529296875,0.0633839462824165,-0.094952950631082,0.1439759247362613,0.0480483472347259,0.0008650585077702,-0.0047735990956425,standing
1783085225630573600,7.827573486328125,0.0594616582721471,-0.1225948446638882,0.2399357143223285,0.0228503197431564,-0.0042620589956641,-0.0059552434831857,standing
1783085225640617500,7.837617431640625,0.0178515907719731,-0.1552221258938312,0.2957271596491336,-0.0144405905157327,-0.0269362740218639,-0.0067225219681859,standing
1783085225650661400,7.847661376953125,0.0118925362370908,-0.1675226584099233,0.2762421224564313,-0.0387677662074565,-0.043948546051979,-0.0097790323197841,standing
1783085225660705500,7.85770556640625,-0.0168014971971511,-0.1526709070410579,0.1300736561119556,-0.0407190322875976,-0.0427957959473133,-0.0127804139629006,standing
1783085225670750500,7.86775048828125,-0.0607782938286662,-0.1151342995248734,-0.0096937110185623,-0.0185420922935009,-0.0203810315579175,-0.0179237760603427,standing
1783085225680794400,7.87779443359375,-0.0810533123552799,-0.0832060334097593,-0.1323918699264526,0.0086213760077953,0.0056277234107255,-0.0197319872677326,standing
1783085225690838500,7.887838623046875,-0.1007047921560704,-0.0703354459207505,-0.12047931381464,0.027924234047532,0.0217638164758682,-0.0196009594947099,standing
1783085225700882400,7.89788232421875,-0.0779573921665549,-0.10961568223387,-0.0110457101494073,0.0313384309411048,0.0271535776555538,-0.0200898516923189,standing
1783085225710926600,7.907926513671875,-0.0345437823757529,-0.1162644725985825,0.0556540826827287,0.0257383324205875,0.0292297769337892,-0.0180613230913877,standing
1783085225720970500,7.917970458984375,-0.0388772815354168,-0.0947385772280395,0.1589788480788469,0.0120623866096138,0.0159025974571704,-0.0191330984234809,standing
1783085225731015400,7.928015380859375,-0.0115687111102044,-0.123358303317055,0.2741810982733965,-0.008650348521769,-0.0020335260778665,-0.0215959884226322,standing
1783085225741059600,7.9380595703125,0.0467182042941451,-0.1303199590232223,0.2743956178069114,-0.030894286930561,-0.0235866904258728,-0.0210536383092403,standing
1783085225751103500,7.948103515625,0.1030604153715074,-0.1062333463191986,0.2295768173933029,-0.0485044382512569,-0.03873847797513,-0.0170759409666061,standing
1783085225761147400,7.9581474609375,0.1358119075030088,-0.1023730906944721,0.0994032080382108,-0.0487062111496925,-0.03892382979393,-0.0164159499108791,standing
1783085225771191600,7.968191650390625,0.0880474090263247,-0.07214300679937,-0.0377677128583192,-0.0320239067077636,-0.0240604616701602,-0.0222024656832218,standing
1783085225781236500,7.978236572265625,-0.021440993566066,-0.0578347146574407,-0.1280295830637216,-0.0026740389876067,0.0015787170268595,-0.0331390090286731,standing
1783085225791280400,7.9882802734375,-0.1726252422459423,-0.1075629874877631,-0.1852899318993091,0.0289760325103998,0.0272827483713626,-0.0422920286655426,standing
1783085225801323500,7.998323486328125,-0.2536247785873711,-0.147474799702689,-0.1433235983073711,0.0437222272157669,0.0315213724970817,-0.0530669316649436,standing
1783085225811368400,8.008368408203125,-0.2282180962607264,-0.194807774894312,-0.0135042092174291,0.0411445535719394,0.0259859953075647,-0.0610420331358909,standing
1783085225821412600,8.01841259765625,-0.1411880475834012,-0.2028996767394244,0.1274509063929319,0.0234328415244817,0.0111838094890117,-0.0622354820370674,standing
1783085225831456500,8.02845654296875,-0.0401869028292596,-0.1945359722156077,0.2279962702035903,0.0004211200866848,-0.0105947190895676,-0.0508535541594028,standing
1783085225841500400,8.03850048828125,0.0491844482772052,-0.0981175521418452,0.2529407418459654,-0.0133394328877329,-0.0299772061407566,-0.0335472673177719,standing
1783085225851544300,8.04854443359375,0.1395455410733818,-0.0165684921588748,0.2190717899918556,-0.0130254495888948,-0.0420021153986454,-0.0167387034744024,standing
1783085225861589500,8.058589599609375,0.1705428830139339,-0.0013595248501747,0.1030599769800901,0.0061533045955002,-0.038910187780857,-0.0021469776984304,standing
1783085225871633400,8.06863330078125,0.1615292632140219,0.0081320877250283,-0.0274918180376291,0.0372086949646472,-0.017012670636177,0.0161411948502063,standing
1783085225881677300,8.07867724609375,0.0777037096664309,0.0481684031024575,-0.0858855548173189,0.0581720359623432,0.0099406484514474,0.0315712839365005,standing
1783085225891721500,8.088721435546875,0.0530364475302398,0.0204269942179322,0.0108265144407749,0.0514564327895641,0.0241414904594421,0.0418162792921066,standing
1783085225901765600,8.098765625,0.0343815775513648,0.0224369458008557,0.1314782622128725,0.013979896903038,0.0185541789978742,0.0583095028996467,standing
1783085225911809500,8.1088095703125,0.0331637261942029,0.0483686018496751,0.2884948703080415,-0.0384613573551178,0.0032160328701138,0.0669611766934394,standing
1783085225921854500,8.1188544921875,0.0292608735367655,-0.0196694538488984,0.2950228107720613,-0.0805640667676925,-0.0122172515839338,0.0790719017386436,standing
1783085225931898600,8.128898681640624,5.52373185753e-05,0.0142488901048898,0.2161468424558639,-0.093629390001297,-0.0156261008232831,0.0789399668574333,standing
1783085225941942500,8.138942626953124,-0.0289991538606584,0.0297811710838228,0.0932686508059501,-0.0814968273043632,-0.0133757293224334,0.0741926208138465,standing
1783085225951986400,8.148986328125,-0.0654160366319119,-0.0155447020690888,-0.0417535676240921,-0.0535351447761058,-0.0054351794533431,0.0651858896017074,standing
1783085225962030300,8.1590302734375,-0.0499145161174237,-0.0288718742191791,-0.1208183365106582,-0.021843796595931,0.0084353620186448,0.0564672276377677,standing
1783085225972075500,8.169075439453126,-0.0695341394752264,-0.0450151997685432,-0.1308247667402029,-0.0004367437213659,0.0302431229501962,0.0410502180457115,standing
1783085225982119700,8.17911962890625,-0.1307809275984764,-0.0724373866360634,-0.0971960533827543,0.0075290370732545,0.0370091497898101,0.0342048294842243,standing
1783085225992163300,8.189163330078125,-0.1484787891134619,-0.0828681066922843,0.030315643286705,0.0107291517779231,0.0365674644708633,0.0156098939478397,standing
1783085226002207500,8.19920751953125,-0.1146190434791147,-0.1188302314333617,0.0531137505501508,0.0085221901535987,0.0217128880321979,0.0095477402210235,standing
1783085226012251400,8.20925146484375,-0.1232816578842699,-0.090616309666261,0.0393324779570102,0.0093882121145725,0.0087850261479616,0.0012642556102946,standing
1783085226022296300,8.21929638671875,-0.0971444693259894,-0.1242094402536749,0.01452829156816,0.0128649687394499,0.0051399571821093,-0.0080243172124028,standing
1783085226032340500,8.229340576171875,-0.1258658291585743,-0.1312194651462137,-0.0016045125871896,0.0222258679568767,0.012725580483675,-0.0112367700785398,standing
1783085226042384400,8.23938427734375,-0.1111895074218511,-0.1264843994483351,0.038023733446002,0.025249620899558,0.0122464774176478,-0.0115795191377401,standing
1783085226052428500,8.249428466796875,-0.0539848342962563,-0.1344120506424456,0.1311409930825233,0.0208151321858167,0.0020656115375459,-0.0097087025642395,standing
1783085226062472700,8.25947265625,0.0746376000940799,-0.1505768573712557,0.1754004060477018,0.0173572842031717,-0.0128286490216851,-0.0042992895469069,standing
1783085226072516400,8.269516357421875,0.1966604900889098,-0.0861436942968517,0.2084270618587732,0.0224725976586341,-0.0377956479787826,0.0005888391751796,standing
1783085226082561500,8.2795615234375,0.2119470526784658,-0.05536963971816,0.1273877780288457,0.0399067141115665,-0.033721812069416,0.0117016779258847,standing
1783085226092605700,8.289605712890625,0.1209311492353677,-0.0406728597152978,0.014371639701724,0.0508521310985088,-0.0129060056060552,0.0118226399645209,standing
1783085226102649300,8.2996494140625,0.0327272344730794,-0.0567704464267939,-0.020378771162033,0.0417004451155662,0.0069675678387284,0.0016866489313542,standing
1783085226112693500,8.309693603515624,-0.0174465171024203,-0.1266266574632376,-0.0725514414697885,0.0183180011808872,0.0232386030256748,-0.0009955090936273,standing
1783085226122737400,8.3197373046875,-0.0417282870523631,-0.0927054639652371,-0.0458487279832363,-0.0065231658518314,0.0211927630007267,-0.0018719553481787,standing
1783085226132782300,8.3297822265625,-0.0111123456448316,-0.0260243027683347,0.0090232644110918,-0.018644955009222,0.0124509409070014,-0.0003024449106305,standing
1783085226142826500,8.339826416015624,0.0002517828039824,0.0138043612077832,0.0232481891185045,-0.0105028739199042,0.0088783102110028,0.002827035728842,standing
1783085226152870400,8.349870361328126,-0.0549329288013279,0.0036447131779044,0.0471387677937746,0.0071379356086254,0.0074896714650094,0.0040598399937152,standing
1783085226162914600,8.35991455078125,-0.1383835115566849,-0.0313915288899093,0.076714990890026,0.0214239303022623,0.0039990665391087,-0.0060748187825083,standing
1783085226172959500,8.36995947265625,-0.1619008730053901,-0.1068134112294763,0.1523480317622423,0.0236050598323345,-0.0068972567096352,-0.0122261885553598,standing
1783085226183003400,8.38000341796875,-0.1517531346090138,-0.1583821973599493,0.1877460928797721,0.0247007142752408,-0.0120049994438886,-0.0218305848538875,standing
1783085226193047600,8.390047607421875,-0.1103137475006282,-0.1726786529336124,0.1536696357548236,0.0302970800548791,0.0046661221422255,-0.0304139535874128,standing
1783085226203091500,8.400091552734375,-0.0583143879331648,-0.1189264583494514,0.1180716681510209,0.0259314235299825,0.0197189133614301,-0.0376934073865413,standing
1783085226213136400,8.410136474609375,0.0299102773562073,-0.0735937170643359,0.1455003578245639,0.0127461124211549,0.0206685960292816,-0.0340824276208877,standing
1783085226223180500,8.4201806640625,0.1044214745916426,-0.0681008918017149,0.1535685134679079,-0.0075786029919981,0.0165511444211006,-0.0289715304970741,standing
1783085226233224400,8.430224365234375,0.1438284790895879,-0.0483185521628707,0.1414870305299758,-0.0262713301926851,0.0145114297047257,-0.0204552747309207,standing
1783085226243268600,8.4402685546875,0.0852393658682704,-0.0305241714708507,0.126417471691966,-0.0403577946126461,0.0159038640558719,-0.0162476934492588,standing
1783085226253312500,8.4503125,-0.0081118486545979,-0.0565644024606794,0.1196107142865657,-0.0479832217097282,0.0138974394649267,-0.0136311361566185,standing
1783085226263357400,8.460357421875,-0.046080490912497,-0.0796253253787755,0.1029483332991599,-0.0520119927823543,0.0022646200377494,-0.0073484191671013,standing
1783085226273401600,8.470401611328125,-0.062023471584171,-0.0941045901734381,0.0772825616449117,-0.0447990894317626,-0.0073781535029411,-0.004699639044702,standing
1783085226283445500,8.480445556640625,-0.0887644712544977,-0.1428627758625894,-0.0591536152362823,-0.023378811776638,-0.0026487805880606,-0.0047953007742762,standing
1783085226293489400,8.490489501953125,-0.1069102226674556,-0.1466701322562992,-0.1522299583405256,0.0097040412947535,0.0116220340132713,-0.012097954750061,standing
1783085226303533600,8.500533447265624,-0.0667236120991408,-0.0907169935617595,-0.1786667143672704,0.0388206169009208,0.0236553288996219,-0.0108710629865527,standing
1783085226313577500,8.510577392578124,0.0304230491839349,-0.0372588134881109,-0.1468459272146225,0.0603765100240707,0.0239695813506841,-0.0049876077100634,standing
1783085226323622400,8.520622314453124,0.0680985537141561,-0.0159423961497843,-0.0670738868415355,0.064665138721466,0.0176297184079885,0.0004986799322068,standing
1783085226333666600,8.53066650390625,0.0343185953177511,-0.0509236931599676,0.0463256978452205,0.0541280768811702,0.0066500380635261,0.0037488017696887,standing
1783085226343710500,8.54071044921875,-0.0204790166661143,-0.0957012847803533,0.1348889474391937,0.0326835438609123,-0.0036270236596465,0.0038808803074061,standing
1783085226353754600,8.550754638671876,-0.0526164685525,-0.1028453843813389,0.1958621793180704,0.0119574908167123,-0.0163569338619709,0.0044848853722214,standing
1783085226363798300,8.56079833984375,-0.037955490515381,-0.0942779009137302,0.2346551435708999,-0.0088030043989419,-0.0253100171685218,0.0065719238482415,standing
1783085226373843500,8.570843505859376,-0.0040657881341874,-0.0880015971232205,0.1987526400625705,-0.019674826413393,-0.0358585305511951,0.0112548265606164,standing
1783085226383887600,8.5808876953125,-0.0006273381181061,-0.1056615377806127,0.0880056157112121,-0.009658858180046,-0.0290026236325502,0.0120072728022933,standing
1783085226393931300,8.59093115234375,-0.0180846688754856,-0.0628686171714216,-0.0181704474627971,0.0172143019735813,-0.0096547603607177,0.0120892981067299,standing
1783085226403975400,8.600975341796875,0.0037267654381692,-0.0062046267937868,-0.029994740769267,0.0409306399524211,0.0078569240868091,0.0108366291970014,standing
1783085226414019600,8.61101953125,0.0196856743313372,0.0323472221795469,0.0012152210086584,0.0456899777054786,0.0081842262297868,0.0160119496285915,standing
1783085226424064500,8.621064453125,-0.0022286358349025,-0.004681143553555,0.0524883121281862,0.0340362451970577,-0.0084993513301014,0.0196407940238714,standing
1783085226434109200,8.631109130859375,-0.0386385043434798,-0.0129890262369066,0.1290624332427978,0.0152044994756579,-0.0277848988771438,0.0215476173907518,standing
1783085226444153300,8.6411533203125,-0.0647257162801921,0.0071118047665804,0.1478138954639434,0.0018922805320471,-0.0367712639272213,0.0166229866445064,standing
1783085226454197200,8.651197265625,-0.1007004082418978,-0.013210633098334,0.0706949999481439,-0.0004172129556536,-0.0343509800732135,0.008077435195446,standing
1783085226464241200,8.6612412109375,-0.136633014627546,-0.018242855111882,-0.0097042324125766,0.0125943105667829,-0.0211469661444425,0.0021142163313925,standing
1783085226474285000,8.67128515625,-0.1585932097621262,0.0055211015090346,-0.007915010908246,0.0279807224869728,-0.0062881242483854,-0.0069192261435091,standing
1783085226484330200,8.681330322265625,-0.1216657471202313,-0.022504969535768,0.0156242701113224,0.0298670940101146,-0.0047377021983265,-0.0130673246458172,standing
1783085226494374400,8.69137451171875,-0.0638739217564463,-0.0385060370702296,0.0682440996646881,0.0230123847723007,-0.0170630775392055,-0.0139504289254546,standing
1783085226504418000,8.70141796875,-0.0069385670915246,-0.0436728452488779,0.161309921374917,0.0107282632961869,-0.021602164953947,-0.0194395184516906,standing
1783085226514462200,8.711462158203124,0.0446837758570909,-0.0356489671386778,0.1492494812250137,-0.0040922285988926,-0.0334329903125762,-0.0078670177608728,standing
1783085226524506400,8.72150634765625,-0.0199738436229526,0.0411077440012246,0.1832096184939146,-0.0106056686490774,-0.0397457480430603,-0.0096573522314429,standing
1783085226534551000,8.731551025390624,-0.0129471598565578,-0.0359275648843497,0.1802227116376161,-0.020323010161519,-0.0419548377394676,-0.019748069345951,standing
1783085226544595200,8.74159521484375,0.0236878957100212,-0.0510336563404649,0.1062199023157358,-0.0206224955618381,-0.0435988083481788,-0.0193785838782787,standing
1783085226554639400,8.751639404296874,0.044977351976186,0.0122125619716942,0.0358025502651929,-0.0138783073052763,-0.0264957211911678,-0.009779218584299,standing
1783085226564683300,8.761683349609376,-0.0043473815545439,0.0212224554445594,0.0165460611313581,-0.0073039978742599,-0.0147123644128441,-0.0062046963721513,standing
1783085226574727400,8.7717275390625,-0.0504248037271201,-0.0211895030230283,0.0211865804135799,-0.0018511756788939,-6.6542997956e-06,-0.0065671531483531,standing
1783085226584771000,8.78177099609375,-0.0911050430312752,-0.0556997484553605,0.036705052062869,0.0015052896924316,0.015588741749525,-0.0074991323053836,standing
1783085226594816300,8.791816162109376,-0.1359296886637807,-0.0755528152428567,0.1021405240476131,-0.002256958046928,0.0320473462343215,-0.0185563117265701,standing
1783085226604860400,8.8018603515625,-0.1583783979676663,-0.0671432257506996,0.1573363415688276,-0.0152931306511163,0.0378655530512332,-0.0314071252942085,standing
1783085226614904000,8.811904052734375,-0.1244175300464034,-0.0927589477181434,0.2050596312522888,-0.0403886325657367,0.0355099886655807,-0.0376234762370586,standing
1783085226624948200,8.8219482421875,-0.0933361630842089,-0.1032318994808942,0.2573170572340488,-0.0705317333340644,0.0166366323828697,-0.0377895236015319,standing
1783085226634992000,8.8319921875,-0.0135217448741197,-0.1085869967732578,0.272143454965949,-0.0941316038370132,-0.0110061801970005,-0.0295315943658351,standing
1783085226645037000,8.842037109375,0.052026978226751,-0.0982834102280438,0.1889689126729965,-0.0992206409573555,-0.0227304194122552,-0.022956496104598,standing
1783085226655081200,8.852081298828125,0.0520348692722618,-0.0822320738110691,0.0551689295142889,-0.0833822861313819,-0.0247466973960399,-0.0181284509599208,standing
1783085226665125000,8.862125,0.0155456519171595,-0.0749771342467516,-0.0584264700055122,-0.0513322055339813,-0.0111354049295187,-0.0162509642541408,standing
1783085226675169300,8.872169189453125,-0.0271706232592463,-0.0760780812259763,-0.1500035144627094,-0.0130953378975391,0.0140639580786228,-0.0193911008536815,standing
1783085226685213400,8.88221337890625,-0.0291866392567753,-0.0829947287466377,-0.2161404127150774,0.0212972294539213,0.0403786562383174,-0.0170813929289579,standing
1783085226695257000,8.892257080078124,-0.037413784854114,-0.0753367613393813,-0.1528612419813871,0.0415183454751968,0.0570780076086521,-0.0139567060396075,standing
1783085226705302300,8.90230224609375,-0.0149387720651924,-0.0707683574452996,0.0199690213173627,0.0265347771346569,0.0593504756689071,-0.0081257689744234,standing
1783085226715346400,8.912346435546874,0.017251286791265,-0.1193492868714034,0.1827700580328702,-0.0094373393803834,0.0296170823276042,-0.0009922257158905,standing
1783085226725390000,8.92239013671875,0.023589403771609,-0.1389631380755454,0.2886456769555807,-0.0467719249427318,0.0007499516941606,0.0025058104656636,standing
1783085226735434200,8.932434326171874,0.0654506695538759,-0.1111687568947672,0.2647171043574809,-0.066831387579441,-0.025424126535654,0.0102193895727396,standing
1783085226745478100,8.94247802734375,0.0930751740604639,-0.040139921882376,0.1543476811468601,-0.0617825090885162,-0.0415203422307968,0.0167961455881595,standing
1783085226755523300,8.9525234375,0.0626940643221139,-0.0141321318574249,-0.0467716880470514,-0.029512720182538,-0.0376222729682922,0.0221309904009103,standing
1783085226765567200,8.962567138671876,-0.0072138769015669,-0.0266367355782538,-0.2103396174818277,0.0125414626672863,-0.0167448241263628,0.0231349486857652,standing
1783085226775611100,8.972611083984376,-0.1381380123630166,-0.0531783402189612,-0.2279500929743051,0.0462805181741714,0.00117052718997,0.0234571918845176,standing
1783085226785655300,8.9826552734375,-0.1837932636007666,-0.0946837783008813,-0.1215127485156059,0.0583333559334278,0.0145878531038761,0.0205681510269641,standing
1783085226795699500,8.992699462890625,-0.1845877749793231,-0.1200844692781567,0.0409743999451398,0.0447690784931182,0.0131358969956636,0.017400586977601,standing
1783085226805744000,9.002744140625,-0.1094303887948393,-0.1448823720566928,0.2292716969668865,0.0157089065760374,-0.0064423871226608,0.0119405090808868,standing
1783085226815788300,9.012788330078124,-0.0325977628745138,-0.0640999855972826,0.2807370957881212,-0.0058272778987884,-0.0193171724677085,0.0124608911573886,standing
1783085226825832200,9.022832275390623,0.0204395614385604,0.0084659958545118,0.2253063004672527,-0.0168092101812362,-0.0157448090612888,0.0123334825038909,standing
1783085226835876400,9.03287646484375,0.0356193026527762,-0.0061268853824585,0.168753223118186,-0.0280959513038396,-0.0173688046634197,0.0105587523430585,standing
1783085226845920300,9.042920166015625,0.0251063842058181,-0.0224910140756517,0.1297042382776737,-0.0366662330925464,-0.021454082801938,0.0112449955195188,standing
1783085226855964200,9.052964111328125,0.0408602720461785,-0.0608864303782582,0.0857610516548156,-0.0386928990483284,-0.0248509440571069,0.014898320659995,standing
1783085226866009300,9.06300927734375,0.0334568639218807,-0.0763521489270031,0.0330827699124813,-0.0294116660952568,-0.0307896677404642,0.0181523356586694,standing
1783085226876053200,9.07305322265625,0.0105116032727062,-0.1170262507513165,-0.0390372944027185,-0.0101551478728652,-0.0213202647864818,0.0213806182146072,standing
1783085226886097200,9.08309716796875,-0.0389165906324982,-0.1334284464325755,-0.1286491762667894,0.0185658894479274,-0.0004406170919537,0.0196585375815629,standing
1783085226896141300,9.093141357421874,-0.0920924466334283,-0.0943440980177372,-0.0942594154089689,0.0371140055358409,0.0193820893764495,0.0188566595315933,standing
1783085226906185200,9.103185302734374,-0.1034340709894895,-0.0842653332043439,-0.0090279405862092,0.0344747267663478,0.0236010011285543,0.0169348418712615,standing
1783085226916230100,9.113230224609374,-0.0798949361003935,-0.0962687824700027,0.1239116263508796,0.0117832599207758,0.0147664975374937,0.0151159046217799,standing
1783085226926274300,9.1232744140625,-0.0577060467764735,-0.0996318291623145,0.2053361101061105,-0.0125012230128049,0.0105019025504589,0.0199877470731735,standing
1783085226936318200,9.133318115234376,-0.0524969338260591,-0.0986293010562658,0.2381207738548517,-0.0374928601086139,0.0045840917155146,0.0234314817935228,standing
1783085226946362400,9.1433623046875,-0.0428336179457604,-0.0807739839572459,0.2733896556347608,-0.0588412843644619,-0.008852744475007,0.0273327026516199,standing
1783085226956406300,9.15340625,-0.0279294788025319,-0.0877529561243951,0.2300426813393831,-0.0738564506173133,-0.0179623514413833,0.032039575278759,standing
1783085226966450200,9.1634501953125,0.0152580671474337,-0.0859785668630152,0.1462882933318615,-0.074506439268589,-0.0171433631330728,0.0322987809777259,standing
1783085226976495400,9.173495361328126,0.0119932201325893,-0.0609836071424186,0.0431178417146205,-0.0574102774262428,-0.0003699758090078,0.0300377551466226,standing
1783085226986539000,9.1835390625,-0.0065223875060677,-0.0747931559819728,-0.0268938521444797,-0.0347720272839069,0.0236903447657823,0.0297531653195619,standing
1783085226996583200,9.193583251953124,-0.0451562156744301,-0.0837321761757135,-0.0427928475439548,-0.0263287369161844,0.0333160758018493,0.0262047685682773,standing
1783085227006627300,9.20362744140625,-0.0717610217444598,-0.1261991527661681,0.026022330006957,-0.032471340149641,0.0216497089713811,0.0208698213100433,standing
1783085227016671200,9.213671142578123,-0.0493047136560082,-0.137827631239593,0.1236234570592641,-0.0465088635683059,-0.0031959847547113,0.0152542805299162,standing
1783085227026716200,9.223716064453123,-0.0222542096450924,-0.1473862446364015,0.1043669679254293,-0.0529810301959514,-0.02049196138978,0.0092524988576769,standing
1783085227036760300,9.23376025390625,-0.0234251531206071,-0.1176870527476072,0.0101163203448057,-0.0390985049307346,-0.011639080941677,0.0012158779427409,standing
1783085227046804200,9.24380419921875,-0.0351892406724393,-0.0721282476216554,-0.0494090508133173,-0.0146209672093391,0.011448142118752,-0.0072659743018448,standing
1783085227056848400,9.253848388671877,-0.0618750030241906,-0.0179311588142067,-0.0345095878452062,-0.0029552571941167,0.0300101079046726,-0.0161886289715766,standing
1783085227066892000,9.26389208984375,-0.0477728279136121,-0.0611899433694779,0.0324614231437444,-0.0134903183206915,0.0295839235186576,-0.025335544720292,standing
1783085227076936200,9.273936279296874,-0.056393064481765,-0.1028058560885488,0.129625327822566,-0.0368169471621513,0.0108120990917086,-0.0330395363271236,standing
1783085227086981400,9.2839814453125,-0.0711560415886342,-0.1315132604610175,0.1694382827728986,-0.0530310980975627,-0.0046517457813024,-0.0403829626739025,standing
1783085227097025300,9.294025390625,-0.0760571115031838,-0.0883629777815192,0.1015519105046987,-0.0466613471508026,-0.0015299883671104,-0.0444176532328128,standing
1783085227107069200,9.304069091796874,-0.1022362395070493,-0.057228638523072,0.0395440748810768,-0.0312056951224803,0.0096480976790189,-0.0481609925627708,standing
1783085227117113300,9.31411328125,-0.114445148216933,-0.0580089752458035,0.0342500601261854,-0.0184203907847404,0.0187798105180263,-0.0498062931001186,standing
1783085227127157200,9.3241572265625,-0.090367814797908,-0.0843295575469732,0.0576899724245071,-0.0218256767839193,0.0221986584365367,-0.0499884560704231,standing
1783085227137202200,9.3342021484375,-0.0513046553015708,-0.1290410981938242,0.1214268237978219,-0.0347025953233242,0.0174449142068624,-0.0500555709004402,standing
1783085227147246000,9.34424609375,-0.0210829739086329,-0.1480931507967412,0.1592144104003906,-0.0535323023796081,0.0156164458021521,-0.050181820988655,standing
1783085227157290200,9.354290283203126,-0.0032687925375998,-0.1480663358550518,0.1634375810533762,-0.0639916062355041,0.0145567739382386,-0.0526231415569782,standing
1783085227167334400,9.36433447265625,0.0381613883510231,-0.1305589554108679,0.1263157648831606,-0.0664226785302162,0.0178013034164905,-0.0454207807779312,standing
1783085227177378300,9.37437841796875,0.0830867178790271,-0.0802542709320783,0.1113151796281337,-0.0646756440401077,0.010205702856183,-0.036291729658842,standing
1783085227187422200,9.384422119140623,0.1308716746218502,-0.0723679746616631,0.0824579184561967,-0.058917012065649,0.0006488757207989,-0.0266296565532684,standing
1783085227197467400,9.39446728515625,0.1422501238569617,-0.1022518024023622,0.0344160643428564,-0.0487304218113422,-0.0048580085858702,-0.0181709229946136,standing
1783085227207511300,9.40451123046875,0.0898845613256096,-0.1157173601098358,-0.0017839608073234,-0.0369085855782032,-0.0151294209063053,-0.0133694559335708,standing
1783085227217555200,9.41455517578125,-0.0056315761461853,-0.1450549521446228,-0.0423994643121957,-0.0266580805182456,-0.0295043643563985,-0.017240360379219,standing
1783085227227599000,9.42459912109375,-0.0703745358221232,-0.1595297599598765,-0.1142868889153003,-0.0045115868560969,-0.034541331231594,-0.0211641006171703,standing
1783085227237643300,9.434643310546877,-0.1137644724763929,-0.1354698160670697,-0.2078852100670337,0.0332227423787117,-0.0168289132416248,-0.024153497070074,standing
1783085227247688200,9.444688232421877,-0.1345475866556167,-0.1034328288804739,-0.2001221748501062,0.061625063419342,0.003679561195895,-0.0276707857847213,standing
1783085227257732000,9.454732177734376,-0.1208832184404134,-0.0605575637500733,-0.1053770217508077,0.0645707845687866,0.0059709451161324,-0.0245679393410682,standing
1783085227267776300,9.4647763671875,-0.0507706945553421,-0.0926862478081136,0.0307832607984542,0.0488689914345741,-0.0109141003340482,-0.0176674500107765,standing
1783085227277820400,9.4748203125,0.0239044610701501,-0.0787709735717624,0.1408808813303708,0.0289352294057607,-0.0297264046967029,-0.0041662892326712,standing
1783085227287864300,9.4848642578125,0.0763634009733796,-0.0338837840970605,0.184279293552041,0.0167836118489503,-0.0427910722792148,0.0132389087229967,standing
1783085227297908200,9.494908203125,0.1395085700638592,0.0286261558298021,0.1504074190884828,0.0180374290794134,-0.0486705303192138,0.0250718649476766,standing
1783085227307953400,9.504953369140624,0.1194865033850073,0.0420000166658312,0.0763566789716482,0.0308654308319091,-0.0426117740571498,0.0361166074872016,standing
1783085227317997300,9.514997314453124,0.0462970562726259,0.0143744892459362,0.0184919345021247,0.0472766309976577,-0.0294424388557672,0.0384095907211303,standing
1783085227328041200,9.525041259765626,-0.0042092882581055,-0.0322180428419262,0.0441612132877111,0.0589938573539257,-0.0170163959264755,0.0337243974208831,standing
1783085227338085000,9.535085205078126,-0.0271902047425508,-0.0508170179150998,0.0781540837824344,0.0575027540326118,-0.0025586276315152,0.0263306610286235,standing
1783085227348129300,9.54512939453125,-0.0513527322269976,-0.0508994355015456,0.1380804369568824,0.0412259586155414,0.0009508184157311,0.0181711893528699,standing
1783085227358174200,9.55517431640625,-0.0824874368116259,-0.0703573654916137,0.2110603329718113,0.0101143773645162,-0.0047073331661522,0.0080109639093279,standing
1783085227368218000,9.565218017578124,-0.1053274835206568,-0.1091494529616087,0.2369540681630373,-0.0217482782900333,-0.0043396232649683,-0.003098709275946,standing
1783085227378262300,9.57526220703125,-0.1491333074994385,-0.1171881633147597,0.2298392677217721,-0.0427989661693573,-0.0017220024019479,-0.0152528434991836,standing
1783085227388306200,9.58530615234375,-0.1426249485187232,-0.1145361144360154,0.1654804850578308,-0.0492547303438186,0.0053090881556272,-0.0247995574027299,standing
1783085227398350300,9.595350341796877,-0.1127472582578659,-0.0646363574963063,0.0835667564809322,-0.0463473573327064,0.0144285503774881,-0.0294230710715055,standing
1783085227408394200,9.605394287109377,-0.0800626938827335,-0.0290951615810394,0.0424742831140756,-0.0421399213373661,0.0140043664723634,-0.0339549966156482,standing
1783085227418439200,9.615439208984377,-0.0336395270124077,-0.0412248675748705,0.0147352123171091,-0.0344063676893711,0.0136136803776025,-0.0346255823969841,standing
1783085227428483300,9.6254833984375,-0.004446165753901,-0.0479923889484256,-0.0069599021404981,-0.0267706699669361,0.0126042794436216,-0.0295705012977123,standing
1783085227438527000,9.63552685546875,0.0146558634705841,-0.0277441853635013,0.0004968436062335,-0.0171851553022861,0.017916752025485,-0.0256423354148864,standing
1783085227448571000,9.64557080078125,0.009009820407629,-0.0516601907409727,0.0145803140163421,-0.0083707431331276,0.0227919332683086,-0.0195565894246101,standing
1783085227458614800,9.65561474609375,-1.40285253524e-05,-0.0870155086953193,0.0525274750947952,-0.0045190136879682,0.0202209167182445,-0.0128443576395511,standing
1783085227468660000,9.665659912109374,-0.0014675883345305,-0.1042932451020926,0.0897474909424781,-0.0040915729478001,0.0235809665173292,-0.0010489770211279,standing
1783085227478703900,9.675703857421874,0.0343055897057056,-0.0872714562177658,0.1001198318749666,-0.0074910982511937,0.0320295765995979,0.0100281750783324,standing
1783085227488747800,9.685747802734374,0.0499295675560832,-0.0786961547698825,0.1376566585868597,-0.0217090658843517,0.0232135131955146,0.0207637771964073,standing
1783085227498792000,9.6957919921875,0.0959726490676403,-0.080737962795794,0.1975420952290296,-0.0408049970865249,0.0046885651536285,0.0317743495106697,standing
1783085227508835800,9.7058359375,0.1502187646485865,-0.0908247647851705,0.1646492949306964,-0.0545421130955219,-0.0101247355341911,0.045268852263689,standing
1783085227518880000,9.7158798828125,0.1376354696683585,-0.0433418597288429,0.1243032560169696,-0.0589318014681339,-0.0205659251660108,0.0517579093575477,standing
1783085227528925000,9.725925048828126,0.0351657136663794,-0.0207086607035249,0.0760077194035053,-0.0538997277617454,-0.0354418754577636,0.0559212565422058,standing
1783085227538968800,9.73596875,-0.0513088930852711,-0.0568871316090226,-0.0184393275320529,-0.0372392609715461,-0.0420334674417972,0.0558048747479915,standing
1783085227549013000,9.746012939453124,-0.1473500773444771,-0.077053209868446,-0.1277589494287967,-0.002996364608407,-0.0396778360009193,0.0497277826070785,standing
1783085227559057000,9.756056884765623,-0.1950026398792863,-0.0915675459764897,-0.1991565446883439,0.0369427949190139,-0.0283106639981269,0.036845538765192,standing
1783085227569100800,9.766100830078123,-0.1749868568107485,-0.0910876535050571,-0.2323153024464845,0.0731614902615547,-0.0070176222361624,0.025826659053564,standing
1783085227579146000,9.77614599609375,-0.1278431205809116,-0.0044280455753207,-0.1705634874105453,0.0890930518507957,0.0009705293923616,0.0191722195595502,standing
1783085227589190000,9.78618994140625,-0.07117328498438,0.0061305386442691,-0.0334404973089694,0.0816665887832641,0.001954297767952,0.0142677947878837,standing
1783085227599233800,9.79623388671875,-0.0205105808481574,-0.0319227862223982,0.1053401968717575,0.051831729710102,-0.0086304359138011,0.0077608930878341,standing
1783085227609278000,9.80627783203125,-0.0102960608258843,-0.0637331250462681,0.2290542548239231,0.0205595605075359,-0.0284643284976482,0.0072152111679315,standing
1783085227619321900,9.81632177734375,0.0244486509494483,-0.0711183399267494,0.2996270896971225,-0.0020698509179055,-0.0321658551692962,0.0114829270169138,standing
1783085227629366000,9.826365966796876,0.0396687241740524,-0.0405794823434203,0.307339856031537,-0.0144450608640909,-0.0281954891979694,0.0115172788500785,standing
1783085227639411000,9.836410888671876,0.049253714121133,-0.0390300609443336,0.2602893510431051,-0.0309470724314451,-0.030502051115036,0.0119167529046535,standing
1783085227649454800,9.846454833984374,0.0418240025117993,-0.0522711622461676,0.2013467482089996,-0.039053376764059,-0.0369138717651367,0.0128395948559045,standing
1783085227659499000,9.8564990234375,0.0047756899692118,-0.0884477334555238,0.1006470706194639,-0.03202635794878,-0.0315481349825859,0.0113934986293315,standing
1783085227669543000,9.86654296875,-0.0707642657920718,-0.1139260927788913,-0.0224795428335666,-0.0142325712367892,-0.0151483286172151,0.0034273667261004,standing
1783085227679586800,9.8765869140625,-0.1246896249860525,-0.1257619303926825,-0.0973112041950225,0.0066756401211023,-0.0028921952471137,-0.0067757358774542,standing
1783085227689632000,9.886632080078124,-0.1529031814269721,-0.1226551965489983,-0.0835042126387357,0.0221265964210033,0.0066538490355014,-0.0135627724230289,standing
1783085227699676000,9.896676025390626,-0.0986355846665799,-0.1273638126313686,-0.043141222590208,0.0250070728361606,0.0124206580221652,-0.0167503096163272,standing
1783085227709719800,9.9067197265625,-0.0717161596894264,-0.1304858171094209,0.026089550024271,0.0205662250518798,0.0077926199883222,-0.0246269330382347,standing
1783085227719764000,9.916763916015626,-0.0548980036184191,-0.0947697760839015,0.0888818140238523,0.0119908452033996,0.0034511347766965,-0.0253686234354972,standing
1783085227729808000,9.926807861328124,0.0226404324837028,-0.0729877870604395,0.094509006255865,0.0065305642783641,-0.0038221618160605,-0.0245549958199262,standing
1783085227739852000,9.93685205078125,0.0318343772865831,-0.0862054344214499,0.0970218658596277,0.0021166407968848,-0.0072488514706492,-0.027779284864664,standing
1783085227749897000,9.94689697265625,0.0191908765517175,-0.084178385573253,0.061718497288227,0.0061914268881082,0.0027533844113349,-0.0291501488536596,standing
1783085227759940900,9.95694091796875,0.0103455990560352,-0.0807774180233478,0.0454489150106906,0.0124703617766499,0.0096443137153983,-0.0276649054139852,standing
1783085227769985000,9.966985107421875,0.0315510303005576,-0.072090326764062,0.0759919373124837,0.017093813046813,0.0118008702993392,-0.0227782949805259,standing
1783085227780029000,9.97702880859375,0.0410815135814249,-0.0674443275891244,0.0717249275177717,0.0195260774344205,0.0161439534276723,-0.0216483138501644,standing
1783085227790072800,9.98707275390625,0.0036363106757402,-0.0956427595261484,0.0746259096562862,0.0197807364165782,0.0252387840300798,-0.0214882045984268,standing
1783085227800118000,9.997117919921877,-0.0408016737267375,-0.093348657239601,0.1056838957428932,0.0133372172713279,0.0194125864654779,-0.0211217552423477,standing
1783085227810162000,10.007161865234377,-0.054426294453442,-0.0733417150646448,0.1159217966407537,0.009080565534532,0.0129456911236047,-0.0153318587690591,standing
1783085227820205800,10.017205810546876,-0.072444181703031,-0.0805122642811387,0.0904495017319917,0.0044333487749099,0.0119257010519504,-0.0134247690439224,standing
1783085227830250000,10.02725,-0.0819962922938168,-0.1057444668237119,0.0762701697319745,-6.88750296831e-05,0.0062044961377978,-0.0174987409263849,standing
1783085227840294000,10.0372939453125,-0.0356485287472605,-0.0837876326899975,0.0703846188247203,-0.0047528427094221,-0.0117353554815053,-0.0156760737299919,standing
1783085227850338000,10.047338134765624,0.0155118957780301,-0.0512064556241035,0.0622077421098947,-0.0050279470160603,-0.0335841961205005,-0.0098293703049421,standing
1783085227860382700,10.0573828125,0.0124535311207175,-0.0304806976553052,0.00274140766263,0.0088167618960142,-0.0360124669969081,-0.0063206567429006,standing
1783085227870427000,10.067427001953124,-0.0306720555089414,-0.0383167250432074,-0.0712660778343677,0.0326558761298656,-0.024322310462594,-0.011764658614993,standing
1783085227880471000,10.077470947265626,-0.1033868708468973,-0.0457618534173816,-0.1065028109103441,0.0586818866431713,-0.0097715966403484,-0.0167261268943548,standing
1783085227890515000,10.087514892578126,-0.1395586928158998,-0.0500489561520516,-0.0913221929132938,0.0772325173020362,0.0053522926755249,-0.0237663276493549,standing
1783085227900558800,10.097558837890626,-0.1187201951876282,-0.0778240481104701,-0.0113303723096847,0.0746915936470031,0.0188068486750125,-0.0242867097258567,standing
1783085227910604000,10.10760400390625,-0.1060804938450455,-0.1236561172198504,0.1024164183795452,0.0543148294091224,0.0155767602846026,-0.0268335714936256,standing
1783085227920648000,10.11764794921875,-0.0834193108342587,-0.126833359016478,0.1832365065008401,0.0279018636792898,0.0086903590708971,-0.0215469319373369,standing
1783085227930691800,10.12769189453125,-0.0238572609275579,-0.0460256189201027,0.2237368591934442,0.0085113625973463,0.0022385264746844,-0.0135663142427802,standing
1783085227940735700,10.13773583984375,0.0282744928479194,0.0083820438981056,0.2061561943173408,-0.002710398286581,0.0053293909877538,-0.0075465040281414,standing
1783085227950780000,10.14777978515625,0.0496682862713932,0.0314034385234117,0.1642167487323284,-0.0096316300332546,-0.0014561465941369,0.0071848514489829,standing
1783085227960824000,10.157823974609377,0.0801538792975246,0.0646308045383542,0.1215875673174858,-0.0054936106316745,-0.0051582069136202,0.0214492753148078,standing
1783085227970868700,10.16786865234375,0.1040399279281497,0.0454427775308489,0.0709907680243253,0.0048878965899348,0.0046981559135019,0.0334888398647308,standing
1783085227980913000,10.177912841796877,0.0810237939998507,0.0320963892236352,0.0698719931274652,0.0111149000003933,0.0143348034471273,0.0399022623896598,standing
1783085227990957000,10.18795703125,0.0552935788072645,-0.0014828589688986,0.1092611697077751,0.0061131273396313,0.0155848246067762,0.0441382080316543,standing
1783085228001001000,10.1980009765625,0.0448242072410881,0.0122255675837397,0.1422042388886213,-0.0050694858655333,0.0047670640051364,0.0494906306266784,standing
1783085228011044900,10.208044921875,0.0569004294820129,-0.0276207781795412,0.1663806487679481,-0.0136528220027685,-0.0174544807523489,0.047356903553009,standing
1783085228021088800,10.2180888671875,0.0328287951514124,-0.0306494783509522,0.0710965664863586,-0.0097313169389963,-0.0195463933050632,0.0457041449844837,standing
1783085228031134000,10.228134033203125,-0.0275977626301348,-0.0092877605661749,-0.0355400999367237,0.0070893252268433,-0.0118343476206064,0.0376996137201786,standing
1783085228041178000,10.23817822265625,-0.111183223811537,-0.0274069892983883,-0.0765033939659595,0.0205550659447908,-0.003814238589257,0.0251361541450023,standing
1783085228051221800,10.2482216796875,-0.155416479422152,-0.0227416278358548,-0.0497977578699588,0.0254458412528038,-0.0003428095951676,0.0129190636798739,standing
1783085228061266000,10.258265869140626,-0.134698101042211,-0.0049488545790314,0.0331359614044427,0.0196771677583456,-0.0073213563300669,0.0063927210867404,standing
1783085228071309800,10.268309814453126,-0.1321833417423069,0.0016057546962052,0.0733715256810188,0.0097027122974395,-0.0150384008884429,0.0029752461705356,standing
1783085228081354800,10.278354736328126,-0.1440942904189228,0.0184586898196488,0.0941799204319715,0.0049622859805822,-0.0134519562125206,-0.0057042618282139,standing
1783085228091399000,10.28839892578125,-0.1480951966233551,0.0249815157171338,0.0861117647886276,0.0084327571094036,0.0042042513377964,-0.0134863620623946,standing
1783085228101442800,10.29844287109375,-0.1465321850903332,0.0327468159563839,0.1086485907673835,0.0024712700396776,0.0164313558489084,-0.019616961479187,standing
1783085228111487000,10.308487060546875,-0.1071641974285244,-0.0064631315995007,0.1773895340383052,-0.0181314591318368,-0.0021455655805766,-0.0288696940988302,standing
1783085228121531100,10.31853125,-0.0187606684409081,-0.0601411649689078,0.2094371156841516,-0.0426016487181186,-0.0325546041131019,-0.030394883826375,standing
1783085228131574800,10.32857470703125,0.0626312282189726,-0.0930382030509412,0.1643055960595607,-0.0481327772140502,-0.0519901663064956,-0.0259622409939765,standing
1783085228141620000,10.338619873046875,0.0910902838535606,-0.0507939293004572,0.0279939223408699,-0.0227057132869958,-0.0522258542478084,-0.0214918591082096,standing
1783085228151664000,10.3486640625,0.0112974929533898,-0.0159719875704497,-0.0962625719249248,0.0119003532454371,-0.0245826374739408,-0.0265584122389554,standing
1783085228161707800,10.358707763671877,-0.1068183066003024,-0.0463986169509589,-0.1604898371636867,0.0344948768615722,0.0019850574899464,-0.033079158514738,standing
1783085228171752000,10.368751953125,-0.2240599536679685,-0.1283676559116691,-0.0668517685234546,0.0351127609610557,0.0055283275432884,-0.0507936812937259,standing
1783085228181795800,10.3787958984375,-0.2582254042506218,-0.1933699241109192,0.0361257908701896,0.0319811515510082,0.0142653603106737,-0.0764215514063835,standing
1783085228191840800,10.3888408203125,-0.2280566220887005,-0.1388923378616571,0.0844336024433374,0.0232218857854604,0.0261778011918067,-0.0894724354147911,standing
1783085228201885000,10.398885009765625,-0.1610144455596804,-0.0428021998941898,0.1490256093412637,0.0065912450663745,0.0256158728152513,-0.0916791334748268,standing
1783085228211928800,10.4089287109375,-0.0364925783559679,-0.0136565502349287,0.2194511446982622,-0.0170148592442274,0.0135805951431393,-0.0850227326154708,standing
1783085228221973000,10.418972900390624,0.0519582969047129,-0.0232915168035775,0.2330401095896959,-0.0428781472146511,0.0014261943288147,-0.0751093849539756,standing
1783085228232017000,10.429016845703124,0.142885499151051,-0.0788744339462369,0.2159188789188861,-0.0634023621678352,-0.0159276947379112,-0.060880672186613,standing
1783085228242060800,10.439060791015624,0.1920312228530645,-0.0610764730576425,0.1743915212661027,-0.0653725638985633,-0.0231645684689283,-0.0439520217478275,standing
1783085228252106000,10.44910595703125,0.2325596325963735,-0.0313908713027834,0.0590133299827575,-0.0511113703250885,-0.01472601108253,-0.0253309607505798,standing
1783085228262150000,10.45914990234375,0.1930022598423063,0.0059847734980285,-0.0550718988806009,-0.0285586565732955,0.001418603118509,-0.0118543002754449,standing
1783085228272193800,10.46919384765625,0.1092551783584058,-0.0029847148992121,-0.0727548550873994,-0.0045762415975332,0.0198421496897935,-0.0018987387884408,standing
1783085228282238000,10.479238037109376,0.0220931738644838,-0.0556331129599362,-0.0472843137443065,0.0079731065779924,0.0389236994087696,0.0021234333980828,standing
1783085228292281900,10.48928173828125,-0.091088676418364,-0.1114000083673745,0.0199047239094972,0.0103050023317337,0.048210009932518,-0.0017541288398206,standing
1783085228302327000,10.4993271484375,-0.1353572956033051,-0.1558260831363499,0.1248059448421001,-0.0036289226263761,0.0504095144569873,-0.0102935545146465,standing
1783085228312371000,10.509370849609375,-0.1430215466208756,-0.1497481514621526,0.1693330688327551,-0.025406002998352,0.0419023185968399,-0.0167098026722669,standing
1783085228322414800,10.519414794921875,-0.1028795058466494,-0.1060009988680481,0.2031155114471912,-0.0492357052862644,0.0244737938046455,-0.0236561261117458,standing
1783085228332459000,10.529458984375,-0.0814976951219141,-0.0884763019628822,0.2046989812463522,-0.068806953728199,0.0071812854148447,-0.024680295959115,standing
1783085228342503000,10.5395029296875,-0.0321546952821314,-0.0576678336579352,0.1658551635891199,-0.0833464786410331,-0.0133362412452697,-0.0217119362205266,standing
1783085228352546800,10.549546875,0.0424557245440781,-0.0187424751970917,0.063380293020606,-0.0764739513397216,-0.0282767731696367,-0.0122204581275582,standing
1783085228362592000,10.559592041015623,0.0745648271188139,0.018499314090982,-0.0470692096889019,-0.0537217706441879,-0.0215139426290988,-0.0058400565758347,standing
1783085228372636000,10.569635986328125,0.0987611107423901,-0.0258948311697691,-0.1443009189069271,-0.0178169999271631,-0.0063889143057167,-0.0032655810937285,standing
1783085228382680000,10.57968017578125,0.1341566876418888,-0.0244667711280286,-0.1880214026898145,0.0200717933475971,0.0016019004397094,0.0040799495764076,standing
1783085228392723700,10.5897236328125,0.1707078643172979,0.015986673682928,-0.1333984166204929,0.0462319031357765,0.0094872517511248,0.0153830982744693,standing
1783085228402768000,10.599767822265624,0.1283303195759653,0.0049612756691873,-0.0625479338496923,0.0537223108112812,0.0068882727064192,0.0235824398696422,standing
1783085228412812000,10.60981201171875,0.0552804270647466,-0.0298847045235335,0.0637502953767776,0.0446275845170021,0.0023306056391447,0.0255595445632934,standing
1783085228422856700,10.619856689453124,-0.0062793725304305,-0.0713086018018424,0.1745154399067163,0.0232919361442327,-0.0042545930482447,0.0230207536369562,standing
1783085228432901000,10.629901123046874,-0.0525510021008551,-0.1285414050433784,0.2570791568249463,-0.0030870242044329,-0.0136240543797612,0.0164045188575983,standing
1783085228442945000,10.639945068359374,-0.1106080542720854,-0.1794862871218472,0.2500672322362661,-0.0292115677148103,-0.0212899632751941,0.0079633640125393,standing
1783085228452989200,10.6499892578125,-0.1859244304105639,-0.2192092257011681,0.2064011089891195,-0.0470112860202789,-0.0209884364157915,-0.0011426403652876,standing
1783085228463033000,10.660033203125,-0.2106172653794288,-0.2168264222178608,0.1377297238230705,-0.0481183603405952,-0.0090545453131198,-0.0154683161526918,standing
1783085228473078000,10.670078125,-0.1510026085026562,-0.1728143350772559,0.0330693259090185,-0.0408835299313068,0.0055324542336165,-0.0198400821536779,standing
1783085228483122200,10.6801220703125,-0.1280503335908055,-0.1374861973907798,-0.0133966571897268,-0.0320383720099926,0.0142039731144905,-0.0172964967787265,standing
1783085228493166000,10.690166015625,-0.1063764080516994,-0.1069891331225633,-0.0082142861157655,-0.0210146326571702,0.0161872934550046,-0.0112121058627963,standing
1783085228503210000,10.7002099609375,-0.0104592885635793,-0.1271066960651427,0.0131698626965284,-0.0096674365922808,0.0216832589358091,-0.0062037650495767,standing
1783085228513254000,10.71025390625,0.1031510162644088,-0.0969957085050642,0.0590320346832275,-0.0003399457782506,0.0152683109045028,0.0067703267559409,standing
1783085228523298000,10.720298095703123,0.1806558423578739,-0.0609752046402543,0.0933148280352354,0.0056905159726738,0.0037410852964967,0.0159129593521356,standing
1783085228533343000,10.730343017578123,0.2112279446236789,-0.0276100375898182,0.0610801993846893,0.0092592360451817,-0.0014606737531721,0.0290171802043914,standing
1783085228543387000,10.740386962890623,0.1556549643531441,-0.0356436333764344,0.0412350967079401,0.0096600418910384,-0.0040402119047939,0.0369046628475189,standing
1783085228553431000,10.75043115234375,0.0705053225949406,-0.1171590833507478,0.0160720138788223,0.0032209642231464,-0.0104247387498617,0.0417698845267295,standing
1783085228563475200,10.76047509765625,-0.0476570925794541,-0.2136404125928878,0.0379015683710575,4.8873014748e-05,-0.0107459165155887,0.0383676961064338,standing
1783085228573519000,10.77051904296875,-0.1094898638971149,-0.1965343794912099,0.0289367561489343,0.0039609102532267,-0.0097794532775878,0.0247457344084978,standing
1783085228583563000,10.78056298828125,-0.1518570333749055,-0.1633400389630347,0.001937690064311,0.0097831124439835,-0.0100308563560247,0.0171091202646493,standing
1783085228593608200,10.790608154296876,-0.1049659567318856,-0.0706760760519653,-0.0010270049601793,0.0242216158658266,-0.0099116135388612,0.0144179165363311,standing
1783085228603652000,10.800652099609374,-0.031373043385148,-0.027736805774644,-0.0134393272876739,0.0389483645558357,0.0042279078625142,0.0081451069563627,standing
1783085228613696000,10.810696044921874,-0.0304220262706279,-0.0122376233477145,-0.0490232663661241,0.0455243624746799,0.0174441132694482,0.0043265055865049,standing
1783085228623740000,10.820739990234374,-0.0572406212218105,-0.0118276543073356,0.0396738387405872,0.0372038483619689,0.0164118707180023,0.0015419045230373,standing
1783085228633784000,10.8307841796875,-0.0144870827749371,-0.0381594155896455,0.1960357823193073,0.013989626429975,0.0041502648964524,-0.0016196989454329,standing
1783085228643829000,10.8408291015625,0.0646454906508326,-0.0682450495127588,0.2648041981190442,-0.0181366186589002,-0.0105983214452862,-0.0050061745569109,standing
1783085228653873000,10.850872802734376,0.0431936834298074,-0.0771932759262621,0.259103356128931,-0.0408739410340786,-0.0271085798740386,-0.007397792302072,standing
1783085228663917000,10.8609169921875,-0.0262353882357478,-0.0940358357861638,0.1659077705591917,-0.0401136092841625,-0.0288644023239612,-0.0138096194714307,standing
1783085228673961000,10.8709609375,-0.0729617758363485,-0.0815465026997029,0.0328179814964532,-0.0215908493846654,-0.0143578276038169,-0.0201741214841604,standing
1783085228684005000,10.881005126953124,-0.0927680078074336,-0.0320787074364721,-0.075254855209589,0.0031941260676831,0.0027079754509031,-0.0251145511865615,standing
1783085228694049000,10.891049072265623,-0.0924723858617246,0.0088544837154448,-0.0890121624052524,0.0194652397185564,0.0223463904112577,-0.0246200021356344,standing
1783085228704094000,10.901093994140624,-0.0681689886018633,-0.0161366035476326,-0.0318108502805233,0.0182772036641836,0.0335391238331794,-0.0255097653716802,standing
1783085228714138000,10.91113818359375,-0.0179522746674716,-0.0993457056973129,0.0805938781499862,0.0023532812483608,0.0335213541984558,-0.0243186764419078,standing
1783085228724182000,10.92118212890625,0.0374907956130802,-0.0714309130072593,0.2099398045092821,-0.0163439735770225,0.023285761475563,-0.0191888958215713,standing
1783085228734226000,10.931225830078125,0.0908588131852447,-0.0622480010550469,0.2539537182807922,-0.0332314632833004,0.0138083677738904,-0.0088340947404503,standing
1783085228744270000,10.94127001953125,0.0856181360527873,-0.0691268738485872,0.2168909388214349,-0.0417005829513073,0.0067874770611524,-0.0069855945184826,standing
1783085228754315300,10.951315185546877,0.0639100159831345,-0.1205910305608063,0.1337660808891058,-0.0395231842994689,0.0014518336392939,-0.0047482731752097,standing
1783085228764359000,10.96135888671875,0.0568020836740732,-0.0993719361171126,0.0517126515805721,-0.0291989054530859,0.001579132862389,0.0012062885798513,standing
1783085228774403000,10.971403076171876,0.0522302457138895,-0.0473569405891001,-0.0183691849052906,-0.0142049873247742,0.002362894359976,0.0032306700013577,standing
1783085228784447000,10.981447021484374,0.0342668651305139,-0.0477547077350318,-0.023851415708661,-0.0105002634227275,0.0028835423290729,0.0094076059758663,standing
1783085228794491100,10.9914912109375,0.0320208397693932,-0.0646708442877978,-0.0080991353034973,-0.0124743152409791,-0.0009778393432497,0.0151809388771653,standing
1783085228804535000,11.00153515625,0.0214092832535505,-0.0885077930796891,0.0139864397764205,-0.0158754382282495,-0.0072951237671077,0.0210401602089405,standing
1783085228814580000,11.011580078125,-0.0416574137732386,-0.0965049293134361,0.0416606286436319,-0.0156080275774002,-0.0137304523959755,0.0274163261055946,standing
1783085228824624000,11.0216240234375,-0.0714433340974152,-0.1336383628562092,0.0050777416557073,-0.0072795236483216,-0.0202370882034301,0.0235033445060253,standing
1783085228834668000,11.03166796875,-0.1551022989064455,-0.1531043300222605,-0.0590834726095199,0.0108409225940704,-0.0150994453579187,0.0132797295227646,standing
1783085228844712000,11.0417119140625,-0.1560126917496323,-0.1205750292740762,-0.0585194089859724,0.0271519850939512,0.0004582083784043,0.0069709671661257,standing
1783085228854756000,11.051756103515626,-0.1324829092107713,-0.1148765253715217,-0.0271902047425508,0.0321056097745895,0.0018495046533644,0.0049863057211041,standing
1783085228864800000,11.061800048828124,-0.0993498704157769,-0.1023992480490356,0.0477940168321132,0.0246122721582651,-0.0003753001801669,0.0054113459773361,standing
1783085228874845000,11.071844970703124,-0.0161982706069946,-0.1132427136246115,0.1427694715559482,0.0101572591811418,-0.016396339982748,0.00645641842857,standing
1783085228884889000,11.08188916015625,0.1194007247976958,-0.0671410337936133,0.1519996567159891,0.006975314579904,-0.0372089408338069,0.0154922576621174,standing
1783085228894933000,11.09193310546875,0.1301389764331281,0.0224549929141998,0.0828816968262195,0.024584786966443,-0.0213396344333887,0.0197345428168773,standing
1783085228904977200,11.10197705078125,0.1284711893513798,0.0267382231913506,0.0353115518778562,0.0370667539536953,-0.0058557498268783,0.017567528411746,standing
1783085228915021000,11.11202099609375,0.0656359629929065,0.0135633920587599,0.0978378584176302,0.0274006016552448,-0.0040171728469431,0.020097080618143,standing
1783085228925066000,11.12206591796875,-0.0184606625810265,-0.0959193114452063,0.1792196720749139,0.0043253772892057,0.0005570724606513,0.0133928395807743,standing
1783085228935110100,11.132110107421877,-0.0428960156574845,-0.1759548250600695,0.2130015301674604,-0.0233337953686714,0.0089277923107147,0.007268201559782,standing
1783085228945154000,11.142154052734377,-0.0766825499251484,-0.2013305277265608,0.1928746879398822,-0.0479067824780941,0.0309105888009071,-0.008321676403284,standing
1783085228955198000,11.152197998046876,-0.0829502320177853,-0.1735124734092503,0.1399941616237163,-0.0583042129874229,0.0378291420638561,-0.0140702370554208,standing
1783085228965242000,11.1622421875,-0.0371599562235176,-0.0976278689287602,0.0159486797600984,-0.0535691119730472,0.0712403655052185,-0.0238943714648485,standing
1783085228975286000,11.1722861328125,-0.1196425707295537,-0.0395766619764268,-0.2201514019221067,-0.0310503933578729,0.1680840998888015,-0.0109843835234642,standing
1783085228985331000,11.1823310546875,-0.2239848426051437,0.2141311917845159,-0.0667085606604814,-0.058839414268732,0.2529923319816589,0.0027103899046778,standing
1783085228995374800,11.192374755859374,-0.1818177257440984,0.2012389769855886,0.6765180363386869,-0.1839175820350647,0.2205249816179275,0.0032511476892977,standing
1783085229005419000,11.2024189453125,0.1284564301736653,-0.0269089766483753,1.4182073407679796,-0.2109569162130355,0.2779139876365661,-0.0196536350995302,standing
1783085229015463200,11.212463134765626,0.3209482562758028,-0.282881268209964,1.169019229453802,-0.338726282119751,0.1250282227993011,-0.0399415157735347,standing
1783085229025507000,11.222507080078126,0.2765960504606366,-0.3803928172826766,0.2855389431118965,-0.4043447077274322,-0.0574007034301757,-0.0292092412710189,standing
1783085229035551000,11.232551025390626,0.0841109463602304,-0.0965320365160703,-0.5015536836206913,-0.2749371230602264,-0.08100076764822,-0.0052599445916712,standing
1783085229045596200,11.24259619140625,-0.3114437842190265,-0.0147370389480143,-1.0502473040789364,-0.1103420481085777,-0.0207249093800783,-0.0324279144406318,standing
1783085229055640000,11.25264013671875,-0.3092684860065579,-0.0816687408398836,-1.2530477582275867,-0.0209905784577131,-0.0423411354422569,-0.0497593954205513,standing
1783085229065684000,11.26268408203125,-0.1150504206337034,-0.0734572312030941,-0.7723205895364285,-0.0084108710289001,-0.1205645650625228,-0.0211788825690746,standing
1783085229075728000,11.272727783203123,0.0734817080572247,0.0346712812129408,-0.118769002765417,0.0044948738068342,-0.1412762254476547,0.0072540920227766,standing
1783085229085772000,11.28277197265625,-0.0592075373806059,0.2490570322804152,0.3102133656412363,0.075110986828804,-0.0034405966289341,0.0004158937372267,standing
