time,seconds_elapsed,accel_x,accel_y,accel_z,gyro_x,gyro_y,gyro_z,label
1783088579590801000,0.05880078125,0.8901051113091408,-0.5656160406213253,-0.1967594204187393,0.2302141189575195,0.0638304054737091,0.0013870348921045,standing
1783088579600846000,0.06884619140625,0.7730259613268077,-0.3472797252971679,-0.3642787178277969,-0.0634984597563743,0.0705679357051849,-0.0643565580248832,standing
1783088579610890000,0.078889892578125,0.921723946148902,-0.1583914766449481,-0.4025830217808485,-0.2565299570560455,0.0471614077687263,-0.0622159019112587,standing
1783088579620934000,0.088933837890625,0.8246004465457052,0.2421715836156159,-0.3681090897709131,-0.3070349395275116,0.0265906192362308,-0.0148635637015104,standing
1783088579630979000,0.09897900390625,0.3889353124395012,0.4060298012338578,-0.1437245803236961,-0.2594108879566192,0.0293971598148345,0.0544913485646247,standing
1783088579641023000,0.10902294921875,0.1115213697247207,0.4143779428623616,0.223466810080409,-0.1672021299600601,0.0256085470318794,0.1460777223110199,standing
1783088579651067100,0.119067138671875,0.0032052988473325,0.5506526455715298,0.5456500149786472,-0.0374012067914009,0.0297507215291261,0.2494704872369766,standing
1783088579661110800,0.12911083984375,-0.1410928435806185,0.7494279358573257,0.6565431698024272,0.1050893664360046,0.0630000233650207,0.3658029735088348,standing
1783088579671156000,0.139156005859375,-0.0669287062171846,0.7206035540416836,0.6947697323441505,0.2079448699951172,0.1387835443019867,0.4846920073032379,standing
1783088579681200000,0.1492001953125,0.0388798388186842,0.5092272869884967,0.7165384965598582,0.2749806344509125,0.1513986736536026,0.5478478670120239,standing
1783088579691243800,0.159243896484375,0.0068632368329912,-0.0168250972684472,1.1783289095908402,0.3403747677803039,0.1250244230031967,0.5572599172592163,standing
1783088579701289000,0.1692890625,0.3009815730459988,-0.334151290589571,0.9128349756419658,0.3819619119167328,0.0371544808149337,0.5399081110954285,standing
1783088579711333000,0.1793330078125,0.4467498610917478,-0.6824173235103488,0.492848399117589,0.3981636762619018,-0.0155538404360413,0.4384359717369079,standing
1783088579721376800,0.189376708984375,0.1041390774536877,-1.248168461753428,0.1591612189084291,0.3285087049007416,-0.0171868912875652,0.2874661684036255,standing
1783088579731421000,0.1994208984375,0.0255154764633625,-1.3452879427686333,-0.0945031610369682,0.1762565821409225,0.0184912346303462,0.1929034292697906,standing
1783088579741466000,0.209466064453125,0.0189687582336366,-1.2684668611556291,-0.3867448166579008,0.0076534422114491,0.0911276191473007,0.1189144328236579,standing
1783088579751510000,0.219510009765625,0.0802182497706264,-1.216678294794634,-0.7378700384020805,-0.0854637622833252,0.1471560895442962,0.0545833371579647,standing
1783088579761554000,0.229553955078125,0.4073324082650244,-1.0678783839680257,-1.0294950234293938,-0.0769208744168281,0.1510696113109588,0.0151682859286665,standing
1783088579771599000,0.23959912109375,0.7198790391594171,-0.8450811437122523,-1.193404313647747,0.0156355183571577,0.1048936694860458,-0.0120475273579359,standing
1783088579781643000,0.24964306640625,0.6615514264184981,-0.5195778544805943,-1.1212293042749166,0.1234503984451294,0.0263376086950302,-0.0176681280136108,standing
1783088579791687000,0.25968701171875,0.3205339763864874,-0.3292467866089195,-0.8342968609780073,0.1906717270612716,-0.0229408852756023,0.0103171039372682,standing
1783088579801730800,0.269730712890625,0.0505237340569496,-0.1977069304019212,-0.4571463866174221,0.2195012420415878,-0.060972686856985,0.0590801164507865,standing
1783088579811776000,0.27977587890625,-0.2173863941881805,-0.0384674586255103,0.0556616814672946,0.2253225743770599,-0.09599070250988,0.1080638393759727,standing
1783088579821820000,0.28981982421875,-0.3766026312194764,0.1259868251897394,0.4704845916181802,0.2344425767660141,-0.1154229938983917,0.141900897026062,standing
1783088579831863800,0.29986376953125,-0.2893992718018591,0.2403996785722672,0.6936743383228778,0.2590987682342529,-0.1118698045611381,0.1696405112743377,standing
1783088579841909000,0.309908935546875,-0.0547089107871055,0.476363420523703,0.7697779193162918,0.2978701293468475,-0.1012086346745491,0.217291921377182,standing
1783088579851953200,0.319953125,0.2312695927858352,0.7677732284303754,0.7349146957278251,0.3374356031417846,-0.100516103208065,0.2579852342605591,standing
1783088579861996800,0.329996826171875,0.5411215777687728,0.8788086412690579,0.4979758251339197,0.368749052286148,-0.0999725461006164,0.2762209475040436,standing
1783088579872041000,0.340041015625,0.8480281569495797,0.7789856734488159,0.0902893427342176,0.3593275249004364,-0.0728896483778953,0.2610078454017639,standing
1783088579882086100,0.350086181640625,0.8746539327424019,0.6859609144013374,-0.1684527788668871,0.2689928412437439,-0.0025190794840455,0.2328427881002426,standing
1783088579892129500,0.360129638671875,0.6296686799455433,0.6323345381539315,-0.2092997530400752,0.1344985067844391,0.0807691738009452,0.212273433804512,standing
1783088579902173400,0.37017333984375,0.3549284134194255,0.5504598264131695,-0.11868892326653,0.0056481170468032,0.1547920107841491,0.2095221281051635,standing
1783088579912218600,0.380218505859375,0.0353130862478166,0.5784496571008115,-0.0414151294499635,-0.0992463305592536,0.1940248757600784,0.2263043224811554,standing
1783088579922262500,0.390262451171875,-0.0981950012922286,0.5274528256393969,-0.0938332989513874,-0.1473555266857147,0.2193701863288879,0.2560478150844574,standing
1783088579932306400,0.400306396484375,-0.0913803528413176,0.3243585031107068,-0.1743050120264291,-0.1406291872262954,0.2278544902801513,0.2639640867710113,standing
1783088579942351600,0.4103515625,-0.2135485695909708,0.2264505751315504,-0.1475742414891719,-0.1243080049753189,0.1841397583484649,0.2602851688861847,standing
1783088579952395500,0.4203955078125,-0.27095504889898,0.1735565317466855,-0.0909779095202684,-0.1050107404589653,0.0923033058643341,0.2586340308189392,standing
1783088579962439400,0.430439453125,-0.2435813042830675,0.1362771138619631,0.0068447513282299,-0.0596331357955932,-0.032761663198471,0.2655073702335357,standing
1783088579972483300,0.4404833984375,-0.299980067853257,0.1458146844707429,0.0643073447376489,-0.0075700203888118,-0.1380136162042617,0.2706850171089172,standing
1783088579982528500,0.450528564453125,-0.2825533514298498,0.0954816506803035,0.2005313401728868,0.0374041125178337,-0.2274660021066665,0.2649781107902527,standing
1783088579992572700,0.46057275390625,-0.2016049607537686,0.0552780889771878,0.3842027309596538,0.0512964241206646,-0.2899771928787231,0.2457050234079361,standing
1783088580002616300,0.4706162109375,-0.1957507548328489,0.0644086131550371,0.4578542426258325,0.0267961416393518,-0.3062563240528106,0.2214100807905197,standing
1783088580012661500,0.48066162109375,-0.2291375491932034,0.083211440237239,0.4732517182439565,-0.0150456167757511,-0.2827149629592895,0.2065554708242416,standing
1783088580022705700,0.49070556640625,-0.1538567558247596,0.0853660609878599,0.4239151481449604,-0.0498392842710018,-0.2354800552129745,0.1949009448289871,standing
1783088580032749300,0.500749267578125,0.0125724813252687,0.0187597916580736,0.2772638667196035,-0.0596367642283439,-0.1794495731592178,0.1904540210962295,standing
1783088580042793500,0.51079345703125,0.1392695736762136,-0.1722490293446928,0.2131283714175224,-0.0437067970633506,-0.1318716555833816,0.175230324268341,standing
1783088580052838700,0.520838623046875,0.2294122014161199,-0.3733955057412386,0.0646498745650053,-0.0155973015353083,-0.0923100933432579,0.1389770656824112,standing
1783088580062882300,0.53088232421875,0.3642180736817419,-0.4558750515073537,-0.2146253319770097,0.0232901759445667,-0.0401667356491088,0.0907954275608062,standing
1783088580072926500,0.540926513671875,0.3406752124655992,-0.4527314197193831,-0.3292559197634458,0.0570289865136146,0.0237701404839754,0.0462141409516334,standing
1783088580082971600,0.5509716796875,0.143680887312442,-0.3913673618920147,-0.2778115637302398,0.042222611606121,0.1039720401167869,-0.0094352755695581,standing
1783088580093015600,0.561015625,-0.0186287126243114,-0.3654628130458295,-0.153445179349184,-0.0283089149743318,0.1785713583230972,-0.0661700367927551,standing
1783088580103059500,0.5710595703125,-0.1640702529337257,-0.2888722522530704,-0.0529389785051345,-0.1427132487297058,0.233817309141159,-0.1033227294683456,standing
1783088580113103400,0.581103271484375,-0.2275220768205821,-0.2328871840503066,0.0387251597136259,-0.251937061548233,0.2430163919925689,-0.1435381770133972,standing
1783088580123148500,0.5911484375,-0.2330194321278482,0.055273631997779,0.2274427279740571,-0.2578277289867401,0.1847711950540542,-0.1327443867921829,standing
1783088580133192400,0.6011923828125,-0.2499362993329763,0.1997455235574394,0.3504302252173423,-0.2044046968221664,0.0502775721251964,-0.0830207765102386,standing
1783088580143236400,0.611236328125,-0.3841019009336829,-0.0253468418981879,0.1547533393383026,-0.1161355674266815,-0.0720187798142433,-0.0090445559471845,standing
1783088580153281500,0.621281494140625,-0.5254554412771016,-0.275603605357185,-0.0089741645723581,-0.0294902771711349,-0.1893997490406036,0.0795890539884567,standing
1783088580163325400,0.631325439453125,-0.4908225193131715,-0.464360263518989,-0.0882616362988948,0.029048666357994,-0.2785187065601349,0.1520371586084365,standing
1783088580173369300,0.641369384765625,-0.2842736724164337,-0.4681045646138489,-0.082662501117587,0.0442794561386108,-0.3059112429618835,0.1775610744953155,standing
1783088580183414500,0.65141455078125,-0.0496550614636391,-0.3713846773754805,0.0089689038753509,0.0249358527362346,-0.2926979660987854,0.154552161693573,standing
1783088580193458400,0.66145849609375,0.1692440753750503,-0.2803921548079699,0.099994159668684,-0.0057017859071493,-0.2683029770851135,0.1181170716881752,standing
1783088580203502300,0.67150244140625,0.2169471990533173,-0.2748798941925168,0.1319189917176962,-0.0345629937946796,-0.248205691576004,0.1032640933990478,standing
1783088580213546500,0.68154638671875,0.1458532629154622,-0.3094024145845324,0.1159644667387008,-0.0366855189204216,-0.2254309058189392,0.1146312803030014,standing
1783088580223591700,0.691591796875,0.0970151438578963,-0.3228200414970517,0.1046259111225604,-0.0338926613330841,-0.1920630931854248,0.1327429115772247,standing
1783088580233635300,0.70163525390625,0.0939683965731412,-0.293914703399688,0.1106038164883851,-0.0491451174020767,-0.1672639995813369,0.1582144498825073,standing
1783088580243679500,0.711679443359375,0.0849022428683936,-0.3014076164383441,0.0439490318417549,-0.0743031948804855,-0.1510016769170761,0.1804382503032684,standing
1783088580253724700,0.721724609375,0.1027069257587194,-0.3280532659754157,-0.0365273574084043,-0.0577324815094471,-0.1387846916913986,0.1870279759168625,standing
1783088580263768300,0.731768310546875,0.119719289227575,-0.3295357596181333,-0.0106692780524492,0.0048725767992436,-0.1554116010665893,0.1790033429861068,standing
1783088580273812500,0.7418125,0.0795792212147265,-0.2889436369888484,-0.0128103817343711,0.0483007095754146,-0.1853875368833542,0.1673410683870315,standing
1783088580283856400,0.7518564453125,0.047825142622739,-0.2025944101825356,0.015546528699994,0.0529308803379535,-0.1986546069383621,0.143829345703125,standing
1783088580293901600,0.761901611328125,-0.0095508684817701,-0.1614725645907223,0.0306061506658792,0.028816757723689,-0.2103384286165237,0.1116069555282592,standing
1783088580303945500,0.771945556640625,-0.075564359550178,-0.1666077355220913,0.1075356610894203,0.0247591659426689,-0.2185401618480682,0.0835550799965858,standing
1783088580313989400,0.7819892578125,-0.0690247286483645,-0.1445147077880799,0.0991179613560438,0.0326550714671611,-0.2236894518136978,0.074101023375988,standing
1783088580324034600,0.79203466796875,-0.0840462105609476,-0.1466892753481865,0.0902519333332777,0.0235177632421255,-0.2349602133035659,0.0674351304769516,standing
1783088580334078500,0.802078369140625,-0.0146554250791668,-0.1913585842885077,0.1023866077631711,-0.000740120653063,-0.2213787138462066,0.0589745864272117,standing
1783088580344122400,0.812122314453125,0.0919920549988746,-0.1899657416906207,0.1231973406016826,-0.009896601550281,-0.1979266554117202,0.0527156256139278,standing
1783088580354166500,0.82216650390625,0.0971333634100854,-0.1556513841565698,0.1116618011087179,-0.0053546661511063,-0.17488694190979,0.0472962744534015,standing
1783088580364211500,0.83221142578125,0.1043313120901584,-0.1196051613286137,0.0681762951254844,0.0110655864700675,-0.1538343876600265,0.039210382848978,standing
1783088580374255400,0.84225537109375,0.1461712428234517,-0.0524730414938181,0.0496872832328081,0.0333818458020687,-0.1369452327489853,0.0306837763637304,standing
1783088580384299500,0.852299560546875,0.1314442138127982,-0.085691858876124,0.0723141255825758,0.0459029637277126,-0.1155848130583763,0.0279835984110832,standing
1783088580394344400,0.862344482421875,0.0901702463991939,-0.142675144336,0.0960755249202251,0.043070014566183,-0.087515614926815,0.0223213024437427,standing
1783088580404388400,0.872388427734375,0.0812269153565168,-0.1749717323068529,0.1731131718933582,0.0344978310167789,-0.0625146552920341,0.0075620645657181,standing
1783088580414432500,0.8824326171875,0.1204657236807048,-0.1759340745329856,0.2054816560566425,0.0294793248176574,-0.0430375449359416,0.0027366399299353,standing
1783088580424476400,0.892476318359375,0.1307259825408458,-0.1482232069171965,0.135173609599471,0.0522397644817829,-0.0361151881515979,0.0104869715869426,standing
1783088580434521300,0.902521240234375,0.1382856041401624,-0.0955935866221785,0.0228103822231292,0.0873135402798652,-0.0437128208577632,0.0188590846955776,standing
1783088580444565500,0.9125654296875,0.1495481719106435,-0.0360820247936993,-0.0791390031665563,0.0948476269841194,-0.0562105029821395,0.0355626977980136,standing
1783088580454609400,0.922609375,0.169286599342525,-0.0257638982664793,-0.1405284146308899,0.0678473114967346,-0.0669763386249542,0.0553203076124191,standing
1783088580464654300,0.932654296875,0.2365263442702591,-0.0495038894899189,-0.1237707565754652,0.0340177044272422,-0.0685124546289444,0.0738497823476791,standing
1783088580474698500,0.942698486328125,0.2089144069842994,-0.0482256131824105,-0.0928974794059991,0.0120585253462195,-0.0610370486974716,0.0912992656230926,standing
1783088580484742400,0.952742431640625,0.1305241763584315,0.0138145903408527,-0.048424715951085,0.0102017698809504,-0.0510688386857509,0.1124761849641799,standing
1783088580494787300,0.962787353515625,0.0748772540688514,0.0572298075668513,0.0045440731704235,0.0235297810286283,-0.033877246081829,0.1391061693429947,standing
1783088580504831500,0.97283154296875,-0.0169216164454817,0.0420739586848765,0.0738368051052093,0.0375918075442314,-0.0084405960515141,0.1629185527563095,standing
1783088580514875400,0.98287548828125,-0.0530203731782734,0.008495514209941,0.1234042613506317,0.0419521667063236,0.0197556987404823,0.1842911839485168,standing
1783088580524919600,0.99291943359375,-0.0163498079068958,-0.0108147509377449,0.1483838043063879,0.0392354726791381,0.0456674546003341,0.1892915368080139,standing
1783088580534964500,1.002964599609375,0.0328853476442396,0.0472369674712419,0.12269874342978,0.0238244831562042,0.0649342089891433,0.1873771548271179,standing
1783088580545008400,1.01300830078125,0.1755050354659557,0.0632958296075463,0.0513549241840839,0.006267063319683,0.0640132948756218,0.177855297923088,standing
1783088580555052500,1.023052490234375,0.3173486243486404,0.040270562524721,-0.0577431639164686,-0.0056101656518876,0.0599199011921882,0.1582064479589462,standing
1783088580565097500,1.033097412109375,0.2458686115026473,0.0014471300683915,-0.1453168179512023,-0.0144870141521096,0.0581249296665191,0.1391928046941757,standing
1783088580575141400,1.043141357421875,0.1269075932964682,-0.1165815757237374,-0.1371831958562135,-0.0283264629542827,0.0692977979779243,0.1213407590985298,standing
1783088580585185500,1.053185546875,0.0280658185333013,-0.2075760710526257,-0.0392395389765501,-0.0452559106051921,0.0836799368262291,0.1036927923560142,standing
1783088580595229400,1.0632294921875,-0.0640125995747745,-0.213363203086704,0.0605243190675973,-0.0466910786926746,0.0892264917492866,0.0989467799663543,standing
1783088580605274400,1.0732744140625,-0.1220025778591632,-0.2232300787150859,0.0630190584927797,-0.0342288203537464,0.0962045118212699,0.0867202132940292,standing
1783088580615318500,1.083318603515625,-0.1180551554076373,-0.1863832070287317,0.1102010809063911,-0.0287376083433628,0.1111533120274543,0.0677060857415199,standing
1783088580625362400,1.093362548828125,-0.0341217575713992,-0.1436313490822911,0.1529442440897226,-0.0260693859308958,0.1005741730332374,0.0524632185697555,standing
1783088580635407400,1.103407470703125,0.1080002098612487,-0.1330451462034136,0.1307914489924907,-0.010256178677082,0.0855336487293243,0.0433982387185096,standing
1783088580645451500,1.113451416015625,0.1948356127493083,-0.1365185214024037,0.1010007063627243,0.0057651316747069,0.0747369304299354,0.0363334082067012,standing
1783088580655495400,1.123495361328125,0.2216097840368747,-0.123421358615905,0.0805792651027441,0.0104447714984416,0.0617229714989662,0.0294112414121627,standing
1783088580665539600,1.13353955078125,0.2092196735411882,-0.1357085932590067,0.0201683432817459,0.0026366494130343,0.0449250787496566,0.0240905135869979,standing
1783088580675584500,1.14358447265625,0.1463359318658709,-0.185467334292829,-0.051347325399518,-0.0147123681381344,0.0362090766429901,0.0176207795739173,standing
1783088580685628400,1.15362841796875,0.1029855965696275,-0.2501055184200406,-0.0735246704161167,-0.0220693498849868,0.0338750816881656,0.0021313035394996,standing
1783088580695672600,1.163672607421875,0.0866920488946139,-0.2717198227263986,-0.0109632925629615,-0.0189312975853681,0.0261877700686454,-0.0178402215242385,standing
1783088580705717500,1.173717529296875,0.0678932404004037,-0.2557097681678831,0.0052396542191505,-0.0020881351083517,0.0235387235879898,-0.0378991477191448,standing
1783088580715761400,1.183761474609375,0.0164282799705863,-0.2392988046582788,0.0711591103285551,0.0167660303413867,0.0224019885063171,-0.050269216299057,standing
1783088580725805600,1.1938056640625,-0.0259976339571177,-0.2066748113639652,0.1385264271587133,0.0218534674495458,0.0173411834985017,-0.0549553148448467,standing
1783088580735849500,1.203849365234375,-0.0126398474730551,-0.210366067097336,0.1195756429731845,0.0129089755937457,0.0079396925866603,-0.0538943111896514,standing
1783088580745894400,1.213894287109375,0.0369208867706358,-0.1950121383599936,0.0542816252857446,-0.0034630738664418,0.0023755503352731,-0.0528037436306476,standing
1783088580755938600,1.2239384765625,0.0836458130665123,-0.18862426395379,0.0396609792590141,-0.0142955668270587,-0.0039061401039361,-0.0492642223834991,standing
1783088580765982500,1.233982421875,0.1189212707176804,-0.1794464665681123,0.037223522979021,-0.0096115991473197,-0.0067967353388667,-0.0455720163881778,standing
1783088580776027400,1.24402734375,0.1461133751563727,-0.1776943622037768,0.017198972082138,-0.0002323070075362,-0.0061459401622414,-0.04148655757308,standing
1783088580786071600,1.254071533203125,0.1265922437369823,-0.1527351313836872,-0.019556348863244,0.003249509492889,-0.0119319232180714,-0.037503533065319,standing
1783088580796115500,1.264115478515625,0.1412178581997752,-0.1012535120800137,-0.0659603726416826,-0.0023853946477174,-0.0161047279834747,-0.0299137122929096,standing
1783088580806160400,1.274160400390625,0.1187096737936139,-0.0603208323847502,-0.044873745471239,-0.0152998613193631,-0.0179937072098255,-0.0316341146826744,standing
1783088580816204500,1.28420458984375,0.0538644227869808,-0.0704334994677454,0.0305769245713949,-0.0160532034933567,-0.018364805728197,-0.0308510772883892,standing
1783088580826248400,1.29424853515625,-0.007297755792737,-0.134895304114744,0.0796305860757827,-0.0041230400092899,-0.0175749137997627,-0.0304822288453578,standing
1783088580836292600,1.304292724609375,-0.0524859740406274,-0.2091932969909161,0.1221387714594602,0.0152221210300922,-0.0109617058187723,-0.0306157078593969,standing
1783088580846337500,1.314337646484375,-0.0738468881078064,-0.2656939135003834,0.1095399866491556,0.0217127781361341,-0.0032001896761357,-0.0336000472307205,standing
1783088580856381400,1.32438134765625,-0.0220233234986662,-0.2856033135849982,0.093999887689948,0.0129628051072359,0.0005866289138793,-0.0405880585312843,standing
1783088580866425600,1.334425537109375,0.0992915643572807,-0.2563774382963776,0.042436289191246,-0.0036084474995732,0.0017229993827641,-0.0571486577391624,standing
1783088580876470500,1.344470458984375,0.1014098716855049,-0.2321422109019011,0.0203594819396734,-0.0168804991990327,0.0010455911979079,-0.0737038627266883,standing
1783088580886514400,1.354514404296875,0.0858705033786594,-0.2410686638750135,0.0380079513549804,-0.017574518918991,0.0007944549433887,-0.0871325880289077,standing
1783088580896558300,1.364558349609375,0.0625555326342582,-0.2546073598839342,0.0483498971492052,-0.0083767510950565,-0.0019448800012469,-0.093906857073307,standing
1783088580906602500,1.3746025390625,0.0045094402484595,-0.2585318398512899,0.034228432816267,0.0028287654276937,-0.0016460735350847,-0.0991181284189224,standing
1783088580916647400,1.3846474609375,-0.0318593655973672,-0.2446040714595466,0.0508037200421094,0.0191216673702001,-0.0007721949368715,-0.0981168299913406,standing
1783088580926691300,1.39469140625,-0.0100974695138633,-0.2056695798441767,0.0528320109993219,0.027522075921297,-0.0049006273038685,-0.0931622833013534,standing
1783088580936735500,1.404735595703125,0.020312574058026,-0.2209404334079474,0.064613049685955,0.0295523777604103,0.0009031160734593,-0.0884043872356414,standing
1783088580946780400,1.414780517578125,0.102200437541306,-0.2392755699131637,0.0493745640218257,0.0176717489957809,0.0109054166823625,-0.0891716405749321,standing
1783088580956824300,1.42482421875,0.1888927786968648,-0.244752174693346,0.0189566294044256,-0.0121662570163607,0.0258832052350044,-0.0956944674253463,standing
1783088580966868500,1.434868408203125,0.2354762506954371,-0.2205968806672841,-0.0128016139060258,-0.0396854989230632,0.056829135864973,-0.1026746109127998,standing
1783088580976912400,1.444912353515625,0.16395254483819,-0.1238295010253787,0.0015256021320819,-0.0528826341032981,0.0764115899801254,-0.0989124625921249,standing
1783088580986957300,1.454957275390625,0.0835156108155846,-0.1370625651512295,0.0547112488746643,-0.0477786846458911,0.0819469690322876,-0.0792229175567627,standing
1783088580997001500,1.46500146484375,0.0289192204922437,-0.1426267751496285,0.0602893412679433,-0.0338995605707168,0.0816842392086982,-0.0543020591139793,standing
1783088581007045400,1.47504541015625,0.0374449106447398,-0.1873190265741199,0.0841138689696788,-0.0240937992930412,0.083192653954029,-0.030370095744729,standing
1783088581017090300,1.48509033203125,0.0783554515734314,-0.236797343231365,0.1221983926922082,-0.0305831674486398,0.0876695215702056,-0.0212328322231769,standing
1783088581027134500,1.495134521484375,0.0741542004913091,-0.2823584864448756,0.084423081049323,-0.0386714525520801,0.1005935743451118,-0.0269122906029224,standing
1783088581037178400,1.505178466796875,0.0424874348565936,-0.2673299902696162,0.0425391650438308,-0.035346582531929,0.104781836271286,-0.037147969007492,standing
1783088581047222300,1.51522216796875,0.0196175775311887,-0.2612166950210929,0.0036544308543205,-0.0252287033945322,0.0924543291330337,-0.0432492718100547,standing
1783088581057267500,1.525267333984375,0.0089272566907107,-0.2388928542058914,-0.0391980379223823,-0.0118136219680309,0.0707052275538444,-0.0443707853555679,standing
1783088581067311400,1.535311279296875,-0.014191753090173,-0.2216914709709584,-0.0351946474999189,0.0022041928023099,0.0503818467259407,-0.0424626320600509,standing
1783088581077355300,1.545355224609375,-0.0120760761104524,-0.2181289561837911,0.0175537768691778,0.0081725707277655,0.0233952812850475,-0.0283204838633537,standing
1783088581087400400,1.555400390625,0.006233779823035,-0.2221322004757821,0.0271317525535821,0.0050806403160095,-0.0093695912510156,-0.0188817083835601,standing
1783088581097444400,1.5654443359375,0.0170296068646013,-0.1699737048238515,0.0291232186317443,0.0049784686416387,-0.0389311276376247,-0.0053146709688007,standing
1783088581107488500,1.575488525390625,0.0164002229198813,-0.1733744531780481,0.0310983180969953,0.0029078612569719,-0.0574097372591495,0.005348093342036,standing
1783088581117532400,1.585532470703125,0.003404401616007,-0.1618410325769335,0.0673813453555107,0.0057247811928391,-0.0570272244513034,0.0113440295681357,standing
1783088581127577300,1.595577392578125,0.0231514507457613,-0.1414211987521499,0.0879407337814569,0.0081453276798129,-0.0391859076917171,0.0160746034234762,standing
1783088581137621500,1.60562158203125,0.083549366954714,-0.1164055615697055,0.0978816975593566,0.0093787489458918,-0.013163574039936,0.0105776824057102,standing
1783088581147665400,1.61566552734375,0.1154701073504984,-0.0850624018661677,0.0646259091675281,0.0156904384493827,0.0087470514699816,0.0040726452134549,standing
1783088581157710300,1.62571044921875,0.0924582112058997,-0.0796620041273534,0.0321130480974912,0.0142646301537752,0.0271768011152744,0.0020036716014146,standing
1783088581167754500,1.63575439453125,0.1088284773789346,-0.108389866765961,0.0356523281395435,0.0075105866417288,0.0440106391906738,0.001637486857362,standing
1783088581177798100,1.645798095703125,0.1091615087255835,-0.1431456844571977,0.061287704655528,0.0070971930399537,0.0462856739759445,0.0029434401076287,standing
1783088581187842300,1.65584228515625,0.064422787810862,-0.1735061897989362,0.0520271243572235,0.0087685929611325,0.0380434580147266,0.0010941409273073,standing
1783088581197887500,1.665887451171875,0.0021855273455381,-0.1938148183342069,0.0603606529384851,0.0142057389020919,0.0293111391365528,0.0060234172269701,standing
1783088581207931400,1.675931396484375,-0.0292209799177944,-0.192358555111289,0.0665928253263235,0.0167011208832263,0.0065525630488991,0.0056271385401487,standing
1783088581217975300,1.685975341796875,-0.0284872588157653,-0.1911180535309016,0.0492442156404256,-0.0037313993088901,-0.0201449245214462,0.000337622128427,standing
1783088581228020500,1.6960205078125,0.0012390402756631,-0.1907316845618188,0.020270634612441,-0.0240361392498016,-0.0417916290462017,0.0012058126740157,standing
1783088581238064400,1.706064453125,-0.0252196353219449,-0.1578479443527758,0.0095224461048841,-0.0243502035737037,-0.060120940208435,0.007625819183886,standing
1783088581248108300,1.7161083984375,0.031291940972954,-0.2205802948586642,0.0154699563324451,-0.012200329452753,-0.0834864452481269,0.0099166706204414,standing
1783088581258152400,1.72615234375,0.1034013377636671,-0.2559707571916282,-0.0230611421138048,0.0097793499007821,-0.0929112657904625,0.0158089902251958,standing
1783088581268197400,1.736197265625,0.1159583292588591,-0.2317506543010473,-0.0148784201800823,0.0196793843060731,-0.0808213129639625,0.0192271582782268,standing
1783088581278241300,1.7462412109375,0.1275191493235528,-0.2103817761231213,0.0621340923517942,0.005594294052571,-0.0672050341963768,0.0205186288803815,standing
1783088581288285400,1.756285400390625,0.1268684303298592,-0.2028982154347002,0.0987993969261646,-0.0114198438823223,-0.0455474108457565,0.0318053737282753,standing
1783088581298330400,1.766330322265625,0.1048939144089818,-0.205779543024674,0.1260392860293388,-0.0182774290442466,-0.0254910234361886,0.0435326397418975,standing
1783088581308374500,1.77637451171875,0.0566901477321982,-0.2192367712952196,0.1359112762242555,-0.013937541283667,-0.0199290104210376,0.0519588813185691,standing
1783088581318418200,1.786418212890625,0.0451084310099482,-0.2188843776609748,0.1101449668049812,0.0028175797779113,-0.01987274736166,0.055679440498352,standing
1783088581328463400,1.79646337890625,0.0160381116092205,-0.238276475873217,0.0706792178571224,0.0130316009745001,-0.0108337132260203,0.0535560995340347,standing
1783088581338507500,1.806507568359375,0.0573985882624983,-0.2345301289517432,0.0669628276824951,0.0051980856806039,-0.0026975725777447,0.0507359839975833,standing
1783088581348551200,1.81655126953125,0.1166822596192359,-0.229881499428302,0.0413952557057142,-0.0126235214993357,0.0093273986130952,0.0421715267002582,standing
1783088581358595300,1.82659521484375,0.1269848963163793,-0.217303026753664,0.0134206225872039,-0.0273037422448396,0.0277893953025341,0.0362568385899066,standing
1783088581368640500,1.836640625,0.1337612585835158,-0.1808180471822619,0.0016717326045036,-0.0256304778158664,0.0511170886456966,0.0296964049339294,standing
1783088581378684200,1.84668408203125,0.0937790845461189,-0.1725539305754005,0.04226093262434,-0.0263862404972314,0.0692408755421638,0.0312021989375352,standing
1783088581388728300,1.856728271484375,0.0313483473353087,-0.1206421031609177,0.0514881951749324,-0.0342670679092407,0.0862262547016143,0.027377899736166,standing
1783088581398772500,1.8667724609375,0.0387644688107073,-0.1246784460049122,0.0772965901702642,-0.0547373257577419,0.0941614136099815,0.013441439718008,standing
1783088581408817400,1.8768173828125,0.0269720319472253,-0.1786022708289325,0.0877203690290451,-0.0617832504212856,0.0926210433244705,0.0124076008796691,standing
1783088581418861300,1.886861328125,-0.0035239363424479,-0.1921305915743112,0.0221335058748722,-0.0589548014104366,0.0770851448178291,0.0087094390764832,standing
1783088581428905500,1.896905517578125,0.0535471004661172,-0.2213920496329665,0.009694295540452,-0.0492963157594203,0.0615613050758838,0.0025855000130832,standing
1783088581438950400,1.906950439453125,0.0839748258251696,-0.2275930231649428,0.0230582195043563,-0.0290052723139524,0.0378367826342582,0.0012303756084293,standing
1783088581448994300,1.916994384765625,0.0335541137512773,-0.2408890695244073,0.0081651862770318,-0.0152899920940399,0.0108200758695602,0.0093221236020326,standing
1783088581459038500,1.92703857421875,-0.0104031744621694,-0.2487746351424604,-0.0376899714469909,-0.0253877267241477,-0.0124317994341254,0.0128403315320611,standing
1783088581469082400,1.937082275390625,0.0005790419969707,-0.2498133305404335,-0.0136515087336301,-0.0461039245128631,-0.0314022935926914,0.0163764767348766,standing
1783088581479127300,1.947127197265625,0.0161385763090103,-0.2208358770549297,0.0255535434514284,-0.0521906837821006,-0.0496668592095375,0.0236460007727146,standing
1783088581489171200,1.957171142578125,0.0354468686953187,-0.206253298016265,0.0468055903166532,-0.0398783572018146,-0.060211643576622,0.0301648862659931,standing
1783088581499215400,1.96721533203125,0.0552373185753822,-0.2021785228580236,0.0964168857038021,-0.0196778587996959,-0.0686879754066467,0.0317118093371391,standing
1783088581509260500,1.977260498046875,0.0486405506588518,-0.2070108383852988,0.0914893661737442,-0.0007821987383067,-0.0780082419514656,0.0375643707811832,standing
1783088581519304200,1.98730419921875,0.0218893218554556,-0.2124658889207988,0.0396545495182275,0.0126033658161759,-0.0867316722869873,0.0456992425024509,standing
1783088581529348400,1.997348388671875,0.0606166735261678,-0.2075505712851882,0.0164116210967302,0.0220176391303539,-0.0941610932350158,0.0590078569948673,standing
1783088581539393500,2.0073935546875,0.0908319251783192,-0.2418829028673469,-0.0173304895073175,0.0267992094159126,-0.1003915593028068,0.0659242123365402,standing
1783088581549437200,2.017437255859375,0.1342201082669198,-0.2475127985130995,-0.0317085589498281,0.0276434309780597,-0.0879111811518669,0.06509330868721,standing
1783088581559481300,2.0274814453125,0.1460464474000036,-0.1967394736092537,0.0184516024917364,0.0189775470644235,-0.0640631914138794,0.061150275170803,standing
1783088581569525500,2.037525390625,0.1333211136005818,-0.1801304302442818,0.0837765998393297,-0.0029937978833913,-0.0294570159167051,0.0586956404149532,standing
1783088581579570200,2.047570068359375,0.1366527422413229,-0.1836075317703187,0.1314028588891029,-0.0123314429074525,0.0032691275700926,0.0531087964773178,standing
1783088581589614300,2.0576142578125,0.1022767176479101,-0.2094249137897044,0.1310690968900918,-0.0043113338761031,0.0316094234585762,0.0494770407676696,standing
1783088581599658500,2.067658447265625,0.0966080243617296,-0.2134901174020022,0.1000485202044248,0.0145686138421297,0.0464344434440135,0.0410790294408798,standing
1783088581609703400,2.077703369140625,0.0757052293255925,-0.2136382937010377,0.0529062452793121,0.028388287872076,0.0538875646889209,0.0341337770223617,standing
1783088581619747300,2.087747314453125,0.0632997751303017,-0.191359753332287,0.0317728563576936,0.0242087952792644,0.0550972819328308,0.0253946762531995,standing
1783088581629791500,2.09779150390625,0.0721123194001615,-0.1806059388015419,0.010488660788536,0.0001663090661168,0.0584760345518589,0.0216787662357091,standing
1783088581639835400,2.10783544921875,0.0766331578254699,-0.2157584276601672,-0.028859014737606,-0.0197737403213977,0.0552779175341129,0.0149053893983364,standing
1783088581649880300,2.11788037109375,0.1133905245974659,-0.2606867528628557,-0.0396165555953979,-0.0175990033894777,0.0522392503917217,0.0181911960244178,standing
1783088581659924200,2.12792431640625,0.0738322750605642,-0.2371842236571013,-0.0429389780163764,-0.0022341781295835,0.0545591488480567,0.0258080828934907,standing
1783088581669968400,2.137968505859375,0.0853999632574617,-0.203080074807629,0.0038438159465789,-0.0031971773132681,0.0612881556153297,0.0356601811945438,standing
1783088581680013300,2.148013427734375,0.0997037984199821,-0.1915810679327696,0.0213338799297809,-0.0108752073720097,0.0704486370086669,0.0537381134927272,standing
1783088581690057200,2.15805712890625,0.0895177738398313,-0.2261435550089925,0.0282943665921688,-0.0096450932323932,0.0819204673171043,0.0697237327694892,standing
1783088581700101400,2.168101318359375,0.1075565577469766,-0.2795336382824927,0.063917468637228,-0.0129968617111444,0.0867427438497543,0.0847874581813812,standing
1783088581710145500,2.1781455078125,0.1360374598871916,-0.3295878551315516,0.0784323162019252,-0.0234519001096487,0.0946781635284423,0.104195512831211,standing
1783088581720190200,2.188190185546875,0.0954925374004989,-0.3196037097990513,0.0907458543300628,-0.0246275849640369,0.1045543104410171,0.1162935644388198,standing
1783088581730234400,2.198234375,0.0579274344421923,-0.3007753098841756,0.1019780269622802,-0.0165483504533767,0.1108209937810897,0.1255147606134414,standing
1783088581740278500,2.208278564453125,0.0472489501699805,-0.3400317999955266,0.0343120194464922,-0.0144950030371546,0.1141130924224853,0.1248804405331611,standing
1783088581750323200,2.2183232421875,0.0421181631527841,-0.3878440831366926,-0.0070370590299367,-0.0265854876488447,0.1214279979467392,0.1282450854778289,standing
1783088581760367400,2.228367431640625,0.0438843691077083,-0.3544749705635011,0.0005897825866937,-0.0226505398750305,0.1330340653657913,0.1341784745454788,standing
1783088581770411500,2.23841162109375,0.0590821574352681,-0.2975064442813396,0.0324596695780754,-0.0077357715927064,0.1311197876930236,0.1368749290704727,standing
1783088581780455400,2.248455322265625,0.1579902754329145,-0.3376883056093007,0.0307487740069627,0.0176426079124212,0.1122530549764633,0.1302647292613983,standing
1783088581790500400,2.258500244140625,0.2394886281419545,-0.3915832696650177,-0.0235159001439809,0.0519763454794883,0.0943832397460937,0.1110305935144424,standing
1783088581800544500,2.26854443359375,0.1587649130672216,-0.3532451365076005,-0.0963502502083778,0.065622478723526,0.0899829864501953,0.0801963433623313,standing
1783088581810588400,2.27858837890625,0.0509619793437421,-0.3193650787375867,-0.0998427684992551,0.0636125952005386,0.0973516851663589,0.0482738241553306,standing
1783088581820633300,2.28863330078125,-0.0532103427924215,-0.2464232497107237,-0.0088315412312746,0.0578782819211483,0.1147404760122299,0.0223934911191463,standing
1783088581830677200,2.29867724609375,-0.1071779336929321,-0.2389130932763218,0.1005365959823131,0.0491942465305328,0.1354252398014068,-0.0073351096361875,standing
1783088581840721400,2.308721435546875,-0.0742803841542452,-0.2184774773605168,0.1601841322153806,0.0469207055866718,0.1474379599094391,-0.0377310961484909,standing
1783088581850765600,2.318765625,0.0549850973799824,-0.1506155088812112,0.1620966878384351,0.047007568180561,0.1458019018173217,-0.0640742480754852,standing
1783088581860810200,2.328810302734375,0.1214062194012105,-0.1711658372178673,0.0680091218650341,0.0469660237431526,0.1424785405397415,-0.081030324101448,standing
1783088581870854400,2.3388544921875,0.1285439623266458,-0.2208938177872449,0.0140390467464923,0.0482944101095199,0.1482583880424499,-0.0950201749801635,standing
1783088581880898600,2.348898681640625,0.1570925959408283,-0.2878285153537988,0.004882511344552,0.0530296936631202,0.1588845700025558,-0.1078790575265884,standing
1783088581890942500,2.3589423828125,0.1608284945335239,-0.2847426051024347,0.0223246445327997,0.0508288592100143,0.1672756671905517,-0.1229501441121101,standing
1783088581900986600,2.368986572265625,0.1437321060430258,-0.2483629125364124,0.0259948574781417,0.0408259034156799,0.1759636849164962,-0.137334793806076,standing
1783088581911030500,2.379030517578125,0.10197378917858,-0.1761566312424838,0.0069417819619178,0.0234815366566181,0.1784316450357437,-0.1360135972499847,standing
1783088581921074700,2.38907470703125,0.0236897223409265,-0.1522178295113146,0.0437327587425708,0.0096100736409425,0.1587766855955124,-0.1274420768022537,standing
1783088581931119600,2.39911962890625,-0.0081086337842047,-0.2100615311928093,0.0457265629082918,0.0056084082461893,0.1211558207869529,-0.1195045188069343,standing
1783088581941163500,2.40916357421875,0.0142546622585505,-0.2374266541108489,0.0063069911897182,0.0157003123313188,0.0705808028578758,-0.1088845208287239,standing
1783088581951207700,2.419207763671875,0.0543303597982972,-0.2520989572595805,-0.0417810401529073,0.0300893709063529,0.028340408578515,-0.0955460742115974,standing
1783088581961252600,2.429252685546875,0.045851066070795,-0.2608710233885795,-0.0260883809804916,0.0275982599705457,0.001159643754363,-0.077355071902275,standing
1783088581971296500,2.439296630859375,0.0559676786765456,-0.2219234530959278,0.0376776964873075,0.0106072910130023,-0.0079076206311583,-0.0488539263606071,standing
1783088581981340700,2.449340576171875,0.0697027009751647,-0.2297297429326921,-0.0586626168489456,-0.0394176356494426,0.0082776751369237,-0.0275468900799751,standing
1783088581991384600,2.459384521484375,0.1530111718460917,-0.2618477594662458,-0.0213134216636419,-0.058561235666275,0.00133534707129,-0.0137077746912837,standing
1783088582001429500,2.469429443359375,0.1773655686408281,-0.1665243680875748,0.1570148545295,-0.0095146764069795,0.0036516652908176,0.0217899605631828,standing
1783088582011473700,2.4794736328125,0.1650216353744268,-0.12042108082138,0.0702110158234834,0.0316876210272312,-0.0107943853363394,0.0461600162088871,standing
1783088582021517600,2.489517578125,0.2243458579372614,-0.150725983518362,0.0466319873154163,0.0422533862292766,-0.0311722587794065,0.0645469427108764,standing
1783088582031562500,2.4995625,0.174839045837894,-0.1558681687124073,0.0627852497369051,0.0319461524486541,-0.0587381087243557,0.0690926909446716,standing
1783088582041606700,2.509606689453125,0.0647074499711394,-0.1395629305996,0.0333212548434734,0.0099381683394312,-0.0824412405490875,0.0637068375945091,standing
1783088582051650600,2.519650634765625,-0.0307299231760203,-0.1317046913798898,0.0054407297492027,-0.0013075625756755,-0.0966233760118484,0.0543266534805297,standing
1783088582061694700,2.52969482421875,-0.0548725038509815,-0.0944973158180713,0.068232993748784,0.0049424143508076,-0.1091630235314369,0.039360012859106,standing
1783088582071739600,2.53973974609375,-0.0694468995831906,-0.1093487018607556,0.1000549499452114,0.0185799300670623,-0.1172662228345871,0.0224023349583148,standing
1783088582081783600,2.549783447265625,-0.0695745445508509,-0.1351304280448705,0.0780710816740989,0.0310835279524326,-0.1181443706154823,0.0092786103487014,standing
1783088582091827700,2.55982763671875,-0.0087777652174234,-0.1482294174622744,0.0371311685204505,0.038336381316185,-0.096059039235115,0.0050351293757557,standing
1783088582101872600,2.56987255859375,0.0459452471602708,-0.1401491329897195,0.0335310982018709,0.0235095508396625,-0.0631882771849632,-0.0078427996486425,standing
1783088582111916500,2.57991650390625,0.0889550253905355,-0.1271482701845467,0.0675251377403736,0.0058807558380067,-0.0219106078147888,-0.0196898728609085,standing
1783088582121960700,2.589960693359375,0.0975998849432915,-0.1178550297256559,0.087522800630331,-0.0016715893289074,0.0077232052572071,-0.0294734202325344,standing
1783088582132004600,2.600004638671875,0.0839547328852117,-0.1193537438508123,0.061882747939229,0.0034760348498821,0.039090447127819,-0.0361188054084777,standing
1783088582142049500,2.610049560546875,0.0287767432816326,-0.1581308529473841,0.0606441460549831,0.0033220532350242,0.0636070743203163,-0.0413165539503097,standing
1783088582152093700,2.62009375,-0.0522014580108225,-0.1780414220757782,0.0865384657680988,0.0001113463658839,0.0869874954223632,-0.0387375503778457,standing
1783088582162137600,2.6301376953125,-0.0696370883930474,-0.1863203709255904,0.0763619396686553,-0.0043822559528052,0.1020150035619735,-0.0327129997313022,standing
1783088582172182500,2.6401826171875,-0.0315953808989375,-0.185051812294498,0.0675514412254095,-0.0078800516203045,0.1001294925808906,-0.0276394132524728,standing
1783088582182226700,2.650226806640625,-0.0170724230930209,-0.145033909356594,0.0184960261553525,-0.0099866325035691,0.0838970616459846,-0.021423066034913,standing
1783088582192270600,2.6602705078125,0.027693843415752,-0.157934307461977,0.0021855273455381,-0.0027300508227199,0.0579014085233211,-0.019389210268855,standing
1783088582202314500,2.670314453125,0.0293836231335997,-0.1391719585206359,-0.0246580559164285,0.011736549437046,0.0471373572945594,-0.0190389640629291,standing
1783088582212359700,2.680359619140625,0.0120083446364849,-0.1250930181551724,-0.0080699092090129,0.013136307708919,0.0468508005142211,-0.0174953937530517,standing
1783088582222403600,2.690403564453125,-0.0075555299460887,-0.133844845213741,0.035804303830862,-0.0059959515929222,0.0489240027964115,-0.0103537188842892,standing
1783088582232447700,2.70044775390625,-0.0103968908518552,-0.1616541317027062,0.0801274296820163,-0.0162057112902402,0.0485160052776336,-0.0014544993173331,standing
1783088582242492700,2.71049267578125,-0.0055090457450598,-0.1763652324918657,0.0842687672704458,-0.0134947625920176,0.0379550345242023,0.0088571272790431,standing
1783088582252536600,2.72053662109375,0.0195181357447057,-0.1669597638301551,0.0697860684096813,-4.9794325605e-05,0.0159107185900211,0.0198935326188802,standing
1783088582262580700,2.730580810546875,0.0368688643224537,-0.1843281011298298,0.0740770436018705,0.0097964210435748,-0.0056677861139178,0.0294246841222047,standing
1783088582272624400,2.740624267578125,0.0478878325954079,-0.2054408125896006,0.0547147560060024,0.007432066835463,-0.0270132906734943,0.0379111133515834,standing
1783088582282669600,2.750669677734375,0.0643416123334318,-0.2199558793500065,0.0290098213851451,-0.0005804842803627,-0.0394112914800643,0.0501484498381614,standing
1783088582292713700,2.760713623046875,0.0760111534696072,-0.2689205473966896,0.0099731124818325,-0.0134459491819143,-0.0503654070198535,0.0581136979162693,standing
1783088582302757400,2.77075732421875,0.0577734129242599,-0.2231806866154074,-0.0182768304467201,-0.0285996012389659,-0.0566416792571544,0.0638224482536315,standing
1783088582312802600,2.780802490234375,0.0333642902676016,-0.2039563461855053,-0.0191822548538446,-0.0381052233278751,-0.0624401792883873,0.0709336176514625,standing
1783088582322846700,2.7908466796875,0.0027156156342476,-0.1779808509949594,-0.0288636909127235,-0.0325485803186893,-0.0710663348436355,0.0828981027007103,standing
1783088582332890600,2.800890625,-0.0473191658619791,-0.150655987022072,-0.0424357046693563,-0.0157112777233123,-0.0903635993599891,0.0963558554649353,standing
1783088582342934500,2.8109345703125,-0.0368378115970641,-0.1474148131437599,-0.0083294369280338,-0.0032413071021437,-0.11280257999897,0.104920819401741,standing
1783088582352979700,2.820979736328125,-0.0176360483251512,-0.1321306617069989,0.0130763391941785,0.0033683921210467,-0.1349472999572754,0.1102780327200889,standing
1783088582363023600,2.831023681640625,0.0298086436126381,-0.0593290448684245,0.0316553674578666,0.0111595280468463,-0.1517628729343414,0.1142328903079032,standing
1783088582373067500,2.841067626953125,0.076848408011347,-0.0573902588255703,0.0390910704165697,0.0205202735960483,-0.1650435179471969,0.110324703156948,standing
1783088582383112700,2.85111279296875,0.1120212820708751,-0.0741323539856821,0.0640080695301294,0.0287247188389301,-0.1693752408027649,0.1088632047176361,standing
1783088582393156600,2.861156494140625,0.1768260549366474,-0.087359572892636,0.0701011257082223,0.0219653472304344,-0.1563145667314529,0.1131703332066536,standing
1783088582403200500,2.871200439453125,0.2272515893161296,-0.1104288983128964,0.0864934575825929,0.0071572009474039,-0.1186137050390243,0.1160506382584571,standing
1783088582413244400,2.881244384765625,0.2410215367976576,-0.1476800399512052,0.1299146661579608,-0.0110974367707967,-0.0745522379875183,0.1105259135365486,standing
1783088582423289600,2.89128955078125,0.1784316635023802,-0.0992106080755591,0.1494961494624614,-0.0233855079859495,-0.0378544777631759,0.1007790118455886,standing
1783088582433333800,2.901333740234375,0.1038938705209642,-0.088544837154448,0.1770686315208673,-0.0300777647644281,-0.0168485306203365,0.090261124074459,standing
1783088582443377400,2.91137744140625,0.027619316874817,-0.0973912106286734,0.1981552586913108,-0.0314336344599723,-0.0096274903044104,0.0833587050437927,standing
1783088582453422600,2.921422607421875,-0.0634228900533169,-0.1223135435044765,0.1505932970494032,-0.0226441379636526,-0.0163578316569328,0.0736962258815765,standing
1783088582463466800,2.931466796875,-0.119060094666481,-0.1279135554686188,0.0660971507638692,-0.0033750915899872,-0.031108871102333,0.0614054650068283,standing
1783088582473510400,2.941510498046875,-0.1337576783869415,-0.1253475043728947,0.0303998144388198,0.0071910005062818,-0.0454489290714263,0.0482204221189022,standing
1783088582483554600,2.951554443359375,-0.1013470355823636,-0.1490344502348452,0.0168120185911655,0.0059851352125406,-0.0472596250474453,0.0373542197048664,standing
1783088582493599700,2.961599853515625,0.0046827509887516,-0.1833321488950401,0.0067991586208343,-0.0004514581523835,-0.0407884083688259,0.0252690576016902,standing
1783088582503643400,2.971643310546875,0.1118010634489357,-0.231843447151035,0.0287017783492803,-0.0147526171058416,-0.0169696453958749,0.0122925620526075,standing
1783088582513687600,2.9816875,0.1936219991758465,-0.2361681784823536,0.0520218636602163,-0.0357055701315403,0.0053050331771373,0.0109838843345642,standing
1783088582523732700,2.991732666015625,0.2411156448218971,-0.2553116356957703,0.0918055925160646,-0.041835781186819,0.0140037294477224,0.0051567396149039,standing
1783088582533776600,3.001776611328125,0.2250835245620459,-0.2566911073554307,0.0760743548989296,-0.0237427949905395,0.0209412649273872,0.0025172804016619,standing
1783088582543820500,3.011820556640625,0.1663935813147574,-0.2596589441850781,0.077556117889285,0.0005946746096014,0.02256491035223,-0.000250905752182,standing
1783088582553864400,3.021864501953125,0.0676156655680388,-0.3359953840862959,0.0523942041039466,0.0003235647454857,0.0231417510658502,-0.001379020512104,standing
1783088582563909600,3.03190966796875,0.0287116421561688,-0.4055070925340056,0.0338251127123832,-0.0181010607630014,0.0209466740489006,-0.0063581406138837,standing
1783088582573953500,3.04195361328125,0.0824062613341957,-0.4426767664339393,0.0247071557551622,-0.0362704768776893,0.0071720057167112,-0.017236353829503,standing
1783088582583997400,3.05199755859375,0.0997902345944195,-0.3979412603896111,-0.0051899698585271,-0.0359940640628337,-0.0089041441679,-0.0215640272945165,standing
1783088582594042600,3.062042724609375,0.0740166917167604,-0.3063205229211598,-0.0346896205872297,-0.0193639546632766,-0.0240221116691827,-0.0187274944037199,standing
1783088582604086500,3.07208642578125,0.0102570439897477,-0.2368755960993468,-0.0350946942567825,0.0056504192762076,-0.0435182377696037,-0.0039526997134089,standing
1783088582614130400,3.08213037109375,-0.0185865539830178,-0.2179541841387748,-0.0305570508271455,0.027388472110033,-0.0685881674289703,0.0105910897254943,standing
1783088582624174600,3.092174560546875,-0.0723515349835157,-0.2379154605410993,-0.0249117384165525,0.0354232564568519,-0.0888735428452491,0.025856077671051,standing
1783088582634219500,3.102219482421875,-0.0704700320858508,-0.2407431582476943,0.0126104752480983,0.0292684249579906,-0.0990793108940124,0.0411133281886577,standing
1783088582644263400,3.112263427734375,0.0659695788614451,-0.2551440240439027,0.0796089587658643,0.0131862014532089,-0.1211559697985649,0.0528015010058879,standing
1783088582654307600,3.1223076171875,0.1960016608539968,-0.2932510518591851,0.0287830268919467,0.0031013439875096,-0.1562332659959793,0.0658576488494873,standing
1783088582664352800,3.132352783203125,0.2219830012634396,-0.3151782945722341,-0.1319131464987993,0.0125859174877405,-0.1749685853719711,0.070978358387947,standing
1783088582674396400,3.142396484375,0.1858670011349022,-0.3565590102959424,-0.2064344267368316,0.026922246441245,-0.1809505820274353,0.0477982126176357,standing
1783088582684440600,3.152440673828125,0.2000289436087012,-0.3345928238119929,-0.1617529889672994,0.0290636867284774,-0.1697948575019836,0.016125489026308,standing
1783088582694484500,3.162484375,0.1550567792642861,-0.1726077065892517,-0.0987187329053878,0.0151950092986226,-0.1496975719928741,-0.0014167532790452,standing
1783088582704529400,3.172529296875,0.0706917850777506,-0.1054780709724873,0.0270487504452466,-0.0010709955822676,-0.132194846868515,-0.0028364295139908,standing
1783088582714573600,3.182573486328125,-0.0434816335257142,-0.1226937749937176,0.1183095685601234,-0.0094130812212824,-0.1134666949510574,-0.0009668904822319,standing
1783088582724617500,3.192617431640625,-0.1485511236973107,-0.1628295321576297,0.1827776568174362,-0.0117911351844668,-0.0950267687439918,-0.0065556745976209,standing
1783088582734662700,3.20266259765625,-0.1749318386878818,-0.261821529046446,0.1991542066007852,-0.0070152878761291,-0.0747739672660827,-0.0227860417217016,standing
1783088582744706600,3.21270654296875,-0.1558422305535525,-0.308732041042298,0.1811030016034841,-0.0031355288811028,-0.0571569949388504,-0.0365558303892612,standing
1783088582754750500,3.22275048828125,-0.1086978367365896,-0.3330811771400273,0.1356102474510669,-0.0056642005220055,-0.0364240184426307,-0.0502146519720554,standing
1783088582764794600,3.232794677734375,-0.0227541219912469,-0.3102865039426833,0.078169865873456,-0.017380217090249,-0.0172152444720268,-0.054307647049427,standing
1783088582774839600,3.242839599609375,0.1451479641903191,-0.2778227427113801,0.0504915853530168,-0.0386167950928211,-0.0074350526556372,-0.0661171674728393,standing
1783088582784883500,3.252883544921875,0.2591367469418794,-0.2566851890712976,-0.0038216041147708,-0.0563279688358306,-0.0059839868918061,-0.0635536909103393,standing
1783088582794927600,3.262927734375,0.2644882640376687,-0.1868351155146956,-0.0313286197215318,-0.0538171418011188,-0.0136730652302503,-0.0491582453250885,standing
1783088582804972500,3.27297265625,0.1899919721104204,-0.1577851082496345,-0.0083919807702302,-0.02766028419137,-0.0275400541722774,-0.0234932787716388,standing
1783088582815016400,3.283016357421875,0.0809945679053664,-0.1529034736879169,-0.0527542695879936,0.0026693912222981,-0.0340285822749137,0.0045066634193062,standing
1783088582825060600,3.293060546875,-0.0298217222899198,-0.1829666765835136,-0.0703816962152719,0.0181196853518486,-0.0273705944418907,0.0220350287854671,standing
1783088582835104800,3.303104736328125,-0.0598350216291844,-0.2395465688742697,0.0137754273742437,0.0135760651901364,-0.0161743983626365,0.0257895551621913,standing
1783088582845149400,3.3131494140625,-0.0732237877734005,-0.2561483057156205,0.0796919608741998,0.0028755273669958,-0.0114558972418308,0.0220395997166633,standing
1783088582855193600,3.323193603515625,-0.0619827011823654,-0.2946365148682147,0.1287824472576379,0.0043336078524589,-0.0143459606915712,0.0181047786027193,standing
1783088582865237500,3.333237548828125,-0.0374298592060804,-0.3331285234130919,0.1403928055524826,0.0221775770187377,-0.0161188207566738,0.0131084071472287,standing
1783088582875282400,3.343282470703125,0.0533624646142125,-0.3548941458236426,0.1376888072907924,0.0391315259039402,-0.0165388025343418,0.0018669383134692,standing
1783088582885326600,3.35332666015625,0.1205281213924288,-0.3213476308569312,0.1358428871631622,0.0333296097815036,-0.0101686101406812,-0.0103271016851067,standing
1783088582895370200,3.363370361328125,0.1549722427859902,-0.3016202362757176,0.1126841298937797,0.0083161341026425,0.0025245482102036,-0.0192260555922985,standing
1783088582905414400,3.373414306640625,0.1458621768742799,-0.2986401244863867,0.1270458327233791,-0.013043007813394,-0.0005041728727519,-0.0216418839991092,standing
1783088582915459300,3.383459228515625,0.1422428173333406,-0.3086673783082514,0.1100192945986986,-0.0115268696099519,-0.0193486995995044,-0.023685859516263,standing
1783088582925503200,3.393503173828125,0.1190592178836464,-0.2832234327111393,0.0339104529082775,0.0112996455281972,-0.0426870584487915,-0.0179733168333768,standing
1783088582935547400,3.40354736328125,0.1282933485664427,-0.2721750191479921,-0.0347866512209177,0.0233951918780803,-0.0599864199757576,-0.0179466865956783,standing
1783088582945592300,3.41359228515625,0.1117106086865067,-0.2404420564092695,-0.0755295804977417,0.0134953279048204,-0.0490635521709919,-0.0159864295274019,standing
1783088582955636200,3.42363623046875,0.0732594436086714,-0.1955136581413447,-0.0022100772649049,-0.0114835239946842,-0.0254564937204122,-0.0204000864177942,standing
1783088582965680400,3.433680419921875,0.0109442956015467,-0.1613214656822383,0.0514683214306831,-0.0263678804039955,0.0045883981510996,-0.0214237496256828,standing
1783088582975724500,3.443724609375,-0.0380761942856013,-0.1436104524247348,0.0917184987545013,-0.0175706595182418,0.0328490659594535,-0.0138723580166697,standing
1783088582985769200,3.453769287109375,-0.0401272815965116,-0.1620660004392266,0.1265431438982486,0.0058862972073256,0.0407265052199363,-0.0112769994884729,standing
1783088582995813400,3.4638134765625,0.0070141165457665,-0.1753251488544046,0.1214396832793951,0.0231318622827529,0.0441369488835334,-0.0103978887200355,standing
1783088583005857300,3.473857177734375,0.0547451511442661,-0.2094793473906815,0.1029962640941143,0.0215994790196418,0.0488254427909851,-0.00864446349442,standing
1783088583015901400,3.4839013671875,0.0430405386947095,-0.2511775315657258,0.0898673179298639,0.0125785544514656,0.0445673130452632,-0.0089555215090513,standing
1783088583025946400,3.4939462890625,0.075286419391632,-0.2971414834264665,0.053178632479906,-0.0013204475399106,0.0354293957352638,-0.0152006028220057,standing
1783088583035990300,3.503990234375,0.1044090535014867,-0.3312259777273982,-0.0263069921672344,-0.0150024378672242,0.0234608855098485,-0.0279395692050457,standing
1783088583046034400,3.514034423828125,0.0588918955601751,-0.2651807032812386,-0.076959321039915,-0.0200950428843498,0.019104678183794,-0.0221124310046434,standing
1783088583056079400,3.524079345703125,0.0056312838852405,-0.2515297060042619,-0.0453898782998323,-0.0219778977334499,0.0156260579824447,-0.0158705133944749,standing
1783088583066123300,3.534123291015625,-0.0250333189696073,-0.2879771300442517,-0.0008189151674509,-0.0175702571868896,0.0133054535835981,-0.0094148851931095,standing
1783088583076167400,3.54416748046875,-0.026423312023282,-0.2782903602231293,0.0255056126564741,-0.0137914987280964,0.0124758780002594,-0.0001966198906302,standing
1783088583086211300,3.55421142578125,0.0084339202158153,-0.2499943861957639,0.0448480265080928,-0.0046868124045431,0.010595416650176,0.0120394127443432,standing
1783088583096256300,3.56425634765625,0.023888825109601,-0.1670689963582903,0.0569312630116939,0.0088415127247571,0.0025183155667036,0.0259325914084911,standing
1783088583106300400,3.574300537109375,0.0980437562532722,-0.1405541335940361,0.0654220279812812,0.0165140740573406,-0.0073998216539621,0.0356840118765831,standing
1783088583116344600,3.584344482421875,0.1406584707513451,-0.1459660025749355,0.0664887804299592,0.0160256475210189,-0.0171397998929023,0.0399189703166484,standing
1783088583126389200,3.59438916015625,0.1147045298054814,-0.1741480678990483,0.0408288539946079,0.0120570063591003,-0.0212929993867874,0.0375823117792606,standing
1783088583136433400,3.604433349609375,0.1137254556402563,-0.2220408689305186,0.0312310045659542,0.0035567283630371,-0.0193925686180591,0.0250715799629688,standing
1783088583146477300,3.614477294921875,0.0806311414204537,-0.2469037267040461,0.0200999542206525,-0.0038876917678862,-0.0132111962884664,0.0095279552042484,standing
1783088583156521200,3.624521240234375,0.0387833196416497,-0.2830797864567488,0.0380061977893114,-0.0119043383747339,-0.0076382653787732,-0.0057029291056096,standing
1783088583166566400,3.63456640625,-0.0048714054286479,-0.2931022179730236,0.053579614496231,-0.0217455681413412,-0.012474738061428,-0.0246154218912124,standing
1783088583176610300,3.6446103515625,-0.0263192671269178,-0.2849379084788263,0.0338128377526998,-0.0312293525785207,-0.0177469979971647,-0.034520249813795,standing
1783088583186654200,3.654654296875,-0.0602542699545621,-0.2624082428932189,0.0167366152673959,-0.0386686436831951,-0.0196018796414136,-0.044478639960289,standing
1783088583196699400,3.664699462890625,-0.031803836017847,-0.215857504120469,0.0485790297299623,-0.0288455709815025,-0.0218842104077339,-0.0500252023339271,standing
1783088583206743300,3.674743408203125,0.0059627077966928,-0.2063272400353104,0.0859241332620382,-0.0100648589432239,-0.0264461226761341,-0.045623417943716,standing
1783088583216787500,3.684787353515625,0.0595626344285905,-0.218826217732951,0.0869242502152919,0.0010631601326167,-0.0239826999604702,-0.0427413471043109,standing
1783088583226831400,3.694831298828125,0.1155345508888363,-0.2174177391745149,0.1015951651245355,-0.0051242988556623,-0.0220002382993698,-0.0425705127418041,standing
1783088583236876300,3.704876220703125,0.1289532737798988,-0.2357913079939782,0.0903004486501216,-0.0155186168849468,-0.01792080886662,-0.0423571914434433,standing
1783088583246920400,3.71492041015625,0.0586237461432814,-0.2678253725711256,0.0719394470512866,-0.0251237172633409,-0.0116794202476739,-0.0500632040202617,standing
1783088583256964400,3.72496435546875,0.0022993629835546,-0.3297787015285343,0.0717991617977619,-0.0345795340836048,-0.0042907460592687,-0.0641590505838394,standing
1783088583267009300,3.73500927734375,-0.019508856459707,-0.4062869178000837,0.0729027391254901,-0.0382905788719654,0.0026085968129336,-0.0787597373127937,standing
1783088583277053400,3.745053466796875,0.0073757894650101,-0.4882392248217016,0.1011141036093234,-0.040952943265438,0.0065998760983347,-0.1038983762264251,standing
1783088583287097300,3.755097412109375,0.0489418716929852,-0.4784418342329561,0.105835286912322,-0.046135239303112,0.0097819156944751,-0.1227592006325721,standing
1783088583297141200,3.765141357421875,0.0017848375901579,-0.4386672385316342,0.0707020142108201,-0.0497837699949741,0.0067866584286093,-0.1370824873447418,standing
1783088583307186400,3.7751865234375,0.0250083306588232,-0.3664676061742007,0.0168634565174579,-0.049349196255207,-0.0111645450815558,-0.1438861340284347,standing
1783088583317230300,3.785230224609375,0.0185648536078631,-0.2895228981815278,-0.0346948812842369,-0.0428913012146949,-0.0399186946451664,-0.1475218832492828,standing
1783088583327274200,3.795274169921875,0.0062714814849197,-0.226487546141073,-0.1205325053066015,-0.029534351080656,-0.0728603973984718,-0.144871100783348,standing
1783088583337319400,3.8053193359375,0.021738369077444,-0.1452152572728693,-0.1598345881253481,-0.0066303671337664,-0.0942887291312217,-0.1415368318557739,standing
1783088583347363300,3.81536328125,0.0229644037410616,-0.0566943855158984,-0.0924234321534633,0.0134159391745924,-0.1055858731269836,-0.1289731860160827,standing
1783088583357407200,3.8254072265625,-0.0178663499496877,0.0042189328692853,-0.0216664728850126,0.0309366099536418,-0.0943622514605522,-0.1142496317625045,standing
1783088583367451400,3.835451416015625,-0.0154832542054355,0.001656973426789,0.0801402891635894,0.0344981178641319,-0.0641576275229454,-0.0976554304361343,standing
1783088583377496300,3.845496337890625,-0.0296736921213567,0.0054858109999448,0.1739478691518306,0.0257040932774543,-0.0337909385561943,-0.0815789923071861,standing
1783088583387540200,3.855540283203125,0.0500420880198478,-0.0069397361353039,0.2325169624984264,0.0152557864785194,-0.0120498035103082,-0.0735127180814743,standing
1783088583397584400,3.86558447265625,0.1736795736044645,-0.0220966809958219,0.2108048969060182,0.0132150072604417,0.0068999184295535,-0.066530704498291,standing
1783088583407628300,3.875628173828125,0.1926743430621922,-0.040140944795683,0.1791489449262619,0.0136921163648366,0.0258219391107559,-0.0604359246790409,standing
1783088583417673500,3.885673583984375,0.1718583495266735,-0.0414699283771216,0.1089981348574161,0.0134372524917125,0.0450981669127941,-0.0568012446165084,standing
1783088583427717400,3.89571728515625,0.1382411804765462,-0.0674276687152683,-0.0005611410140991,0.0122817689552903,0.0652693286538124,-0.056904524564743,standing
1783088583437761300,3.90576123046875,0.0884673880040645,-0.1059839016027748,-0.0699555797576904,-0.0015624071238562,0.0880132541060447,-0.0614366941154003,standing
1783088583447806500,3.915806396484375,0.0647485126338899,-0.1190459930758923,-0.0643605362296104,-0.0226790569722652,0.101402923464775,-0.0670460239052772,standing
1783088583457850400,3.925850341796875,0.0353403395809233,-0.1441010124206543,-0.0040910687059164,-0.0373221822082996,0.1025230437517166,-0.0761883854866027,standing
1783088583467894300,3.935894287109375,-0.0412502942770719,-0.1359813457857817,0.0377151058882474,-0.042484626173973,0.0887782871723175,-0.0824664309620857,standing
1783088583477938400,3.9459384765625,-0.0982277345180511,-0.1643492890708148,0.0263239433020353,-0.0388723164796829,0.070570521056652,-0.0867067128419876,standing
1783088583487983000,3.955983154296875,-0.1081966092161834,-0.245941968999803,-0.0100818335533142,-0.0308465454727411,0.0492281094193458,-0.0937712043523788,standing
1783088583498027300,3.96602734375,-0.0842138222128152,-0.2376437309276312,0.005214519777894,-0.0174037087708711,0.0204398687928915,-0.0941874608397483,standing
1783088583508071400,3.976071533203125,-0.0442009607762098,-0.2149876624833792,0.0306266089320182,0.0026247869245707,-0.011530197225511,-0.0923318564891815,standing
1783088583518451500,3.986451416015625,0.0224823193125426,-0.2177545699134468,0.0241670575290918,0.0290233697742223,-0.0391767397522926,-0.0927489101886749,standing
1783088583528786400,3.996786376953125,0.0976999112516641,-0.2733175402466207,0.0009942717343568,0.0390754714608192,-0.0621097534894943,-0.10350301861763,standing
1783088583538831400,4.006831298828125,0.1179893966950476,-0.2499311847664415,0.0139367554157972,0.0291434004902839,-0.0733824744820594,-0.110268585383892,standing
1783088583548875300,4.016875244140625,0.1321985393114388,-0.189581491613388,0.0292342777907848,0.0256033893674612,-0.0525813214480876,-0.0969382673501968,standing
1783088583558919400,4.02691943359375,0.1381584706291556,-0.1007758846309035,0.1311281336009502,0.0269621349871158,-0.0186473224312067,-0.0832522809505462,standing
1783088583568963300,4.03696337890625,0.1701842788346111,-0.0753637224115431,0.2494341950297355,0.0062426840886473,0.0014790808781981,-0.0691892653703689,standing
1783088583579008300,4.04700830078125,0.1757894053652882,-0.118782154507935,0.2103103913873434,-0.0255211051553487,0.0003475039266049,-0.043396022170782,standing
1783088583589052400,4.057052490234375,0.1264013973399996,-0.1415698865078389,0.0933767873555421,-0.0389808490872383,-0.0213695093989372,-0.0157980751246213,standing
1783088583599096300,4.067096435546875,0.0920244959637522,-0.1271263506136834,-0.0088262805342674,-0.0237475670874118,-0.0380664654076099,0.007035335060209,standing
1783088583609141200,4.077141357421875,0.0333631942890584,-0.0903410729214549,-0.0262643220692872,-0.0013676008675247,-0.0433042831718921,0.0280333943665027,standing
1783088583619185400,4.087185302734375,0.0183050336278975,-0.0573424010958522,0.0345873292565345,0.0045502092689275,-0.0399367175996303,0.0526492595672607,standing
1783088583629229300,4.097229248046875,0.064429363682121,-0.0511730648111551,0.090339027094841,-0.0017145363381132,-0.0390635803341865,0.0749594494700431,standing
1783088583639273500,4.1072734375,0.0717684743985533,-0.0702568277265876,0.0740828888207674,-0.0082217045128345,-0.035075232386589,0.0931352600455284,standing
1783088583649318400,4.117318359375,0.0761728468373417,-0.0620535744614899,0.0735761083424091,-0.0096074137836694,-0.0255897399038076,0.1139065027236938,standing
1783088583659362300,4.1273623046875,0.0877554403424263,-0.0702826928202062,0.0524105707168579,-0.0141329234465956,-0.0078773237764835,0.1304524540901184,standing
1783088583669406500,4.137406494140625,0.145993548168987,-0.0363406026646494,0.083610011100769,-0.0220114029943943,0.0032398693729192,0.1405878663063049,standing
1783088583679450400,4.147450439453125,0.2712982363134622,-0.037492110787332,0.1202507657557725,-0.0200750175863504,0.0056665418669581,0.1460055261850357,standing
1783088583689495300,4.157495361328125,0.3395511038064956,-0.0804150875169783,0.1006388873130083,-0.0115793980658054,-0.0024499767459928,0.1396167427301406,standing
1783088583699539500,4.16753955078125,0.2741200157359242,-0.1069823380555957,0.0650771600663661,0.002681563142687,-0.0041509377770125,0.1238532289862632,standing
1783088583709583400,4.177583251953125,0.1307578389838337,-0.1354271459691226,0.060856912022829,0.0131150279194116,0.0104908552020788,0.1096753627061843,standing
1783088583719628300,4.187628173828125,-0.001959171243757,-0.1327064157683402,0.0954436567574739,0.0136383399367332,0.0409856475889682,0.0933528468012809,standing
1783088583729672400,4.19767236328125,-0.1343571786500513,-0.1137709022171795,0.1151841300159692,-0.0001162954140454,0.081625647842884,0.0775984451174736,standing
1783088583739716400,4.20771630859375,-0.2591958567179739,-0.121212669590488,0.0841705675929784,-0.022208547219634,0.1146906614303588,0.0643313825130462,standing
1783088583749760500,4.217760498046875,-0.2683385097250342,-0.1261112552870064,0.0169745156764984,-0.0390860512852668,0.1418037116527557,0.0517021231353282,standing
1783088583759805400,4.227805419921875,-0.2316695518888533,-0.1604358419541269,0.0221153856962919,-0.0499810427427291,0.1496230065822601,0.0355127677321434,standing
1783088583769849300,4.237849365234375,-0.1492779766671359,-0.2310855414558202,0.035334348231554,-0.0630186274647712,0.1463805139064788,0.016737412661314,standing
1783088583779893500,4.2478935546875,0.0302013692572712,-0.2564576639257371,0.0441302336275577,-0.0680426806211471,0.1331920027732849,0.0089186392724514,standing
1783088583789938400,4.2579384765625,0.2136662776865065,-0.2698649155747145,0.0764718297839164,-0.060700848698616,0.1065893992781639,0.003275450784713,standing
1783088583799982300,4.267982421875,0.342271834007278,-0.2626942932929843,0.0330097046762704,-0.0397297888994216,0.0761257633566856,-0.001180816674605,standing
1783088583810026500,4.278026611328125,0.4727027791243046,-0.2562709091819822,-0.0458539886802434,-0.0244378242641687,0.0530822686851024,-0.013236622326076,standing
1783088583820070100,4.288070068359375,0.3971781670626252,-0.1991198659397661,-0.094233111923933,-0.024147804826498,0.031005460768938,-0.0253172516822814,standing
1783088583830115300,4.298115234375,0.1422213361538946,-0.1119257127419114,-0.0858820476859807,-0.0310447439551353,0.0182947982102632,-0.0357199497520923,standing
1783088583840159500,4.308159423828125,-0.0830862794876098,-0.0848539467472583,-0.0481751251041889,-0.0497758202254772,0.0051568918861448,-0.0499566756188869,standing
1783088583850203400,4.318203369140625,-0.1970575265824794,-0.1260487845100462,-0.0110591541528701,-0.0662138313055038,-0.0145307015627622,-0.0598475746810436,standing
1783088583860248300,4.328248291015625,-0.2069588159371167,-0.2033463245283812,-0.0218774852871894,-0.0666809529066085,-0.036158762872219,-0.071130059659481,standing
1783088583870292500,4.33829248046875,-0.1274443305216729,-0.2740414706069976,-0.0461824899822473,-0.0519677959382534,-0.0557452403008937,-0.0824003145098686,standing
1783088583880336400,4.34833642578125,-0.0248200415451079,-0.2892745494436472,-0.0147030636131763,-0.0401532165706157,-0.0669771209359169,-0.0878805667161941,standing
1783088583890380300,4.35838037109375,0.0450689757823944,-0.3379219682347029,0.0417839627623558,-0.0449362508952617,-0.0604465194046497,-0.0972775295376777,standing
1783088583900425700,4.36842578125,0.1181654839143157,-0.3035343993339687,0.1018698904126882,-0.0572091378271579,-0.049867995083332,-0.1093802526593208,standing
1783088583910470000,4.378469970703125,0.1304402974672615,-0.2272250666353851,0.1548994698107242,-0.0686934292316436,-0.04179098457098,-0.1079759001731872,standing
1783088583920513800,4.388513671875,0.1191574175611138,-0.2516671417135745,0.1572556775480508,-0.064462199807167,-0.0541491173207759,-0.0979152768850326,standing
1783088583930557700,4.3985576171875,0.1251312312737107,-0.3384851550754159,0.0714572164922952,-0.0447467416524887,-0.0647989436984062,-0.0871019437909126,standing
1783088583940603000,4.408602783203125,0.1134266188241541,-0.4293644265267998,0.0145586867064237,-0.0169617179781198,-0.0729878917336463,-0.0741693675518035,standing
1783088583950646500,4.418646484375,0.151097154918313,-0.4644911964222789,-0.0197118316859006,0.0019918829202651,-0.0783904567360878,-0.0560038164258003,standing
1783088583960690700,4.428690673828125,0.1263843000747263,-0.4492125248782336,-0.0640215135335922,0.0098929489031434,-0.0738098174333572,-0.034597598016262,standing
1783088583970735900,4.43873583984375,0.1015172775827348,-0.4097323090136051,-0.0582961216241121,0.0102002499625086,-0.0543588101863861,-0.013414560817182,standing
1783088583980779500,4.448779541015625,0.078479370214045,-0.3716412094198167,0.0070686232119798,0.0040675229392945,-0.0305392276495695,0.0024674674496054,standing
1783088583990823700,4.45882373046875,0.0432234940461814,-0.2786195921774953,0.0534299768924713,0.0006592879071831,-0.0011950926855206,0.0151002425700426,standing
1783088584000867800,4.468867919921875,0.0232135561965405,-0.2313520834375172,0.092060444059968,0.0008073598146438,0.0273942090570926,0.0173069387674331,standing
1783088584010912800,4.478912841796875,0.0050188510753214,-0.1503238324582576,0.1114542958378791,0.0072898538783192,0.0484710820019245,0.024093834683299,standing
1783088584020956700,4.488956787109375,0.0089972531870007,-0.1366970197744667,0.1277618720382451,0.0169533994048833,0.068037062883377,0.0376354753971099,standing
1783088584031000800,4.499000732421875,0.0543891773134469,-0.2091883285548537,0.1098012679338455,0.0252814143896102,0.0778693631291389,0.044390358030796,standing
1783088584041045800,4.509045654296875,0.1109206273525953,-0.2647165929008275,0.0728138917982578,0.0209630988538265,0.0845304653048515,0.046681210398674,standing
1783088584051089700,4.519089599609375,0.1224379005365073,-0.258385928574577,0.0249228443324565,0.0039335656911134,0.0809944868087768,0.039965309202671,standing
1783088584061133800,4.5291337890625,0.1355982647523284,-0.2664404940839857,-0.0149520699381828,-0.003443124005571,0.0751198232173919,0.0280204992741346,standing
1783088584071177700,4.539177734375,0.0859364082217216,-0.2379073502998799,-0.0377723890334367,-0.000627544010058,0.0595854260027408,0.013076520524919,standing
1783088584081222700,4.54922265625,0.043285745627433,-0.2099007146079093,-0.0386146850764751,0.0041038277558982,0.0411686040461063,-0.0065837334841489,standing
1783088584091266800,4.559266845703125,-0.0305967983156442,-0.1959418204255402,-0.0305091200321912,0.0047097476199269,0.0266851745545864,-0.0183569826185703,standing
1783088584101310700,4.569310791015625,-0.0981279274053871,-0.2275758528344333,-0.0103092125684022,0.0039691226556897,0.0134732322767376,-0.0257850717753171,standing
1783088584111356000,4.57935595703125,-0.1368925423465669,-0.2378837502285838,0.0551022940188646,0.0069033717736601,0.0026549550238996,-0.0314166322350502,standing
1783088584121399600,4.589399658203125,-0.0520133880928158,-0.2169995137624442,0.094195702522993,0.0042695049196481,-0.0104123763740062,-0.0284970104694366,standing
1783088584131443700,4.599443603515625,0.064797758603096,-0.2431024347249418,0.0692360333114862,0.0035912205930799,-0.0161179490387439,-0.0261837467551231,standing
1783088584141487900,4.60948779296875,0.1469824130758643,-0.2607433784209191,0.0173205526351928,0.0059614330530166,-0.0131405349820852,-0.0258905328810215,standing
1783088584151532500,4.619532470703125,0.1721386277727782,-0.1918243021041154,-0.0009714753806591,0.0077228643931448,-0.0059867701493203,-0.0215439647436141,standing
1783088584161576700,4.62957666015625,0.1732901358954608,-0.2078649709966033,-0.0119914665669202,0.0051766163669526,-0.0001035807654261,-0.0142274629324674,standing
1783088584171620900,4.639620849609375,0.2000613845735788,-0.2056708950184285,0.0202303026020526,-0.0001310014631599,0.0024798007216304,-0.0105117699131369,standing
1783088584181665500,4.64966552734375,0.1938189830526709,-0.17455277624242,0.0419394455850124,0.0003648791462182,-0.0008081379346549,-0.0070488611236214,standing
1783088584191709700,4.659709716796875,0.16590163307935,-0.1691657494418323,0.0741015935212373,0.0053381952457129,-0.00408222572878,-0.0047099469229578,standing
1783088584201753900,4.66975390625,0.0843318956345319,-0.1664181312341243,0.072440382310748,0.0048393853940069,-0.0111161656677722,-0.0037823680322617,standing
1783088584211797800,4.6797978515625,-0.0041369536742568,-0.1987899763982742,0.0395107571333646,0.0034392678644508,-0.0234291106462478,-0.0063169971108436,standing
1783088584221842700,4.6898427734375,-0.0805842335388064,-0.2237638933308422,0.0401736049562692,-0.0058711431920528,-0.0373004525899887,-0.0068624131381511,standing
1783088584231886800,4.699886962890625,-0.0961094271898269,-0.2647449422124773,0.0043774844318628,-0.0098153203725814,-0.0482510216534137,-0.0059162192046642,standing
1783088584241930800,4.7099306640625,-0.0240789408542215,-0.2535046593390405,0.0107137017160654,-1.59528572112e-05,-0.0537256821990013,-0.0027161648031324,standing
1783088584251975700,4.7199755859375,0.0554464312814176,-0.2334076277278363,0.0571089576661586,0.0140197994187474,-0.051443263888359,0.0014877325156703,standing
1783088584262019800,4.730019775390625,0.125340343979746,-0.2149908042885362,0.0724333680480718,0.023535007610917,-0.0460370481014251,0.0062774280086159,standing
1783088584272063700,4.740063720703125,0.1655379143334925,-0.153518317650631,0.0723269850641489,0.0275059379637241,-0.0436599925160408,0.0142244389280676,standing
1783088584282108000,4.75010791015625,0.1557701151654124,-0.1457887463118881,0.0627127690225839,0.0300841424614191,-0.0409622080624103,0.0214983318001031,standing
1783088584292152600,4.760152587890625,0.1480662627898156,-0.1413749484576285,0.0414051925778388,0.0274829994887113,-0.0443509928882122,0.0213446412235498,standing
1783088584302196700,4.77019677734375,0.0629899785287678,-0.1148356088392436,0.0158493110388517,0.024382546544075,-0.0450697802007198,0.022624822333455,standing
1783088584312241000,4.780240966796875,-0.0039811785906553,-0.1668424941260367,0.0138245272129774,0.0147452875971794,-0.0480286516249179,0.0188220236450433,standing
1783088584322285600,4.79028564453125,-0.0610828297331929,-0.1490630187422037,0.0243617033183574,0.0008507766760885,-0.0488489046692848,0.0116083193570375,standing
1783088584332329700,4.800329833984375,-0.0806925162188708,-0.1449623054251074,0.0292372004002332,-0.0086962878704071,-0.0452495664358139,0.0091540589928627,standing
1783088584342374000,4.810373779296875,-0.0139621821179985,-0.1730233016528189,0.0749292765170335,-0.0089314449578523,-0.0458101592957973,0.0026908335275948,standing
1783088584352417800,4.820417724609375,0.0546985355235636,-0.1890137016627937,0.0721481213659048,-0.0078148040920495,-0.0452311672270298,-0.0065924525260925,standing
1783088584362462700,4.830462646484375,0.1524145211271941,-0.1989993813652545,0.0649333676815032,-0.0071743139997124,-0.0399559773504734,-0.0127041405066847,standing
1783088584372507000,4.8405068359375,0.1909337830051779,-0.1985730457119643,0.01775485239923,-0.0025212669279426,-0.0254033263772726,-0.0162352416664361,standing
1783088584382550800,4.85055078125,0.1865774874918162,-0.1905428109262138,-0.0016483517289161,-0.0003023210447281,-0.0091244876384735,-0.0179657638072967,standing
1783088584392594700,4.8605947265625,0.1655380604639649,-0.1876097531490027,0.0268371535211801,0.0078085949644446,0.0079868612810969,-0.017297588288784,standing
1783088584402640000,4.870639892578125,0.1439769476495683,-0.202513453900814,0.0549830515533685,0.0122869666665792,0.0202717576175928,-0.0196089446544647,standing
1783088584412683800,4.880683837890625,0.0799633251614868,-0.1692468518540263,0.0709732323676347,0.0062797241844236,0.027837436646223,-0.0266936980187892,standing
1783088584422728000,4.89072802734375,0.017005933728069,-0.1536758462999016,0.0756131671279668,-0.0034258996602147,0.0370879247784614,-0.0323329418897628,standing
1783088584432772900,4.90077294921875,0.0079147186473011,-0.1789024958845227,0.0547971735924482,-0.0157317128032445,0.0436291918158531,-0.0388008467853069,standing
1783088584442816800,4.910816650390625,-0.0543161120772361,-0.200317916617915,0.0779950938284397,-0.0177775528281927,0.054966002702713,-0.0430797487497329,standing
1783088584452861000,4.92086083984375,-0.0484970505349338,-0.2385455020729452,0.0834603734970092,-0.0139873344451189,0.0546179190278053,-0.0472545064985752,standing
1783088584462904600,4.930904541015625,-0.0040345162130892,-0.2381307837922125,0.0508364532679319,-0.0070023955777287,0.0557660087943077,-0.0508684180676937,standing
1783088584472949800,4.94094970703125,0.0557676260598003,-0.2356849980752915,0.0292640884071588,-0.0005792188458144,0.064347967505455,-0.053401194512844,standing
1783088584482994000,4.950993896484375,0.1191354979902505,-0.2569840989526361,0.053773675763607,-0.0064118076115846,0.074101522564888,-0.0618165172636508,standing
1783088584493037800,4.961037841796875,0.150434160964936,-0.2184288889784365,0.065836454001069,-0.016568599268794,0.0788308456540107,-0.0640392079949379,standing
1783088584503082800,4.971082763671875,0.1301750706598162,-0.187005430580303,0.0273953719258308,-0.023463524878025,0.0788513496518135,-0.0666855871677398,standing
1783088584513127000,4.981126953125,0.1028739528886973,-0.2192438586231321,-0.0107604634672403,-0.0116899199783802,0.0719805881381034,-0.0596300475299358,standing
1783088584523170800,4.9911708984375,0.0346449046626687,-0.2449678632706403,-0.0361556014865636,0.0046626883558928,0.0623356774449348,-0.0517162010073661,standing
1783088584533214700,5.001214599609375,0.0138686586156487,-0.257187147244066,-0.0209703073143959,0.0083758980035781,0.0573319494724273,-0.0448034591972827,standing
1783088584543260000,5.011260009765625,0.0048627837307751,-0.2289662842795252,0.0522083261430263,0.0013073366135358,0.0542333573102951,-0.0338538736104965,standing
1783088584553303800,5.0213037109375,-0.0002303016245365,-0.1609039709225297,0.1122404777795076,-0.0026287995278835,0.0484039485454559,-0.0210677478462457,standing
1783088584563347700,5.03134765625,-0.0083858432903885,-0.1171697508752346,0.1304454120337963,-0.0001832188572734,0.0407963618636131,-0.0068912096321582,standing
1783088584573393000,5.041392822265625,-0.0246497264795005,-0.1117073207508772,0.1192506488025188,-0.0016826295759528,0.0145896216854453,0.0037422073073685,standing
1783088584583436800,5.051436767578125,0.0848649065326899,-0.1717044010739773,0.0343938525110483,-0.004703985992819,-0.0058621233329176,0.0125391613692045,standing
1783088584593480700,5.061480712890625,0.141864850866422,-0.1958033618029206,-0.016199439650774,-0.0009905251208692,-0.0119891632348299,0.0185354799032211,standing
1783088584603524600,5.071524658203125,0.1419048175506293,-0.1686276239771396,0.0276677591264247,0.0056042606011033,-0.0125763900578022,0.0233475472778081,standing
1783088584613569800,5.08156982421875,0.1377460904359817,-0.1940240041054785,0.0430401003032922,0.010052072815597,-0.0090094693005085,0.0248379241675138,standing
1783088584623614000,5.091614013671875,0.098918054869771,-0.1968626615975052,0.0698860216528177,0.0109381070360541,-0.0018647406250238,0.0259388741105794,standing
1783088584633657600,5.10165771484375,0.0137704589381814,-0.1991389359664171,0.0536450809478759,0.0043449378572404,-0.0016482835635542,0.0261263735592365,standing
1783088584643702800,5.111702880859375,0.0026879239097237,-0.2271750900138169,0.0311924261212348,0.0051300381310284,-0.0070579629391431,0.024221945554018,standing
1783088584653747000,5.121746826171875,-0.0173784203022718,-0.2080239609505981,-0.0060690907806158,0.010285910218954,-0.0065769897773861,0.0149794332683086,standing
1783088584663790600,5.13179052734375,-0.0324810046270489,-0.1933569915641099,0.0188578452050685,0.0101029509678483,0.001432201359421,0.0021629706025123,standing
1783088584673834800,5.141834716796875,0.0231640179663896,-0.173968108222261,0.0537520484536886,0.0019787042401731,0.0162289962172508,-0.013095092959702,standing
1783088584683880000,5.1518798828125,0.0628059271987527,-0.1374194888301193,0.0946913770854473,-0.0138687025755643,0.0331555157899856,-0.0226438548415899,standing
1783088584693923600,5.161923583984375,0.0503118448719382,-0.1374771373014897,0.0964285761415958,-0.0241907984018325,0.0406471602618694,-0.0280390977859497,standing
1783088584703967700,5.1719677734375,0.058465925233066,-0.1681652671623975,0.0553396099060773,-0.0215662531554698,0.0354896821081638,-0.0294215437024831,standing
1783088584714013000,5.182012939453125,0.0557167726553976,-0.1824693945858627,0.0134440034627914,-0.0069300010800361,0.0163161605596542,-0.0315648019313812,standing
1783088584724056800,5.192056884765625,0.031523119380325,-0.1694083990912884,-0.0379588515162467,0.0039687193930149,-0.0023246351629495,-0.0359869785606861,standing
1783088584734100700,5.202100830078125,0.0094914664447307,-0.1670268377169966,-0.0097357965946197,0.0004252113867551,-0.0126485619693994,-0.0347136259078979,standing
1783088584744144600,5.21214453125,0.0122851888164877,-0.1928244190573692,0.0197767136156559,-0.0070870332419872,-0.0231541991233825,-0.036726176738739,standing
1783088584754189800,5.22218994140625,-0.0045608051095157,-0.194711767173931,0.0090191727578639,-0.0110600814223289,-0.0299644246697425,-0.0400259867310524,standing
1783088584764233700,5.232233642578125,-0.0410464422680437,-0.2346694643571972,-0.0037087913900613,-0.0016577915521338,-0.0313511341810226,-0.0452420562505722,standing
1783088584774277600,5.242277587890625,-0.0316588745892047,-0.2471475453972816,0.040362405526638,0.0098903169855475,-0.037942387163639,-0.0412131026387214,standing
1783088584784321800,5.25232177734375,0.0067452364765107,-0.2343209431804716,0.1251303544908762,0.0153322201222181,-0.0466605126857757,-0.0290717501193285,standing
1783088584794366700,5.26236669921875,0.0758116123095154,-0.225455426614359,0.1092769517987966,0.0057427301071584,-0.0461330041289329,-0.036456424742937,standing
1783088584804410600,5.27241064453125,0.1350697108335793,-0.1810169307552278,0.0702589466184377,-0.0113824605941772,-0.0390066541731357,-0.0458701662719249,standing
1783088584814454800,5.282454833984375,0.1797422346442937,-0.1044582994706928,0.037331659528613,-0.0195881146937608,-0.0317182838916778,-0.0444255992770195,standing
1783088584824500000,5.2925,0.1571437416061759,-0.1146392094843089,0.018431728747487,-0.0199367217719554,-0.0376177206635475,-0.0422114469110965,standing
1783088584834543600,5.302543701171875,0.0624582097396254,-0.2077521582718938,-0.0140811323225498,-0.010292774066329,-0.0351688712835311,-0.045578621327877,standing
1783088584844587800,5.312587890625,-0.0638273061357438,-0.3001123889960348,-0.0635831221163272,0.0098577672615647,-0.0311935674399137,-0.0595618151128292,standing
1783088584854631700,5.322631591796875,-0.042052988962084,-0.3817652746796607,-0.024759762725234,0.0294924713671207,-0.0460212640464305,-0.0659009143710136,standing
1783088584864676600,5.332676513671875,0.0600450111180543,-0.2263002799406647,0.0787017807930707,0.0287124328315258,-0.0688488185405731,-0.0528474301099777,standing
1783088584874720800,5.342720703125,0.0922527517616748,-0.1724849569924175,0.1462380244493484,0.0127122979611158,-0.0756846293807029,-0.0495894476771354,standing
1783088584884764700,5.3527646484375,0.0890590702868998,-0.2273304997712373,0.1076736082553863,0.0013043801300227,-0.0683678537607193,-0.0491742640733718,standing
1783088584894809600,5.3628095703125,0.0823747702173888,-0.2475299688436091,0.0403109676003456,0.0003995159640908,-0.050400473177433,-0.0442084558308124,standing
1783088584904854000,5.37285400390625,0.0225882639050483,-0.3192887255657464,-0.0065507368177175,0.0042893290519714,-0.025390725582838,-0.05012147128582,standing
1783088584914898000,5.38289794921875,0.010176379968971,-0.3065088120348751,-0.0005120411753654,0.0107835102826356,-0.0066574104130268,-0.0390871539711952,standing
1783088584924942000,5.392942138671875,0.1449813023865223,-0.1742909104358404,0.091603347942233,0.0123875327408313,-0.0011084475554525,-0.0248480290174484,standing
1783088584934987000,5.402987060546875,0.2229755194321274,-0.0924750162102282,0.1240571723014116,0.0046135922893881,0.0068733980879187,-0.0214249696582555,standing
1783088584945031000,5.413031005859375,0.1544625396981835,-0.1198418926939368,0.0883195039659738,-0.0030624365899711,0.0199303440749645,-0.0229355152696371,standing
1783088584955075000,5.423074951171875,0.0549747221164405,-0.2405007277939468,0.0573398438125848,-0.0065936082974076,0.0325150191783905,-0.0179198011755943,standing
1783088584965120000,5.4331201171875,0.0279484757639467,-0.2315499440971762,0.0863350521504879,-0.0019599741790443,0.0390991531312465,-0.0044095846824347,standing
1783088584975164000,5.443163818359375,0.0985616426475346,-0.2486326693885028,0.0839858586758375,0.0071192039176821,0.0326352939009666,-0.003864494850859,standing
1783088584985208000,5.4532080078125,0.1232496553108096,-0.2452740796755999,0.0533709401816129,0.013744349591434,0.0295106060802936,-0.0105966990813612,standing
1783088584995252000,5.463251953125,0.1176632334806025,-0.2164871803261339,-0.0333007965773344,0.0130250649526715,0.0329361483454704,-0.0138348070904612,standing
1783088585005297000,5.473296875,0.1027512032918632,-0.2254415442194789,-0.0538625230908393,0.0015934463590383,0.037385493516922,-0.0118187945336103,standing
1783088585015341000,5.483341064453125,0.078344199527055,-0.1840701077807694,-0.0668792410522699,-0.008492924273014,0.0393115803599357,-0.0113614443689584,standing
1783088585025385000,5.493385009765625,0.0927757527224719,-0.199904805772379,-0.0794055451482534,-0.0114090852439403,0.0309854764491319,-0.0072173001244664,standing
1783088585035430000,5.503429931640625,0.1471262054607272,-0.1889155750505626,-0.0502215362399816,-0.0059192879125475,0.0076821045950055,-0.0018505398184061,standing
1783088585045474000,5.51347412109375,0.2216477779597044,-0.2266449286598712,-0.0240969149023294,0.0047003328800201,-0.0148695427924394,0.0010352614335715,standing
1783088585055518000,5.52351806640625,0.2002443399250507,-0.2100601429533213,0.0017278467059135,0.0109077077358961,-0.0341629832983017,0.003301682183519,standing
1783088585065562000,5.53356201171875,0.1579208634585142,-0.2324591678965836,0.0128244102597236,0.008028564043343,-0.0490505881607532,0.0081150792539119,standing
1783088585075607000,5.54360693359375,0.0842434866987168,-0.2384120849516242,-0.0067500587821006,0.0055226311087608,-0.0519139394164085,0.0210126135498285,standing
1783088585085651000,5.55365087890625,0.0679891019903123,-0.2452466802120208,0.0271183085501194,0.0135536594316363,-0.0500824861228466,0.0199654586613178,standing
1783088585095695000,5.563695068359375,0.1057109298802912,-0.2299297224842011,0.0557283169627189,0.0204218309372663,-0.0454107783734798,0.0104511994868516,standing
1783088585105740000,5.573739990234375,0.1198382394321262,-0.232946220761165,0.0682037676542997,0.0176100637763738,-0.0263856872916221,-0.0004504499956965,standing
1783088585115784000,5.583783935546875,0.1053054178193211,-0.247439148754999,0.1061930143088102,0.0073600048199296,-0.0008782888762652,-0.0119367493316531,standing
1783088585125828000,5.593828125,0.126891226683557,-0.2661938989117741,0.1327279700130224,0.0001774593256413,0.0242995023727417,-0.0165402889251709,standing
1783088585135872000,5.6038720703125,0.134743839880079,-0.2635776519987732,0.1026537342667579,0.005047969520092,0.038357276469469,-0.0188896153122186,standing
1783088585145917000,5.6139169921875,0.1589544442899525,-0.2517806120254099,0.0493845008939504,0.0121263852342963,0.0362536460161209,-0.0178403295576572,standing
1783088585155961000,5.623961181640625,0.1320455407068133,-0.2339260255787521,-0.0081032269567251,0.0174726229161024,0.0232276935130357,-0.0112834284082055,standing
1783088585166005000,5.6340048828125,0.1019201592952012,-0.2347878300398588,-0.0589759205818176,0.0232072081416845,0.0106487832963466,-0.004533645696938,standing
1783088585176050000,5.6440498046875,0.0711801531165838,-0.2336604334451258,-0.0857207196444272,0.0202008076012134,0.0054536671377718,4.6887435019e-06,standing
1783088585186094000,5.654093994140625,-0.0086759122781455,-0.2398912175934761,-0.0329091669112443,0.0136124137789011,0.0081391986459493,0.0071512814611196,standing
1783088585196138000,5.664137939453125,0.023523206667602,-0.2438232232801616,0.0244867910027503,0.0059328433126211,0.010122625157237,0.0126623567193746,standing
1783088585206182000,5.674181884765625,0.042453970978409,-0.2504663876216858,0.0427916785001754,-0.0002049433533102,0.016270799562335,0.0179399419575929,standing
1783088585216227000,5.68422705078125,0.0992991631418466,-0.2459989598840475,0.0810024589508771,-0.0029752927366644,0.0167914442718029,0.0173291526734828,standing
1783088585226271000,5.69427099609375,0.1806318769603967,-0.2178299001719802,0.1031979241460561,-0.0005992203950881,0.0163632072508335,0.0232003573328256,standing
1783088585236315100,5.704315185546875,0.2008122029408812,-0.1797727028477936,0.0938496655642986,0.0059361262246966,0.0121967867016792,0.0302371736615896,standing
1783088585246360000,5.714360107421875,0.1509209215685725,-0.1893793931700289,0.0188508309423923,0.0148198995739221,0.0091940723359584,0.0344558879733085,standing
1783088585256404000,5.724404052734375,0.0825474964357912,-0.1941724726654589,0.0168774850428104,0.0200296770781278,-0.0012350566685199,0.0420678406953811,standing
1783088585266448100,5.7344482421875,0.0551166148051619,-0.1809744067877531,0.02553191614151,0.0180996842682361,-0.0142970634624362,0.0453275516629219,standing
1783088585276492000,5.744491943359375,0.1204617781579494,-0.2229574723187833,-0.0256312848627567,0.0116463815793395,-0.0293366275727748,0.0501380786299705,standing
1783088585286537000,5.754536865234375,0.1369767134986817,-0.242440902076289,-0.0069593176186084,0.0074447123333811,-0.0372430197894573,0.0513229183852672,standing
1783088585296581000,5.7645810546875,0.0929135537579655,-0.2296229215573519,0.0200835876077413,0.0116821862757205,-0.0355864763259887,0.0433431565761566,standing
1783088585306624800,5.774624755859375,0.0788024646885693,-0.2214844771567732,0.0707774175345897,0.0083191469311714,-0.0339281260967254,0.0277114659547805,standing
1783088585316669000,5.7846689453125,0.01427183258906,-0.1397720433056354,0.0880792654693126,-0.0009454034734517,-0.0289028864353895,0.0126846143975853,standing
1783088585326714000,5.794714111328125,-0.0474364355660974,-0.1381067404419183,0.073731006643176,-0.015593321993947,-0.0232817512005567,-0.0064097177237272,standing
1783088585336758000,5.804758056640625,-0.0814580937638878,-0.1182755932252854,0.06762509098351,-0.0225307904183864,-0.0337763093411922,-0.0206088107079267,standing
1783088585346802000,5.814802001953125,-0.0359347983427345,-0.1783862899906933,0.0247667769879102,-0.0174769088625907,-0.0555322058498859,-0.0380352027714252,standing
1783088585356847000,5.82484716796875,0.0118897597581148,-0.256100667181611,-0.0426104767143726,-0.002260832581669,-0.0696277618408203,-0.0569499544799327,standing
1783088585366891000,5.83489111328125,0.0338230668857693,-0.3167857297688722,-0.0663888271868228,0.0161719713360071,-0.0754686072468757,-0.0740442499518394,standing
1783088585376935000,5.844934814453125,0.0918503084406256,-0.3432284771449864,-0.0024742811590433,0.0248575415462255,-0.0724936947226524,-0.0855337083339691,standing
1783088585386979000,5.85497900390625,0.087174133323133,-0.2954335104648024,0.0459720621019601,0.0162454098463058,-0.0594434104859828,-0.0983230024576187,standing
1783088585397024000,5.86502392578125,0.1335157593898475,-0.2209814960706979,0.0847720406174659,0.0041724946349859,-0.0401258990168571,-0.1182666346430778,standing
1783088585407068000,5.87506787109375,0.1511805954180657,-0.118129901144281,0.127719201940298,-0.0041378997266292,-0.0283757653087377,-0.1327747404575348,standing
1783088585417112000,5.885112060546875,0.0878784822002053,-0.0509001661539077,0.1270358958512544,-0.00066250981763,-0.0240198168903589,-0.1449557989835739,standing
1783088585427157000,5.895156982421875,0.0416363709852099,-0.0580249765325337,0.0757137048929929,0.0043532876297831,-0.0228088777512311,-0.1436268836259842,standing
1783088585437201000,5.905200927734375,0.0082912968747317,-0.1105008675705641,0.0328197350621223,0.0070388973690569,-0.0236338265240192,-0.1264305114746093,standing
1783088585447245000,5.9152451171875,-0.0252083832755684,-0.1577070015121251,0.0093880060702562,0.00360235478729,-0.0198651887476444,-0.1068317741155624,standing
1783088585457289000,5.9252890625,-0.0352329336836934,-0.1885297175381332,0.0198673145085573,0.0013253090437501,-0.0026102140545845,-0.0830031856894493,standing
1783088585467334100,5.935334228515625,-0.0597783230058848,-0.1849465252891182,0.0305231485575437,0.0005439375527203,0.0265106540173292,-0.05684694647789,standing
1783088585477377800,5.945377685546875,-0.0014016834914684,-0.1886257983237504,0.0887783536493778,-0.0051576159894466,0.0497451275587081,-0.0401941873133182,standing
1783088585487422000,5.955421875,0.0688122549414634,-0.1713372482620179,0.1187584813714027,-0.019450269639492,0.0633863732218742,-0.0252083148807287,standing
1783088585497467100,5.965467041015625,0.148031045345962,-0.134533119738847,0.1109855092823505,-0.0287389867007732,0.0623144581913948,-0.0059402300976216,standing
1783088585507510800,5.9755107421875,0.1766512828916311,-0.1364447255138307,0.0952080944359302,-0.0302085187286138,0.0413316786289215,0.0213260110467672,standing
1783088585517555000,5.985554931640625,0.1582761066369712,-0.2073691503036767,0.0336269597917795,-0.0210188422352075,0.010961172170937,0.0451497547328472,standing
1783088585527599000,5.99559912109375,0.1366349143236875,-0.2402425152491778,-0.0286386499851942,2.19936482608e-05,-0.0195799581706523,0.0671740993857383,standing
1783088585537644000,6.00564404296875,0.1008930082045495,-0.263936986830458,-0.0362818582147359,0.0130417570471763,-0.0378467664122581,0.078020729124546,standing
1783088585547688000,6.01568798828125,0.0598550415039062,-0.2758005161687731,-0.0161474172025918,0.0184218734502792,-0.0412572100758552,0.0813470184803009,standing
1783088585557732000,6.025732177734375,0.015939181279391,-0.2230185548562556,0.0435410355627536,0.0125023648142814,-0.0296110212802886,0.0759665220975875,standing
1783088585567777000,6.035777099609375,-0.0346869902387261,-0.1768639027290046,0.112467272272706,0.0027370862662792,-0.0133715979754924,0.0695778653025627,standing
1783088585577821000,6.045821044921875,-0.0736313456609845,-0.1472876065675169,0.1547737976044416,-0.003197991522029,0.0084795504808425,0.0615034699440002,standing
1783088585587865000,6.055864990234375,-0.0648025809086859,-0.1744094222489744,0.1425070212274789,-0.0097272638231515,0.0248697102069854,0.0579231157898902,standing
1783088585597909000,6.065908935546875,-0.0318446064196527,-0.1837326194547116,0.1282557930350303,-0.0155659113079309,0.0343704298138618,0.0562371499836444,standing
1783088585607954000,6.075953857421875,0.0292154269598424,-0.1627265832398086,0.0947638577997684,-0.0122311012819409,0.0373824648559093,0.0608476139605045,standing
1783088585617998000,6.085998046875,0.0859725024484097,-0.1600418011352419,0.0378325947880744,-0.0051963767036795,0.0351544767618179,0.0625767782330513,standing
1783088585628042000,6.0960419921875,0.1027818906910717,-0.1645952266559004,-0.0052899231016635,-0.0049207396805286,0.0377092473208904,0.0611085779964923,standing
1783088585638087000,6.1060869140625,0.1090755840077996,-0.1646886040277779,-0.0015717793613672,-0.0096055772155523,0.0392039753496646,0.0577060654759407,standing
1783088585648130800,6.116130859375,0.1195218669593334,-0.163830891219899,0.0243137725234031,-0.0165353883057832,0.0507905893027782,0.0538977421820163,standing
1783088585658175000,6.126175048828125,0.0827345434404909,-0.1708842437975108,0.0315992533564567,-0.0214356780052185,0.0662128031253814,0.0499665588140487,standing
1783088585668219100,6.13621923828125,0.0504027380257844,-0.2082183144789189,0.0599514876157045,-0.0200367197394371,0.0735199823975563,0.0491084828972816,standing
1783088585678263800,6.146263916015625,0.0554420473672449,-0.2314233220428228,0.0320259543359279,-0.010294834151864,0.0738029927015304,0.0500126704573631,standing
1783088585688308000,6.156307861328125,-0.0063362172842025,-0.2140099765576422,0.0364408481687307,-0.0035309372469782,0.0626121163368225,0.0511557012796402,standing
1783088585698352000,6.16635205078125,-0.0296542567685246,-0.194404381725192,0.0236392342627048,-0.0028482680208981,0.0453245565295219,0.0498324893414974,standing
1783088585708396800,6.176396728515625,0.0713473263770341,-0.2102501856327056,0.0086702131897211,0.0041422634385526,0.0226924829185009,0.0380972698330879,standing
1783088585718441000,6.18644091796875,0.126078887387365,-0.2046164905946701,-0.0261684604793786,0.0023645760957151,-0.0001509748399257,0.0230663698166608,standing
1783088585728485000,6.196485107421875,0.11326163752079,-0.2146384837195277,-0.0543833320945501,-0.0011585195316001,-0.0110004274174571,0.0051334425806999,standing
1783088585738529000,6.206529052734375,0.0944350642368197,-0.1996093299571424,-0.0498380898803472,-0.011867631226778,-0.0145400259643793,-0.0083677303045988,standing
1783088585748574000,6.216573974609375,0.0424190457955002,-0.1929402274567633,-0.000697334614396,-0.0215338412672281,-0.0169568452984094,-0.0202257223427295,standing
1783088585758618000,6.2266181640625,-0.0413464481279253,-0.1825462592143565,0.0356336234390735,-0.0232061240822076,-0.0163553282618522,-0.0329186990857124,standing
1783088585768662000,6.236662109375,-0.0719151893928647,-0.1972044607724994,0.0651134004235267,-0.014075743034482,-0.0197468642145395,-0.0440264753997325,standing
1783088585778707000,6.24670703125,-0.0266774329148232,-0.1877757573656737,0.0865823049098253,-0.0058327075093984,-0.0223536379635334,-0.0557891242206096,standing
1783088585788751000,6.256751220703125,0.0081513038821518,-0.2172654712222516,0.1101648405492305,-0.0038949914742261,-0.0250354409217834,-0.0675616338849067,standing
1783088585798795000,6.266794921875,0.0914675927333533,-0.2143910848297178,0.0725070178061723,-0.0052588675171136,-0.0297338906675577,-0.0782297775149345,standing
1783088585808839200,6.276839111328125,0.1556615402244031,-0.1738162786614149,0.006702712509036,0.0005332417786121,-0.0303839650005102,-0.0832961723208427,standing
1783088585818883800,6.2868837890625,0.1644716002762317,-0.1619209659453481,-0.0039776714593172,0.0088752415031194,-0.0344259366393089,-0.0822480395436286,standing
1783088585828928000,6.296927978515625,0.1248877779066562,-0.1999322052359581,0.0073246437996625,0.0108941830694675,-0.0420226007699966,-0.074451632797718,standing
1783088585838972200,6.30697216796875,0.1152194935902953,-0.2550284348402172,-0.0009288052827119,0.0079311160370707,-0.0467962436378002,-0.0684736669063568,standing
1783088585849016800,6.317016845703125,0.0767098763234913,-0.2587225401178002,0.0270709622770547,0.000294234836474,-0.0492471493780612,-0.0674211829900741,standing
1783088585859061000,6.32706103515625,0.0326765271991491,-0.2705597659710794,0.0595370615959167,-0.0144918672740459,-0.05038733035326,-0.0708047002553939,standing
1783088585869105200,6.337105224609375,0.0353961614213883,-0.2404436638444662,0.0634831688731908,-0.0177164226770401,-0.0469880700111389,-0.0750148892402648,standing
1783088585879149000,6.347149169921875,0.0642857174277305,-0.2264479447830468,0.04444295283854,-0.0098200906068086,-0.0456709712743759,-0.0774982273578643,standing
1783088585889194000,6.357194091796875,0.0510810756787657,-0.2178084189925342,0.035393969464302,-0.0039275805465877,-0.0419084578752517,-0.0730757787823677,standing
1783088585899238400,6.36723828125,-0.0106048345141112,-0.2162130395598709,0.0326385332763195,-0.0048004002310335,-0.0247828103601932,-0.0689397305250167,standing
1783088585909282600,6.377282470703125,-0.0550096472993493,-0.2323277235366403,0.0669143123656511,-0.0122772250324487,-0.0037225321866571,-0.0602903179824352,standing
1783088585919327200,6.3873271484375,-0.0260822435006499,-0.262254367505759,0.1003816976815462,-0.0176462717354297,0.0231583267450332,-0.0489309765398502,standing
1783088585929371400,6.397371337890625,0.0348883580297231,-0.2605463945440948,0.1114876135855913,-0.0130922654643654,0.0530746802687644,-0.0372913628816604,standing
1783088585939415600,6.40741552734375,0.0702063396483659,-0.2110539032310247,0.1182218902766704,-0.0056689511984586,0.0751439705491066,-0.0265348479151725,standing
1783088585949459200,6.417459228515625,0.1077266536168754,-0.1632251804117113,0.1170218668371439,0.0018693928141146,0.0817611292004585,-0.0143836420029401,standing
1783088585959504400,6.42750439453125,0.1309263274185359,-0.1346881641700864,0.0700713150918483,0.01032246183604,0.0705752074718475,-0.0035438395570963,standing
1783088585969548300,6.43754833984375,0.0912131795808672,-0.1516772198285907,0.0258113176047801,0.0127235688269138,0.0515067093074321,0.0056312829256057,standing
1783088585979592400,6.447592529296875,0.0482457061223685,-0.1712193209707737,0.0064414312243461,0.0099458564072847,0.0314017832279205,0.0174266546964645,standing
1783088585989637400,6.457637451171875,0.0254958219148218,-0.2172977660566568,0.0221533796191215,0.0020668939687311,0.0023395051248371,0.0288590732961893,standing
1783088585999681300,6.467681396484375,0.0265818635858595,-0.2514814098831266,-0.0004378068953752,-0.0020204633474349,-0.0220104549080133,0.0380435697734355,standing
1783088586009725400,6.477725341796875,0.0458591032467782,-0.2482831252984702,-0.0076467153608798,0.0056782029569149,-0.0307131316512823,0.050722349435091,standing
1783088586019769300,6.487769287109375,0.0169203012712299,-0.225165357626602,0.0294318461894989,0.0124635137617588,-0.0347650684416294,0.0556138940155506,standing
1783088586029814300,6.497814208984375,0.0372293681979179,-0.2116592487130314,0.035862171497941,0.0133615313097834,-0.0309130735695362,0.0561569109559059,standing
1783088586039858400,6.5078583984375,0.0825467657834291,-0.1987063167028128,0.0534761541217565,0.0067012598738074,-0.0153014231473207,0.0552000626921653,standing
1783088586049902300,6.51790234375,0.0761570647463202,-0.1502928527981042,0.0776478878259658,0.0002694595605134,0.0007771444506943,0.0527219884097576,standing
1783088586059947300,6.527947265625,0.098256814482063,-0.1328084879033267,0.0684703096359968,-0.0010029126424342,0.016057388857007,0.0534219518303871,standing
1783088586069991400,6.537991455078125,0.1022566977731883,-0.1446959095738828,0.0550152002573013,0.0054688351228833,0.0294927693903446,0.059949092566967,standing
1783088586080035300,6.548035400390625,0.0436906731665134,-0.1682777145609259,0.0446358450621366,0.0088746305555105,0.0389746762812137,0.0605106391012668,standing
1783088586090079200,6.558079345703125,0.0440295497320592,-0.1793641951121389,0.0563426494687795,0.0099340360611677,0.0367229729890823,0.0571081824600696,standing
1783088586100124400,6.56812451171875,0.0512752830766141,-0.1719878211252391,0.0241091898620128,0.0078555457293987,0.0305758882313966,0.0551287457346916,standing
1783088586110168600,6.57816845703125,0.0141210259415209,-0.1692000170376151,-0.0171761757284402,0.0029553286731243,0.0346143059432506,0.0490274429321289,standing
1783088586120212200,6.588212158203125,0.0145921505846083,-0.1358476364035159,0.0326128143131732,-0.0063721700571477,0.0311016850173473,0.0408253967761993,standing
1783088586130257400,6.59825732421875,0.0326980083785951,-0.1172731381844729,0.0673661477863788,-0.0148823009803891,0.0151339033618569,0.0352798961102962,standing
1783088586140301300,6.60830126953125,0.0135169225685298,-0.1508894304517656,0.0114244803339242,-0.0157488789409399,0.0162124726921319,0.0257567260414361,standing
1783088586150345200,6.61834521484375,0.0115593587599694,-0.1619412780810147,0.040058454144001,-0.0172096230089664,0.0187723040580749,0.010032357648015,standing
1783088586160389400,6.628389404296875,0.0719895698033273,-0.1412486917294561,0.0866103619605302,-0.016798697412014,0.0079952888190746,-0.0013124416582286,standing
1783088586170434300,6.638434326171875,0.1079683534182608,-0.1387353937342763,0.0155021050363779,-0.0265365447849035,0.0042506181634962,-0.0090659689158201,standing
1783088586180478200,6.648478271484375,0.022365999456495,-0.1894495357967913,-0.0552303043127059,-0.031264841556549,0.0098632182925939,-0.0193576049059629,standing
1783088586190522400,6.6585224609375,0.0144376906752586,-0.2007983205460012,0.008767243823409,-0.0280530713498592,0.0095923747867345,-0.0339991301298141,standing
1783088586200567300,6.6685673828125,-0.0051269876249134,-0.1471286166135221,0.0350707288593053,-0.021586226299405,0.0073784189298748,-0.0401492938399314,standing
1783088586210611500,6.678611572265625,-0.0222295135952532,-0.1589499873105436,0.0428530532985925,-0.0241322088986635,0.0089579401537776,-0.0377519130706787,standing
1783088586220655400,6.6886552734375,0.0525365351840853,-0.2119848274055868,0.0654863253891468,-0.0299358628690242,0.0203583147376775,-0.0388119481503963,standing
1783088586230699300,6.69869921875,0.0925879750654101,-0.2823470882680267,0.0884744022667407,-0.0422543138265609,0.0333673246204853,-0.0423773862421512,standing
1783088586240744400,6.708744384765625,0.1302959205605089,-0.2756085007280111,0.0926379516869783,-0.048563290387392,0.0460832901298999,-0.0435592457652092,standing
1783088586250788400,6.718788330078125,0.1562635977707803,-0.2510621615577489,0.0773053579986095,-0.0443783998489379,0.0481032989919185,-0.0374864377081394,standing
1783088586260832300,6.728832275390625,0.1528990897737443,-0.2782449136462062,0.0657680649399757,-0.033977597951889,0.047494851052761,-0.0303173772990703,standing
1783088586270877400,6.73887744140625,0.1142553247332573,-0.2519256465192884,0.0479050759911537,-0.0202804282307624,0.0398683547973632,-0.0268464777618646,standing
1783088586280921300,6.74892138671875,0.0517724189437925,-0.2561336196031421,0.0346942967623472,-0.0158039201050996,0.0327033922076225,-0.026529561728239,standing
1783088586290965200,6.75896533203125,-0.0007917348995804,-0.2902293659504503,0.0371171399950981,-0.0215515531599521,0.0299419574439525,-0.0267181135714054,standing
1783088586301009400,6.769009521484375,0.0017740239351987,-0.2743884574137628,0.0367190805882215,-0.0214127674698829,0.0168987773358821,-0.0227819345891475,standing
1783088586311054300,6.779054443359375,0.0191425073653459,-0.246711711263284,0.0064046063452959,-0.0078210588544607,-0.0026336442679166,-0.017766935750842,standing
1783088586321098200,6.78909814453125,0.027017332393676,-0.221409219963476,-0.0179834004580974,0.0046564927324652,-0.0188522227108478,-0.0061977752484381,standing
1783088586331142400,6.799142333984375,0.0519258559398353,-0.2295048481356352,-0.0048971243917942,0.0090259416028857,-0.0307235307991504,0.0039720381610095,standing
1783088586341187300,6.809187255859375,0.0860144418939948,-0.2448570233073085,0.0467757797002792,-0.0026811657007783,-0.0404601171612739,0.0036746920086443,standing
1783088586351231200,6.819231201171875,0.1087678332328796,-0.2533260879017412,0.0323620544224977,-0.0176084488630294,-0.0449022687971591,0.0002317575272172,standing
1783088586361275400,6.829275390625,0.1338125503793358,-0.2353804621707648,0.0090852237313985,-0.0223045814782381,-0.0467887595295906,-0.0110237430781126,standing
1783088586371319300,6.8393193359375,0.1265678399480879,-0.1922946230296045,-0.0069423664838075,-0.0149561213329434,-0.0404544323682785,-0.0229706838726997,standing
1783088586381364200,6.8493642578125,0.047062341556698,-0.185594540869072,-0.0064782561033964,-0.0069207022897899,-0.0317357741296291,-0.029125390574336,standing
1783088586391408400,6.859408447265625,0.0219521579585969,-0.171172997611016,0.0543868392258882,0.0042328825220465,-0.0194157250225543,-0.0362821035087108,standing
1783088586401452300,6.869452392578125,0.0066492287561297,-0.177931824221462,0.0911263780802488,0.008198058232665,-0.0041269925422966,-0.0394251383841037,standing
1783088586411497500,6.87949755859375,-6.1374798417e-06,-0.2227928563416004,0.1183282732605934,0.0048520630225539,0.0088330144062638,-0.0451253689825534,standing
1783088586421541400,6.889541259765625,0.0241441150449216,-0.2318506075441837,0.1098176345467567,0.0015676133334636,0.0095709059387445,-0.0508032105863094,standing
1783088586431585300,6.899585205078125,0.1022603510349988,-0.2105048179809004,0.0571346766293048,0.0057714134454727,0.0048086415044963,-0.0515563525259494,standing
1783088586441629400,6.90962939453125,0.117660310871154,-0.1910614279728382,-0.0064519526183605,0.0108870090916752,0.0019605485722422,-0.0524264685809612,standing
1783088586451674000,6.919674072265625,0.080384473183006,-0.1854743485555052,0.0014759177714586,0.0080853635445237,0.0019211338367313,-0.0518592186272144,standing
1783088586461718300,6.92971826171875,0.0707239337816834,-0.1586360990557819,0.0400555315345525,0.000782650662586,0.0077722035348415,-0.0447595603764057,standing
1783088586471762400,6.939762451171875,0.080570935665816,-0.1691745172701776,0.0571861145555973,-0.0082734283059835,0.0089445263147354,-0.0414521805942058,standing
1783088586481806300,6.949806396484375,0.1285235040605068,-0.1756160946249961,0.048072249251604,-0.0110589498654007,0.0113056730479002,-0.0403569377958774,standing
1783088586491851300,6.959851318359375,0.0941511327289044,-0.1442220815170556,0.0545803159713745,-0.0078391879796981,0.0156873725354671,-0.0387300141155719,standing
1783088586501895400,6.9698955078125,0.0975438439071178,-0.1538600437603891,0.0672130030512809,0.002328694332391,0.0216801259666681,-0.0369409807026386,standing
1783088586511939300,6.979939208984375,0.0651454029969871,-0.1816537673540413,0.0632177959352731,-0.0001629593316465,0.0260996427386999,-0.0385761633515358,standing
1783088586521984300,6.989984375,0.0239284264676272,-0.1680219131689518,0.049362873584032,-0.0006488335784524,0.03085682913661,-0.0408876203000545,standing
1783088586532028400,7.0000283203125,0.030372488040477,-0.1694512883849442,0.0514385108143091,0.0082967244088649,0.0281715635210275,-0.0512308068573474,standing
1783088586542072300,7.010072265625,0.0527159834042191,-0.1959624978873878,0.034709494331479,0.0159005038440227,0.0230840258300304,-0.0595314241945743,standing
1783088586552116500,7.020116455078125,0.0506439994357526,-0.2148288186598569,0.001538461613655,0.0149345761165022,0.026050254702568,-0.0707289427518844,standing
1783088586562161400,7.030161376953125,0.0310546250857412,-0.2107443988904357,0.0033954876571893,0.0060680462047457,0.0369789153337478,-0.0775909200310707,standing
1783088586572205300,7.040205322265625,0.034540713635832,-0.2137424116626382,0.0662502954989671,-0.0041132187470793,0.0541395246982574,-0.0809542313218116,standing
1783088586582249500,7.05024951171875,0.0467031528554856,-0.219400145163387,0.1237707565754652,-0.0112799145281314,0.0640723183751106,-0.081773541867733,standing
1783088586592294400,7.06029443359375,0.0484811223134398,-0.1931053548905998,0.0769996530503034,-0.0211168322712183,0.0710204988718032,-0.0786270201206207,standing
1783088586602338300,7.07033837890625,0.0591550765410065,-0.1608525329962372,0.0721183107495307,-0.0223255455493927,0.0734275504946708,-0.0635390505194664,standing
1783088586612382500,7.080382568359375,0.0590387566849589,-0.1501398541934788,0.058087447309494,-0.0142263416200876,0.0614941902458667,-0.0480285361409187,standing
1783088586622426400,7.09042626953125,0.0948914297021925,-0.1557781523413956,0.0096890348434448,-0.0014596957480534,0.0403652191162109,-0.0300176031887531,standing
1783088586632471300,7.10047119140625,0.1037410911120474,-0.1662157405298203,-0.0331201793134212,0.0079290121793746,0.0232434906065464,-0.0139552801847457,standing
1783088586642515500,7.110515380859375,0.1066026180230081,-0.1820280805591493,-0.0058650926411151,0.0094034327194094,0.013147797435522,-0.0046527599915862,standing
1783088586652559400,7.120559326171875,0.1688786030635237,-0.1827736382294446,0.0046603930264711,0.0069354809820652,0.0052957339212298,0.0054803015664219,standing
1783088586662604300,7.130604248046875,0.1786485941886901,-0.2144714565895497,-0.0079500822216272,0.0018524779006838,0.005387794226408,0.0132521074265241,standing
1783088586672648400,7.1406484375,0.05948898467049,-0.2180293682668358,0.0086357263982295,-0.0005294536240398,0.0147493379190564,0.0199190638959407,standing
1783088586682692400,7.1506923828125,0.0029608956322073,-0.2382804944612085,0.0611351444423198,0.0012942948378622,0.0284302495419979,0.0181651301681995,standing
1783088586692736500,7.160736572265625,0.0190456959273666,-0.226340246624872,0.1007651440411806,-0.0032032513990998,0.0431724414229393,0.0116803338751196,standing
1783088586702781400,7.170781494140625,0.0573138325884938,-0.2167783452924341,0.1124666877508163,-0.0042840791866183,0.0421196296811103,0.0003830667119473,standing
1783088586712825300,7.180825439453125,0.0825351484108716,-0.2039469207700341,0.0481494061410427,-0.000877097249031,0.0394242443144321,-0.0084106912836432,standing
1783088586722869500,7.190869384765625,0.0746548434898257,-0.1851078533306717,0.0400607922315597,0.001921598566696,0.0332761406898498,-0.0125124929472804,standing
1783088586732914400,7.20091455078125,0.0873738936789333,-0.193819713705033,0.0366886854499578,0.001308538718149,0.0244320500642061,-0.0082764690741896,standing
1783088586742958300,7.210958251953125,0.0632443186160176,-0.2105382087938487,0.0649041415870189,-0.0002244550269097,0.0099483467638492,-0.0070589464157819,standing
1783088586753002500,7.22100244140625,0.0831739577710628,-0.2201090240851044,0.0285392812639474,-0.0027810896281152,-0.0093204230070114,-0.0053169727325439,standing
1783088586763046100,7.231046142578125,0.1096001924037933,-0.2136596287500113,-0.0113853173673152,-0.0025024525821208,-0.0287954788655042,-0.0040734806098043,standing
1783088586773091300,7.24109130859375,0.078353917203471,-0.221024531494826,-0.0262245745807886,-0.0050590871833264,-0.043294258415699,-0.0094559956341981,standing
1783088586783135500,7.251135498046875,0.0238647866468876,-0.2142580330345779,-0.0319055428266525,-0.0043773255310952,-0.045311864465475,-0.012452065013349,standing
1783088586793179400,7.261179443359375,-0.0287082080900669,-0.2113367387603968,0.0333680165946483,-0.0048420471139252,-0.0366398133337497,-0.016938691958785,standing
1783088586803224300,7.271224365234375,-0.0559483163889497,-0.2292198206491768,0.0870388165056705,-0.0096585815772414,-0.0348079279065132,-0.0197937991470098,standing
1783088586813268500,7.2812685546875,-0.0167342771798372,-0.2263165004231035,0.1284744042217731,-0.0139268301427364,-0.0419872775673866,-0.0137609392404556,standing
1783088586823312400,7.2913125,0.0598113484926521,-0.2725575887247919,0.0676490563809871,-0.0040713637135922,-0.0485698953270912,-0.004657819867134,standing
1783088586833356300,7.301356201171875,0.1467385213173925,-0.2719956439930945,0.0345955125629901,0.014221622608602,-0.0534978061914444,-0.0025746955070644,standing
1783088586843401500,7.3114013671875,0.1775873946979641,-0.1871788143858313,0.0034358196675777,0.0209001433104276,-0.0578165911138057,0.003814079798758,standing
1783088586853445400,7.3214453125,0.1339306238010525,-0.1346074270840734,0.0042822073638439,0.0198820158839225,-0.0633724778890609,0.01220703125,standing
1783088586863489300,7.3314892578125,0.1033309028759598,-0.1599275271058082,-0.015632453417778,0.0132763385772705,-0.0624364502727985,0.0134161282330751,standing
1783088586873534500,7.341534423828125,0.0679055153600871,-0.2151304319549351,0.0023047698110342,0.0100251510739326,-0.0534301698207855,0.0075489180162549,standing
1783088586883578400,7.351578369140625,0.0302485693998634,-0.2213286290079355,0.042007250124216,0.0125207994133234,-0.0310686696320772,-0.0025439301971346,standing
1783088586893622300,7.361622314453125,0.0036510698534548,-0.2195813469491898,0.0830517926961183,0.0097255455330014,-0.0081457775086164,-0.0061378655955195,standing
1783088586903666000,7.371666015625,-0.0180300160787999,-0.2219580860178917,0.1145873331665992,-0.0025789123028516,0.0179545208811759,-0.0093556130304932,standing
1783088586913711000,7.381711181640625,-0.0475341968521475,-0.1857996349871158,0.1362427001357078,-0.0109249930828809,0.0330714210867881,-0.0147788748145103,standing
1783088586923755300,7.39175537109375,-0.0331646029770374,-0.1750072420116513,0.1049719480812549,-0.004052051808685,0.0271142106503248,-0.015385159291327,standing
1783088586933799000,7.401798828125,-0.0069084642142057,-0.1570001684170216,0.0247293675869703,0.0124049512669444,0.0041665495373308,-0.0137465177103877,standing
1783088586943844000,7.411843994140625,0.0354204190798103,-0.1620225266236812,-0.0350777431219816,0.0297554526478052,-0.0129506597295403,-0.0110801476985216,standing
1783088586953888300,7.42188818359375,0.0873604496754705,-0.1917543786730617,-0.0272311212748289,0.0246107596904039,-0.0277293398976326,-0.0046898932196199,standing
1783088586963932200,7.43193212890625,0.1078584633029997,-0.2097484466556459,-0.0010796119302511,0.0102191939949989,-0.0314415916800498,0.003260851604864,standing
1783088586973976000,7.44197607421875,0.0929867651246488,-0.2022405552435666,0.0312128843873739,9.30565875023e-05,-0.0296852365136146,0.007422839757055,standing
1783088586984021200,7.452021240234375,0.115571521898359,-0.2041154092047363,0.0555412699580192,0.0025181625969707,-0.0278815068304538,0.0142019623890519,standing
1783088586994065200,7.462065185546875,0.1155577856339514,-0.1903121439754962,0.051563598498702,0.0121425604447722,-0.0218481179326772,0.0207008738070726,standing
1783088587004109000,7.472109130859375,0.0734602268777787,-0.2119688261188566,0.0653951399743557,0.0182091742753982,-0.0210834089666605,0.0211950838565826,standing
1783088587014154200,7.482154296875,0.0760410371512174,-0.2074555864781141,0.0511158547312021,0.0175553672015666,-0.0200429130345582,0.0145723335444927,standing
1783088587024198100,7.4921982421875,0.0712491266995668,-0.1695630051311105,0.0280535435736179,0.0153115428984165,-0.0124385431408882,0.0087721291929483,standing
1783088587034242000,7.502241943359375,0.0505504759334027,-0.1820595716759562,0.0434299764037132,0.0146074034273624,0.0029782291967421,0.0056612910702824,standing
1783088587044286000,7.512285888671875,0.0160915953621268,-0.1715892502617091,0.0898719941049814,0.0110192662104964,0.002733057597652,0.0040902285836637,standing
1783088587054331100,7.5223310546875,0.0317013985566794,-0.1628423185739666,0.0918891791462898,0.0029043480753898,-0.0076018716208636,0.0016600938979536,standing
1783088587064375000,7.532375,0.0675403353095054,-0.174362149041146,0.0406792163908481,-0.0082106636837124,-0.01765494979918,0.0086346045136451,standing
1783088587074419000,7.5424189453125,0.0660598874934017,-0.2124822555337101,0.0100946930348873,-0.0084748500958085,-0.0221807267516851,0.0167721584439277,standing
1783088587084464000,7.552464111328125,0.0364671516537666,-0.231931125434488,-0.002338672080636,-0.0018974760314449,-0.0216625537723302,0.0192248206585645,standing
1783088587094508300,7.56250830078125,0.0443107047609984,-0.2434467181179672,0.0253822785377502,3.4882687032e-06,-0.0166052114218473,0.0219471044838428,standing
1783088587104552000,7.572552001953125,0.0312713365763425,-0.2128756387654692,0.0782101978838443,-0.0025907754898071,-0.0037134778685867,0.0300297252833843,standing
1783088587114596000,7.58259619140625,0.0629632366523146,-0.2017684807524085,0.122368488562107,0.0006116756703704,0.006173241417855,0.0299607496708631,standing
1783088587124641300,7.592641357421875,0.1171717967018485,-0.1787933364216238,0.0942524011462926,0.0042692963033914,0.010933294892311,0.0343336910009384,standing
1783088587134685000,7.602684814453125,0.1138810845933854,-0.1605936628643423,0.0411515100777149,0.004693804308772,0.0054751457646489,0.0372975207865238,standing
1783088587144729000,7.61272900390625,0.0920218656152486,-0.1659069668415933,-0.001126373681426,0.0052889273501932,-0.007719571236521,0.0457681380212307,standing
1783088587154774300,7.622774169921875,0.0466863478511571,-0.1785235795695334,-0.0257920283824205,0.0057531162165105,-0.0238508693873882,0.0510220229625701,standing
1783088587164818200,7.632818115234375,0.0408325072564184,-0.2169955682396888,-0.0024292729735374,0.0093731665983796,-0.0338111072778701,0.0505533330142498,standing
1783088587174862000,7.642862060546875,0.0213655902422964,-0.229342570246011,0.0141284785956144,0.0067595401778817,-0.0323149412870407,0.0439561493694782,standing
1783088587184906000,7.652906005859375,0.021889467985928,-0.2400707388788461,0.0400309816151857,0.0033029960468411,-0.0211237370967865,0.035776499658823,standing
1783088587194951200,7.662951171875,0.0377719506420195,-0.225261365346983,0.0992787048757076,-0.0021602124907076,-0.005580463912338,0.0271585080772638,standing
1783088587204995000,7.6729951171875,0.0465540997736156,-0.2432107904702425,0.1005675756424665,-0.0106749385595321,0.0050573810003697,0.0216265153139829,standing
1783088587215039000,7.6830390625,0.0331890067659318,-0.2364690611250698,0.0757020144551992,-0.0166761055588722,0.0131158400326967,0.0186573565006256,standing
1783088587225084200,7.693084228515625,0.0709976361565291,-0.2099425809882581,0.0285310979574918,-0.022242248058319,0.0123256836086511,0.0173860900104045,standing
1783088587235128000,7.703128173828125,0.0605167202830314,-0.1934616209823638,0.0023030162453651,-0.0194200966507196,0.0178839676082134,0.0143058784306049,standing
1783088587245172000,7.713171875,0.0524520717710256,-0.1807826105426996,0.0394710096448659,-0.0140274548903107,0.0168852750211954,0.0107111558318138,standing
1783088587255216000,7.723216064453125,0.0493354010552167,-0.2124291371069848,0.0583732785135507,-0.0144277280196547,0.0117562916129827,0.0107194110751152,standing
1783088587265261000,7.733260986328125,0.0644113896340131,-0.2609479610823094,0.0452799881845712,-0.0182618796825408,0.0059833582490682,0.0074879312887787,standing
1783088587275305000,7.743304931640625,0.0678553926080465,-0.2584444538287818,0.0336000717848539,-0.0196525827050209,0.0021300301887094,0.0034641614183783,standing
1783088587285349000,7.75334912109375,0.0438020245864987,-0.2330431052643805,0.0317331088691949,-0.0237113758921623,0.0001078960485756,-0.0012702790554612,standing
1783088587295393000,7.76339306640625,-0.0037396249197423,-0.2271238712832331,0.0526461330384016,-0.0331802479922771,-0.002770448103547,-0.0043398384004831,standing
1783088587305438000,7.77343798828125,-0.0489398258663713,-0.2361095070976764,0.0558779545664787,-0.0410221479833126,-0.0134889595210552,-0.0034020976163446,standing
1783088587315482000,7.783482177734375,-0.0152959149397909,-0.2182785207223147,0.0462006101608276,-0.0339242927730083,-0.0273728165775537,0.0028763047885149,standing
1783088587325526000,7.793526123046875,-0.010014905796945,-0.1912120154246687,0.0376087229043245,-0.0034003991167992,-0.0438624806702137,0.0103747565299272,standing
1783088587335571000,7.803571044921875,0.0279176422342658,-0.2199018110752105,-0.010772153905034,0.0226985793560743,-0.0551076754927635,0.0199885014444589,standing
1783088587345615000,7.813614990234375,0.1008589598044753,-0.2455528235517442,-0.0182779994904994,0.027051581069827,-0.0668408721685409,0.0270310491323471,standing
1783088587355659000,7.823658935546875,0.1395142691522836,-0.2551137019708752,0.000822422298789,0.0094073414802551,-0.0678531378507614,0.0382016785442829,standing
1783088587365703200,7.833703125,0.1377419987827539,-0.2535647189632058,0.0169312610566616,-0.0082002067938447,-0.0556799918413162,0.0434552282094955,standing
1783088587375748000,7.843748046875,0.1183686052709817,-0.2449696899015456,0.0474392120450735,-0.0135172074660658,-0.0415396727621555,0.0475999042391777,standing
1783088587385792000,7.8537919921875,0.0943373029507696,-0.2205525300689041,0.0866150381356477,-0.0089409295469522,-0.0348945893347263,0.0516595467925071,standing
1783088587395836200,7.863836181640625,0.1109739649750292,-0.2094173150051385,0.076675827923417,0.0058087212964892,-0.0411351732909679,0.0580527298152446,standing
1783088587405881000,7.873881103515625,0.1053439962640404,-0.1926898328922688,0.0360258376270532,0.0096270013600587,-0.05836046859622,0.0585313960909843,standing
1783088587415925000,7.883925048828125,0.0771964907966554,-0.2092163125403225,-0.0013496610432863,-0.0024549621157348,-0.0785528197884559,0.0597721636295318,standing
1783088587425969200,7.89396923828125,0.0532123886190354,-0.2095257438156753,-0.0400274744838476,-0.0149460360407829,-0.0957884415984153,0.0611550845205783,standing
1783088587436013000,7.904012939453125,0.0582695258781313,-0.2262505955800414,-0.0281330385506153,-0.0130557250231504,-0.1110771149396896,0.0578700751066207,standing
1783088587446058000,7.91405810546875,0.0439395333610475,-0.2126744901701807,-0.0152402392297983,0.002914871321991,-0.117302805185318,0.0518949069082737,standing
1783088587456102100,7.92410205078125,0.0187777657061815,-0.2028600023161619,0.030591537618637,0.019060019403696,-0.1140220537781715,0.0423946119844913,standing
1783088587466146000,7.93414599609375,0.0106087800368666,-0.2023131820883602,0.1008171664893627,0.0153246540576219,-0.1045299991965293,0.0287813078612089,standing
1783088587476191000,7.94419091796875,0.0295605871357023,-0.1895874098975211,0.1236661271572113,-0.0029885731637477,-0.0837243199348449,0.0143331261351704,standing
1783088587486235100,7.954235107421875,0.0667775342434644,-0.1612592141009867,0.1427379073739051,-0.0148061774671077,-0.0627669319510459,-0.0005934573709964,standing
1783088587496279000,7.964279052734375,0.0934673882484436,-0.1492865983650088,0.1196849485665559,-0.0125155923888087,-0.0426773764193058,-0.0128376074135303,standing
1783088587506323200,7.9743232421875,0.098336163328588,-0.1815567367203533,0.0643617052733898,-0.006271013058722,-0.0248003751039505,-0.0251973364502191,standing
1783088587516368100,7.9843681640625,0.0550609390951693,-0.2013325735531747,0.040207507225871,-0.0111856097355484,-0.0123269269242882,-0.0372537337243557,standing
1783088587527040000,7.9950400390625,0.0215457691147923,-0.2110068492189049,0.0254407307267189,-0.0203748475760221,0.0046909376978874,-0.0474911890923976,standing
1783088587537084200,8.005084228515624,0.0089382164761424,-0.2120665874049067,0.023840309792757,-0.0302798487246036,0.0241573993116617,-0.0510727800428867,standing
1783088587547128300,8.01512841796875,0.0088470310613512,-0.2146456441126763,0.0489630606114864,-0.0316567532718181,0.0474484339356422,-0.0473952740430831,standing
1783088587557173000,8.025173095703124,0.0524415503770112,-0.2366404721692204,0.0790565855801105,-0.033813115209341,0.0723947957158088,-0.0413304567337036,standing
1783088587567217200,8.035217041015626,0.1169188448540866,-0.2266644370779394,0.1074678565502166,-0.0357355065643787,0.0858067348599433,-0.0380381047725677,standing
1783088587577261300,8.04526123046875,0.2012615541435778,-0.2211773109037429,0.1292997491300106,-0.0383515320718288,0.0817315652966499,-0.0376191921532154,standing
1783088587587305000,8.055304931640626,0.2065019390150904,-0.1556222311273217,0.0682101973950862,-0.0379812642931938,0.0643598586320877,-0.0315494947135448,standing
1783088587597350100,8.06535009765625,0.1738173746399581,-0.1444531868591904,-0.0030453590452671,-0.0312639735639095,0.0326724983751773,-0.0285382568836212,standing
1783088587607394000,8.07539404296875,0.073243369256705,-0.1882623718388378,-0.0842816267520189,-0.0310477241873741,0.0043231504969298,-0.0225445479154586,standing
1783088587617438000,8.08543798828125,-0.0077466686040163,-0.2036158621847629,-0.0890472337186336,-0.0275765322148799,-0.0127651020884513,-0.0151569284498691,standing
1783088587627483100,8.095483154296875,-0.0096412501789629,-0.2255183357827365,-0.029826982986927,-0.0190946590155363,-0.0150295086205005,-0.0087078288197517,standing
1783088587637527000,8.105527099609375,-0.0165656426146626,-0.2435678602796047,0.0482803390443325,-0.0113094393163919,-0.0031209173612296,-0.0023881471715867,standing
1783088587647571200,8.1155712890625,0.0101088676907122,-0.2376237110529094,0.1178314296543598,-0.0131473885849118,-0.0013870140537619,0.0028086320962756,standing
1783088587657615000,8.125614990234375,0.0535153170883655,-0.2124742183577269,0.104416067764163,-0.0214133076369762,-0.0083354674279689,0.006079526618123,standing
1783088587667660000,8.135659912109375,0.0768964849367737,-0.1972439890652894,0.0433148255914449,-0.0260902214795351,-0.0214629862457513,0.0042423368431627,standing
1783088587677704200,8.1457041015625,0.0671311699867248,-0.2065481893096119,-0.0272276141434907,-0.0215181075036525,-0.0367284901440143,-0.0005156665574759,standing
1783088587687748000,8.155748046875,0.055219929049164,-0.1915581985138356,-0.0474234299540519,-0.0134363621473312,-0.037985436618328,-0.0041627259925007,standing
1783088587697793000,8.16579296875,0.1154459958225488,-0.1793828267473727,0.0118441670507192,-0.0072040320374071,-0.0273056272417306,-0.0078405523672699,standing
1783088587707837200,8.175837158203125,0.1323012690335512,-0.149593033965677,0.0845651198685169,-0.0116055244579911,-0.0021391119807958,-0.0095035145059227,standing
1783088587717881000,8.185881103515625,0.0591648672826588,-0.1439272632889449,0.1126397062301635,-0.0317683182656765,0.0321485549211502,-0.0092411935329437,standing
1783088587727925000,8.195925048828125,0.0390782109349966,-0.1599730467479675,0.1555477045863866,-0.04707757756114,0.0509737506508827,-0.0055046239867806,standing
1783088587737970200,8.20597021484375,0.0482590039953589,-0.1775445054043084,0.1183235970854759,-0.0418681688606739,0.0506970509886741,-0.0086916293948888,standing
1783088587748014000,8.21601416015625,0.0701265524104237,-0.1461065070241689,0.0342956528335809,-0.0202555656433105,0.0360803604125976,-0.0109856594353914,standing
1783088587758058000,8.22605810546875,0.0577136455610394,-0.1140499383542686,-0.025160744741559,-0.0017551186028867,0.0185852572321891,-0.0172009449452161,standing
1783088587768103200,8.236103271484374,0.0052777942724525,-0.1535151027802377,-0.029358780953288,-0.006165113300085,0.0060751629061996,-0.0190900079905986,standing
1783088587778147000,8.24614697265625,-0.0057924657963216,-0.2198998383138328,-0.0028518822997808,-0.0184966139495372,-0.0043828040361404,-0.0196873564273118,standing
1783088587788191000,8.25619091796875,0.0507576889432966,-0.237065931039676,0.0401391181647777,-0.0332030728459358,-0.0076801558025181,-0.0182651709765195,standing
1783088587798235100,8.266235107421876,0.0639414340347051,-0.2816994380142539,0.0409165322780609,-0.044377963989973,-0.0029328051023185,-0.0124781215563416,standing
1783088587808280000,8.276280029296874,0.0750263071507215,-0.2742820744298398,0.0553565610408782,-0.0439213030040264,0.0054824138060212,-0.0077401511371135,standing
1783088587818324000,8.286323974609376,0.0934790786862373,-0.2312013498552143,0.0663707070082426,-0.0365286320447921,0.0149914976209402,-0.0061313351616263,standing
1783088587828368100,8.2963681640625,0.1553432680554687,-0.1944711633510887,0.0573252307653427,-0.0223151687532663,0.028686985373497,-0.0064416895620524,standing
1783088587838413000,8.3064130859375,0.1797000029377639,-0.1496364347159862,0.0420756391853094,-0.0090076187625527,0.043205477297306,-0.0053918720223009,standing
1783088587848457200,8.316457275390626,0.1570690689347684,-0.1945641023315489,0.015955109500885,-0.0108266193419694,0.0467657335102558,-0.0095272827893495,standing
1783088587858501000,8.326501220703125,0.1021725266210734,-0.2315374499417841,-0.0148223060786724,-0.0221226848661899,0.0586895048618316,-0.0157321821898221,standing
1783088587868545000,8.336544921875,0.0634193098567426,-0.2288913193471729,0.019927520263195,-0.034758623689413,0.0617101043462753,-0.0151809649541974,standing
1783088587878590200,8.346590087890625,0.0363042161770164,-0.2433037294507026,0.0362456178575754,-0.0398559160530567,0.052198089659214,-0.006579753011465,standing
1783088587888634000,8.356634033203125,0.0371773457497358,-0.2688102188900113,0.015790858849883,-0.0341429002583026,0.0437633283436298,0.0001268859487026,standing
1783088587898678000,8.366677978515625,0.0843558610320091,-0.2541325819790363,0.0439794269800186,-0.0232332255691289,0.037941575050354,-0.0009913488756865,standing
1783088587908723700,8.3767236328125,0.1440612649321556,-0.1930085434526205,0.0415162517368793,-0.0112206200137734,0.0280164927244186,-0.002032475778833,standing
1783088587918767400,8.386767333984375,0.134972241808474,-0.1340498662665486,0.0010018705189228,-0.0075521152466535,0.0179598629474639,-0.0034562016371637,standing
1783088587928811500,8.3968115234375,0.0571466593280434,-0.1586054847218096,-0.0039566286712884,-0.0112381689250469,0.0165983773767948,-0.0056610191240906,standing
1783088587938855400,8.40685546875,-0.0244268775090575,-0.190167182546854,-0.0357359147697687,-0.0083291977643966,0.0160713382065296,-0.0046245167031884,standing
1783088587948900400,8.416900390625,-0.0164683197200298,-0.2098192468695342,0.0136035779386758,0.0010671622585505,0.0302893221378326,-0.0018309170845896,standing
1783088587958944500,8.426944580078125,0.0212272046849131,-0.2337935583055019,0.0936702173441648,0.0068760495632886,0.0510995276272296,-0.0037771549541503,standing
1783088587968988400,8.436988525390625,0.054693128696084,-0.2537833301499486,0.151703304117918,-0.0031888862140476,0.0750963017344474,-0.0071881865151226,standing
1783088587979032600,8.447032470703125,0.079573156800121,-0.2657344647064805,0.1782704085260629,-0.0195532124489545,0.0961906686425209,-0.0120793487876653,standing
1783088587989077500,8.457077392578125,0.1142909805685281,-0.241687818686664,0.1610661757469177,-0.0189147293567657,0.1003002002835273,-0.0171501617878675,standing
1783088587999121400,8.467121337890624,0.1499187587887048,-0.24486586420089,0.0921358473837375,-0.0123191457241773,0.0983523651957511,-0.0215859226882457,standing
1783088588009165600,8.47716552734375,0.1542090033285319,-0.2296767706364393,0.0097504096418619,-0.0084014050662517,0.0957183167338371,-0.0264536775648593,standing
1783088588019210500,8.48721044921875,0.1484177065759897,-0.2285663251765072,-0.0278378549963235,-0.004018906969577,0.0994683131575584,-0.0261127911508083,standing
1783088588029254400,8.49725439453125,0.1108165824562311,-0.2516450029470026,-0.0130821844130754,-0.0104363458231091,0.095290407538414,-0.0241860020905733,standing
1783088588039298600,8.507298583984374,0.0060980246141552,-0.2504245212413371,-0.0222983410477638,-0.0098970560356974,0.1031608432531356,-0.0234467070549726,standing
1783088588049342500,8.517342529296876,-0.060962272093445,-0.2244299560241401,0.0112754272520542,-0.0060994550585746,0.1091504096984863,-0.0163420047610998,standing
1783088588059387400,8.527387451171874,-0.0712400666102767,-0.2256605207324027,0.0580564676493406,-0.0013009713729843,0.1041900068521499,-0.0066369124688208,standing
1783088588069431600,8.537431640625,-0.0114406277511268,-0.2144755482427775,0.0487239911586046,-0.0001629593316465,0.0792499482631683,0.0043265647254884,standing
1783088588079475500,8.547475341796876,0.0989857863437384,-0.2096789616160094,-0.0149941555142402,0.003351614344865,0.0482366345822811,0.0135291181504726,standing
1783088588089520400,8.557520263671876,0.200143948290497,-0.1269092007316649,-0.0736626175820827,0.0126019166782498,0.0307112671434879,0.0202241074293851,standing
1783088588099564500,8.567564453125,0.2251364968582987,-0.0720695031717419,-0.0515215129226446,0.0115398485213518,0.0188029427081346,0.0356139838695526,standing
1783088588109608400,8.5776083984375,0.1565094622906297,-0.0805965084984898,-0.0178016141504049,0.0061443415470421,0.0217128805816173,0.051211655139923,standing
1783088588119652600,8.587652587890625,0.107457919678092,-0.1321754506967961,0.0316530293703079,0.0023059276863932,0.0329908356070518,0.0563235953450202,standing
1783088588129697500,8.597697509765625,0.05100077698417,-0.1532724531307816,0.1071264957666397,0.002239529043436,0.0450820252299308,0.0584684200584888,standing
1783088588139741400,8.607741455078125,0.0363223363555967,-0.1618942971341311,0.1135579901188612,-0.0046410141512751,0.0569583922624588,0.0555032566189765,standing
1783088588149785600,8.61778564453125,0.0443288249395787,-0.2165469476893544,0.1089437743216752,-0.0057188384234905,0.0575696751475334,0.0481962971389293,standing
1783088588159830500,8.62783056640625,0.0790471601646393,-0.2422219255633652,0.0560726003557443,-0.0044586304575204,0.0455604195594787,0.0382477901875972,standing
1783088588169874400,8.63787451171875,0.0589920679990202,-0.2386586801238358,-0.0009960253000259,-0.0009563583880662,0.0284819267690181,0.0306625217199325,standing
1783088588179918600,8.647918701171875,0.0618744185023009,-0.2357486378960311,0.0130640642344951,0.0061707934364676,0.0161416381597518,0.0247625540941953,standing
1783088588189962800,8.657962646484375,0.0502226322185248,-0.1898712683402001,0.0068599488973617,0.0073848636820912,0.0092529384419322,0.0241960138082504,standing
1783088588200007400,8.66800732421875,0.0429478919751942,-0.1962467947214841,0.0028746786534786,0.0075246794149279,0.0080273523926734,0.0220503043383359,standing
1783088588210051600,8.678051513671875,0.0762305683739483,-0.2146976665608584,0.0295522576987743,0.0078992210328578,0.0040662502869963,0.0186445023864507,standing
1783088588220095500,8.688095458984375,0.1093738363020122,-0.2370297637477517,0.0398480262637138,0.0087788626551628,-0.0047586662694811,0.0060445554554462,standing
1783088588230140400,8.698140380859375,0.0891941679086536,-0.2005498987428844,-0.021296470528841,0.0115121230483055,-0.0074168657884001,-0.0034263746347278,standing
1783088588240184600,8.7081845703125,0.053088177717477,-0.2034343681380152,-0.0218494282364845,0.0056670177727937,-0.0049704853445291,-0.0092211468145251,standing
1783088588250228500,8.718228515625,-0.0081233929619193,-0.2151249520622193,0.0283002118110656,-0.0005085358861833,0.0024101035669445,-0.0137444715946912,standing
1783088588260272400,8.7282724609375,-0.0005399520955979,-0.2243466616548597,0.0792442171066999,-0.0020957798697054,0.0135628897696733,-0.0171336103230714,standing
1783088588270317600,8.738317626953124,0.0744988492105156,-0.1840408086210489,0.1061935988306999,0.0031219129450619,0.0106679582968354,-0.0254964511841535,standing
1783088588280361500,8.748361572265624,0.0825860018152743,-0.1201791618242859,0.0921820246130228,0.0106986071914434,0.0088151972740888,-0.0266501326113939,standing
1783088588290405600,8.758405517578124,0.0670651920784264,-0.0988819606430828,0.062373161804676,0.0127406744286417,0.0083247311413288,-0.0214817784726619,standing
1783088588300450600,8.768450439453124,0.0578632831647992,-0.1309651981242001,0.0613882424205541,0.0080172922462224,0.001831677975133,-0.0162156447768211,standing
1783088588310494500,8.778494384765626,0.0503740233879536,-0.1774433100521564,0.0503302573114633,0.0050194007344543,-0.0147537728771567,-0.0056471452116966,standing
1783088588320538600,8.78853857421875,0.0252077256884425,-0.2021459357626736,0.0183206695884466,0.0090721994638443,-0.0225800052285194,0.0013215483631938,standing
1783088588330582500,8.79858251953125,0.0629365678410977,-0.2167904010564088,0.004884264910221,0.0106801595538854,-0.0207832772284746,-6.70510344207e-05,standing
1783088588340627500,8.80862744140625,0.0712268418025225,-0.192484373448044,0.0501221675187349,0.0036454196088016,-0.0133541245013475,6.6373264417e-05,standing
1783088588350671600,8.818671630859376,0.1059361169382929,-0.1554541810840368,0.0624427199095487,-0.0025839882437139,-0.0060056569054722,-0.0013552343007177,standing
1783088588360715300,8.82871533203125,0.0774693894539028,-0.1439583890795707,0.0587397737383842,-0.0053744483739137,-0.0016497899778187,0.0001481203362345,standing
1783088588370759400,8.838759521484375,-0.0093733199577778,-0.1252300154730677,0.0412584775835275,0.0035325875505805,0.0048635862767696,0.0087832510471344,standing
1783088588380804600,8.8488046875,0.012133140059933,-0.1511912629425525,0.0555652353554964,0.0111998282372951,-0.0057786717079579,0.0146794896572828,standing
1783088588390848500,8.8588486328125,0.0252857593607157,-0.1936833739742636,0.016219897916913,0.0120835714042186,-0.0143234059214591,0.0220730416476726,standing
1783088588400892400,8.868892333984375,0.0363951823960989,-0.2393012158110737,0.0001578209102153,0.0078976154327392,-0.0177492965012788,0.025771640241146,standing
1783088588410937600,8.8789375,0.0482903489816933,-0.2399498889781534,0.0290659354865551,0.0041960012167692,-0.0187414139509201,0.0332225486636161,standing
1783088588420981500,8.8889814453125,0.0585698239989578,-0.2038984785184264,0.0525835891962051,0.0016164637636393,-0.0083068814128637,0.0411518439650535,standing
1783088588431025400,8.899025390625,0.0515791613940149,-0.1772213378645479,0.0828074625462293,-0.0025699466932564,0.0039307000115513,0.0444792620837688,standing
1783088588441069600,8.909069580078125,0.0630781682688742,-0.149934394749254,0.0985398692071437,-0.0079354168847203,0.0076319612562656,0.0471621304750442,standing
1783088588451114500,8.919114501953125,0.0984523370541632,-0.1388467451542615,0.0795581053614616,-0.0052702045068144,0.00908915232867,0.0469199828803539,standing
1783088588461158400,8.929158447265625,0.119881494051963,-0.1161918457537889,0.0706494072407484,-2.61738896369e-05,0.0093008736148476,0.0442512296140193,standing
1783088588471202600,8.93920263671875,0.0969243968345224,-0.1256961716800928,0.0621112959980964,0.0005299758631736,0.010465620085597,0.0429764799773693,standing
1783088588481247500,8.94924755859375,0.0854392723545432,-0.1406898888029158,0.0454489150106906,-0.0011091998312622,0.004390949383378,0.0421445108950138,standing
1783088588491291600,8.959291748046875,0.0690105539925396,-0.15740648419559,0.0041056817531585,-0.0097864940762519,8.73152166604e-05,0.0394603498280048,standing
1783088588501335600,8.96933544921875,-0.0302837137784808,-0.1545784211628139,-0.0188841486901044,-0.0118704177439212,0.0076991622336208,0.0398896522819995,standing
1783088588511379500,8.97937939453125,-0.0425289359107613,-0.17884470128268,0.0413087464660406,-0.0027400064282119,0.0120385037735104,0.0345117300748825,standing
1783088588521424600,8.989424560546874,-0.0044327217504382,-0.1840614130176603,0.0512450340688228,0.0108391856774687,0.014081148430705,0.0335711017251014,standing
1783088588531468300,8.99946826171875,0.0228325940549373,-0.1951714205749332,0.0294996507287025,0.0064038629643619,0.0056870453990995,0.0222546998411417,standing
1783088588541512400,9.009512451171876,0.0627147417839616,-0.2308449376329779,-0.0001291793376207,-0.009378295391798,-0.005911021027714,0.0139863826334476,standing
1783088588551557600,9.0195576171875,0.1107473166123032,-0.2306223809234797,-0.0189805948019027,-0.0245181284844875,-0.0093557462096214,0.0062083369120955,standing
1783088588561601300,9.029601318359376,0.1380548641242086,-0.2230973922461271,-0.0027215339183807,-0.0304631032049655,-0.0130293099209666,-0.0004138795193284,standing
1783088588571645400,9.0396455078125,0.1782968581415712,-0.2089618993878364,0.005098784443736,-0.0223229993134737,-0.0201320275664329,0.0015412754146382,standing
1783088588581689600,9.049689697265626,0.0389534155115485,-0.1707657319843769,0.008413023558259,-0.007138455286622,0.0047189928591251,0.0047045778483152,standing
1783088588591734500,9.059734619140626,-0.0081395403791219,-0.1905398152515292,0.096347912120819,-0.0003397425170987,0.0143869668245315,0.0050083892419934,standing
1783088588601778400,9.0697783203125,0.0201721426740288,-0.2324329374767839,0.1302671328574419,-0.0092320367693901,0.0120425857603549,0.0024275199975818,standing
1783088588611822600,9.079822509765624,-0.0310563786514103,-0.1926442401848733,0.0536462499916553,-0.0113351000472903,0.0083939731121063,0.0049591492861509,standing
1783088588621866500,9.089866455078123,0.0095005995992571,-0.1818598113201558,0.0081692779302597,0.0032038949429988,0.005100707989186,0.005567948333919,standing
1783088588631911400,9.099911376953123,0.129575424266234,-0.1750590452641248,0.0068868369042873,0.0247924216091632,-0.0025135446339845,0.0010713537922129,standing
1783088588641955600,9.10995556640625,0.1228013270214199,-0.1563432388782501,0.0069306760460138,0.0343350619077682,-0.0056502157822251,-0.003563611768186,standing
1783088588651999500,9.11999951171875,0.1104170617446303,-0.145006875219196,0.0223942026376724,0.0316405966877937,-0.0081261480227112,-0.0091100642457604,standing
1783088588662044400,9.13004443359375,0.1173336362000554,-0.1704920296095311,0.0686772303849458,0.0141114043071866,-0.0111176762729883,-0.0166811645030975,standing
1783088588672088600,9.140088623046877,0.1037445251781493,-0.1906440062783658,0.043717561173439,-0.0058962199836969,-0.0164837650954723,-0.0168317314237356,standing
1783088588682132500,9.150132568359377,0.0436011682521551,-0.178755269433558,0.0237707516878843,-0.0113351941108703,-0.0236559249460697,-0.0133296754211187,standing
1783088588692176600,9.1601767578125,0.0017843261335045,-0.1673268435768783,0.0206307000964879,-0.0105236349627375,-0.0305720679461956,-0.0130185186862945,standing
1783088588702221300,9.17022119140625,0.0111928635351359,-0.1662193207263946,0.0271574715167284,-0.0056915953755378,-0.0354243479669094,-0.0099441660568118,standing
1783088588712265500,9.180265380859376,0.0340823023438453,-0.1921836369358003,0.0199935712367296,0.0017646218184381,-0.0314946696162223,-0.0133387455716729,standing
1783088588722309600,9.1903095703125,0.0449175115477293,-0.2142988765016198,0.0350368265897035,0.0042363014072179,-0.0135055501013994,-0.0129672354087233,standing
1783088588732354300,9.200354248046876,0.0539675909005105,-0.2079644127830862,0.0623281536191701,0.0046470779925584,0.010685077868402,-0.012389188632369,standing
1783088588742398500,9.2103984375,0.0814361011277884,-0.1767518206566572,0.0878027866154909,0.0073965257033705,0.0303264241665601,-0.0054857423529028,standing
1783088588752442600,9.220442626953124,0.0664892918866127,-0.1599193437993526,0.0871142198294401,0.0090872570872306,0.0328254625201225,-0.0028045964427292,standing
1783088588762486500,9.230486572265624,0.0891899301249533,-0.1143659455008804,0.0495633645921945,0.0070483409799635,0.0266724936664104,0.0004678959958255,standing
1783088588772531500,9.240531494140624,0.0772152685623615,-0.0709045510455965,0.0070896660000085,0.003996530547738,0.0177532136440277,0.001770082861185,standing
1783088588782575600,9.25057568359375,0.0632116584554314,-0.1365238551646471,-0.0077478376477956,-0.0079501438885927,0.0096657266840338,0.0060170255601406,standing
1783088588792619500,9.26061962890625,0.0269649446193128,-0.1795373597219586,0.0024719430714845,-0.0178052708506584,0.0001150122843682,0.0052608372643589,standing
1783088588802663700,9.27066357421875,-0.0185966369856148,-0.2075301130190491,0.0092617493420839,-0.0149114811792969,-0.0060075954534113,0.0093772849068045,standing
1783088588812708600,9.28070849609375,0.0077654463697224,-0.2614763688705861,0.0394143110215663,-0.0111302239820361,-0.0078586731106042,0.0072087906301021,standing
1783088588822752500,9.29075244140625,0.0583885491479188,-0.2675907600976526,0.0678401950389146,-0.0139577016234397,-0.0195536781102418,0.0050399117171764,standing
1783088588832796700,9.300796630859375,0.1174351238131523,-0.264355285307765,0.0483890601158142,-0.0102164931595325,-0.0283381156623363,0.0042177941650152,standing
1783088588842841600,9.310841552734376,0.1827828444492071,-0.2395997603662311,0.039373979011178,-0.0039319661445915,-0.0406025052070617,-0.0002171678934246,standing
1783088588852885500,9.320885498046875,0.1597915527012199,-0.2022021959945559,0.0422767147153615,0.0028124609962105,-0.0515256486833095,0.0014217285206541,standing
1783088588862929700,9.3309296875,0.0889589709132909,-0.2081672418788075,0.0263987621039152,0.002416715491563,-0.0568857938051223,0.0056758620776236,standing
1783088588872973600,9.3409736328125,0.0146451228808611,-0.2362891745135188,0.0492769488662481,-0.003280765376985,-0.0684542059898376,0.0084845162928104,standing
1783088588883018500,9.3510185546875,-0.0379840590227395,-0.2573890995569527,0.0785848764151334,-0.0030589238740503,-0.075168564915657,0.0101322140544652,standing
1783088588893062700,9.361062744140623,-0.011590046159178,-0.2558408472016453,0.0678483783453702,0.0057281488552689,-0.0701255276799202,0.0121548660099506,standing
1783088588903105300,9.371105224609376,0.0248752057984471,-0.2140953167535364,0.0710913057893514,0.0144097870215773,-0.0581580884754657,0.014936538413167,standing
1783088588913150200,9.381150146484377,0.0738031950965523,-0.2003162361174821,0.0814385122805833,0.0109535371884703,-0.0416491515934467,0.0117782950401306,standing
1783088588923194400,9.3911943359375,0.0953917804397642,-0.1950765818983316,0.0809247175395488,-0.0073463739827275,-0.0231886506080627,0.0081545319408178,standing
1783088588933238300,9.40123828125,0.0971384049113839,-0.1769263004407286,0.0621107114762067,-0.0212254971265792,0.0094956289976835,0.0059336558915674,standing
1783088588943282400,9.411282470703124,0.1078119938127696,-0.1812982319146394,0.0800081872165203,-0.0277931187301874,0.0300973113626241,0.0034198982175439,standing
1783088588953327400,9.421327392578124,0.0913483502678573,-0.192137459706515,0.0767903942137956,-0.0260294936597347,0.0406491197645664,0.0060074953362345,standing
1783088588963371300,9.431371337890624,0.0827630388826131,-0.1853776101827621,0.0447702850967645,-0.0095173632726073,0.0483895950019359,0.0092570846900343,standing
1783088588973415400,9.44141552734375,0.0692263156350702,-0.2096792538769543,0.0668617053955793,0.0014099543914198,0.0438537821173667,0.0130652505904436,standing
1783088588983460400,9.45146044921875,0.0668584174599498,-0.2156701648548245,0.0328156434088945,0.0002038087695837,0.0357327349483966,0.0160847436636686,standing
1783088588993504300,9.461504150390626,0.0770593473482876,-0.2369752570815384,0.0188683665990829,0.0014536506496369,0.0303088668733835,0.0117049049586057,standing
1783088589003548400,9.47154833984375,0.0395285119857639,-0.234033066149801,-0.0031979192584753,-0.0071606100536882,0.0112968254834413,0.0140657983720302,standing
1783088589013592300,9.48159228515625,0.026546353881061,-0.2269688268519938,-0.0201128137022256,-0.0036101983860135,-0.0004112389869987,0.0195182580500841,standing
1783088589023637200,9.49163720703125,-0.0245288035135716,-0.1585660294942557,0.0188385559827089,0.0080403322353959,0.0019672301132231,0.0254573728889226,standing
1783088589033681400,9.501681396484376,0.0107199853263795,-0.1822980566069483,0.0962035352140665,0.011749705299735,-0.0038600256666541,0.0308040473610162,standing
1783088589043725300,9.511725341796875,0.0585561607997864,-0.2457500996895134,0.0854746359288692,0.0046731536276638,-0.0044547095894813,0.0305502489209175,standing
1783088589053769500,9.52176953125,0.0871163387212902,-0.2303682600319385,0.0339426016122102,0.0023777396418154,0.0108609478920698,0.0231178700923919,standing
1783088589063814400,9.531814453125,0.1093754437372088,-0.2298769693836569,0.0573679008632898,-0.0044346265494823,0.0250393506139516,0.012554177083075,standing
1783088589073858300,9.5418583984375,0.1072721147824078,-0.2371874385274946,0.0301817877739667,-0.0197861604392528,0.0315710231661796,0.0084076197817921,standing
1783088589083902500,9.55190234375,0.1442016963161528,-0.2264003793142736,-0.0193061734944581,-0.0219723489135503,0.0430668219923973,0.0048288642428815,standing
1783088589093947400,9.561947509765623,0.126037970855087,-0.1901153062291443,-0.0042921442359685,-0.0131254140287637,0.0503001473844051,0.0070240246132016,standing
1783088589103991300,9.5719912109375,0.0494542051292955,-0.1717702328518033,0.037536826711893,-0.0085050957277417,0.0550661422312259,0.0084328362718224,standing
1783088589114035500,9.582035400390623,0.0465228278525173,-0.1840932694606483,0.0505734184175729,-0.0149863883852958,0.0460624396800994,0.0103743225336074,standing
1783088589124079000,9.5920791015625,0.0464890717133879,-0.1815875702500343,0.0617126520693302,-0.0207140482962131,0.0281891636550426,0.0120097696781158,standing
1783088589134124300,9.602124267578125,0.051151510566473,-0.1706973429232835,0.0202338097333908,-0.0161339584738016,0.0081776427105069,0.0138348015025258,standing
1783088589144168400,9.61216845703125,0.0373429115749895,-0.1943159727893769,0.0152209500074386,0.0010066784452646,-0.0065999715588986,0.0207829885184764,standing
1783088589154212400,9.62221240234375,0.0405748792335391,-0.2217142673246562,0.0596194791823625,0.0098285004496574,-0.0178682543337345,0.0298381187021732,standing
1783088589164257300,9.63225732421875,0.0600815437361598,-0.251512754869461,0.0700046795964241,0.0123238824307918,-0.027076132595539,0.0357042625546455,standing
1783088589174301400,9.642301513671876,0.108936394732818,-0.2866328758284449,0.0416191275894641,0.0028043780475854,-0.032434593886137,0.0362565778195858,standing
1783088589184345300,9.652345458984374,0.1004604620061814,-0.26432722825706,0.0517564907222986,-0.0041145142167806,-0.0248890612274408,0.0356059670448303,standing
1783088589194389200,9.66238916015625,0.136480527479574,-0.2269219189703464,0.0789016872793436,-0.009938733652234,-0.0286108199506998,0.0254572853446006,standing
1783088589204434400,9.672434326171874,0.1482551364254206,-0.2329800499655306,0.0323369199812412,-0.0174429882317781,-0.0211600940674543,0.0224242117255926,standing
1783088589214478300,9.682478271484374,0.0820287332586944,-0.2221216790817677,0.0021779285609722,-0.0152651341632008,-0.0103139309212565,0.0146628944203257,standing
1783088589224522200,9.692522216796876,0.0349326355628669,-0.2055672885134816,0.0161252053707838,-0.0112940948456525,0.0221633203327655,0.0067948517389595,standing
1783088589234566400,9.70256640625,0.0412227486830204,-0.1935446961559355,0.0823807615667581,-0.0192716084420681,0.0429106764495372,0.0058794897049665,standing
1783088589244611300,9.712611328125,0.0479490612633526,-0.2073264071404933,0.0786795689612627,-0.0279495194554328,0.0449333488941192,0.0092822099104523,standing
1783088589254655500,9.722655517578126,-0.0449924034148454,-0.1828758564949035,-0.0007341594934463,-0.0194493066519498,0.060801163315773,0.010536789894104,standing
1783088589264699400,9.732699462890626,-0.0358832142859697,-0.2203795115895569,0.0560199933856725,-0.0172892156988382,0.0554263703525066,0.0017946974840015,standing
1783088589274744300,9.742744384765626,0.040621640984714,-0.2689488967083394,0.0762754304289817,-0.0348405987024307,0.0346421748399734,-0.0104095879942178,standing
1783088589284788500,9.75278857421875,0.0320449512973427,-0.2269080365754663,-0.0110474637150764,-0.0535692796111106,0.021626241505146,-0.0175322126597166,standing
1783088589294832000,9.76283203125,0.0560343141719698,-0.2799333781898021,-0.049293900001049,-0.0552762076258659,0.0114654041826725,-0.0108733735978603,standing
1783088589304876300,9.772876220703123,0.0481327472671866,-0.2887720798142254,-0.0346346755295991,-0.0394809991121292,0.019164603203535,0.0023071425966918,standing
1783088589314921500,9.78292138671875,0.1099460101667791,-0.3001515519626438,0.0539466942429542,-0.0153716020286083,0.0140608195215463,0.0031916652806103,standing
1783088589324965000,9.792965087890623,0.2085211698830127,-0.261228531589359,0.0319113880455493,0.0217115841805934,0.0336851216852664,0.0073166354559361,standing
1783088589335009300,9.80300927734375,0.0124363607902079,-0.2282172194778919,-0.0120288759678602,0.045909933745861,0.1380342543125152,0.0249502789229154,standing
1783088589345054500,9.813054443359375,-0.0983679467063397,-0.1773360502853989,0.3555009526103734,0.1426226198673248,0.2331360131502151,-0.0042028129100799,standing
1783088589355098400,9.823098388671877,0.1665721527520567,-0.1037079194948077,0.5201578463256359,0.1319904029369354,0.150814950466156,-0.0234162732958793,standing
1783088589365142300,9.833142333984377,0.1809354630168527,0.0389171751543879,-0.0004103343665599,0.0947530195116996,0.0995815843343734,-0.0047136908397078,standing
1783088589375186400,9.8431865234375,0.042888928329572,-0.0968238590694963,-0.2565928346127271,0.0231454074382781,0.0376295410096645,0.0191458202898502,standing
1783088589385231400,9.8532314453125,-0.054760714039579,-0.3513092000089585,-0.2702063494235277,-0.0448307134211063,-0.0070737479254603,0.0361301302909851,standing
1783088589395275300,9.863275146484376,-0.1451835469603538,-0.3918834947206079,-0.2053103911429643,-0.0922096669673919,-0.0281665213406085,0.0488201230764389,standing
1783088589405319400,9.8733193359375,-0.1480495308507233,-0.3839744751617312,-0.0499140777260065,-0.1245209947228431,-0.0258101560175418,0.054618090391159,standing
1783088589415363300,9.88336328125,-0.090405224198848,-0.3140899148136377,0.1144002861618995,-0.1138631850481033,-0.0058140172623097,0.0353750213980674,standing
1783088589425408300,9.893408203125,-0.1322546534128487,-0.1854744946859776,0.2094441299468278,-0.0475403480231761,0.0415558964014053,0.0360948741436004,standing
