time,seconds_elapsed,accel_x,accel_y,accel_z,gyro_x,gyro_y,gyro_z,label
1783087711105868300,0.054868408203125,-0.1089095797911286,0.3713981944441795,0.0929477482885122,0.0156340207904577,-0.3881277740001678,0.7480454444885254,standing
1783087711115913200,0.064913330078125,-0.2425827216997742,0.145931515783444,0.3021902181833982,0.0578485280275344,-0.4306652545928955,0.7483449578285217,standing
1783087711125957400,0.074957275390625,-0.2159241396158933,0.240751706880331,0.4274123426109552,0.1048021912574768,-0.4101660847663879,0.7341561913490295,standing
1783087711136002300,0.085002197265625,-0.0741762661926448,0.613648615449667,0.3364800257980823,0.1505970209836959,-0.3397227823734283,0.7215874791145325,standing
1783087711146046200,0.095046142578125,0.0383230086535215,1.0567070016123354,0.2818149541527032,0.1496827602386474,-0.2537833750247955,0.7330763339996338,standing
1783087711156091100,0.105091064453125,0.1068039858140051,1.480607975101471,0.4254781596779823,0.0817686915397644,-0.2122603505849838,0.7836317420005798,standing
1783087711166135300,0.11513525390625,0.1923489105001092,1.8002742287427187,0.757615772357583,-0.007520705461502,-0.2031978815793991,0.8667274117469788,standing
1783087711176180200,0.12518017578125,0.3587387654878199,1.9936738173395392,0.947474911868572,-0.0626137033104896,-0.1907041519880294,0.9783416986465454,standing
1783087711186224000,0.13522412109375,0.4478124488219618,2.2222668843925,1.1794926926732063,-0.0750631839036941,-0.1414503157138824,1.1180378198623655,standing
1783087711196269300,0.145269287109375,0.6163970373749733,2.2694518294155595,1.2437643815755843,-0.0917605012655258,-0.0402256175875663,1.2393670082092283,standing
1783087711206313200,0.155313232421875,1.033225295998901,1.907981447006762,0.8621849848568439,-0.1557030081748962,0.0553160868585109,1.3619285821914673,standing
1783087711216357000,0.165357177734375,1.4090394071891903,1.559832464594394,0.1971726773947477,-0.2445133626461029,0.1646953970193863,1.49079430103302,standing
1783087711226402300,0.17540234375,1.6377856189772486,1.2618065264835954,-0.4326373837828636,-0.3203769624233246,0.257389634847641,1.5965667963027954,standing
1783087711236446200,0.1854462890625,1.8183681038379669,0.9057486706428228,-0.5660749633699655,-0.3638266026973724,0.264033704996109,1.6274656057357788,standing
1783087711246491100,0.1954912109375,1.9633499907463787,0.4686615774421021,-0.2167611749619245,-0.3736635148525238,0.101916953921318,1.589486002922058,standing
1783087711256535300,0.205535400390625,1.9139600830249488,0.2078096240801736,0.2015472392171621,-0.3140491545200348,-0.1920120269060135,1.54197359085083,standing
1783087711266580200,0.215580322265625,1.665310462501645,0.4444079741407185,-0.0634749855667352,-0.2047484815120697,-0.3143920302391052,1.502961277961731,standing
1783087711276624100,0.2256240234375,1.5525804476395249,0.8438086395584047,-1.326747785210609,-0.0735542476177215,-0.2584842443466186,1.4785648584365845,standing
1783087711286669300,0.23566943359375,1.3622810170151292,0.9791225344114004,-2.1359780094712972,0.0444309711456298,-0.1012112572789192,1.4498943090438845,standing
1783087711296713200,0.245713134765625,1.337121587447822,0.9949725030373782,-2.9311452215880154,0.1252016574144363,0.1908591389656067,1.4675639867782593,standing
1783087711306758100,0.255758056640625,1.3353558929495513,0.9819685714922844,-3.3841216290444134,0.1511981040239334,0.4313748180866241,1.5446367263793943,standing
1783087711316802300,0.26580224609375,1.088948060003668,0.5110373320851475,-2.613464588806033,0.1194984540343284,0.4774755239486694,1.6528292894363403,standing
1783087711326846200,0.27584619140625,0.6755564978301525,-0.4225874432051554,-1.437755506324768,0.0429682619869709,0.4273702800273895,1.7344772815704346,standing
1783087711336891100,0.28589111328125,0.2167316566064953,-1.684185112711042,-0.6916986543357372,-0.0541301444172859,0.2771725952625274,1.7568690776824951,standing
1783087711346935300,0.295935302734375,0.0454589980132877,-2.5021327503040434,0.054586745712161,-0.4124512672424316,0.6657142043113708,1.6868311166763306,standing
1783087711356980200,0.305980224609375,-1.3581187827691434,-4.762586157488823,-3.0999148113191124,-0.608983039855957,1.2475721836090088,1.2579445838928225,standing
1783087711367024000,0.316024169921875,-1.7222575076043605,-7.078628473165631,-2.9983260759353634,-0.6143972277641296,1.0254610776901243,0.9288276433944702,standing
1783087711377069300,0.3260693359375,-0.7646987894210964,-3.792800921873748,0.6957265946775675,-0.6111836433410645,0.2915659248828888,0.6587777137756348,standing
1783087711387113200,0.33611328125,-0.739381977334991,-3.4394314283341165,0.8024749047815799,-0.5901864767074585,0.0493069626390934,0.2762908041477203,standing
1783087711397158100,0.346158203125,-0.4514825156368315,-4.320616589476168,-1.185819557607174,-0.5673031806945801,0.0720717757940292,0.0144513696432113,standing
1783087711407202300,0.356202392578125,-0.7864181615371256,-3.165059483663738,-1.756996228030324,-0.7311336994171143,0.4881302416324615,0.0379764065146446,standing
1783087711417247200,0.366247314453125,-1.5215326906859874,-0.7333869016386568,-3.5758828027844425,-1.018025279045105,1.2301689386367798,0.4734839498996734,standing
1783087711427291100,0.376291015625,-1.4621763924844562,2.734119259187579,-3.9284213984578846,-1.2969262599945068,1.917167901992798,0.9926350116729736,standing
1783087711437335300,0.386335205078125,-0.2918863759098574,2.8960680629879234,-2.3697131155878304,-1.4523552656173706,2.245492696762085,1.4356589317321775,standing
1783087711447380200,0.396380126953125,0.5594740672675892,1.606148956219852,-0.5269254407644272,-1.4324427843093872,1.8999130725860596,1.8283241987228391,standing
1783087711457424100,0.406424072265625,1.0174411591507493,0.6624946986179798,1.6666688913732766,-1.219935417175293,0.9447539448738098,2.0487759113311768,standing
1783087711467469300,0.41646923828125,1.6243815091334282,-0.8055242824148386,3.710896253386139,-0.8878555297851562,-0.2384970188140869,2.094619035720825,standing
1783087711477513200,0.42651318359375,1.854678019103408,-2.0782716704338786,4.442188666963577,-0.5932158827781677,-1.1376745700836182,1.920525074005127,standing
1783087711487558100,0.43655810546875,1.804346592748165,-3.4472274890378114,3.88351959593594,-0.399002730846405,-1.538617730140686,1.5006004571914673,standing
1783087711497602300,0.446602294921875,0.7706424271911382,-5.274028782439231,2.4093647424966096,-0.2474171817302703,-1.107831954956055,0.7869638800621033,standing
1783087711507647200,0.456647216796875,-1.7978114918909966,-7.334145787501335,-1.0156254880309104,-0.0303695630282163,-0.0328559726476669,-0.0731929391622543,standing
1783087711517691100,0.466691162109375,-3.790378663162887,-7.130677224832773,-3.076978172367811,0.142347902059555,0.3904111683368683,-0.5510756373405457,standing
1783087711527735300,0.4767353515625,-2.6860215832337735,-2.673479204785824,-0.5891179853051901,0.1058010756969451,0.088194340467453,-0.6731791496276855,standing
1783087711537780200,0.4867802734375,0.302591127134487,-0.0109778325449675,1.1485106944322585,-0.0175168812274932,-0.1151140928268432,-0.5585644245147705,standing
1783087711547824000,0.49682421875,1.5593666006483136,0.3507053888969123,0.7325432904213667,-0.1296580582857132,0.0213457457721233,-0.3013065159320831,standing
1783087711557869300,0.506869384765625,1.2509976938299834,0.6062020257707685,-0.282374926123023,-0.214491918683052,0.2419071793556213,-0.1058959141373634,standing
1783087711567913200,0.516913330078125,0.7029102225713432,0.4708686224997043,-1.06113285523057,-0.2303920537233352,0.3274047672748565,-0.0471543073654174,standing
1783087711577958400,0.52695849609375,0.1953946348715573,-0.1532647082157432,-0.822892838910222,-0.1356843113899231,0.3346888124942779,-0.0397692881524562,standing
1783087711588002300,0.537002197265625,0.0642008156232535,-0.5644980694420635,-0.3301449775576591,-0.0045127058401703,0.3130319714546203,-0.0043284725397825,standing
1783087711598047200,0.547047119140625,0.3219075297620147,-0.6076579967327416,0.0473334135830402,0.0933484882116317,0.2203259468078613,0.0405134558677673,standing
1783087711608091100,0.557091064453125,0.7281213823258876,-0.5179553678452968,0.3111328185737133,0.1467030495405197,0.1152000501751899,0.0671192333102226,standing
1783087711618136000,0.567135986328125,0.8147441653765738,-0.4876925507243722,0.1713508383959531,0.1727510094642639,0.0364252887666225,0.0650233775377273,standing
1783087711628180200,0.57718017578125,0.6146185564603656,-0.4973007023513316,0.0089390932589769,0.1702644079923629,-0.0612621195614337,0.0439561754465103,standing
1783087711638224100,0.58722412109375,0.5130919265273958,-0.5532833594013005,0.0162508775770664,0.140471950173378,-0.1650285869836807,0.0283663440495729,standing
1783087711648269000,0.59726904296875,0.5276602213123813,-0.5257617307472974,-0.0466512765377759,0.0708830133080482,-0.2426943480968475,0.0366330631077289,standing
1783087711658313200,0.607313232421875,0.3584409881176427,-0.3891189984433352,-0.0612444500356912,-0.0371721386909484,-0.3124185502529144,0.0409334413707256,standing
1783087711668358400,0.6173583984375,0.1804852350313216,-0.2362247309751808,0.0277466695815324,-0.1699837148189544,-0.3688346743583679,0.0501831322908401,standing
1783087711678402300,0.62740234375,0.2729053061839193,-0.0680886168420314,0.0518278023928403,-0.284991592168808,-0.4258474707603454,0.0753310620784759,standing
1783087711688447200,0.637447265625,0.5238739807719365,0.215473838565126,0.0906160904705524,-0.2794748544692993,-0.5053582787513733,0.1288872212171554,standing
1783087711698491400,0.647491455078125,0.6218798527002334,0.1793681406348943,0.2122761385023593,-0.1624618619680404,-0.5440674424171448,0.1726067960262298,standing
1783087711708536000,0.6575361328125,0.4386345053058117,-0.0917987243838608,0.0565600916117429,-0.0735983029007911,-0.6465011835098267,0.1874062567949295,standing
1783087711718580200,0.667580322265625,0.6576927051637321,-0.0903727832339704,-0.2454261284321546,-0.0084778908640146,-0.7808483242988586,0.2066497206687927,standing
1783087711728624400,0.677624267578125,0.8063355987977237,-0.0554296262770891,-0.4012894748389721,0.0156596694141626,-0.895065188407898,0.2288935035467147,standing
1783087711738669000,0.6876689453125,0.9382958723738788,-0.1487169817835092,-0.4735755433708429,-0.0190788898617029,-0.971275508403778,0.2631894052028656,standing
1783087711748713200,0.697713134765625,1.014422395851463,-0.1036617422655224,-0.512384289714694,-0.0661744996905326,-0.9894002079963684,0.3198273777961731,standing
1783087711758758400,0.70775830078125,0.8742206558916717,0.0465849333032965,-0.466378325343132,-0.0694822818040847,-0.9647016525268556,0.3842916190624237,standing
1783087711768802000,0.717802001953125,0.7146827856905758,0.1077599713645875,-0.325848157146573,-0.0102743543684482,-0.9046359062194824,0.4201843738555908,standing
1783087711778847200,0.72784716796875,0.5721186274483799,0.0919219123721122,-0.1457435189306735,0.070224680006504,-0.8046442270278931,0.4222643673419952,standing
1783087711788891400,0.737891357421875,0.4235838703639805,0.1001870518922805,0.1435866331577301,0.1326752752065658,-0.6978826522827148,0.3995364308357239,standing
1783087711798936000,0.74793603515625,0.4281330581009387,0.1343948803119361,0.4580418741524219,0.1594565510749817,-0.6078373193740845,0.3707892596721649,standing
1783087711808980200,0.757980224609375,0.3916375571355223,0.1562616980746388,0.5002835175544024,0.1470925658941269,-0.5238667726516724,0.3321428000926971,standing
1783087711819024400,0.7680244140625,0.4118738510869443,0.0025486615695059,0.2769651760339737,0.1023438572883606,-0.4216210544109344,0.2708636820316314,standing
1783087711829069000,0.778069091796875,0.3964068173639476,-0.1727716649793088,-0.0143365683883428,0.0166119132190942,-0.2876488864421844,0.1886015832424163,standing
1783087711839113200,0.78811328125,0.2868275216177106,-0.2805484413482249,-0.1797574322134256,-0.0965496152639389,-0.1469076126813888,0.1038436517119407,standing
1783087711849158400,0.798158447265625,0.2451616322770714,-0.2703076178409159,-0.1249947454124689,-0.1812344044446945,0.0027580540627241,0.0268649794161319,standing
1783087711859202000,0.8082021484375,0.1893992669142782,-0.2938132888518274,0.0109019177645444,-0.2058380246162414,0.127496525645256,-0.0504103638231754,standing
1783087711869247200,0.818247314453125,0.1870879212319851,-0.3838800748765468,0.1042377885878086,-0.1721090823411941,0.2256398648023605,-0.137886956334114,standing
1783087711879291400,0.82829150390625,0.2133696328274905,-0.4233396863445639,0.1450795020639896,-0.1063513457775116,0.2714346647262573,-0.2181771993637085,standing
1783087711889336000,0.838336181640625,0.3075916388355195,-0.4358522541761398,0.1117173306882381,-0.0607156902551651,0.2546700835227966,-0.286323219537735,standing
1783087711899380200,0.848380126953125,0.4430149854123592,-0.595992547249794,-0.0791769970893859,-0.0433716513216495,0.2096209228038787,-0.3465878367424011,standing
1783087711909425200,0.858425048828125,0.5548407449111342,-0.6873071413785219,-0.307162745898962,-0.035675648599863,0.1605202108621597,-0.3865467011928558,standing
1783087711919469000,0.868468994140625,0.457572649205476,-0.6359190455771982,-0.5857388642609119,-0.0332869365811347,0.1298815160989761,-0.4179253578186035,standing
1783087711929513200,0.87851318359375,0.3172258747518062,-0.7020094743393361,-0.6717535984158516,-0.045661311596632,0.0819989442825317,-0.4236295819282532,standing
1783087711939558100,0.88855810546875,0.4125307075604796,-0.7229778819575905,-0.3337900560617446,-0.062972255051136,0.0369249433279037,-0.4100635349750519,standing
1783087711949602000,0.89860205078125,0.3779103528171778,-0.5657667742036283,-0.0756909085392951,-0.0792566835880279,-0.0075304047204554,-0.3807770013809204,standing
1783087711959647200,0.908647216796875,0.1859378744140267,-0.2562913674481213,-0.0275192905664443,-0.0955800563097,-0.0158306546509265,-0.3163419067859649,standing
1783087711969691400,0.91869140625,0.07171879003793,0.0527624528944492,-0.0735825380831956,-0.1027676612138748,-0.0027057970874011,-0.2255289256572723,standing
1783087711979736300,0.928736328125,0.0463711444221437,0.2310365146823227,0.0858235954970121,-0.0597078874707222,-0.0273168943822383,-0.1120075285434722,standing
1783087711989780200,0.9387802734375,0.0999215328238904,0.4206561463490128,0.3548451190501451,-0.0058108363300561,-0.0676352903246879,-0.0097954049706459,standing
1783087711999824400,0.948824462890625,0.2393244505561888,0.4621915411777794,0.4103969104021787,0.0228900294750928,-0.1209471300244331,0.0795799493789672,standing
1783087712009869300,0.958869384765625,0.3741204590149223,0.4678992513000964,0.3044564095497131,0.0367504507303237,-0.1744324713945388,0.159041479229927,standing
1783087712019913200,0.968913330078125,0.4186100274741649,0.3238084680125117,0.137441554531455,0.0381130464375019,-0.2201114743947982,0.1900063008069992,standing
1783087712029958100,0.978958251953125,0.464208433958143,0.0922131504036486,0.0325169527232646,0.0287059638649225,-0.2417312711477279,0.1729218512773513,standing
1783087712040002300,0.989002197265625,0.4974684601336717,-0.0056907589875161,-0.0438321274638175,0.0077263806015253,-0.2266433089971542,0.1261890083551406,standing
1783087712050047200,0.999047119140625,0.4424265179999172,0.0578201746754348,-0.0059849196285009,-0.0271067004650831,-0.1818089932203292,0.0688873752951622,standing
1783087712060091100,1.009091064453125,0.3686120708569884,0.0776955263599753,0.1789759264469146,-0.0792545676231384,-0.1244212836027145,0.0034463321790099,standing
1783087712070136300,1.01913623046875,0.3249455092184245,0.0740057319313287,0.3871861306846141,-0.1345870643854141,-0.0493438392877578,-0.0571488365530967,standing
1783087712080180200,1.02918017578125,0.1956158033415675,0.0882112212859094,0.5324035799145698,-0.1430304497480392,0.0159580707550048,-0.0918971225619316,standing
1783087712090225200,1.03922509765625,0.0585338759027421,0.0373797364540398,0.5423293461233377,-0.1141591072082519,0.0487008392810821,-0.1103778630495071,standing
1783087712100269300,1.049269287109375,0.0906163827314972,-0.0710810766562819,0.4538403308093547,-0.0770413875579834,0.0595306195318698,-0.1209763810038566,standing
1783087712110313200,1.059313232421875,0.2420038988985121,-0.1262371466889977,0.2805383583456278,-0.0469769574701786,0.074871227145195,-0.1328990757465362,standing
1783087712120358100,1.069358154296875,0.3317635186702012,-0.1924307435646653,0.0337520474761724,-0.0226697120815515,0.1087637096643447,-0.1443297713994979,standing
1783087712130402300,1.07940234375,0.3876756677672267,-0.195047940325737,-0.0678483783453702,-0.0168373882770538,0.1508389860391616,-0.1522026062011718,standing
1783087712140447500,1.089447509765625,0.3476268582344055,-0.20086583282426,-0.0486503414005041,-0.0320194140076637,0.1833210885524749,-0.1550466418266296,standing
1783087712150491100,1.0994912109375,0.1682531646415591,-0.2452272448591888,-0.0896300020426511,-0.0525941960513591,0.184960275888443,-0.1481668949127197,standing
1783087712160536300,1.109536376953125,-0.0337616920873522,-0.2717572321273386,-0.2414320903599262,-0.0498406551778316,0.1572132259607315,-0.1234091743826866,standing
1783087712170580500,1.11958056640625,-0.0414190749727189,-0.2814879141554236,-0.3980436247855424,-0.0144411185756325,0.1259320080280304,-0.0948662236332893,standing
1783087712180624100,1.1296240234375,-0.0030444822624325,-0.1979690884694457,-0.4896119014143943,0.0120513327419757,0.0858638510107994,-0.0728213563561439,standing
1783087712190669300,1.13966943359375,0.024982611695677,-0.0839748988904059,-0.4893862759649753,-0.0016386467032134,0.0585169158875942,-0.0447308607399463,standing
1783087712200713200,1.149713134765625,-0.0346786608017981,0.0239617442153394,-0.3643248950570821,-0.0478540584444999,0.0498764365911483,-0.0048512946814298,standing
1783087712210758100,1.159758056640625,-0.1383773740768432,0.0809447374142706,-0.1027735612541437,-0.0954476818442344,0.0490540526807308,0.0373411662876606,standing
1783087712220802300,1.16980224609375,-0.1733285682097077,0.068728229919821,0.1637345181733369,-0.1231044232845306,0.0484087020158767,0.0680809840559959,standing
1783087712230847200,1.17984716796875,-0.1571861194431781,0.0357682096041738,0.3408826446712016,-0.11856160312891,0.0505552105605602,0.0854503810405731,standing
1783087712240891100,1.18989111328125,-0.1100831536151468,-0.0238992003731429,0.4250234016478061,-0.0874166712164878,0.0432846993207931,0.0933535024523735,standing
1783087712250936300,1.199936279296875,-0.0950419440887868,-0.0446045731410384,0.4359522074192762,-0.050586212426424,0.0136562325060367,0.098515510559082,standing
1783087712260980500,1.20998046875,-0.0216556592300534,-0.0584635871455073,0.4615636185377836,-0.0190742351114749,-0.0255846679210662,0.1073950827121734,standing
1783087712271025200,1.220025146484375,0.0842351572617888,-0.1223192425929009,0.4007248266935348,0.0120232310146093,-0.0665014833211898,0.107787899672985,standing
1783087712281069300,1.2300693359375,0.1832265696287155,-0.125704208856076,0.2134691476792097,0.0385473445057868,-0.1023436337709426,0.0908292308449745,standing
1783087712291113500,1.240113525390625,0.2702912512280047,-0.1295513858035206,-0.0066413377106189,0.0490705594420433,-0.1154477223753929,0.0634463503956794,standing
1783087712301158100,1.250158203125,0.2941768614672124,-0.115149058702588,-0.1538829862445593,0.0408841297030448,-0.1038324534893035,0.0289597585797309,standing
1783087712311202300,1.260202392578125,0.2501600250862538,-0.0701011257082223,-0.2199152550786733,0.0197005458176136,-0.0699376016855239,0.0032775662839412,standing
1783087712321247200,1.270247314453125,0.1537919469602406,-0.0768757344096899,-0.175317988461256,-0.0003971818368881,-0.0311617534607648,-0.0143459653481841,standing
1783087712331291100,1.280291015625,-0.021673194886744,-0.1037359765455126,-0.0585468815147876,-0.014922329224646,-0.0116061605513095,-0.0373921617865562,standing
1783087712341336300,1.29033642578125,-0.0655892012417316,-0.1756007509253919,0.0955056160777807,-0.0274752229452133,0.0035009286366403,-0.0634479373693466,standing
1783087712351380200,1.300380126953125,-0.0859518980517983,-0.2224295759871602,0.0918792422741651,-0.0349440574645996,0.0131913721561431,-0.0850126147270202,standing
1783087712361425200,1.310425048828125,-0.1047151968412101,-0.2350453119322657,0.0092418755978345,-0.0364018119871616,0.0136795090511441,-0.0987014397978782,standing
1783087712371469300,1.32046923828125,0.007733078470081,-0.2138363735564053,-0.005283493360877,-0.0321375578641891,0.0142704639583826,-0.1075178310275077,standing
1783087712381513500,1.330513427734375,0.0269002818852663,-0.1468476807802915,-0.0209311443477869,-0.0294222980737686,0.0126333385705947,-0.1084346175193786,standing
1783087712391558100,1.34055810546875,0.0345284386761486,-0.1326091659389436,0.0123433487445116,-0.0305386930704116,0.0147777143865823,-0.1069784015417099,standing
1783087712401602300,1.350602294921875,0.0157883746318519,-0.1323695119641721,0.0411205304175615,-0.0359049849212169,0.015152808278799,-0.1095809042453765,standing
1783087712411647200,1.360647216796875,0.0217465523838996,-0.1172919159501791,0.0780775114148855,-0.0464228726923465,0.0019544488750398,-0.1045605763792991,standing
1783087712421691100,1.370691162109375,0.0364192208588123,-0.0847021902516484,0.166759418952465,-0.0622891262173652,-0.0237075220793485,-0.098082348704338,standing
1783087712431736300,1.380736328125,0.0206779002390801,-0.070074676092714,0.1947539258152246,-0.0594922751188278,-0.0564311146736145,-0.0815209448337555,standing
1783087712441780200,1.3907802734375,0.0232445358566939,-0.0841705675929784,0.1378162330627441,-0.0377601236104965,-0.1018717661499977,-0.0637372285127639,standing
1783087712451825400,1.400825439453125,0.0085775664702057,-0.1124975212804973,0.1236585283726453,-0.0130257504060864,-0.1488861441612243,-0.0583781525492668,standing
1783087712461869300,1.410869384765625,0.0766433869585394,-0.1182628068089485,0.0510690929800271,0.0120569262653589,-0.1802892684936523,-0.0559819191694259,standing
1783087712471913200,1.420913330078125,0.0962684171438217,-0.0768840638466179,-0.0305471139550209,0.0237657781690359,-0.2117425203323364,-0.0444909110665321,standing
1783087712481958100,1.430958251953125,0.1151689324468374,-0.0705760497435927,-0.0441156205803155,0.0263756159693002,-0.2286915034055709,-0.0322128124535083,standing
1783087712492002300,1.441002197265625,0.1176058042049408,-0.0851170546628534,0.0263853181004524,0.0205632671713829,-0.2263966500759124,-0.022795345634222,standing
1783087712502047200,1.451047119140625,0.0814091400556266,-0.092246906542778,0.0480979682147502,0.0146589362993836,-0.2109864652156829,-0.0218988303095102,standing
1783087712512091100,1.461091064453125,0.0584188712209463,-0.0611054799564182,0.0110924719005823,0.0094772242009639,-0.1789544969797134,-0.0176761224865913,standing
1783087712522136300,1.47113623046875,0.0538340276487171,-0.0133922732755541,0.0074865563631057,0.0060422793030738,-0.1401018947362899,-0.0156614407896995,standing
1783087712532180200,1.48118017578125,0.0634092268541455,-0.0015539514437317,0.0530330865293741,-0.0013280190760269,-0.1007398441433906,-0.0193075742572546,standing
1783087712542224100,1.49122412109375,0.0497225006766617,-0.0343088045760989,0.0680137980401515,-0.0139869889244437,-0.0718442052602768,-0.0267869420349597,standing
1783087712552269300,1.501269287109375,0.0324175840020179,-0.0553441399507224,0.0658393766105175,-0.0322791785001754,-0.0461841151118278,-0.0362283810973167,standing
1783087712562313200,1.511313232421875,0.0536406970337033,-0.07268851185292,0.079872578138113,-0.0409440137445926,-0.0185566693544387,-0.0463367812335491,standing
1783087712572358400,1.5213583984375,0.1192525484986603,-0.0502720973834395,0.0457972900569438,-0.0314999110996723,-0.0025675827637314,-0.0556408017873764,standing
1783087712582402300,1.53140234375,0.0797026283986866,-0.0262375801928341,0.0620984365165233,-0.0165415946394205,0.0060003544203937,-0.0604124441742897,standing
1783087712592447200,1.541447265625,0.0056419514097273,-0.0205795544311404,0.0741407564878463,-0.0124326040968298,-0.0087628792971372,-0.0642684400081634,standing
1783087712602491400,1.551491455078125,0.0281575884699821,-0.0257072727084159,0.1259516077458858,-0.026950292289257,-0.0246291942894458,-0.0686128512024879,standing
1783087712612536000,1.5615361328125,0.0666898559600114,-0.0170613171771168,0.1025835916399955,-0.0440399795770645,-0.0436334572732448,-0.0762870386242866,standing
1783087712622580200,1.571580322265625,0.0618105594858527,-0.0193932672560214,0.0905827727228403,-0.0430651642382144,-0.0635853484272956,-0.0799860879778862,standing
1783087712632624400,1.581624267578125,-0.0166036365374922,-0.0228545136258006,0.0462041172921657,-0.0217553488910198,-0.0861716195940971,-0.0762531384825706,standing
1783087712642669300,1.59166943359375,-0.0099837800063192,-0.0235452723689377,0.0381178414702415,0.0093208132311701,-0.102419726550579,-0.0706412717700004,standing
1783087712652713200,1.601713134765625,0.0330875922180712,-0.0535427896171808,0.0256897370517253,0.0189377553761005,-0.1050120443105697,-0.0667823553085327,standing
1783087712662758400,1.61175830078125,0.0237236976757645,-0.0596359919257462,0.0220849905580282,0.0083231106400489,-0.0976120457053184,-0.0681167542934417,standing
1783087712672802300,1.62180224609375,0.0363594534955918,-0.0736456664472818,0.0185486331254243,-0.0142783373594284,-0.0861798971891403,-0.0632010921835899,standing
1783087712682847200,1.63184716796875,0.0600134469360113,-0.0326892405502498,0.0692208357423544,-0.0254556462168693,-0.0806547850370407,-0.0515253245830535,standing
1783087712692891400,1.641891357421875,0.0841964326865971,-0.0298933262214064,0.0315536606490612,-0.0202401112765073,-0.0659991428256034,-0.0371554419398307,standing
1783087712702936000,1.65193603515625,0.0225558229401707,-0.0686715312965214,-0.0066910220712423,-0.0054161557927727,-0.0470676980912685,-0.025400998070836,standing
1783087712712980200,1.661980224609375,0.0333243235833942,-0.0892928790427744,0.0346159708291292,-0.0004701332654803,-0.0353047810494899,-0.0134628443047404,standing
1783087712723024400,1.6720244140625,0.1081073234975338,-0.1050054119594395,0.0863841519892215,0.0026315259747207,-0.0203070808202028,-0.0052486080676317,standing
1783087712733069000,1.682069091796875,0.1628853539980947,-0.1184891629107296,0.1313257019996643,0.0063895126804709,0.0027162129990756,-0.0080654332414269,standing
1783087712743113200,1.69211328125,0.1748717059984803,-0.0938337373428046,0.1747732140600681,0.0006760500837117,0.0305946767330169,-0.0159319397062063,standing
1783087712753158400,1.702158447265625,0.1934109867736697,-0.0317804551422596,0.1839467005968093,-0.0163032002747058,0.0571272186934948,-0.0261616744101047,standing
1783087712763202300,1.712202392578125,0.1613682274334132,0.0336918417215347,0.1778518908530473,-0.0391390696167945,0.0821149423718452,-0.0330714359879493,standing
1783087712773247200,1.722247314453125,0.0375303969711065,0.0624951807491481,0.1683586708426475,-0.060177244246006,0.084680899977684,-0.0412220433354377,standing
1783087712783291400,1.73229150390625,-0.043605625231564,0.0045903965301811,0.1351227561950683,-0.057959672063589,0.0708442479372024,-0.0444051288068294,standing
1783087712793336000,1.742336181640625,-0.1742646800160407,-0.0314876096755266,0.0250298118382692,-0.0414605885744094,0.0415119268000125,-0.0483639203011989,standing
1783087712803380200,1.752380126953125,-0.2175312825515866,-0.0369322849474847,-0.0576595772862434,-0.0254095718264579,0.0066698333248496,-0.0416606590151786,standing
1783087712813424400,1.76242431640625,-0.1158595450595021,-0.0231787771441042,-0.0422287839204072,-0.0213461201637983,-0.0147481057792902,-0.0386230573058128,standing
1783087712823469000,1.772468994140625,0.0079874916225671,-0.0669933689512312,-0.0209492645263671,-0.0175578966736793,-0.0167695041745901,-0.04035434871912,standing
1783087712833513200,1.78251318359375,0.106446989069879,-0.040413697322458,0.0063631052911281,-0.0039864275604486,-0.0065440325997769,-0.0435115247964859,standing
1783087712843558400,1.792558349609375,0.1642269778653979,-0.0038917467415332,0.0214297415196895,0.0184267964214086,0.0066793425939977,-0.0414850339293479,standing
1783087712853602000,1.80260205078125,0.2021704856820404,0.0345339916341006,0.0687093790888786,0.0413140058517456,0.0076165092177689,-0.0339536108076572,standing
1783087712863647200,1.812647216796875,0.2277944640211761,0.0564369036234915,0.096836572420597,0.0504614934325218,-0.0006823553703725,-0.0230182670056819,standing
1783087712873691400,1.82269140625,0.248778653730452,0.0375230904474854,0.0622697014302015,0.0386367887258529,-0.0061594122089445,-0.0050789471715688,standing
1783087712883735300,1.8327353515625,0.205013600153476,0.039647096864134,0.0509288077265024,0.0150283565744757,-0.0017963857389986,0.0116527676582336,standing
1783087712893780200,1.8427802734375,0.1855798547565937,-0.0080858374305069,0.0961754781633615,-0.0157721675932407,0.0109979724511504,0.0184222571551799,standing
1783087712903824400,1.852824462890625,0.1975466252736747,-0.0579816488474607,0.1134592059195041,-0.0428449399769306,0.0349539630115032,0.0175116900354623,standing
1783087712913869300,1.862869384765625,0.1518064722314477,-0.056394818047434,0.0806254423320293,-0.0581298880279064,0.0657105445861816,0.013210417702794,standing
1783087712923913200,1.872913330078125,0.0830583685673773,0.0056469198457896,0.1124316164374351,-0.0669720917940139,0.0914772078394889,0.007134960964322,standing
1783087712933958400,1.88295849609375,0.0663143006458878,-0.0066914604626595,0.1194669219017028,-0.0670152381062507,0.1192925944924354,-0.0026345790829509,standing
1783087712944002000,1.893001953125,-0.0286284208521246,0.0162388948783278,0.0617804566085338,-0.052694909274578,0.1466200500726699,-0.0150457201525568,standing
1783087712954047200,1.903047119140625,-0.0076870473712682,-0.0089538524366915,0.0136456635147333,-0.0389348864555358,0.1775678396224975,-0.0242887530475854,standing
1783087712964091400,1.91309130859375,0.0235674842007458,-0.0098496322326362,0.0381716174840927,-0.0438837744295597,0.2084431052207946,-0.0269445348531007,standing
1783087712974135000,1.923135009765625,0.0245658475883305,-0.0091064126498997,0.0437444491803646,-0.0630367025732994,0.2294344156980514,-0.0313001312315464,standing
1783087712984180200,1.93318017578125,0.0795839704550802,0.0069569795310497,0.0587649081796407,-0.0701352730393409,0.2273351699113845,-0.0250239726155996,standing
1783087712994224400,1.943224365234375,0.1809803981371223,0.0187288119979202,-0.0033767829567193,-0.042152639478445,0.2248829305171966,-0.0065978271886706,standing
1783087713004269300,1.953269287109375,0.2416591771140694,0.0303150587648153,-0.034347675281763,-0.0091884229332208,0.2355239689350128,0.0155865550041198,standing
1783087713014313200,1.963313232421875,0.2629365045510232,0.0251493465647101,0.0105985509037971,-0.0084392754361033,0.2564209997653961,0.0401643365621566,standing
1783087713024358400,1.9733583984375,0.1831032355099916,-0.0036104455821216,0.0751192461311817,-0.0446297526359558,0.2797191739082336,0.0668217912316322,standing
1783087713034402300,1.98340234375,0.1170699437625706,-0.027598201021552,0.1625643053501844,-0.0885990709066391,0.2964997291564941,0.0952979102730751,standing
1783087713044447200,1.993447265625,0.0769241035960614,-0.0529886628657579,0.2010088945567607,-0.1218349710106849,0.3064060509204864,0.1273516118526458,standing
1783087713054491400,2.003491455078125,0.0590272123776376,-0.0546766159527003,0.1175175413995981,-0.1108851209282875,0.3022219538688659,0.1576360017061233,standing
1783087713064535300,2.013535400390625,0.130986679303646,-0.0142148417048156,0.0652232905387878,-0.0572527013719081,0.2974663972854614,0.1861145049333572,standing
1783087713074580200,2.023580322265625,0.1943757401525974,0.0839082633949816,0.0358089800059795,-0.0069759478792548,0.2973718643188476,0.2105583250522613,standing
1783087713084624400,2.033624267578125,0.1385125447638333,0.1491702785089612,0.0649625937759876,-0.0023169755004346,0.2929750680923462,0.2345625013113021,standing
1783087713094668500,2.04366845703125,0.0559838991589844,0.1415881528168916,0.143331197091937,-0.0449099764227867,0.2717147767543793,0.2623850703239441,standing
1783087713104712700,2.053712646484375,0.0624760376572608,0.0355798474252224,0.161613872757554,-0.0937715843319892,0.2485759258270263,0.2862314581871032,standing
1783087713114757600,2.063757568359375,0.0574908696558326,-0.1011136652179062,0.105257194763422,-0.1103247329592704,0.2360513508319854,0.2843028008937835,standing
1783087713124801500,2.073801513671875,0.052742286889255,-0.1754367925353348,0.0467991605758666,-0.0935778319835662,0.2319906800985336,0.2669184505939483,standing
1783087713134846700,2.0838466796875,0.1450543676227331,-0.1800629910312592,0.0047767128825187,-0.0573106370866298,0.2439322918653488,0.2333676964044571,standing
1783087713144890600,2.093890625,0.2488052494764328,-0.1616205947592854,-0.0225929400801658,-0.0420433916151523,0.2686261236667633,0.188015416264534,standing
1783087713154934500,2.1039345703125,0.2334744824189692,-0.1361054836221039,-0.0231061502993106,-0.0638256520032882,0.303583025932312,0.1413083672523498,standing
1783087713164979700,2.113979736328125,0.1145482432652264,-0.1131122921779751,0.0635568186312913,-0.1113893017172813,0.3280302584171295,0.1032813936471939,standing
1783087713175023600,2.124023681640625,-0.0218598035000264,-0.1109559909269213,0.1533054786175489,-0.1553365141153335,0.3223878145217895,0.0896393507719039,standing
1783087713185068500,2.134068603515625,-0.111141649692133,-0.1416375449165701,0.1977975312948227,-0.1621192246675491,0.2852599620819092,0.0822997987270355,standing
1783087713195112700,2.14411279296875,-0.1784644697934389,-0.2096634717859327,0.1173737490147352,-0.1249734461307525,0.2364231944084167,0.0689001083374023,standing
1783087713205157600,2.15415771484375,-0.1709266216345131,-0.2811374932825565,0.02288344745934,-0.0660924538969993,0.1887797862291336,0.0461835600435733,standing
1783087713215201500,2.164201416015625,-0.1036440604783594,-0.2900513059698045,-0.0423626394331455,-0.0276425313204526,0.1401107907295227,0.0203753989189863,standing
1783087713225246700,2.174246826171875,0.0592943388812243,-0.2924045910976827,0.0092635029077529,-0.0166365671902894,0.0977441370487213,-0.0004492930602282,standing
1783087713235290600,2.18429052734375,0.0987147873826325,-0.2850871076911688,-0.0033925650477409,-0.0220140218734741,0.0559330359101295,-0.0176309440284967,standing
1783087713245334500,2.19433447265625,0.0791257052935659,-0.2742059404537081,-0.0675134473025798,-0.0220874827355146,0.0136662041768431,-0.0231521315872669,standing
1783087713255379700,2.204379638671875,0.0674734806183725,-0.260929110251367,-0.0794131439328193,-0.0104047292843461,-0.033772949129343,-0.0232354886829853,standing
1783087713265423600,2.214423583984375,0.0781925891619175,-0.2102151143193245,-0.0656225189894437,0.0023859201464802,-0.076125681400299,-0.0184316635131835,standing
1783087713275468500,2.224468505859375,0.1071474654894322,-0.1563520067065954,-0.0310357742547988,0.006624074652791,-0.1049703806638717,-0.0103092892095446,standing
1783087713285512700,2.2345126953125,0.1359343648388981,-0.087006083279848,0.0251753577888011,-0.0117317829281091,-0.1260775923728943,0.0012440228601917,standing
1783087713295557600,2.2445576171875,0.1290199823405593,-0.0395592724502086,0.0816091926723718,-0.0283357929438352,-0.1390011012554168,0.0164368245750665,standing
1783087713305601500,2.2546015625,0.1142130930267274,-0.1026807684041559,0.098586046436429,-0.0284974873065948,-0.1442154943943023,0.0331621952354908,standing
1783087713315645700,2.264645751953125,0.0267907570961862,-0.1164427517749369,0.0399766210794448,-0.0135318543761968,-0.1402154266834259,0.0477206334471702,standing
1783087713325690600,2.274690673828125,0.0003606500059366,-0.1055441950112581,0.0376058002948761,5.50828408449e-05,-0.1336159706115722,0.0543493032455444,standing
1783087713335734500,2.284734619140625,0.0119565413840115,-0.0768204970911145,0.0649818829983472,0.0089700147509574,-0.1231809109449386,0.0640019327402114,standing
1783087713345779700,2.29477978515625,0.0382328461520373,-0.0450133000724017,0.0688636928677558,0.0107055939733982,-0.1223484948277473,0.0733296051621437,standing
1783087713355823900,2.304823974609375,0.0901199044514447,-0.0384852134779095,0.0760094729691743,0.0112938862293958,-0.1316682398319244,0.0812940523028373,standing
1783087713365868500,2.31486865234375,0.1055062741536647,-0.057059857827425,0.0483686018496751,0.0138106551021337,-0.1322883665561676,0.0795378535985946,standing
1783087713375912700,2.32491259765625,0.0683053283326327,-0.0871627351462841,0.0319914675444364,0.0168341416865587,-0.1336558908224105,0.068161629140377,standing
1783087713385957600,2.33495751953125,0.0333702085517346,-0.1419407656468451,0.0350917716473341,0.0172890126705169,-0.1306155323982238,0.0527401119470596,standing
1783087713396001500,2.34500146484375,0.0629409517552703,-0.1758940347835421,0.0399754520356655,0.0140620600432157,-0.1302426904439926,0.0344348773360252,standing
1783087713406045700,2.355045654296875,0.0789472799867391,-0.1634063091322779,0.0349450566530227,0.0114159630611538,-0.1226395741105079,0.014275824651122,standing
1783087713416090600,2.365090576171875,0.0403057069033384,-0.1563110901743173,-0.0061187751412391,0.007323483005166,-0.1120700240135192,-0.0012155165895819,standing
1783087713426134500,2.375134521484375,0.0609166793860495,-0.1531916429795324,0.0279378082394599,-0.0015224707312881,-0.1009102165699005,-0.0189294852316379,standing
1783087713436179700,2.3851796875,-0.0181872524671256,-0.1153629937142133,0.0571346766293048,-0.0114922812208533,-0.0902530401945114,-0.0347728952765464,standing
1783087713446223600,2.3952236328125,0.0191901458993554,-0.066782941070944,0.1036883380115032,-0.0193162206560373,-0.0712919756770134,-0.0472287684679031,standing
1783087713456268500,2.4052685546875,0.0305140154030174,-0.0446558649368584,0.1256032326996326,-0.0221924353390932,-0.0683342665433883,-0.0582667738199234,standing
1783087713466312700,2.415312744140625,0.0465449666190892,-0.053085401238501,0.170025142750144,-0.0125173712149262,-0.0674589797854423,-0.0618298947811126,standing
1783087713476357600,2.425357666015625,0.0196904966369271,-0.0930595380999147,0.1043266359150409,-0.0063846446573734,-0.063558779656887,-0.0652619078755378,standing
1783087713486401500,2.435401611328125,0.0249442524466663,-0.1355883278802037,0.0502571920752525,-0.0070905284956097,-0.0598114840686321,-0.0609639137983322,standing
1783087713496445700,2.44544580078125,0.0815493522439152,-0.1330862819314003,0.0664987173020839,-0.0085893552750349,-0.0574444718658924,-0.0623303800821304,standing
1783087713506490600,2.45549072265625,0.1619441276252269,-0.1273386781901121,0.0216068516522645,-0.005210168659687,-0.0505174025893211,-0.0685338079929351,standing
1783087713516534500,2.465534423828125,0.1916816787630319,-0.0893207899630069,-0.0121259066015481,-0.007073316257447,-0.043586790561676,-0.0747837126255035,standing
1783087713526579700,2.475579833984375,0.1631486811093986,-0.036561551938951,-0.0019049568384885,-0.0104243960231542,-0.0277537405490875,-0.0718839019536972,standing
1783087713536623600,2.48562353515625,0.0699485654950141,0.00911971052289,0.0018166940331459,-0.0149078276008367,-0.0117835635319352,-0.0565331764519214,standing
1783087713546668500,2.49566845703125,0.0262379455190151,0.011956395253539,0.0860439602494239,-0.0050019351765513,-0.0122129702940583,-0.0382317192852497,standing
1783087713556712700,2.505712646484375,0.0440801839407533,-0.0067268240369856,0.1251876376360654,-0.0011382208904251,-0.0176226496696472,-0.0244714356958866,standing
1783087713566757600,2.515757568359375,0.0384969039157033,-0.0179258250519633,0.1317833826392889,-0.0216451529413461,-0.0262564942240715,-0.0225955452769994,standing
1783087713576801500,2.525801513671875,0.0813231422726065,-0.0670982906304299,0.1116635546743869,-0.044909194111824,-0.0358361490070819,-0.0151216490194201,standing
1783087713586845700,2.535845703125,0.1364507899284362,-0.1328087801642715,0.0617979922652244,-0.0415901616215705,-0.0400915294885635,0.0035820708144456,standing
1783087713596890600,2.545890625,0.1183035041455179,-0.1540809930346906,0.0189396782696247,-0.0143601391464471,-0.0347361788153648,0.0164448730647563,standing
1783087713606934500,2.5559345703125,0.1140131865404546,-0.166911540774256,0.0063186816275119,0.0105076599866151,-0.0217516720294952,0.0251566059887409,standing
1783087713616979700,2.565979736328125,0.1547477863803505,-0.1594539182446896,0.0383539883136749,0.0209312718361616,-0.0005406588315963,0.0316621735692024,standing
1783087713627023600,2.576023681640625,0.1795703852087259,-0.1606837523005902,0.0622346301168203,0.0207090433686971,0.0301387347280979,0.0313104540109634,standing
1783087713637068800,2.58606884765625,0.2037052209686488,-0.1413632580198347,0.111157943239808,0.0148045495152473,0.0670852959156036,0.035873781889677,standing
1783087713647112700,2.59611279296875,0.1400457456804812,-0.1401847157597541,0.116986211001873,0.0026670475490391,0.1058443710207939,0.0450275167822837,standing
1783087713657157600,2.60615771484375,0.0796907187651842,-0.1542978506557643,0.1442921510785818,-0.0025575419422239,0.1398137956857681,0.0528897009789943,standing
1783087713667201800,2.616201904296875,0.0664445759620517,-0.1757514114424586,0.1438186883479356,0.0065138223581016,0.1619061529636383,0.0573291927576065,standing
1783087713677245700,2.62624560546875,0.0742377871215343,-0.1640330627284943,0.0919371099412441,0.020339623093605,0.1675975918769836,0.0618989132344722,standing
1783087713687290600,2.63629052734375,0.1176703208085149,-0.149124831932038,0.0795581053614616,0.0310365557670593,0.1562661379575729,0.0687366873025894,standing
1783087713697334500,2.64633447265625,0.1610944519933313,-0.1200472060076892,0.038728666844964,0.0413480475544929,0.1368090808391571,0.0761986002326011,standing
1783087713707379500,2.65637939453125,0.151129376687482,-0.1233437633350491,-0.0115460608869791,0.0428566522896289,0.1098778396844863,0.0814505070447921,standing
1783087713717423600,2.666423583984375,0.132713283900544,-0.1296552845694124,-0.010000000488758,0.0351942032575607,0.0727661550045013,0.0885627418756485,standing
1783087713727468800,2.67646875,0.097416710396111,-0.1493438815101981,-0.001312836164236,0.0198119264096021,0.0313480831682682,0.0986468344926834,standing
1783087713737512700,2.6865126953125,0.1111621079582721,-0.150005121897906,-0.0234317289918661,0.0095435781404376,-0.0158825442194938,0.1106313318014144,standing
1783087713747557600,2.6965576171875,0.1378687669675797,-0.1371115919247269,-0.0638473260104656,0.0164525937288999,-0.0516815409064292,0.1189701035618782,standing
1783087713757601800,2.706601806640625,0.1763770690601319,-0.1266410513147711,-0.0953279214233159,0.0353754162788391,-0.0685388147830963,0.1220878660678863,standing
1783087713767645700,2.716645751953125,0.1862317427940666,-0.1224411154069006,-0.0493874235033988,0.0556133314967155,-0.0800504386425018,0.1222991198301315,standing
1783087713777690600,2.726690673828125,0.1870723583366721,-0.0880266584992408,0.026600422155857,0.072707362473011,-0.0763065740466117,0.1290071010589599,standing
1783087713787734800,2.73673486328125,0.1656975618746131,-0.058940703137964,0.1087421142697334,0.0791399776935577,-0.062797911465168,0.133989080786705,standing
1783087713797779500,2.746779541015625,0.1124631806194782,-0.0293893222220242,0.1455249077439308,0.0765902698040008,-0.0520059838891029,0.1308955401182174,standing
1783087713807823600,2.75682373046875,0.0934721374887973,-0.0131263158157467,0.1794026274263858,0.061563778668642,-0.0459816493093967,0.1279083490371704,standing
1783087713817868800,2.766868896484375,0.0772726247727871,-0.0293817234374582,0.1977981158167123,0.0457113124430179,-0.0416337735950946,0.124361552298069,standing
1783087713827912400,2.776912353515625,0.0617477964479476,-0.0687508801430463,0.1665507446378469,0.0245077554136514,-0.0349136516451835,0.1156162172555923,standing
1783087713837956600,2.78695654296875,0.0815730253804475,-0.1227706396222114,0.1076075572818517,0.0006056185811758,-0.031624112278223,0.0988305807113647,standing
1783087713848001800,2.797001708984375,0.0818122409638017,-0.1566704250060021,0.0468155271887779,-0.0203417390584945,-0.0219042785465717,0.0868429392576217,standing
1783087713858045700,2.807045654296875,0.0351134720224887,-0.1668399368427693,-0.0211637840598821,-0.0382850542664527,-0.0040432563982903,0.0729114115238189,standing
1783087713868090600,2.817090576171875,0.0088279610347002,-0.119288496594876,0.0186801505506038,-0.0439144670963287,0.006168654654175,0.0675362423062324,standing
1783087713878134800,2.827134765625,-0.0488685872610658,-0.0600765753000974,0.0751063866496086,-0.0369356535375118,0.0140188541263341,0.0697061866521835,standing
1783087713888179500,2.837179443359375,-0.1015302831947803,-0.055812926506251,0.0438876570433378,-0.0267022307962179,0.0140029452741146,0.0583322755992412,standing
1783087713898223600,2.8472236328125,-0.0810099846702069,-0.0770752025045454,0.0521937130957841,-0.0308322608470916,0.0094742393121123,0.0427594408392906,standing
1783087713908268800,2.857268798828125,-0.0420217170409858,-0.0710213092930615,0.0496609797477722,-0.0332464762032032,0.0125789735466241,0.0337078012526035,standing
1783087713918312400,2.8673125,-0.003277195039764,0.0076481766656041,0.0323071093648672,-0.0288605168461799,0.0033926663454622,0.0255899541079998,standing
1783087713928356600,2.877356689453125,-0.0031837446026504,0.0247699918583035,0.0559942744225263,-0.0259397067129611,-0.0171936154365539,0.018505860120058,standing
1783087713938401800,2.88740185546875,0.0198121502552181,0.0439333958812057,0.0178898769557476,-0.0160252917557954,-0.0375167280435562,0.0249259416013956,standing
1783087713948445400,2.897445556640625,-0.0082635320849716,0.0468792400747537,-0.0226128138244152,-0.0076431944034993,-0.0541927255690097,0.0315566100180149,standing
1783087713958490600,2.90749072265625,-0.020700039005652,0.0103727793239057,-0.0058972413450479,-0.0117050474509596,-0.0624703615903854,0.0359873101115226,standing
1783087713968534800,2.91753466796875,0.0024682167444378,-0.0339569223985075,0.0387257442355155,-0.0249563436955213,-0.0648905634880065,0.03678560256958,standing
1783087713978579700,2.927579833984375,0.061391676486656,-0.0923896760143339,0.0773240626990795,-0.0244942847639322,-0.0693865120410919,0.0508582778275013,standing
1783087713988623600,2.93762353515625,0.1202593143884092,-0.0997163656406104,0.0745294635444879,0.0006331715267151,-0.0669223889708519,0.0633170306682586,standing
1783087713998668500,2.94766845703125,0.1226956016246229,-0.0839189309194683,0.0402221202731132,0.0268506594002246,-0.0648195594549179,0.0604882165789604,standing
1783087714008712400,2.95771240234375,0.1845873365879058,-0.0630078064464032,0.0675350746124982,0.0375247523188591,-0.0535778813064098,0.0516135320067405,standing
1783087714018756600,2.967756591796875,0.1468186738815158,-0.0112695820331573,0.101629651916027,0.0205095522105693,-0.0411086939275264,0.0433417558670043,standing
1783087714028801800,2.9778017578125,0.0945689928147941,0.0256420985177159,0.1087561427950859,-0.0028669801540672,-0.0224876180291175,0.0397220291197299,standing
1783087714038845400,2.987845458984375,0.0265528566870838,-0.0003472060024738,0.1141015954762697,-0.0155438929796218,-0.0089393202215433,0.0408392250537872,standing
1783087714048890600,2.997890625,-0.0244429518610239,-0.028316286163032,0.1082195517003536,-0.0172899011522531,-0.0007810895331203,0.0393883101642131,standing
1783087714058934800,3.007934814453125,-0.0165655695494264,-0.068353259127587,0.1017412955969572,-0.0150464540347456,0.0118372337892651,0.0311010815203189,standing
1783087714068979700,3.017979736328125,0.0454135514363646,-0.0813359286889433,0.0903524710983037,-0.0252059623599052,0.0144952069967985,0.0152239585295319,standing
1783087714079023600,3.028023681640625,0.0849981044583022,-0.0307756620138883,0.0224929868370294,-0.0401169992983341,0.0185722392052412,-0.0025912572164088,standing
1783087714089068500,3.038068603515625,0.0993047160997986,-0.0247230839766561,-0.0177221191734075,-0.048615887761116,0.0214694738388061,-0.0116102248430252,standing
1783087714099113000,3.048113037109375,0.096894440087676,-0.0303638663426041,-0.0377373177200555,-0.0390247777104377,0.0171194672584533,-0.0190995670855045,standing
1783087714109157000,3.0581572265625,0.0548496344320476,-0.0832961228460073,-0.041654783424735,-0.0136944288387894,0.0106757506728172,-0.0331691242754459,standing
1783087714119201800,3.068201904296875,0.0781751265704631,-0.1175936753757297,-0.0138385557383298,0.0181290134787559,0.0043566022068262,-0.0456468313932418,standing
1783087714129246000,3.078245849609375,0.0919616598606109,-0.0888113791361451,0.0247258604556322,0.0378761105239391,0.0049088229425251,-0.0536567568778991,standing
1783087714139291100,3.088291015625,0.0504956770062446,-0.0741248282663524,0.0641904403597116,0.0312293916940689,0.0116841709241271,-0.0616627521812915,standing
1783087714149334800,3.098334716796875,0.0278592631105333,-0.0930165757410228,0.097440968054533,0.0140446247532963,0.027859441936016,-0.0656960010528564,standing
1783087714159380000,3.1083798828125,0.0239979845724999,-0.1443888894513249,0.0942827962845563,-0.0045591527596116,0.0357842110097408,-0.0711184665560722,standing
1783087714169424100,3.118424072265625,0.093673066888377,-0.1375691264338791,0.124157125544548,-0.0122643737122416,0.0402692519128322,-0.0691986382007598,standing
1783087714179468000,3.128468017578125,0.1868083005730062,-0.1060797631926834,0.0761497582226991,-0.0021922984160482,0.045284517109394,-0.0665368065237999,standing
1783087714189513000,3.138512939453125,0.2217219391744583,-0.0898310775727033,0.0717588297873735,0.0132422968745231,0.0375100634992122,-0.0578493773937225,standing
1783087714199557000,3.14855712890625,0.1585819577157497,-0.1004132618635892,0.0517997453421354,0.0208331048488616,0.0319296792149543,-0.0557787716388702,standing
1783087714209601800,3.158601806640625,0.0892985781311988,-0.1356190152794122,0.0236591080069541,0.0215645097196102,0.0356341451406478,-0.0566376820206642,standing
1783087714219646000,3.16864599609375,0.0677655954327434,-0.1393408122815191,0.0250362415790557,0.0030049420893192,0.0377047546207904,-0.0688653215765953,standing
1783087714229691100,3.178691162109375,0.0182443164166063,-0.1499618672780692,0.0515630139768123,-0.0405718870460987,0.0484644770622253,-0.0909901559352874,standing
1783087714239734800,3.18873486328125,-0.0009060089290142,-0.1711865877449512,0.0854039087802171,-0.0843816846609115,0.0479499548673629,-0.095131903886795,standing
1783087714249780000,3.198780029296875,0.020832433213666,-0.1312387543685734,0.0614402648687362,-0.0899259820580482,0.0449247099459171,-0.086365059018135,standing
1783087714259824000,3.20882421875,0.0105842301174998,-0.1089006658323109,0.0164443543225526,-0.058156069368124,0.0422684736549854,-0.0800389871001243,standing
1783087714269867800,3.21886767578125,-0.0066221946187317,-0.1021829018846154,0.0265513223171234,-0.0182213336229324,0.038333561271429,-0.069360613822937,standing
1783087714279913000,3.228912841796875,0.0707747871860861,-0.1264680328354239,0.0654828182578086,0.0089189410209655,0.0302077233791351,-0.0591202229261398,standing
1783087714289957000,3.23895703125,0.1487953807819634,-0.1496295665837824,0.0564203908801078,0.0157884210348129,0.0214478429406881,-0.043004672974348,standing
1783087714300001800,3.249001708984375,0.19557371776551,-0.1458930104039609,0.0495236171036958,0.0141780078411102,0.0089810537174344,-0.0244182050228118,standing
1783087714310046000,3.2590458984375,0.1929371587168425,-0.1354307992309331,0.0617529840797185,0.0162399932742118,-0.0125701129436492,-0.0061591565608978,standing
1783087714320091100,3.269091064453125,0.1853220075380057,-0.1247197278633713,0.0258498960494995,0.0308338496834039,-0.0297637470066547,0.0140446480363607,standing
1783087714330134800,3.279134765625,0.1251561465192586,-0.1315812841959297,0.0041465982854366,0.0430592335760593,-0.0391041487455368,0.0308457147330045,standing
1783087714340180000,3.289179931640625,0.0520244940087199,-0.1344243986673653,0.0519680876463651,0.0305439718067646,-0.0396482311189174,0.0407934188842773,standing
1783087714350224100,3.29922412109375,0.0622709435392171,-0.136787912928313,0.0892822115182876,-0.0132599659264087,-0.034868124872446,0.0401971377432346,standing
1783087714360267800,3.309267822265625,0.1394474144611507,-0.1235292029045522,0.0807002611339092,-0.0512654073536396,-0.0299133118242025,0.0336998254060745,standing
1783087714370313000,3.31931298828125,0.1457639771968126,-0.0897572816841304,0.0703454558581113,-0.0533089525997638,-0.019887164235115,0.03287024050951,standing
1783087714380357000,3.329357177734375,0.0804620684638619,-0.1018408104486763,0.0207230545550584,-0.0328212529420852,-0.0190480016171932,0.0330920815467834,standing
1783087714390402000,3.339402099609375,0.0302533186402171,-0.0915710531078279,0.0346884515434503,-0.0082878209650516,-0.0191496331244707,0.0373657755553722,standing
1783087714400446000,3.349446044921875,0.0642998190183192,-0.0873079888358712,0.0720201110720634,-0.0047229137271642,-0.0325530543923378,0.0401051044464111,standing
1783087714410491000,3.359490966796875,0.0795666539940983,-0.0642239042378962,0.0734077660381793,-0.0107892490923404,-0.0458083748817443,0.0404133424162864,standing
1783087714420535000,3.36953515625,0.0865679110582917,-0.0555050296008586,0.060476388272643,-0.0135866338387131,-0.0615652352571487,0.0376284755766391,standing
1783087714430580000,3.379580078125,0.0895442965205758,-0.1048525594852864,0.0342354470789432,-0.0046362192369997,-0.0781153738498687,0.0336064435541629,standing
1783087714440623900,3.389623779296875,0.0514653257559984,-0.1323698042251169,-0.0022521628409624,0.0106380749493837,-0.0858779549598693,0.0316889658570289,standing
1783087714450667800,3.399667724609375,0.037481004871428,-0.1587761651135981,-0.0103892920672893,0.0209810771048069,-0.0807178542017936,0.024362813681364,standing
1783087714460713000,3.409712890625,0.0801593591902405,-0.1601430695526301,0.0046294133663177,0.0209155641496181,-0.0577946938574314,0.0133082987740635,standing
1783087714470757000,3.419757080078125,0.0950917015146464,-0.1436667126566171,0.0672784695029258,0.0108019411563873,-0.0308289527893066,0.0094045912846922,standing
1783087714480802000,3.429802001953125,0.0980150416154414,-0.0992272669494152,0.110969727191329,-0.008868433535099,0.0010964889079332,0.0046372665092349,standing
1783087714490846000,3.439845947265625,0.1173090862806886,-0.067976534769684,0.1112748476177453,-0.0171859990805387,0.0172355584800243,0.0042207618243992,standing
1783087714500891000,3.449890869140625,0.1135247454363852,-0.0788704153582453,0.0706803869009018,-0.0122663406655192,0.0229243375360965,0.0085009941831231,standing
1783087714510935000,3.45993505859375,0.0885312470205128,-0.1260312488533556,0.0394189871966838,0.0054292604327201,0.0167768653482198,0.0129247419536113,standing
1783087714520980000,3.46997998046875,0.090735186805576,-0.151957717270404,0.0493991139411926,0.0176435820758342,0.0141267534345388,0.0217472612857818,standing
1783087714531024000,3.48002392578125,0.1003911230970174,-0.1628749787345528,0.0610562339872121,0.0153898894786834,0.0120926350355148,0.0288860630244016,standing
1783087714541068000,3.490068115234375,0.1315779962603002,-0.1701372248224913,0.0526455485165119,0.0108894128352403,0.0225474052131176,0.0287465136498212,standing
1783087714551113000,3.500113037109375,0.092097195873782,-0.1343096862465143,0.0499912346154451,0.0007977976929396,0.0424331575632095,0.026447819545865,standing
1783087714561156900,3.510156982421875,0.0593570288538932,-0.1180873041115701,0.0380745868504047,-0.0092609617859125,0.0573228895664215,0.0263383630663156,standing
1783087714571202000,3.5202021484375,0.0702561701394617,-0.1222061376072466,0.0453115523666143,-0.0081842895597219,0.060840256512165,0.0358496643602848,standing
1783087714581246000,3.530245849609375,0.0658145344302058,-0.1155769287258386,0.0646118806421756,0.0022816671989858,0.0527429170906543,0.0413986258208751,standing
1783087714591291000,3.540290771484375,0.081506682145968,-0.1038958432823419,0.0609095189929008,0.0103867752477526,0.0377553142607212,0.0494106598198413,standing
1783087714601335000,3.5503349609375,0.0962036813445389,-0.1110514141254127,0.059594344741106,0.008745202794671,0.0155117940157651,0.0550879873335361,standing
1783087714611379000,3.56037890625,0.1437730225753039,-0.1281070322141051,0.0372346288949251,0.0051132850348949,-0.0013170749880373,0.0588863603770732,standing
1783087714621423900,3.570423828125,0.1950461867600679,-0.131710317403078,0.0199584999233484,0.0027659747283905,-0.0228567235171794,0.059298351407051,standing
1783087714631468000,3.580468017578125,0.1781607376065105,-0.1421536777451634,-0.0040647652208805,0.0087240180000662,-0.0364015102386474,0.0595827884972095,standing
1783087714641513000,3.590512939453125,0.1539019832059741,-0.1419179692931473,-0.0086661215364933,0.0149944312870502,-0.0471753291785717,0.0556764639914035,standing
1783087714651556900,3.600556884765625,0.1223785715647041,-0.1413566821485757,0.0154997669488191,0.0190535392612218,-0.0500053316354751,0.0445024818181991,standing
1783087714661602000,3.61060205078125,0.1337508102547377,-0.1301540278717875,0.0244376911640167,0.0165642816573381,-0.0386331044137477,0.0275413431227207,standing
1783087714671646000,3.62064599609375,0.1238170799352228,-0.1234589141473174,0.0660749389320611,0.0099791465327143,-0.0255632922053337,0.0126275159418582,standing
1783087714681691000,3.63069091796875,0.0985752327814698,-0.109549485129863,0.0997048213332891,-0.0045872791670262,-0.0162704586982727,0.0049128718674182,standing
1783087714691735000,3.640735107421875,0.0542887856788933,-0.1090237076900899,0.0775216310977935,-0.012779040262103,-0.0148221720010042,0.0067791827023029,standing
1783087714701779000,3.650779052734375,0.0415035383857786,-0.1031470707416534,0.0488607692807912,-0.0082780318334698,-0.0193652585148811,0.0117193469777703,standing
1783087714711824000,3.660823974609375,0.05581256118007,-0.1146463698774576,0.0264075299322605,0.0043134363368153,-0.0299899093806743,0.0135597186163067,standing
1783087714721868000,3.670867919921875,0.1080033516664057,-0.1286747490994632,0.0169371062755584,0.0191951803863048,-0.0404582619667053,0.015281718224287,standing
1783087714731913200,3.680913330078125,0.1431706727679818,-0.0995034535422921,0.0126671738713979,0.0389514900743961,-0.0366150140762329,0.0115482937544584,standing
1783087714741956900,3.690956787109375,0.1102855443194508,-0.0682388389676809,-0.0067839610517024,0.0451790243387222,-0.017279403284192,0.0064432802610099,standing
1783087714752002000,3.701001953125,0.1163989126332104,-0.0812264769650995,0.0664285746753215,0.0323999300599098,0.0045240251347422,0.0030654827132821,standing
1783087714762046000,3.7110458984375,0.13077179444395,-0.0867917098768055,0.1162713407307863,0.005529168061912,0.0184361115097999,0.004397063050419,standing
1783087714772091000,3.7210908203125,0.1199335895653814,-0.0735796154737472,0.1023264020085334,-0.0045018112286925,0.0319236516952514,0.0012060031294822,standing
1783087714782135000,3.731135009765625,0.1313190530631691,-0.0548537260852754,0.097256259137392,0.0010535428300499,0.031102867797017,-0.0005442262627184,standing
1783087714792179000,3.741178955078125,0.1383006555788219,-0.0445728628285229,0.1115507419496774,0.0070967655628919,0.021218292415142,0.0020154886879026,standing
1783087714802223900,3.751223876953125,0.1210382628716528,-0.0687659315817058,0.0618985300302505,0.0095157148316502,0.0101501941680908,0.005783861503005,standing
1783087714812268000,3.76126806640625,0.0925760654319077,-0.1046712115690112,0.0151233348518609,0.0065122433006763,0.0015037450939416,0.0018435784149914,standing
1783087714822313000,3.77131298828125,0.1128027878373861,-0.1039582409940659,0.002064531314373,0.0080366367474198,-0.0053184749558568,-0.0023136157542467,standing
1783087714832356900,3.78135693359375,0.1030555200006812,-0.0741730513222515,-0.0005395137041807,0.0130479885265231,-0.0112127214670181,-0.0027736539486795,standing
1783087714842402000,3.791402099609375,0.1033759841267019,-0.0489060697272419,-0.0065144964605569,0.0135097810998559,-0.0086174700409173,-0.0020117235835641,standing
1783087714852446000,3.801446044921875,0.0767328188076615,-0.0382182331047952,0.031598668834567,0.0051935263909399,-0.0040196287445724,0.0020309020765125,standing
1783087714862489900,3.81148974609375,0.0644200843971222,-0.0581786327242851,0.0493827473282814,-0.0065539432689547,0.0007759253494441,0.0042626308277249,standing
1783087714872535000,3.82153515625,0.0966817471850663,-0.056942368927598,0.0761935973644256,-0.0124495858326554,0.0069373338483273,0.000512296333909,standing
1783087714882579200,3.8315791015625,0.1238251901764422,-0.0561094252347946,0.0922504136741161,-0.010036495514214,0.009348027408123,-0.0031812419183552,standing
1783087714892624000,3.841623779296875,0.1713745115324854,-0.0665798197142779,0.0696218177586793,-0.0035284881014376,0.0026186823379248,-0.005363623611629,standing
1783087714902668000,3.85166796875,0.1856917906984686,-0.0791381263837218,0.0452303038239479,0.0053092115558683,-0.0077034635469317,-0.0005872449837625,standing
1783087714912713000,3.861712890625,0.1150915563616901,-0.0825089179910719,0.0394680870354175,0.0021665380336344,-0.0181672312319278,0.0058628991246223,standing
1783087714922756900,3.8717568359375,0.0456271941870451,-0.058978843191266,0.060163084539771,-0.0068221632391214,-0.0231220424175262,0.011113055050373,standing
1783087714932802000,3.881802001953125,0.0180234402075409,-0.0709239863984286,0.0626519787460565,-0.0128970611840486,-0.0341550074517726,0.0167195089161396,standing
1783087714942846000,3.891845947265625,0.0705683778937906,-0.078606211464107,0.0623614713668823,-0.0052242279052734,-0.0382229872047901,0.0124267600476741,standing
1783087714952889900,3.901889892578125,0.0883465381033718,-0.0534391831122338,0.0387871190339326,0.0081410519778728,-0.03322010114789,0.0081483591347932,standing
1783087714962935000,3.91193505859375,0.1060423537917435,-0.0265440157935023,0.0371960504502058,0.0156421121209859,-0.0190006829798221,-0.0038326694630086,standing
1783087714972979000,3.92197900390625,0.1298584059260785,-0.0146967800028622,0.0939087022751569,0.0112288454547524,-0.0009195241145789,-0.0146722486242651,standing
1783087714983023900,3.93202392578125,0.1223487609483301,-0.0217233176387846,0.0984048446506261,-0.0067248549312353,0.0189141016453504,-0.0222737081348896,standing
1783087714993068000,3.942068115234375,0.1081159451954066,-0.0309743994563817,0.0719838707149028,-0.0192382726818323,0.031478215008974,-0.0239267982542514,standing
1783087715003113000,3.952113037109375,0.100058968533203,-0.0547260080523788,0.0674041417092084,-0.0182124208658933,0.0381867140531539,-0.0243076309561729,standing
1783087715013156900,3.962156982421875,0.0578956510644406,-0.0624316139936447,0.0472416436463594,-0.013221045024693,0.0435013398528099,-0.0217847153544425,standing
1783087715023201000,3.972200927734375,0.0705493809323757,-0.07990618814677,0.0595972673505544,-0.0175319034606218,0.0412815958261489,-0.0168046038597822,standing
1783087715033246000,3.982245849609375,0.1249630350999534,-0.100559100075066,0.0839741682380437,-0.0183937028050422,0.0381992533802986,-0.014479930512607,standing
1783087715047056000,3.996055908203125,0.1747678802978247,-0.0531572974309325,0.0226987385421991,-0.0176211185753345,0.0292712729424238,-0.0135832456871867,standing
1783087715057101000,4.00610107421875,0.1723551931329071,-0.0545708174906671,0.0227215348958969,-0.0139954499900341,0.0266717988997697,-0.0141711393371224,standing
1783087715067145000,4.01614501953125,0.1512109174910932,-0.0322125629492104,-0.0051654199391603,-0.0062704184092581,0.0236246101558208,-0.0121545931324362,standing
1783087715077190000,4.02618994140625,0.0999747973810881,-0.0470306312441825,0.0144143097996711,0.0062642619013786,0.0263351276516914,-0.010922628454864,standing
1783087715087234000,4.036234130859375,0.0615202713023871,-0.0474184615179896,0.0421077878892421,0.0058956807479262,0.0341184809803962,-0.0141069693490862,standing
1783087715097279000,4.046279052734375,0.0536739417161792,-0.078831836913526,0.0788081637769937,-0.0002335435710847,0.0448714606463909,-0.0148531105369329,standing
1783087715107323000,4.056322998046875,0.0238498813387006,-0.0776037564232945,0.1162134730637073,-0.0121554508805274,0.0517557300627231,-0.0075882724486291,standing
1783087715117367000,4.066366943359375,0.002164703753218,-0.0600702916897833,0.1199427227199077,-0.0169975906610488,0.0416951552033424,-0.0014289002865552,standing
1783087715127412000,4.076411865234375,0.0456595620866864,-0.0670230334371328,0.100533088850975,-0.0138364182785153,0.0126589741557836,0.0090130884200334,standing
1783087715137455900,4.086455810546875,0.1075630605529993,-0.0782164814941585,0.0468365699768066,0.0016890936531126,-0.0153509620577096,0.0168658401817083,standing
1783087715147501000,4.0965009765625,0.1668697474591434,-0.0821779324710369,-0.0474058942973613,0.0154192876070737,-0.0345715284347534,0.0196528378874063,standing
1783087715157545200,4.106545166015625,0.2027710819236934,-0.0775298144042491,-0.0532014288336038,0.0136284353211522,-0.0357849672436714,0.0195212960243225,standing
1783087715167590000,4.11658984375,0.1918659492887556,-0.1021234267823398,0.0045920039653778,-0.0055319434031844,-0.0257408544421196,0.0206539388746023,standing
1783087715177634000,4.126634033203125,0.1194687485326081,-0.0845354553826153,0.0684989512085914,-0.0244515724480152,-0.0034752320498228,0.0195993278175592,standing
1783087715187679000,4.136678955078125,0.0348421808004379,-0.0764699300877749,0.1029261214673519,-0.0315624177455902,0.0160020403563976,0.0198100768029689,standing
1783087715197723000,4.146722900390625,0.0312194602586328,-0.0874615719623863,0.1170113454431295,-0.0197766590863466,0.0178220681846141,0.0143510363996028,standing
1783087715207767000,4.15676708984375,0.0705072222910821,-0.0713210228919982,0.1208908172249794,-0.0040719984099268,0.0155985942110419,0.0052182581275701,standing
1783087715217812000,4.16681201171875,0.0971850935973226,-0.0409168245390057,0.0673696549177169,0.0048784539103507,0.0148119609802961,-0.0057914014905691,standing
1783087715227856000,4.17685595703125,0.1014678854830563,-0.0211791277594864,0.0258949042350053,-0.0004422760102897,0.023316765204072,-0.0140693048015236,standing
1783087715237901000,4.186901123046875,0.0587106937743723,-0.0335538945555686,0.0408756157457828,-0.0155014684423804,0.0319119915366172,-0.0205561220645904,standing
1783087715247945000,4.196945068359375,0.0527539773270487,-0.0526684910006821,0.0688712916523218,-0.0251439753919839,0.0361141934990882,-0.0220379047095775,standing
1783087715257990000,4.206989990234375,0.0731704501509666,-0.0863844442501664,0.0755757577270269,-0.0232901070266962,0.0394575670361518,-0.018652893602848,standing
1783087715268034000,4.217033935546875,0.0783838739503175,-0.0922112507075071,0.0868611218512058,-0.0195891130715608,0.0398772805929183,-0.0216268450021743,standing
1783087715278078000,4.227077880859375,0.1218085165917873,-0.0885666105948388,0.0739876117527484,-0.0142003279179334,0.0389373898506164,-0.0225994009524583,standing
1783087715288123000,4.237122802734375,0.1346068425621837,-0.0641410482600331,0.0469166494756937,-0.0148512050509452,0.0403424762189388,-0.0210638213902711,standing
1783087715298167000,4.2471669921875,0.1640920994393527,-0.0459694317534565,0.0126636667400598,-0.0167044587433338,0.0437090694904327,-0.0222989711910486,standing
1783087715308212000,4.2572119140625,0.1353993081141263,-0.0178160810671746,0.0406529129058122,-0.0185167416930198,0.0433644577860832,-0.0220984350889921,standing
1783087715318255900,4.267255859375,0.0997367508415132,-0.0205834999538958,0.0407061043977737,-0.0225517153739929,0.0332044512033462,-0.0255485717207193,standing
1783087715328301000,4.277301025390625,0.0639937487438321,-0.0492260954618453,0.0618511837571859,-0.0157657153904438,0.0151167940348386,-0.0175449736416339,standing
1783087715338345000,4.287344970703125,0.0625884119905531,-0.0798287389963865,0.016885668349266,0.0021145653445273,-0.0060348650440573,-0.0031077708117663,standing
1783087715348390000,4.297389892578125,0.0319544234696775,-0.1010343163713812,0.0089092826426029,0.007649146951735,-0.0190428085625171,0.0025770131032913,standing
1783087715358434000,4.30743408203125,0.0509413749471306,-0.1308059159092605,0.0486830746263265,0.0003707255236804,-0.0298735685646533,0.0043516345322132,standing
1783087715368478000,4.31747802734375,0.1503701558180153,-0.1445811971530318,0.0542599979758262,-0.0089700454846024,-0.0290503874421119,0.0017095126677304,standing
1783087715378523000,4.32752294921875,0.2018131966769695,-0.1210740648373961,0.0378659125357866,-0.0073834569193422,-0.0182081796228885,-0.0051164017058908,standing
1783087715388567000,4.337567138671875,0.1843812926217913,-0.0760416216731071,0.0712795218378305,-0.0076843942515552,-0.0067501971498131,-0.0094144772738218,standing
1783087715398612000,4.347612060546875,0.1240761692628264,-0.0438477634243667,0.0883697728484868,-0.0204808227717876,-0.0014541498385369,-0.0123438099399209,standing
1783087715408656000,4.35765576171875,0.0780382753830403,-0.0707588589645922,0.0915098244398832,-0.027182400226593,-0.0010136626660823,-0.0156397372484207,standing
1783087715418701000,4.367701171875,0.0530279719628393,-0.111939449006319,0.0379231956809759,-0.0259997714310884,0.0046484638005495,-0.0210364684462547,standing
1783087715428745000,4.377744873046875,0.0141215373981744,-0.1212535130575299,0.0267968215107917,-0.0208990182727575,0.0068258643150329,-0.027448296546936,standing
1783087715438788900,4.387788818359375,0.0084331895634531,-0.1249003451272845,0.0353033685714006,-0.0196031033992767,-2.14539468288e-05,-0.032124850898981,standing
1783087715448834000,4.397833984375,0.0511668542660772,-0.1135366550698876,0.075491586574912,-0.0162866711616516,-0.0091475741937756,-0.0309804901480674,standing
1783087715458878000,4.4078779296875,0.0642059301897883,-0.1065730996675789,0.0550900190591812,-0.0113857565447688,-0.0111175775527954,-0.0269608274102211,standing
1783087715468923100,4.417923095703125,0.1008452235400676,-0.0795179194815456,0.0151870477378368,-0.0086456295102834,-0.0047339801676571,-0.0286474078893661,standing
1783087715478967000,4.427967041015625,0.093072105320543,-0.0980519395597279,0.0562386045724153,-0.0168413668870925,0.0006517232395708,-0.0358505323529243,standing
1783087715489012000,4.438011962890625,0.1239255087457597,-0.1032911553874611,0.0564922870725393,-0.0252452380955219,0.0060153296217322,-0.0426168255507946,standing
1783087715499055900,4.448055908203125,0.1336601362966001,-0.1010550668984651,0.0674812985986471,-0.0227543823421001,0.0050491346046328,-0.0455239340662956,standing
1783087715509100800,4.458100830078125,0.1468528684120625,-0.1000341994181275,0.0527718052446842,-0.0182829350233078,-0.0015315362252295,-0.0511445365846157,standing
1783087715519145000,4.46814501953125,0.1424657393690198,-0.097208766733855,0.0277747266322374,-0.0110085513442754,-0.0079836612567305,-0.0489567704498767,standing
1783087715529188900,4.47818896484375,0.0958317792922258,-0.1222153438270091,0.0279734640747308,-0.0070167388767004,-0.010039621964097,-0.0439862459897995,standing
1783087715539234000,4.488234130859375,0.072225132124871,-0.1282541855998337,0.0455067826777696,-0.0092988843098282,-0.0117530710995197,-0.0415025278925895,standing
1783087715549278000,4.49827783203125,0.1035869965288788,-0.145391198361665,0.0521831917017698,-0.0145695460960268,-0.0161305088549852,-0.043543841689825,standing
1783087715559323100,4.5083232421875,0.1005248324792832,-0.1327551502808928,0.0658124886035919,-0.0135975126177072,-0.0207934789359569,-0.0457902289927005,standing
1783087715569367000,4.518366943359375,0.100441611175239,-0.0853241215422749,0.0651964025318622,-0.0059193531051278,-0.0320394746959209,-0.0521684996783733,standing
1783087715579412000,4.528411865234375,0.1396537506882101,-0.0498858745448291,0.0433054732412099,0.0088094444945454,-0.0353490076959133,-0.0544980689883232,standing
1783087715589456100,4.5384560546875,0.1200276975896209,-0.0170803141385316,0.0362234060257673,0.0238472502678632,-0.0311486683785915,-0.0488186106085777,standing
1783087715599500000,4.5485,0.052282048966363,-0.0011895020455121,0.0438712904304266,0.0261371172964572,-0.0249711796641349,-0.0436543747782707,standing
1783087715609545000,4.558544921875,0.0248003869965672,-0.0379880776107311,0.0721709177196025,0.0151039063930511,-0.0131600610911846,-0.0312799960374832,standing
1783087715619589000,4.568589111328125,0.0448091558024287,-0.0590447480343282,0.0820721340090036,-0.001876592519693,-0.0031166221015155,-0.0253702849149703,standing
1783087715629633800,4.5786337890625,0.085451328118518,-0.0728982090808451,0.0865209301114082,-0.0162520688027143,-0.003938206937164,-0.0157983507961034,standing
1783087715639678000,4.588677978515625,0.119681514500454,-0.0602985474877059,0.0545908373653888,-0.0161657836288213,-0.0043470025993883,-0.0115524725988507,standing
1783087715649723100,4.59872314453125,0.1774027588460594,-0.0465584836877882,0.0088806410700082,-0.0049954205751419,-0.0007661157287657,-0.0114265056326985,standing
1783087715659767000,4.60876708984375,0.1964763656936586,-0.017725772435218,-0.0043108489364385,0.0023357085883617,-0.0005596079863607,-0.0203186012804508,standing
1783087715669812000,4.61881201171875,0.1948722914978861,0.0094290687330067,0.0300935249686241,0.0056241797283291,0.0122342174872756,-0.0253525096923112,standing
1783087715679856000,4.628856201171875,0.0695955142736435,-0.0129873457364737,0.0322281989097595,0.004794524051249,0.0308494307100772,-0.0316214263439178,standing
1783087715689900000,4.638900146484375,-0.0393453374385833,-0.0525216298758983,0.06161971308887,-0.0073806494474411,0.0352489724755287,-0.0326110534369945,standing
1783087715699945000,4.648945068359375,-0.021404972404614,-0.0493497218415141,0.1287304248094558,-0.0098444819450378,0.0358454138040542,-0.0319801308214664,standing
1783087715709989000,4.658989013671875,0.069457420977205,-0.0425293743021786,0.1191261456400156,-0.0048193628899753,0.0400851666927337,-0.0339956134557724,standing
1783087715720033800,4.66903369140625,0.1029325512081384,-0.0021007716715335,0.1142436342954635,0.0042642271146178,0.0492376759648323,-0.0406616665422916,standing
1783087715730078000,4.679077880859375,0.1150750436183065,0.0233057645246386,0.0794727651655674,0.0082983830943703,0.0518619567155838,-0.0470742918550968,standing
1783087715740123100,4.689123046875,0.1727555906273424,0.0085033321902155,0.0549053101420402,0.0105172274634242,0.0507320687174797,-0.0489397421479225,standing
1783087715750166800,4.699166748046875,0.2120354616142809,-0.0127088210560381,0.041841245907545,0.0201229825615882,0.0558264292776584,-0.0489487946033477,standing
1783087715760211000,4.7092109375,0.1930355775900185,-0.0287223827458918,0.0118131873905658,0.0204356983304023,0.0781166851520538,-0.0462144911289215,standing
1783087715770256100,4.719256103515625,0.1617651908617466,-0.0462988098382949,0.0214618902236223,0.0058825882151722,0.1114344298839569,-0.045794777572155,standing
1783087715780299800,4.7292998046875,0.1429386175777763,-0.0298234758555889,0.1023679030627012,-0.0207559466361999,0.1248010993003845,-0.0492986962199211,standing
1783087715790345000,4.739344970703125,0.1752905889976769,-0.0557005521729588,0.1727986991167068,-0.0364137962460517,0.1412168443202972,-0.0543635860085487,standing
1783087715800389000,4.74938916015625,0.201480311460793,-0.055829877641052,0.0735141490221023,-0.0270592588931322,0.1572271138429641,-0.0691339001059532,standing
1783087715810433800,4.759433837890625,0.138284069770202,-0.0179243637472391,0.0260386966198682,-0.0107940025627613,0.1579746603965759,-0.0801663100719451,standing
1783087715820478000,4.76947802734375,0.0622386487048119,-0.0102604049906134,-0.0074006316453218,-0.0056612729094922,0.1448795646429062,-0.0820604041218757,standing
1783087715830523100,4.779523193359375,0.0442879084073007,-0.0323851430371403,-0.0215665196418762,-0.0087787695229053,0.1272560954093933,-0.0792662128806114,standing
1783087715840566800,4.78956689453125,0.0315355404704809,-0.0578397561587393,0.0234369896888732,-0.0196203123778104,0.0972253307700157,-0.0754576623439788,standing
1783087715850611000,4.79961083984375,0.0140768945388495,-0.0545030129514634,0.0539244824111461,-0.0220536421984434,0.0619392432272434,-0.0683800429105758,standing
1783087715860656000,4.80965625,0.0151679777111858,-0.0684494129784405,0.0326958164215087,-0.0046801432035863,0.0270035341382026,-0.0597397871315479,standing
1783087715870699800,4.81969970703125,0.0343699601788073,-0.0920852862402796,0.0089022683799266,0.0128708872944116,-0.0075581711716949,-0.0556944459676742,standing
1783087715880745000,4.829744873046875,0.081245693122223,-0.0765850809000432,0.0085673373371362,0.0200118459761142,-0.0335928946733474,-0.0540020875632762,standing
1783087715890789000,4.8397890625,0.1537540261026471,-0.0709257399640977,0.0081681088864803,0.0150674227625131,-0.0511798784136772,-0.0468427091836929,standing
1783087715900834000,4.849833984375,0.1722233834467828,-0.0807233497485518,0.021678747844696,0.0082389125600457,-0.0760411247611045,-0.038447193801403,standing
1783087715910878000,4.8598779296875,0.2139015477471053,-0.0485129787564277,0.0565408023893833,0.0071241129189729,-0.1014436855912208,-0.0338724143803119,standing
1783087715920922000,4.869922119140625,0.2150898076836019,-0.0569654575422406,0.0726584089756011,0.0162331089377403,-0.1247999891638755,-0.0333990603685379,standing
1783087715930967000,4.879967041015625,0.1595385277882218,-0.0594466068334877,0.0455360087722539,0.0242247208952903,-0.1332797706127166,-0.0395786613225936,standing
1783087715941011000,4.890010986328125,0.0843395674843341,-0.0737717770449817,0.0116968675345182,0.0234286803752183,-0.1313330084085464,-0.0437695421278476,standing
1783087715951056100,4.90005615234375,0.0289648862648755,-0.1231698680728673,0.0386158541202545,0.0093296403065323,-0.1283063143491745,-0.0439543649554252,standing
1783087715961099800,4.910099853515625,0.0204200530204921,-0.1393212307982146,0.0618804098516702,-0.0017302623018622,-0.1232253983616828,-0.0387982428073883,standing
1783087715971145000,4.92014501953125,0.0472802220910787,-0.1273757953301072,0.0754734663963317,-0.0009928329382091,-0.1234914436936378,-0.0294305738061666,standing
1783087715981189000,4.930189208984375,0.0821685801208019,-0.10553586557433,0.072145783278346,0.0111111514270305,-0.1185932233929634,-0.0178899206221103,standing
1783087715991232800,4.940232666015625,0.1094856991786509,-0.1085112281233072,0.0553577300846576,0.0232738088816404,-0.1085203513503074,-0.0166867040097713,standing
1783087716001278000,4.95027783203125,0.0970426163867115,-0.1268082245752215,0.0240127437502145,0.0291394405066967,-0.0967472717165947,-0.0221411138772964,standing
1783087716011322000,4.960322021484375,0.135126117195934,-0.1516417831890285,-0.0028927988320589,0.028953019529581,-0.0745642036199569,-0.0298770647495985,standing
1783087716021367000,4.970366943359375,0.1163661794073879,-0.1295157299682497,0.0088783029824495,0.020011231303215,-0.0671082213521003,-0.0402931421995162,standing
1783087716031411000,4.980410888671875,0.1177834988594055,-0.09409414184466,0.0753951404631137,0.012474219314754,-0.0475409105420112,-0.0480125844478607,standing
1783087716041455900,4.990455810546875,0.1620784215293824,-0.0679413173258304,0.1177612870275974,0.0038868174888193,-0.0303954593837261,-0.0638429149985313,standing
1783087716051500000,5.0005,0.1312073363170027,-0.0715009095035493,0.1505342603385448,-0.0091405678540468,-0.0115035278722643,-0.0743094012141227,standing
1783087716061544000,5.0105439453125,0.1183487315267324,-0.05014057995826,0.1382861886620521,-0.015019966289401,0.0016515017487108,-0.079557292163372,standing
1783087716071589000,5.020589111328125,0.121983800093457,-0.0294406140178442,0.1048988828450441,-0.0117924809455871,0.0093445749953389,-0.0816137790679931,standing
1783087716081633000,5.030633056640625,0.1383397454801946,-0.0405352778755128,0.0816162069350481,-0.0042402916587889,0.000551673118025,-0.0795422121882438,standing
1783087716091678000,5.040677978515625,0.1431521141979843,-0.0583601267710328,0.063753217986226,0.0044488040730357,-0.0099270669743418,-0.0757780969142913,standing
1783087716101722400,5.050722412109375,0.1410632521599531,-0.0564728517197072,0.0302303030908107,0.0134203992784023,-0.0167183652520179,-0.0752229169011116,standing
1783087716111767300,5.060767333984375,0.1081133879121392,-0.0592769493550062,-0.0130196405708789,0.0222903247922658,-0.0173998698592185,-0.0757001563906669,standing
1783087716121811500,5.0708115234375,0.0696677027270197,-0.0838677852541208,0.0129857383012771,0.026589035987854,-0.0088345985859632,-0.0814579576253891,standing
1783087716131856400,5.0808564453125,-0.0111823421411216,-0.093596129194647,0.0054442368805408,0.0221921559423208,0.0013008587993681,-0.0802997499704361,standing
1783087716141900300,5.090900390625,-0.0351598684474825,-0.0931030849806964,0.0220955119520425,0.0136199742555618,-0.0012946580536663,-0.0808869749307632,standing
1783087716151944400,5.1009443359375,0.0203968182753771,-0.0636909664049744,0.1136801551938056,0.0068664634600281,-0.0007266057655215,-0.0826941952109336,standing
1783087716161989400,5.1109892578125,0.0859702374260872,-0.0411072325445711,0.1072439846664667,0.005781696178019,0.0047626197338104,-0.0774742811918258,standing
1783087716172033300,5.121033203125,0.1033211121343076,-0.0067879065744578,0.0715729518264532,-0.0022621157113462,0.0048979083076119,-0.0753064677119255,standing
1783087716182078500,5.131078369140625,0.1583119816679507,-0.0333374753259122,0.0963011503696441,-0.0173424296081066,0.0044157793745398,-0.0803199633955955,standing
1783087716192122400,5.141122314453125,0.2352436109833419,-0.0565073385111987,0.0577384877413511,-0.028103731572628,-0.0025981878861784,-0.0899166688323021,standing
1783087716202167300,5.151167236328125,0.2303123651262372,-0.083134502543509,0.038249358895421,-0.0234280601143836,-0.0280000381171703,-0.0932339206337928,standing
1783087716212211500,5.16121142578125,0.1703407115053385,-0.1116623856306076,0.0313268661558628,-0.0068743824958801,-0.0590506307780742,-0.0920107290148735,standing
1783087716222255400,5.17125537109375,0.1012381683804094,-0.0982205741249024,-0.0005523731857538,0.0105063691735267,-0.0749417245388031,-0.0924474447965622,standing
1783087716232300300,5.18130029296875,0.0720368430111557,-0.0593634585946798,0.0128232412159442,0.0140057634562253,-0.0804382264614105,-0.1089465245604515,standing
1783087716242344400,5.191344482421875,-0.0013936463154852,-0.0846295634068548,0.048491935968399,0.0027385838329792,-0.0869674384593963,-0.1256821304559707,standing
1783087716252389400,5.201389404296875,-0.0686421590715646,-0.1278789225466549,0.0545563505738973,-0.0169099532067775,-0.0998970866203308,-0.1228509247303009,standing
1783087716262433300,5.211433349609375,-0.0764824973084032,-0.1260278878524899,0.0515723663270473,-0.0264062918722629,-0.1025969311594963,-0.1069652438163757,standing
1783087716272478500,5.221478515625,-0.0100632749833166,-0.0849498814024031,-0.0123620534449815,-0.0240829512476921,-0.0976724773645401,-0.0902744159102439,standing
1783087716282522400,5.2315224609375,0.1001180783092975,-0.0513897032365202,0.0015150807380676,-0.0175617709755897,-0.0924140810966491,-0.082224428653717,standing
1783087716292566300,5.241566162109375,0.2122363910138607,-0.0555656737469136,0.0904962634831667,-0.0137566477060318,-0.0841138064861297,-0.0745995342731475,standing
1783087716302611500,5.251611572265625,0.3344469125352799,-0.0802308900564909,0.0935842926263809,-0.0134222554042935,-0.0729159191250801,-0.0751973167061805,standing
1783087716312655400,5.2616552734375,0.398861370909214,-0.0580884702228009,0.082308280852437,-0.0165237728506326,-0.0581556148827075,-0.0836789533495903,standing
1783087716322700300,5.2717001953125,0.4176096182599663,-0.0468104126222431,0.088951372128725,-0.0211586784571409,-0.0448359511792659,-0.0824333652853965,standing
1783087716332744400,5.281744384765625,0.3382034885898232,-0.0535233542643487,0.0895195274055004,-0.0277864877134561,-0.0331683754920959,-0.0745133906602859,standing
1783087716342789400,5.291789306640625,0.2197154947228729,-0.0989928736716508,0.0813052412897348,-0.0233984999358654,-0.0317041873931884,-0.0652319565415382,standing
1783087716352833300,5.301833251953125,0.133277858980745,-0.1015901966884732,0.0684533585011959,-0.0145717179402709,-0.0293656662106513,-0.052976094186306,standing
1783087716362878200,5.311878173828125,0.0429990376405417,-0.1102845214061438,0.0507289012402296,-0.0078151952475309,-0.0244027785956859,-0.0503997504711151,standing
1783087716372922400,5.32192236328125,-0.054385377921164,-0.1250171033747494,0.0493821628063917,-0.0137260816991329,-0.0188436973839998,-0.0556949116289615,standing
1783087716382966300,5.33196630859375,-0.0437787898413836,-0.1594315602824091,0.0534328995019197,-0.031278096139431,-0.0132106142118573,-0.0612599104642868,standing
1783087716393011500,5.342011474609375,0.0448331211999058,-0.1480092719055712,0.0622515812516212,-0.0430066548287868,-0.0016801925376057,-0.067518875002861,standing
1783087716403055400,5.352055419921875,0.1457227684035897,-0.112994072625786,0.0440554148256778,-0.0445536263287067,0.0168182607740163,-0.0762066021561622,standing
1783087716413100300,5.362100341796875,0.2117451003655791,-0.0731302642710506,0.019535890597105,-0.0418899320065975,0.0302616320550441,-0.0834986045956611,standing
1783087716423144400,5.37214453125,0.2711298940092325,-0.0391284798175096,0.0319178177863359,-0.0435692183673381,0.0302514117211103,-0.0836877897381782,standing
1783087716433189400,5.382189453125,0.2436978433348238,-0.0220138250179588,0.034267595782876,-0.03494643419981,0.0251535885035991,-0.0720971748232841,standing
1783087716443233300,5.3922333984375,0.1519784677974879,-0.0455732720427215,0.006838906109333,-0.019784977659583,0.0194616951048374,-0.0636786594986915,standing
1783087716453277400,5.40227734375,0.0898550429701805,-0.0530501837946474,0.0488818120688199,-0.0099704293534159,0.0192094948142766,-0.0583581998944282,standing
1783087716463322400,5.412322265625,0.0489323732122778,-0.0802900728978216,0.0894067146807909,-0.009820494800806,0.0253985747694969,-0.0527807921171188,standing
1783087716473366300,5.4223662109375,0.0161702135562896,-0.0979832582376897,0.1052712232887744,-0.0152133964002132,0.0337031073868274,-0.056501492857933,standing
1783087716483411200,5.4324111328125,0.0346003348685801,-0.1270198214992881,0.0862707547426223,-0.0185732189565897,0.039050355553627,-0.0661162361502647,standing
1783087716493455400,5.442455322265625,0.0798553347423672,-0.0937168329648673,0.0707902770161628,-0.0154642444103956,0.0410218946635723,-0.0736196935176849,standing
1783087716503500500,5.45250048828125,0.0483690402410924,-0.0575426729083061,0.043247605574131,-0.0173224974423646,0.0215564873069524,-0.0810079351067543,standing
1783087716513544400,5.46254443359375,0.0478678127206861,-0.0761515117883682,0.0299105696171522,-0.0240419171750545,0.0090353693813085,-0.082588255405426,standing
1783087716523588400,5.47258837890625,0.1187320317558944,-0.0897416457235813,-0.0100993692100048,-0.0242611989378929,0.0025183327961713,-0.0802840515971183,standing
1783087716533633500,5.482633544921875,0.169030140363425,-0.1146355562224984,0.0172235220015049,-0.0176139492541551,0.0006232275627553,-0.0848665460944175,standing
1783087716543677400,5.492677490234375,0.1882021660842001,-0.1573145681284368,0.0228764331966638,-0.0044103031978011,0.0025920174084603,-0.0921987891197204,standing
1783087716553722400,5.502722412109375,0.2034023655645549,-0.1323598673529923,0.0159334821909666,0.0066958777606487,0.0080757327377796,-0.0964305475354194,standing
1783087716563766300,5.512766357421875,0.1752757567547261,-0.0915934110701084,0.0258756150126457,0.0124757559970021,0.0211529619991779,-0.1118486374616622,standing
1783087716573811200,5.522811279296875,0.1212109890900552,-0.0811123490661382,0.0357581266015768,0.0093273669481277,0.039260059595108,-0.1262579411268234,standing
1783087716583855400,5.53285546875,0.0691840108633041,-0.1012894601762294,0.0614963789701461,-0.005037170369178,0.0452254265546798,-0.1418280452489853,standing
1783087716593899300,5.542899169921875,0.0229259714268147,-0.0912988120377063,0.0981248586654663,-0.0177769344300031,0.0517531000077724,-0.1511139571666717,standing
1783087716603944200,5.552944091796875,0.0013940847069025,-0.1059827325589954,0.082709262868762,-0.0233050007373094,0.0500452741980552,-0.1549334973096847,standing
1783087716613988400,5.56298828125,-0.0161669986858963,-0.0993057390131056,0.0666162062019109,-0.0175714809447526,0.0404496379196643,-0.1541278809309005,standing
1783087716624033500,5.573033447265625,0.0254031751953065,-0.0784375768989324,0.0529191047608852,-0.0133369537070393,0.0358377434313297,-0.1525836139917373,standing
1783087716634077200,5.5830771484375,0.1087761626698076,-0.0697793464079499,0.0459673859268426,-0.0129449358209967,0.0334028154611587,-0.1513915956020355,standing
1783087716644122400,5.593122314453125,0.1620459805645048,-0.0439440634056925,0.0311024097502231,-0.0135761257261037,0.0383701026439666,-0.1465076208114624,standing
1783087716654166500,5.60316650390625,0.2018212338529527,-0.0595224485486745,0.0381546663492918,-0.009322790428996,0.0440929681062698,-0.1473316103219986,standing
1783087716664210400,5.61321044921875,0.2208526820592582,-0.0657864773795008,0.0327519305229187,-0.008259555324912,0.0432764962315559,-0.1425692439079284,standing
1783087716674255400,5.62325537109375,0.2230567679747939,-0.0777343970656394,0.0347591786921024,-0.0050243469886481,0.0327450223267078,-0.1341648399829864,standing
1783087716684299500,5.633299560546875,0.1973985951051116,-0.1154639698706567,0.049579146683216,-0.003046088386327,0.0260224509984254,-0.122389942407608,standing
1783087716694344200,5.64334423828125,0.1100857839636504,-0.0859840467557311,0.0557271479189395,-0.0092406012117862,0.0124413948506116,-0.119001604616642,standing
1783087716704388400,5.653388427734375,0.0734057202115655,-0.1437175660610199,0.0577794042736291,-0.021624855697155,-0.0003614835441112,-0.1158133894205093,standing
1783087716714433500,5.66343359375,0.0452444784797728,-0.1315070499159395,0.0352712198674678,-0.0282033961266279,-0.0098607130348682,-0.112509474158287,standing
1783087716724477200,5.673477294921875,0.0429528604112565,-0.1262355392538011,0.0435065487712621,-0.0182709507644176,-0.0176029149442911,-0.1098358184099197,standing
1783087716734521300,5.683521240234375,0.0790228294409811,-0.0938337373428046,0.037917350462079,-0.0061610247939825,-0.0255764182657003,-0.1100091859698295,standing
1783087716744566500,5.69356640625,0.101102851562947,-0.0583776624277234,0.0464496164858341,-0.0010145893320441,-0.0326821692287921,-0.1041968613862991,standing
1783087716754610200,5.703610107421875,0.0796358467727899,-0.0385721611090004,0.0444289243131875,0.0065226890146732,-0.032118909060955,-0.0936235785484314,standing
1783087716764655400,5.7136552734375,0.0549751605078578,-0.0511249148204922,0.0133697691828012,0.0086072478443384,-0.0270273499190807,-0.0867629870772361,standing
1783087716774699500,5.723699462890625,0.0113381172247231,-0.0536162932448089,0.0157137019604444,0.0074623553082346,-0.0251852422952651,-0.0796555429697036,standing
1783087716784744200,5.733744140625,0.0424490025423467,-0.0524567479461431,0.0740273592412471,0.0055115069262683,-0.0218469426035881,-0.0689101740717887,standing
1783087716794788400,5.743788330078125,0.109081283096224,-0.0519495290763676,0.0879547623068094,0.0054755541495978,-0.0130047164857387,-0.065181478857994,standing
1783087716804833500,5.75383349609375,0.1505227160312235,-0.012200725403428,0.0772393070250749,0.0066183172166347,0.0050039924681186,-0.0618621818721294,standing
1783087716814877200,5.763877197265625,0.1395113465428352,0.0388353420898318,0.0772065737992525,-0.0012396059464663,0.0299263857305049,-0.056995254009962,standing
1783087716824921300,5.77392138671875,0.1442563491128385,0.1205225684344768,0.0594254179149866,-0.0118374098092317,0.060978390276432,-0.0454538613557815,standing
1783087716834966500,5.783966552734375,0.1249959144562482,0.1599042923606932,0.0990109938502311,-0.022662628442049,0.0884667411446571,-0.037055317312479,standing
1783087716845010200,5.79401025390625,0.0712840518824756,0.1469961493402719,0.1174146655470132,-0.0309158861637115,0.0969235524535179,-0.0284918863326311,standing
1783087716855055400,5.804055419921875,0.0159765906803309,0.1398486156731843,0.1018541083216667,-0.0336251184344291,0.1068190559744834,-0.0186938494443893,standing
1783087716865099500,5.814099609375,0.0021937106519937,0.1411126442596316,0.1007207203775644,-0.0393509343266487,0.1165976524353027,-0.0161762274801731,standing
1783087716875144200,5.824144287109375,-0.0009757131643593,0.1282616382539272,0.114835754969716,-0.0511713773012161,0.1107554733753204,-0.0114192888140678,standing
1783087716885188400,5.834188232421875,-0.0071582011915743,0.1212374387055635,0.0842044698625802,-0.0586655512452125,0.0932478830218315,0.0033647569362074,standing
1783087716895232500,5.844232421875,-0.0026664427302777,0.0851272837959229,0.014459317985177,-0.0517091080546379,0.0637773424386978,0.0167993381619453,standing
1783087716905277200,5.854277099609375,0.0884643192641437,0.0828314279437065,0.0095277068018913,-0.0320178419351577,0.0329727716743946,0.0151851074770092,standing
1783087716915321300,5.8643212890625,0.1160354861482977,0.0302132058255374,-0.0305453603893518,-0.0104044238105416,0.0075563606806099,0.0069588692858815,standing
1783087716925366500,5.874366455078125,0.1345510937869548,0.0387703140296041,0.0093704704135656,-0.0066794198937714,-0.0151948276907205,-0.0076138712465763,standing
1783087716935410200,5.88441015625,0.1908626174651086,0.0736998808525502,-0.0084556936562061,-0.0100467205047607,-0.0084485094994306,-0.0374865494668483,standing
1783087716945455400,5.894455322265625,0.1097768641449511,0.0595361848130822,-0.0517301872372627,-0.0100312530994415,0.0310556720942258,-0.0688442662358284,standing
1783087716955499500,5.90449951171875,-0.0835125420756638,0.0823524122551083,0.0384668010383844,-0.0362308993935585,0.0450106337666511,-0.084610179066658,standing
1783087716965543200,5.914543212890625,-0.0754965550109744,0.0794191352821886,0.2614730078697204,-0.0695430487394332,0.0395419187843799,-0.0957460030913353,standing
1783087716975588400,5.92458837890625,0.0439627681061625,0.0487703145183622,0.2633078220814466,-0.0877907574176788,0.0258828308433294,-0.1089584752917289,standing
1783087716985632500,5.934632568359375,0.0623442279711365,0.0061734279379248,0.1551239262163639,-0.0829363316297531,0.0115130245685577,-0.1176852285861969,standing
1783087716995677400,5.944677490234375,0.0985489292964339,-0.032631080622226,0.037594694378972,-0.0649008750915527,-0.0011614919640123,-0.1235303431749343,standing
1783087717005721300,5.954721435546875,0.1085797633148729,-0.029316841507703,-0.0037549686193466,-0.0497979000210762,-0.0108241317793726,-0.1259690225124359,standing
1783087717015766300,5.964766357421875,0.1130123389348387,-0.0314573606677353,-0.009117956957221,-0.0429679602384567,-0.0171443447470664,-0.1187409460544586,standing
1783087717025810200,5.97481005859375,0.1314841074317693,-0.0396143636383116,-0.0097077395439147,-0.0453290566802024,-0.0212481953203678,-0.1131335124373436,standing
1783087717035854300,5.984854248046875,0.1197233808808028,-0.0342497678652405,0.0377694664239883,-0.0505816079676151,-0.0231198649853467,-0.1150523200631141,standing
1783087717045899300,5.994899169921875,0.1751838406875729,-0.030567279960215,0.0480178887158632,-0.0574326738715171,-0.0236705765128135,-0.1299286931753158,standing
1783087717055943200,6.004943115234375,0.0870353093743324,-0.0025558219626545,0.0163800569146871,-0.0625757724046707,-0.0252500958740711,-0.1442482322454452,standing
1783087717065988400,6.01498828125,0.0930491628363728,-0.0324698987111449,0.0434574489325284,-0.060885950922966,-0.0330497659742832,-0.1590156555175781,standing
1783087717076032500,6.025032470703125,0.099664927714318,-0.0227506148599088,0.0793202049523592,-0.0569226369261741,-0.0390266999602317,-0.1663811653852462,standing
1783087717086077400,6.035077392578125,0.0372435428537428,-0.0124829033456742,0.0979091700881719,-0.0453205555677413,-0.0402061752974987,-0.1745099127292633,standing
1783087717096121300,6.045121337890625,0.0445326769486069,-0.0580512069523334,0.0898053586095571,-0.0369065627455711,-0.0310001578181982,-0.1870238333940506,standing
1783087717106165800,6.055165771484375,0.0438251132011413,-0.0788068486027419,0.0890583396345376,-0.0380689091980457,-0.0288654342293739,-0.1960049122571945,standing
1783087717116210700,6.065210693359375,0.0833475607722997,-0.095175799601525,0.0983592519432306,-0.049194797873497,-0.029920045286417,-0.2023560106754303,standing
1783087717126254600,6.075254638671875,0.131879098098725,-0.1263389996282756,0.1054033252358436,-0.0525285825133323,-0.0292723253369331,-0.21458201110363,standing
1783087717136299500,6.085299560546875,0.1297118370622396,-0.1259711892291903,0.0456821392446756,-0.0454959757626056,-0.0157975293695926,-0.2322677969932556,standing
1783087717146343700,6.09534375,0.0771584968738257,-0.1105710832625627,-0.0136316349893808,-0.0311466995626688,-0.0004070261493325,-0.2476506531238556,standing
1783087717156388900,6.105388916015625,0.1128882741637527,-0.1237850773617625,0.0248135387390851,-0.0187986865639686,0.0195373874157667,-0.2706025838851928,standing
1783087717166432500,6.1154326171875,0.0985807857394218,-0.0890323284104466,0.028967151287198,-0.0266819112002849,0.0327899679541587,-0.2878220975399017,standing
1783087717176476700,6.1254765625,0.0893807034566998,-0.0772483671143651,0.0814502027183771,-0.0511688776314258,0.0420969165861606,-0.3007863461971283,standing
1783087717186521600,6.135521484375,0.0729867641471326,-0.1086855617769062,0.0980856956988573,-0.0730068385601043,0.0446825325489044,-0.3067181706428528,standing
1783087717196565500,6.1455654296875,0.0940621392711997,-0.1377816001407802,0.062205404022336,-0.0761613547801971,0.0352783799171447,-0.3042123913764953,standing
1783087717206610700,6.155610595703125,0.0903004486501216,-0.1365478205621242,0.0122130003631114,-0.0540490038692951,0.0141981821507215,-0.3020009398460388,standing
1783087717216654600,6.165654541015625,0.0900713160693645,-0.1443491419628262,-0.0056330374509096,-0.0207472406327724,-0.0050261127762496,-0.3013769388198852,standing
1783087717226699500,6.175699462890625,0.107299221985042,-0.1295687753297388,0.0072439797788858,0.004437536932528,-0.0209803767502307,-0.298305332660675,standing
1783087717236743700,6.18574365234375,0.1090304296918213,-0.0899725318700075,0.0281219326347112,0.0076519716531038,-0.0282401517033576,-0.3001831173896789,standing
1783087717246787600,6.19578759765625,0.1591904450029134,-0.0834574508875608,0.0791939482241868,-0.0095059759914875,-0.028048139065504,-0.3065361082553863,standing
1783087717256832500,6.20583251953125,0.1869895754240453,-0.0808064979873597,0.0942068084388971,-0.031291164457798,-0.0207878313958644,-0.3115146160125732,standing
1783087717266876700,6.215876708984375,0.1252120414249599,-0.0845614666067063,0.0723760849028825,-0.0383373163640499,-0.0162916854023933,-0.3112002909183502,standing
1783087717276921900,6.225921875,0.0533177486896514,-0.1210502455703914,0.0253062906920909,-0.039418026804924,-0.0187713541090488,-0.304298460483551,standing
1783087717286965500,6.235965576171875,0.0622395985528826,-0.1173600127503275,0.0670218643933534,-0.036254845559597,-0.0131606310606002,-0.3020505607128143,standing
1783087717297010700,6.2460107421875,0.0932240810118615,-0.1121812949381768,0.0462204839050769,-0.0229454338550567,0.0028295214287936,-0.3027448356151581,standing
1783087717307054800,6.256054931640625,0.1073738946564495,-0.1147524606004357,0.0516249732971191,-0.0070782378315925,0.0204813126474618,-0.3090317547321319,standing
1783087717317098500,6.266098388671875,0.1199624503336846,-0.1087095271743834,0.0615852262973785,0.0011469351593405,0.0400009527802467,-0.307047963142395,standing
1783087717327143700,6.276143798828125,0.0881724967107176,-0.096409579180181,0.084285133883357,-0.0022309366613626,0.0606882460415363,-0.3003108203411102,standing
1783087717337187600,6.2861875,0.010084902293235,-0.1264059273846447,0.0391004227668046,-0.0083948224782943,0.0609321929514408,-0.2821693420410156,standing
1783087717347232500,6.296232421875,0.0293513282991945,-0.1260121057614684,0.0697065734326839,-0.0067563029006123,0.0546946339309215,-0.263337105512619,standing
1783087717357276700,6.306276611328125,0.1151395602218806,-0.1528527664139866,0.1288210257023573,-0.0006265053525567,0.0412840209901332,-0.2432997375726699,standing
1783087717367321900,6.31632177734375,0.1177989886894822,-0.1341335990272462,0.1073661497414112,0.0004085430409759,0.0370344705879688,-0.2217887639999389,standing
1783087717377365500,6.326365478515625,0.1501410232372582,-0.12841025294438,0.080557053270936,0.003076231572777,0.0390821769833564,-0.2020233124494552,standing
1783087717387409700,6.33640966796875,0.1482061096519231,-0.1418953190699219,0.0224456405639648,0.0036443648859858,0.049226701259613,-0.191703200340271,standing
1783087717397454800,6.346454833984375,0.1360907244443893,-0.1293560093618929,-0.0004272855013608,-0.0011708966922014,0.0558776780962944,-0.1812452375888824,standing
1783087717407498500,6.35649853515625,0.1305643622383475,-0.1142231760293245,0.0210690915137529,-0.0107113011181354,0.0572959370911121,-0.1695829778909683,standing
1783087717417543700,6.366543701171875,0.1850692748859524,-0.1229796061977744,0.0682049366980791,-0.0222766101360321,0.0484478510916233,-0.1578174084424972,standing
1783087717427587800,6.376587890625,0.2364692072555422,-0.1018611225843429,0.0982663129627704,-0.0273072198033332,0.0359071977436542,-0.1467065215110778,standing
1783087717437632500,6.386632568359375,0.2038686679020523,-0.0945312180876731,0.0557253943532705,-0.0220008715987205,0.0250327121466398,-0.1433450877666473,standing
1783087717447676700,6.3966767578125,0.1413205879218876,-0.1106708903752267,-0.0071218147039413,-0.0091508328914642,0.0151753276586532,-0.1434308141469955,standing
1783087717457720800,6.406720947265625,0.0428276265963912,-0.1239138183079659,-0.0342699338704347,0.0005425403360277,0.0049051130190491,-0.1507808715105056,standing
1783087717467765500,6.416765625,0.0489829343557357,-0.1089557570204138,0.0230687408983707,0.0038672932423651,-0.0052764890715479,-0.1556494683027267,standing
1783087717477809700,6.4268095703125,0.0538555088281631,-0.1036366078242659,0.0541606292545795,0.0085462005808949,0.004044041968882,-0.1618948578834533,standing
1783087717487854600,6.4368544921875,0.0588363659806549,-0.0985538977324962,0.0422550874054431,0.0086809964850544,0.0233187563717365,-0.1714084446430206,standing
1783087717497898500,6.4468984375,0.0816457252904772,-0.1107793191857635,0.0746060359120368,-0.0055898176506161,0.037447091192007,-0.1802970021963119,standing
1783087717507943700,6.456943603515625,0.1364804544143378,-0.1474212428845465,0.1145031620144844,-0.0212821252644062,0.0533095337450504,-0.1818791776895523,standing
1783087717517987800,6.46698779296875,0.1528498438045382,-0.1688246809192001,0.1186585281282663,-0.0280910283327102,0.0667079016566276,-0.1812371015548706,standing
1783087717528031500,6.477031494140625,0.1158246198765933,-0.1752948998466134,0.0703121381103992,-0.0274414233863353,0.0645849555730819,-0.1737911254167556,standing
1783087717538076700,6.48707666015625,0.1053204692579805,-0.1861575085140764,0.0596487052768468,-0.0192154515534639,0.0520944632589817,-0.1628212928771972,standing
1783087717548120800,6.497120849609375,0.0745887925162911,-0.1951432173937559,0.0092757778674364,-0.0033732487354427,0.0284344628453254,-0.1481286734342575,standing
1783087717558165500,6.50716552734375,0.049736821462959,-0.1766071514889597,-0.0086240359604358,0.0115380566567182,0.0144400838762521,-0.1402648985385894,standing
1783087717568209700,6.517209716796875,0.0696627342909574,-0.2091574219599366,-0.0419359384536743,0.0163732729852199,0.0004475284367799,-0.1342067420482635,standing
1783087717578254600,6.527254638671875,0.084136811453849,-0.2019432527974247,0.0099596684783697,0.0140893450006842,0.0006150412373244,-0.1301185190677642,standing
1783087717588298500,6.537298583984375,0.1104009873926639,-0.1967338475860655,0.0676437956839799,0.0068660527467727,0.0060810619033873,-0.1288360059261322,standing
1783087717598342700,6.5473427734375,0.1246226972296833,-0.1650068761967122,0.0886655409246683,0.0058585787191987,0.0109863383695483,-0.12469532340765,standing
1783087717608387600,6.5573876953125,0.1884254534460604,-0.1537673970408737,0.0879430718690156,0.0101057682186365,0.0169066209346056,-0.113403208553791,standing
1783087717618431500,6.567431396484375,0.1481603708140552,-0.1428637257106602,0.0241699801385402,0.0175375863909721,0.0272330287843942,-0.1062451601028442,standing
1783087717628476700,6.5774765625,0.073325494582206,-0.1630120491176843,0.0042132337808609,0.0132372761145234,0.0270957462489604,-0.1001257598400116,standing
1783087717638520800,6.587520751953125,0.1092522557489573,-0.1634934028938412,0.0535860442370176,0.0034285874571651,0.0149115184321999,-0.0897748544812202,standing
1783087717648565500,6.5975654296875,0.1451594354324042,-0.1638964307367801,0.0534334840238094,0.0029756247531622,0.0021487809717655,-0.0803250819444656,standing
1783087717658609700,6.607609619140625,0.0973148574568331,-0.1513018837101757,0.0314484467089176,0.0188778918236494,-0.0025612856261432,-0.0745681300759315,standing
1783087717668653800,6.61765380859375,0.0373893810652196,-0.1907587186992168,-0.0175315650373697,0.0279777720570564,0.0006226948462426,-0.0718418285250663,standing
1783087717678698500,6.627698486328125,0.0312606690518558,-0.1955516520641744,-0.0115799631565809,0.0256632156670093,0.0126218330115079,-0.0655692815780639,standing
1783087717688742700,6.63774267578125,0.0593615588985383,-0.1734292521052062,0.037497663745284,0.0090566873550415,0.0300919972360134,-0.0599905177950859,standing
1783087717698787600,6.64778759765625,0.1110259874232113,-0.1586604297794401,0.0966495254158973,-0.0020747939124703,0.053040724247694,-0.0594863817095756,standing
1783087717708831500,6.65783154296875,0.1444990718275308,-0.1450948457635939,0.1057575455009937,-0.0006586476229131,0.0739588439464569,-0.0602207854390144,standing
1783087717718876700,6.667876708984375,0.1298812022797763,-0.1082432248368859,0.0908218421757221,0.0009179436601698,0.0755532830953598,-0.0557125881314277,standing
1783087717728920600,6.677920654296875,0.1003422424539923,-0.0932752266772091,0.1034703113466501,0.0046058483421802,0.0589384548366069,-0.0478652529418468,standing
1783087717738964500,6.687964599609375,0.076965896911174,-0.1026052189499139,0.0266214649438858,0.0152054959908127,0.0309118796139955,-0.0405599363148212,standing
1783087717749009700,6.698009765625,0.0465177132859826,-0.1206336275935173,-0.0395943437635898,0.0239024795591831,-0.0069457725621759,-0.0368873924016952,standing
1783087717759053800,6.7080537109375,0.1176931902274489,-0.1055221293099224,0.0026700959920883,0.0215975120663642,-0.0446960814297199,-0.0367957800626754,standing
1783087717769098800,6.7180986328125,0.1926451169677078,-0.0970180664673447,0.0258200854331254,0.0104257771745324,-0.0618633031845092,-0.0397004410624504,standing
1783087717779142700,6.728142578125,0.2003011846788227,-0.1029191072046756,-0.0103548052757978,0.0041162157431244,-0.0564735978841781,-0.0470491722226142,standing
1783087717789187600,6.7381875,0.1988588769160211,-0.0792773887239396,0.0226081376492977,-0.0015695099718868,-0.0458438023924827,-0.0495456494390964,standing
1783087717799231500,6.7482314453125,0.1657794680044055,-0.0840722217850387,0.0370201093614101,-6.88186846673e-05,-0.0293580368161201,-0.0461487881839275,standing
1783087717809275600,6.758275634765625,0.1787900484859943,-0.0738341747567057,0.0865109932392835,0.0029489726293832,-0.0246935244649648,-0.0423052720725536,standing
1783087717819320600,6.768320556640625,0.1613428007312119,-0.084245970916748,0.1055091236978769,0.0017667955253273,-0.0244320034980773,-0.0382298380136489,standing
1783087717829364500,6.778364501953125,0.1193269289091229,-0.1072382855780422,0.077524553707242,-0.0046133394353091,-0.0374415479600429,-0.0286294072866439,standing
1783087717839409700,6.78840966796875,0.132309160079062,-0.1183862870581448,0.0716863490730524,-0.0104845445603132,-0.0463580749928951,-0.0237028263509273,standing
1783087717849453600,6.79845361328125,0.1899265056587755,-0.1669964425787329,0.0240261877536773,-0.0104174325242638,-0.0404469221830368,-0.0258069895207881,standing
1783087717859498800,6.808498779296875,0.1350681033983826,-0.1788603372432291,-0.0527191982746124,-0.0026716287247836,-0.0245318710803985,-0.0328555777668952,standing
1783087717869542700,6.818542724609375,0.0930288507007062,-0.1820982962511479,0.0103904611110687,0.0043460261076688,-0.0223749056458473,-0.0355177521705627,standing
1783087717879586800,6.8285869140625,0.091064418759942,-0.1455678701028227,0.0633697716265916,0.0092712761834263,-0.0113416966050863,-0.0316119603812694,standing
1783087717889631700,6.8386318359375,0.0489585305668413,-0.1160842937260866,0.0491530302256345,0.014400421641767,0.0009768842719495,-0.0294393729418516,standing
1783087717899675600,6.848675537109375,0.0660410366624593,-0.1132198442056775,0.086114687398076,0.0152070941403508,0.0040858583524823,-0.0224541667848825,standing
1783087717909720600,6.858720458984375,0.0983741572514176,-0.1058713811390101,0.1209726502895355,0.0120297987014055,0.0044807149097323,-0.0125192161649465,standing
1783087717919764700,6.8687646484375,0.104967125775665,-0.0932248116642236,0.1082446861416101,0.0095533253625035,0.0075409533455967,-0.0007826653309166,standing
1783087717929809700,6.8788095703125,0.0871050136096775,-0.109518651600182,0.0503986463725566,0.0075891828164458,-0.0001647244207561,0.0105041973292827,standing
1783087717939853600,6.888853515625,0.1280731299445033,-0.1244622459709644,0.0723632254213094,0.0029297161381691,-0.0145588442683219,0.0238234642893075,standing
1783087717949897500,6.8988974609375,0.1597732133269309,-0.1280744451187551,0.0571738395959138,0.0049865976907312,-0.0263961553573608,0.0314550474286079,standing
1783087717959942700,6.908942626953125,0.1517019889436662,-0.1221953239522874,0.0181359606713056,0.0082692094147205,-0.0271402411162853,0.0309650246053934,standing
1783087717969986600,6.918986572265625,0.2057784470461308,-0.1557239379361271,0.0070341364204883,0.0074763465672731,-0.0168927125632762,0.0248244348913431,standing
1783087717980031700,6.92903173828125,0.1761753359429538,-0.1422986391738057,0.0016758242577314,0.0086726387962698,-0.0014991103671491,0.0176719818264246,standing
1783087717990075600,6.93907568359375,0.0846108587063848,-0.1019173828162252,0.0306470671981573,0.0105787031352519,0.0081280004233121,0.0161165706813335,standing
1783087718000120600,6.94912060546875,0.0085899875603616,-0.0710138566389679,0.0657967065125703,0.0101041290909051,0.0039004983846098,0.0178300477564334,standing
1783087718010164700,6.959164794921875,0.0428729270428419,-0.0421885980404913,0.1214022738784551,0.0044825440272688,-0.0069646616466343,0.0194187145680189,standing
1783087718020208600,6.969208740234375,0.0822026285208761,-0.0552396566629409,0.0971960533827543,0.0008689004462212,-0.0163581632077693,0.0216648243367671,standing
1783087718030253600,6.979253662109375,0.1021289797402918,-0.0823806154362857,0.0516162054687738,0.0041115451604127,-0.0231693834066391,0.0223109610378742,standing
1783087718040297700,6.989297607421875,0.1070896708875894,-0.1088753852605819,0.0133633394420146,0.0088114915415644,-0.0242053531110286,0.0218944437801837,standing
1783087718050342700,6.9993427734375,0.1044413483358919,-0.1271608374051749,-0.0101525607019662,0.010434053838253,-0.0264184530824422,0.023440983146429,standing
1783087718060386600,7.009386474609375,0.1129962645828723,-0.1253669397257268,0.0241501063942909,0.0073535749688744,-0.0314363837242126,0.0289318896830081,standing
1783087718070431700,7.019431640625,0.1729169186688959,-0.0960218950368464,0.06544307076931,-0.0015149972168728,-0.017726806923747,0.0339243188500404,standing
1783087718080475600,7.0294755859375,0.1527164266832172,-0.0476345884867012,0.0590045621544122,-0.0153634343296289,-0.0063444562256336,0.0397332049906253,standing
1783087718090519600,7.03951953125,0.107284316676855,-0.0481309937015175,0.1028781906723976,-0.0178911220282316,-0.0124528082087636,0.0447837375104427,standing
1783087718100564000,7.04956396484375,0.1266550798401236,-0.0553871023096144,0.1074333697587251,0.0014815100003033,-0.0175535604357719,0.0524981170892715,standing
1783087718110608100,7.059608154296875,0.0823543119512498,-0.0512494179829955,0.045791444838047,0.0253278836607933,-0.0140034332871437,0.0587730407714843,standing
1783087718120653000,7.069653076171875,0.0225578687667846,-0.0388559464864432,0.0631622663557529,0.0300003979355096,-0.0113924704492092,0.0657073780894279,standing
1783087718130697000,7.079697021484375,0.0102500297270715,-0.107462449722737,0.0939636473327875,0.0099084684625267,-0.003033569548279,0.0727218836545944,standing
1783087718140742100,7.0897421875,0.0479050759911537,-0.1516623875856399,0.0895756415069103,-0.0132349338382482,0.0214973390102386,0.0767214149236679,standing
1783087718150786000,7.0997861328125,0.0747818308703601,-0.1337409464478492,0.0818827489167451,-0.0358635671436786,0.0475308857858181,0.0747573897242546,standing
1783087718160830000,7.109829833984375,0.1119834342785179,-0.1449478385083377,0.0845166045516729,-0.0490315668284893,0.0641016066074371,0.0640019476413726,standing
1783087718170875100,7.119875244140625,0.1921101333081722,-0.1098459838584065,0.0732470225185155,-0.0483648143708705,0.0681786239147186,0.0540439002215862,standing
1783087718180919300,7.129919189453125,0.2058222861878574,-0.0642377866327762,0.0221843592792749,-0.0295913945883512,0.0632445886731147,0.0497498214244842,standing
1783087718190964000,7.1399638671875,0.162951989493519,-0.0655393707506358,-0.0152361475765705,-0.0148880193009972,0.0496358014643192,0.0533925779163837,standing
1783087718201008000,7.150008056640625,0.0591962853342294,-0.0684124419689178,-0.0120902507662773,-0.0079715242609381,0.0427688397467136,0.0575971752405166,standing
1783087718211053000,7.160052978515625,-0.0664940411269664,-0.1029731754794716,-0.0347217692911624,-0.0044728885404765,0.0298202130943536,0.0606886520981788,standing
1783087718221097000,7.170096923828125,-0.0910511208869516,-0.1247051148161292,0.0016693945169448,-0.0035580925177782,0.0255298614501953,0.065013088285923,standing
1783087718231141000,7.18014111328125,0.0086371877029538,-0.1057600297190248,0.066179568350315,-0.0033862367272377,0.0308668129146099,0.0657773688435554,standing
1783087718241186000,7.19018603515625,0.0657709875494241,-0.0870088597588241,0.0652455023705959,-0.0115131391212344,0.0479094460606575,0.0643602982163429,standing
1783087718251230000,7.20022998046875,0.1022407695516944,-0.0612844897851347,0.0669739335983991,-0.0181449837982654,0.0641123354434967,0.063847504556179,standing
1783087718261275100,7.210275146484375,0.1568285381771624,-0.0508393758773803,0.0962321767866611,-0.0211908426135778,0.0818266123533248,0.0580095872282981,standing
1783087718271319000,7.220319091796875,0.1983586723089218,-0.0152234342254698,0.0914420199006795,-0.020225016400218,0.0959767699241638,0.0469710938632488,standing
1783087718281363000,7.230363037109375,0.1636952090762555,0.0332744930922985,0.0919119754999876,-0.0178329646587371,0.084507867693901,0.0462989099323749,standing
1783087718291408100,7.240408203125,0.1443117325618863,-0.016250731446594,0.1000993736088275,-0.0141659751534461,0.0599998459219932,0.051326110959053,standing
1783087718301452000,7.2504521484375,0.1011762090601026,-0.0327086759030818,0.0554869094222784,-0.00365128275007,0.0250913947820663,0.0556380338966846,standing
1783087718311497200,7.260497314453125,0.0610801993846893,-0.0645772477202117,0.0203156427979469,0.0068963104858994,-0.0085572861135005,0.0582332573831081,standing
1783087718321541000,7.270541015625,0.0281086347617208,-0.0981445862792432,-0.0249970786124467,0.0097863730043172,-0.0347340293228626,0.0557842142879962,standing
1783087718331586000,7.2805859375,-0.0559022122249007,-0.1178884205386042,-0.0532388382345438,0.0062995366752147,-0.0691733062267303,0.059516180306673,standing
1783087718341630200,7.290630126953125,-0.0130976742431521,-0.1023173419192433,-0.0349169996023178,0.008326468989253,-0.0900490134954452,0.0611431039869785,standing
1783087718351674000,7.300674072265625,0.0858094208411872,-0.0837539496161043,-0.0177332250893115,0.0145667670294642,-0.0927933007478714,0.0577086210250854,standing
1783087718361719000,7.310718994140625,0.1376211488820612,-0.0596513356253504,-0.0226408708751201,0.0186768248677253,-0.0764388293027877,0.0501774661242961,standing
1783087718371763000,7.320762939453125,0.1686563386149704,-0.054748950536549,0.0295277077794075,0.0066308751702308,-0.054564069956541,0.0453506372869014,standing
1783087718381808000,7.33080810546875,0.1778035216666758,-0.0527650832429528,0.1141641393184661,-0.0125489449128508,-0.0329067111015319,0.0445863083004951,standing
1783087718391852000,7.34085205078125,0.1663221965789794,-0.0657471682824194,0.1283954937666654,-0.0269883573055267,-0.0183755978941917,0.0466818772256374,standing
1783087718401897200,7.350897216796875,0.1328374217368662,-0.0513448411814868,0.1187269171893596,-0.0261044539511203,-0.0133177209645509,0.0485202558338642,standing
1783087718411941000,7.360941162109375,0.0856450240597128,-0.0723760849028825,0.0796013599812984,-0.0129448128864169,-0.0132184252142906,0.0519740134477615,standing
1783087718421985000,7.370985107421875,0.0349285439096391,-0.075349840016663,0.0825385824769735,0.0007198660168796,-0.0211812779307365,0.0536502078175544,standing
1783087718432030200,7.3810302734375,0.0525615234948694,-0.0783291480883956,0.0561135168880224,0.0113610383123159,-0.0292980726808309,0.0528242290019989,standing
1783087718442074000,7.39107421875,0.0953957259625196,-0.0636092794708907,0.0343769013762474,0.0164197124540805,-0.0335444808006286,0.0479027107357978,standing
1783087718452119000,7.401119140625,0.1269873805344104,-0.0224466634772717,0.0353688350230455,0.0153791336342692,-0.0349497199058532,0.0420999117195606,standing
1783087718462163200,7.4111630859375,0.0943472398228943,-0.0200270351149141,0.0157633863210678,0.0060343677178025,-0.0354799553751945,0.0430021919310092,standing
1783087718472208100,7.4212080078125,0.1007044998951256,-0.0436845356866717,0.0364507850408554,-0.0058402577415108,-0.0441678911447525,0.0485564582049846,standing
1783087718482252000,7.431251953125,0.0892562002941966,-0.0367494757264852,0.0655751727163791,-0.0069619813002645,-0.051678005605936,0.0528369545936584,standing
1783087718492296200,7.441296142578125,0.1072765717618167,-0.0513804970167577,0.0614934563606977,0.0022070566192269,-0.0555473826825618,0.0537603534758091,standing
1783087718502341000,7.451341064453125,0.1083902320921421,-0.0406228100284934,0.0432674793183803,0.0135989934206008,-0.0652351677417755,0.0546698197722435,standing
1783087718512385000,7.461385009765625,0.0721736941985786,-0.0323512407675385,0.0243114344358444,0.0235208459198474,-0.0609539076685905,0.0546322613954544,standing
1783087718522430200,7.47143017578125,0.1004617771804332,-0.0316230726234614,-0.0067582420885562,0.020040363073349,-0.0498224273324012,0.0428413785994052,standing
1783087718532474000,7.48147412109375,0.1303901747152209,-0.0274035552322864,0.06921031434834,0.0070814611390233,-0.0304515771567821,0.0326460190117359,standing
1783087718542519000,7.49151904296875,0.1049818849533796,-0.0264312030687928,0.0934492680698633,-0.0075081344693899,-0.0111109036952257,0.0274603124707937,standing
1783087718552563200,7.501563232421875,0.0678610916964709,-0.0056011810079216,0.1052560257196426,-0.0142922904342412,-0.0078046275302767,0.0271377954632043,standing
1783087718562607000,7.511607177734375,0.0394863533444702,-0.0307639715760946,0.1169984859615564,-0.0077936458401381,-0.0167914647608995,0.0289902910590171,standing
1783087718572652000,7.521652099609375,0.0403264574304223,-0.040958179462701,0.0425870958387851,0.0103094177320599,-0.0364945270121097,0.0379714556038379,standing
1783087718582696200,7.5316962890625,0.0664170303680002,-0.0356878378443419,0.0011187748968601,0.0271706879138946,-0.0551944449543952,0.0525562576949596,standing
1783087718592741000,7.5417412109375,0.0860828309550881,-0.0511583786986768,0.0337315892100334,0.0308086089789867,-0.059999544173479,0.0562454015016555,standing
1783087718602785000,7.551784912109375,0.1253574412450194,-0.0676380965955555,0.0577595305293798,0.0184547379612922,-0.0515493340790271,0.0544035620987415,standing
1783087718612830200,7.561830322265625,0.1907704091370105,-0.0458989968657493,0.0528331800431013,0.0016129880677908,-0.0342040359973907,0.0355575904250144,standing
1783087718622874000,7.5718740234375,0.2337183011122047,-0.0550989330179989,0.0673784227460622,-0.0070444159209728,-0.0147035727277398,0.0150105049833655,standing
1783087718632918000,7.58191796875,0.216229698433727,-0.0133918348841369,0.0695791476607322,-0.0072727315127849,0.002917791949585,0.0025546881370246,standing
1783087718642963200,7.591963134765625,0.1210870704494416,0.0006093640699982,0.0719827016711235,-0.0075134811922907,0.0138977384194731,-0.0067021939903497,standing
1783087718653007000,7.602007080078125,0.0268299931280314,-0.0160074242100119,0.1078583171725273,-0.0083737019449472,0.0204959455877542,-0.0163806620985269,standing
1783087718663052000,7.612052001953125,-0.0668573214814066,-0.0252197814524173,0.0724468120515346,-0.0058524878695607,0.0240006651729345,-0.0206140223890543,standing
1783087718673096200,7.62209619140625,-0.0822884071081876,-0.0507085891045629,0.0614659838318824,-0.0039372858591377,0.0179054271429777,-0.0236863419413566,standing
1783087718683140000,7.63214013671875,-0.0159989486426115,-0.055766457016021,0.1029290440768003,-0.0016072862781584,0.0131761860102415,-0.0260634794831275,standing
1783087718693185000,7.64218505859375,0.038665246219933,-0.0360199924081563,0.0703781890839338,0.0097499080002307,0.0077537856996059,-0.0230004806071519,standing
1783087718703229200,7.652229248046875,0.0971399392813444,-0.0281590497747063,0.027529227438569,0.0228004641830921,0.0078661711886525,-0.0187087971717119,standing
1783087718713274000,7.662274169921875,0.1447892869457602,-0.023400164809823,0.017471359282732,0.0219965763390064,0.0122597916051745,-0.0169171169400215,standing
1783087718723318000,7.672318115234375,0.1817944909989833,-0.0283196471638977,0.0418155269443988,0.0089955572038888,0.0232485271990299,-0.0137181291356682,standing
1783087718733363200,7.68236328125,0.1603952907480299,-0.0459467815302312,0.0433007970660924,-0.0061301738023757,0.0370408408343791,-0.0105881933122873,standing
1783087718743407000,7.692406982421875,0.154395465811342,-0.056519905731827,0.0846031137913465,-0.0127739608287811,0.0500509142875671,-0.0096283899620175,standing
1783087718753451000,7.702450927734375,0.1279230539493262,-0.0694426617994904,0.0947077436983585,-0.0150180421769618,0.0564800053834915,-0.0100354254245758,standing
1783087718763496200,7.71249609375,0.1143694526322186,-0.0554749267235398,0.089402623027563,-0.0147509276866912,0.0558304600417614,-0.0086766807362437,standing
1783087718773540000,7.7225400390625,0.0618637509778141,-0.0643260494381189,0.0500590391546487,-0.0109759382903575,0.0420605428516864,-0.0067494865506887,standing
1783087718783585000,7.7325849609375,0.0150277655228972,-0.0834770323708653,0.0055003509819507,-0.0031672839540988,0.0209352821111679,-0.0062330989167094,standing
1783087718793629200,7.742629150390625,0.0259856512583792,-0.0803467715211212,7.24807143211e-05,0.0048507563769817,-0.0074676270596683,-0.0042886394076049,standing
1783087718803674000,7.752674072265625,0.0721969289436936,-0.0718888859078288,-0.0065150809824466,0.0086050145328044,-0.0311404671519994,-0.0095206862315535,standing
1783087718813718000,7.762718017578125,0.1575206120945513,-0.0787581871554255,0.0037134675651788,0.001631527673453,-0.0391772128641605,-0.0197313092648983,standing
1783087718823762200,7.77276220703125,0.132537562007457,-0.0507804852969944,0.0134147773683071,-0.0097652040421962,-0.0401436761021614,-0.0293668918311595,standing
1783087718833807000,7.78280712890625,0.1032670438595116,-0.0215450384624302,0.0570592733055353,-0.0216719321906566,-0.0308439154177904,-0.0335318110883235,standing
1783087718843851000,7.79285107421875,0.067472969161719,-0.0022391572289168,0.0869897166669368,-0.0216458328068256,-0.0196075048297643,-0.0316928960382938,standing
1783087718853896200,7.802896240234375,0.0353958691604435,-0.0402845179848372,0.089294486477971,-0.0150559628382325,-0.0067986971698701,-0.0286565292626619,standing
1783087718863940000,7.812940185546875,0.0640833267234265,-0.0703790658667683,0.0916086086392402,-0.0118029108271002,0.0063354806043207,-0.0243251640349626,standing
1783087718873985000,7.822985107421875,0.1178340600028634,-0.0569946836367249,0.1172948385596275,-0.0147298276424407,0.0186938643455505,-0.0177375264465808,standing
1783087718884029200,7.833029296875,0.1435255506202578,-0.0363353419676423,0.1019043772041797,-0.0202132780104875,0.0297494437545537,-0.0178816020488739,standing
1783087718894073000,7.843072998046875,0.1556863824047148,-0.03148117993474,0.0770405695825815,-0.0185879487544298,0.0368579514324665,-0.0222076419740915,standing
1783087718904118000,7.853117919921875,0.1563350555717945,-0.018730127172172,0.0650818362414836,-0.0136427255347371,0.0440194606781005,-0.026778956875205,standing
1783087718914162200,7.863162109375,0.0959055751807987,-0.0088676354579627,0.0221253225684165,-0.0072860876098275,0.041911743581295,-0.0248517747968435,standing
1783087718924207000,7.87320703125,-0.0245988730750977,-0.0168494279921054,0.0251098913371562,0.0002008569426834,0.0313184894621372,-0.0210202857851982,standing
1783087718934251000,7.8832509765625,-0.0608032821394503,-0.0507728865124285,0.0400800814539194,0.0095576075837016,0.0182873774319887,-0.01726496219635,standing
1783087718944296200,7.893296142578125,-0.026412206107378,-0.054501843907684,0.0716425099313259,0.016259716823697,0.0116214854642748,-0.0120358457788825,standing
1783087718954340000,7.903340087890625,0.0727146692074835,-0.0627894875206053,0.0653588996171951,0.0173989776521921,0.0090257730334997,-0.0157747343182563,standing
1783087718964384000,7.913384033203125,0.1430639244578778,-0.047063364470005,0.0683668492615222,0.0156950857490301,0.0159840807318687,-0.0176280289888381,standing
1783087718974429200,7.92342919921875,0.1772942569702863,-0.0330647958643734,0.0494809470057487,0.0140835465863347,0.026319719851017,-0.0245744995772838,standing
1783087718984473000,7.93347314453125,0.157744045586884,-0.0343054435752332,0.0384492653816938,0.0152516094967722,0.0300342962145805,-0.0226889811456203,standing
1783087718994518000,7.94351806640625,0.1205536942251026,-0.027300825510174,0.0617886399149894,0.0230248216539621,0.0319450795650482,-0.0207350254058837,standing
1783087719004562200,7.953562255859375,0.0746634651876986,-0.0427398021824657,0.0390022230893373,0.025420868769288,0.0292534232139587,-0.0205115862190723,standing
1783087719014606000,7.963606201171875,-9.68845032155e-05,-0.0751455496162176,0.0508411294430494,0.0160631351172924,0.0259092692285776,-0.0152710685506463,standing
1783087719024651000,7.973651123046875,0.0408345530830323,-0.0903784823223948,0.0787187319278717,-0.007252306677401,0.0117742754518985,-0.0148119395598769,standing
1783087719034695200,7.983695068359375,0.0726480337120592,-0.0785309542708098,0.0819546451091766,-0.0202831141650676,-0.0051218080334365,-0.0138113750144839,standing
1783087719044740000,7.993739990234375,0.1063417751297354,-0.1107300732165574,0.0072539166510105,-0.0111026633530855,-0.01878622174263,-0.0105308936908841,standing
1783087719054784000,8.003783935546876,0.0769480689935386,-0.0343241482757031,-0.0101350250452756,0.0063132420182228,-0.0206696279346942,-0.0103769209235906,standing
1783087719064829200,8.0138291015625,0.0724491501390934,-0.0225623988114297,0.0445364763408899,0.009958310984075,-0.0173031259328126,-0.0148393139243125,standing
1783087719074873000,8.023873046875,0.0623711159780621,-0.0586728459820151,0.0813695386976003,-0.0007028970867395,-0.0147966304793953,-0.0138824535533785,standing
1783087719084917000,8.0339169921875,0.0434726465016603,-0.0882175048962235,0.066530281484127,-0.010663385502994,-0.0165202282369136,-0.0122230378910899,standing
1783087719094962200,8.043962158203126,0.0741942402407526,-0.0968637526884675,0.0602478402137756,-0.0067757233045995,-0.0217967666685581,-0.0138820558786392,standing
1783087719105005800,8.054005859375,0.0646836307041347,-0.0835433756053447,0.0225765734672546,-0.0019380911253392,-0.0294405706226825,-0.0186680220067501,standing
1783087719115050800,8.06405078125,0.0904844269149005,-0.0733900842510163,0.0401835418283939,-0.0066740931943058,-0.034728318452835,-0.0172968581318855,standing
1783087719125095000,8.074094970703126,0.0791303814686834,-0.0824801302880048,0.0241056827306747,-0.0139381317421793,-0.0345695950090885,-0.012216611765325,standing
1783087719135139800,8.084139892578126,0.0464198058694601,-0.099974432054907,0.0441349098026752,-0.0204943232238292,-0.0299852415919303,-0.014136086218059,standing
1783087719145183700,8.094183837890625,0.0938248233839869,-0.0824441821917891,0.0960293476909399,-0.0286979228258132,-0.0205509923398494,-0.0213681664317846,standing
1783087719155228000,8.104227783203125,0.1538587285861372,-0.070769526489079,0.1064291611522436,-0.0423008166253566,-0.0065393028780817,-0.0301645882427692,standing
1783087719165272800,8.11427294921875,0.1530390827663242,-0.0657483373261988,0.1068991167515516,-0.0400991812348365,0.004353292286396,-0.0261290986090898,standing
1783087719175316700,8.124316650390625,0.0679226126253604,-0.0621104192152619,0.0751975720643997,-0.0214835442602634,0.0121171530336141,-0.0215002223849296,standing
1783087719185362000,8.13436181640625,-0.0092727091275155,-0.1036437682174146,0.03826981716156,0.00550786126405,0.0098896855488419,-0.0054908962920308,standing
1783087719195406000,8.144406005859375,-0.0028498364731669,-0.0992478713460266,0.037251580029726,0.0221719350665807,-0.0012610238045454,0.0054667154327034,standing
1783087719205450800,8.15445068359375,0.0652316199757158,-0.1145486085914075,0.0474146621257066,0.0201615151017904,-0.0122015550732612,0.0144956298172473,standing
1783087719215495000,8.164494873046875,0.098521602898091,-0.1321200672477483,0.0587467880010604,0.0092636756598949,-0.009838287718594,0.0219649486243724,standing
1783087719225539000,8.1745390625,0.127719201940298,-0.1310033381775021,0.056406946876645,-0.0095174685120582,-0.0022581312805414,0.0236091837286949,standing
1783087719235583700,8.184583740234375,0.1631887208588421,-0.1224155425742268,0.0332464360415935,-0.0258539542555809,0.0106243221089243,0.0162913855165243,standing
1783087719245628000,8.1946279296875,0.1729443911977112,-0.0905951938129961,0.0297258607000112,-0.027544530108571,0.0267931725829839,0.0146617963910102,standing
1783087719255672800,8.2046728515625,0.1435106453120708,-0.044415918701142,0.0506692800074815,-0.0246555730700492,0.0391778871417045,0.0153998862951993,standing
1783087719265716700,8.214716796875,0.0846554285004735,-0.0232891056507825,0.069905895397067,-0.0202805325388908,0.048815332353115,0.0223885532468557,standing
1783087719275762000,8.224761962890625,0.0641768502257764,-0.0678948478356003,0.0703062928915023,-0.0163654386997222,0.0533626452088356,0.028164941817522,standing
1783087719285805800,8.234805908203125,0.0520190871812403,-0.1005735669918358,0.0562882889330387,-0.0138490181416273,0.0536063238978385,0.0330939218401908,standing
1783087719295849700,8.244849609375,0.0568191809393465,-0.0977265069976449,0.0534837529063224,-0.0072880955412983,0.0398370511829853,0.0373924523591995,standing
1783087719305895000,8.25489501953125,0.0486819055825471,-0.0671899144366383,0.0666986237883567,0.0007887394167482,0.017930157482624,0.0365045517683029,standing
1783087719315939000,8.26493896484375,0.0442504990063607,-0.0556258795015513,0.0113724578857421,0.0056082624942064,0.0011933995410799,0.0350924804806709,standing
1783087719325983700,8.274983642578125,0.0537424038425087,-0.0588813741661608,-0.0016050971090793,0.0021895624231547,-0.005333209875971,0.0202291142195463,standing
1783087719336028000,8.28502783203125,0.0941691067770123,-0.0737492729522287,0.0517962382107973,-0.013118103146553,-0.0063080508261919,0.0073784096166491,standing
1783087719346072000,8.295072021484375,0.1147635665163397,-0.0934212110191583,0.0672305387079715,-0.025004856288433,-0.0054550403729081,-0.0017383899539709,standing
1783087719356116700,8.30511669921875,0.0914756299093365,-0.0941303822018206,0.0609866758823394,-0.0252040605992078,-0.0085411109030246,-0.0101822083815932,standing
1783087719366161000,8.315160888671874,0.1086338315896689,-0.0845871855698525,0.0462953027069568,-0.0125660300254821,-0.0139298979192972,-0.0189218409359455,standing
1783087719376205800,8.325205810546874,0.1360242350794374,-0.0822585964918136,0.0531523289948701,4.04729507863e-05,-0.0195955224335193,-0.0230313241481781,standing
1783087719386249700,8.335249755859374,0.0997926457472145,-0.1006041082605719,0.0398661464422941,0.0047846282832324,-0.0256318431347608,-0.0282380692660808,standing
1783087719396295000,8.345294921875,0.0643171354793012,-0.1125336155071854,0.0208434660643339,-0.0032706756610423,-0.0256806313991546,-0.0325671769678592,standing
1783087719406338800,8.3553388671875,0.0554294801466166,-0.1103043951503932,0.0706155049711465,-0.0092079266905784,-0.0281938575208187,-0.0374926924705505,standing
1783087719416383700,8.3653837890625,0.0604532996580004,-0.1139814762279391,0.0514630607336759,-0.0036272325087338,-0.0206365510821342,-0.0415906235575675,standing
1783087719426428000,8.375427978515624,0.0935439606159925,-0.0662161009684205,0.0529202738046646,0.0058080810122191,-0.0130177810788154,-0.0467750020325183,standing
1783087719436472000,8.38547216796875,0.1197163666181266,-0.0509079110689461,0.0737894588321447,0.0097936652600765,-0.0010149306617677,-0.0466508530080318,standing
1783087719446516700,8.395516845703124,0.0599799830578267,-0.0469167956061661,0.0547393059253692,0.005311032757163,0.0120068620890378,-0.0376776009798049,standing
1783087719456561000,8.405560791015626,0.0039021220050752,-0.0870744723409414,0.082317633202672,-0.0108473282307386,0.0170097704976797,-0.0253475382924079,standing
1783087719466605800,8.415605712890626,0.0356695715352892,-0.1100694173507392,0.0904758052170276,-0.0226669684052467,0.0124062299728393,-0.0113789923489093,standing
1783087719476649700,8.425649658203126,0.0706324561059475,-0.1180607083655893,0.0690700290948152,-0.0215519666671752,0.0018196674063801,0.0076047359034419,standing
1783087719486695000,8.43569482421875,0.157768303245306,-0.0878694221109151,0.048197336935997,-0.0102926529943943,-0.0114103835076093,0.0227868854999542,standing
1783087719496738800,8.44573876953125,0.199849349258095,-0.0774229930289089,0.0462742599189281,0.0079341446980834,-0.0215111672878265,0.0328088589012622,standing
1783087719506782700,8.45578271484375,0.1953556911006569,-0.0733694798544049,0.0082446812540292,0.0247104596346616,-0.0233026761561632,0.0358725562691688,standing
1783087719516828000,8.465827880859376,0.1497942556262016,-0.0621074966058135,0.014839841735363,0.0261592604219913,-0.0190478134900331,0.0389786809682846,standing
1783087719526871800,8.475871826171876,0.0800702926672995,-0.0396570337362587,0.0249129074603319,0.0188603345304727,-0.0120793879032135,0.0401661843061447,standing
1783087719536917000,8.4859169921875,0.0125710200205445,-0.0530482840985059,0.0483399602770805,0.008904417976737,-0.0099230930209159,0.0434199720621109,standing
1783087719546961000,8.4959609375,-0.0246264917343854,-0.0580493072561919,0.0590706131279468,0.0043685222044587,-0.0110890250653028,0.0440974794328212,standing
1783087719557005800,8.506005859375,-0.0390595062345266,-0.0447328756958246,0.047014849153161,0.0059876600280404,-0.0147598963230848,0.0441196374595165,standing
1783087719567049700,8.5160498046875,0.0076551909282803,-0.0428787722617387,0.073662033060193,0.0004176585935056,-0.0136232580989599,0.0385978408157825,standing
1783087719577094000,8.526093994140625,0.0725398971624672,-0.0253162275642156,0.0986135189652442,-0.0056012077257037,-0.0073535549454391,0.0347956158220768,standing
1783087719587138800,8.536138916015625,0.1145978545606136,-0.0570341388642787,0.056884501260519,-0.0076467818580567,0.0050381333567202,0.0234678611159324,standing
1783087719597182700,8.5461826171875,0.1273277184046805,-0.0908278335250914,0.0482464367747306,-0.0018611057894304,0.0128010530024766,0.0119818365201354,standing
1783087719607228000,8.556227783203125,0.1304125326775014,-0.0957709890156984,0.0351133989572525,0.0047629745677113,0.0080563649535179,0.0082243829965591,standing
1783087719617271800,8.566271728515625,0.1220190906025469,-0.065492316738516,0.0129465753346681,0.0142836943268775,-0.0155994156375527,0.0101757263764739,standing
1783087719627315700,8.576315673828125,0.1563334481365978,-0.0430465300440788,0.0304670344561338,0.0216257628053426,-0.0301256254315376,0.0097363051027059,standing
1783087719637361000,8.58636083984375,0.1174677109085023,-0.0289617444597184,0.0015863924086093,0.0190860088914632,-0.0450613275170326,0.005349688231945,standing
1783087719647404800,8.59640478515625,0.1273543141506612,-0.0344550811789929,0.0412064551353454,0.0062394523993134,-0.0546572282910347,-0.0015369795728474,standing
1783087719657450000,8.606449951171875,0.1041527406528592,-0.0277481308862566,0.0409188703656196,-0.0066361743956804,-0.0486138761043548,-0.0166503470391035,standing
1783087719667494000,8.616493896484375,0.081783234065026,-0.0113442547045648,0.0912830299466848,-0.0170280952006578,-0.0355302989482879,-0.0275458712130785,standing
1783087719677538800,8.626538818359375,0.0466957002013921,-0.058161973850429,0.126486445274949,-0.0173691641539335,-0.0164190623909235,-0.0328552611172199,standing
1783087719687583000,8.6365830078125,-0.0012014847442507,-0.0752779438242316,0.0982803414881229,-0.0098571851849555,-0.0039027370512485,-0.0337886996567249,standing
1783087719697627000,8.646626953125,0.0434299764037132,-0.0920562062762677,0.1091489415049552,-0.0014497499214485,0.009389117360115,-0.0337240286171436,standing
1783087719707671800,8.656671875,0.111082393785566,-0.0972337550446391,0.0913753844052553,-0.0004534614272415,0.0131295267492532,-0.0299458019435405,standing
1783087719717715700,8.6667158203125,0.130409610068053,-0.0960727484412491,0.0601829582840204,0.0008266179356724,0.0156003898009657,-0.0199096351861953,standing
1783087719727761000,8.676760986328125,0.1859004650130868,-0.1262096741601824,0.0285720144897699,0.0033800567034631,0.0129372291266918,-0.0169074535369873,standing
1783087719737804800,8.6868046875,0.2144745253294706,-0.0963071417190134,0.0425368269562721,0.0018081974703818,0.0078919036313891,-0.0159759633243083,standing
1783087719747850000,8.69685009765625,0.1721918192647397,-0.0731496996238827,0.0268587808310985,-0.004378059413284,0.0013754144310951,-0.0175482966005802,standing
1783087719757894000,8.706893798828125,0.1349567519783973,-0.0747508512102067,0.0163812259584665,-0.0113442540168762,-0.0009874464012682,-0.0168735552579164,standing
1783087719767937800,8.716937744140624,0.0690966248407959,-0.0627510552063584,0.0003922141879796,-0.0129325632005929,-0.0052868532948195,-0.0140535337850451,standing
1783087719777983000,8.72698291015625,0.0125773036308586,-0.075926178599894,0.0110065471827983,0.0005231609102338,-0.0022665453143417,-0.0119246440008282,standing
1783087719788027000,8.73702685546875,0.0185832660473883,-0.0959592050641775,0.0599549947470426,0.005172774195671,-0.0012308424338698,-0.0099541712552309,standing
1783087719798071800,8.74707177734375,0.0225184135392308,-0.0769978994846344,0.0725987877428531,0.0024669405538588,0.0013340804725885,-0.0095260208472609,standing
1783087719808116000,8.757115966796874,0.0525505637094378,-0.0849314689628779,0.0793184513866901,0.0050571309402585,0.0070867743343114,-0.0066471435129642,standing
1783087719818159900,8.767159912109374,0.0988809377297759,-0.087447251176089,0.0862730928301811,0.0094599714502692,0.0048695900477468,-0.0047835670411586,standing
1783087719828204800,8.777204833984374,0.12530498040542,-0.0636380671739578,0.0589753360599279,0.0142483348026871,-0.0029566413722932,0.0004375600256025,standing
1783087719838249000,8.7872490234375,0.1499474003612995,-0.0660898442402482,0.0191086050957441,0.0179510507732629,-0.0053369211964309,0.0020996038801968,standing
1783087719848294000,8.7972939453125,0.1449889011710882,-0.0815465026997029,0.0116834235310554,0.0119408294558525,-0.0053321276791393,0.0023014715407043,standing
1783087719858337800,8.807337890625,0.0886266702190041,-0.1022067211516201,0.0234399122983217,0.0061887088231742,-0.004062530118972,0.0071681421250104,standing
1783087719868383000,8.817383056640624,0.0351985930226743,-0.1013799149386584,0.0279775557279586,0.0031084967777132,-0.0028441338799893,0.007068539969623,standing
1783087719878427000,8.827427001953126,0.0321202084906399,-0.0850249924652278,0.0851151549667119,-0.000365228857845,-0.0042842268012464,-0.002005890244618,standing
1783087719888470800,8.837470703125,0.086453271702677,-0.0477294271633029,0.078445760205388,0.0012401246931403,-0.0042858249507844,-0.0106619633734226,standing
1783087719898516000,8.847515869140626,0.1162269170671701,-0.0434385981015861,0.0480605588138103,0.0148025788366794,0.0031685587018728,-0.0172737166285514,standing
1783087719908560000,8.857559814453126,0.1283382106214761,-0.0571602494619786,0.061218731072545,0.0180598907172679,0.0136105474084615,-0.0278720296919345,standing
1783087719918604800,8.867604736328126,0.1096060376226902,-0.0558832152634859,0.0810720170557498,0.0071086874231696,0.0290837399661541,-0.0352226309478282,standing
1783087719928649000,8.87764892578125,0.135625883411616,-0.0407747857198119,0.1045569375395774,-0.0033740475773811,0.0465159937739372,-0.036191489547491,standing
1783087719938694000,8.88769384765625,0.0808805861368775,-0.0419406146287918,0.1094996546387672,-0.0098334625363349,0.0504963584244251,-0.0331820249557495,standing
1783087719948737800,8.89773779296875,0.0436681690737605,-0.0686558953359723,0.0908165814787149,-0.0132755981758236,0.0411097817122936,-0.0282088387757539,standing
1783087719958782000,8.907781982421875,0.0887597950793802,-0.0829476016692817,0.036490532529354,-0.008397527039051,0.0260219778865575,-0.0190777350217103,standing
1783087719968827000,8.917826904296875,0.0934425460681319,-0.0902731222517788,0.0004845686465501,-0.0012701090890914,0.0161858592182397,-0.0109716048464179,standing
1783087719978870800,8.927870849609375,0.0870923002585768,-0.0528985003642737,0.0018634557843208,-0.0015409732004627,0.01232835277915,-0.0033208208624273,standing
1783087719988916000,8.937916015625,0.1122320022121071,-0.0774834910444915,-0.0039694881528615,-0.0090526854619383,0.021192418411374,0.0046260515227913,standing
1783087719998959900,8.9479599609375,0.0798392603904008,-0.0600594780348241,0.0321270766228437,-0.0087839718908071,0.0283936280757188,0.0101748872548341,standing
1783087720009004800,8.9580048828125,0.1249015141710638,-0.0334250074788928,0.0909744023889303,-0.0072470614686608,0.0356904231011867,0.0165307875722646,standing
1783087720019049000,8.968049072265625,0.0988835680782794,-0.0312096695169806,0.1035112278789281,-0.0107602421194314,0.0466321110725402,0.0197267290204763,standing
1783087720029092900,8.9780927734375,0.0508032816506922,-0.0500714602448046,0.0739975486248731,-0.0257700830698013,0.0550660789012908,0.016968760639429,standing
1783087720039137800,8.9881376953125,0.0506302631713449,-0.0997328783839941,0.0884276405155658,-0.0457548759877681,0.0658773183822631,0.0123937362805008,standing
1783087720049182000,8.998181884765625,0.1019382794737815,-0.1094825573734939,0.0712374362617731,-0.0754118412733078,0.0694590061902999,3.1609321013e-05,standing
1783087720059226600,9.0082265625,0.1409216517321765,-0.1196742810420691,0.0715484019070863,-0.110857605934143,0.0682756602764129,-0.0142574189230799,standing
1783087720069270800,9.018270751953125,0.1487884395845234,-0.1233734278209507,0.0243394914865493,-0.1276323348283767,0.0635498762130737,-0.0086887497454881,standing
1783087720079315000,9.02831494140625,0.1434289583779871,-0.0642372021108865,0.0370797305941581,-0.112270563840866,0.0560885518789291,-0.003906812518835,standing
1783087720089360000,9.03835986328125,0.06902385186553,-0.0089135204263031,0.0533487283498048,-0.0704815685749054,0.0125682391226291,0.0010426720837131,standing
1783087720099404300,9.048404296875,0.0814104552298784,-0.0232784381262958,0.0054857379347085,-0.0120657049119472,-0.0085897054523229,0.0091340774670243,standing
1783087720109449200,9.05844921875,0.0362827349975705,-0.0082170625947415,-0.0212251588582992,0.0314575396478176,-0.033705711364746,0.011704827658832,standing
1783087720119493000,9.0684931640625,0.0124691670812666,-0.0493991139411926,0.0187619836151599,0.0375666245818138,-0.038688663393259,0.0116522433236241,standing
1783087720129538300,9.078538330078125,0.0168991123527288,-0.1193069090344011,0.0279985985159873,0.0087283197790384,-0.0313231572508811,0.0091275665909051,standing
1783087720139582200,9.088582275390625,0.0607126812465488,-0.144609692595154,0.0720247872471809,-0.0278053563088178,-0.0270277336239814,0.0090577490627765,standing
1783087720149626400,9.09862646484375,0.1173410157889127,-0.1198036065101623,0.0967623381406068,-0.0394489616155624,-0.0253398194909095,0.0102018434554338,standing
1783087720159671300,9.10867138671875,0.1257471712149679,-0.0773981508485972,0.0872960061371326,-0.0340095981955528,-0.0298495627939701,0.0159055013209581,standing
1783087720169715200,9.118715087890624,0.1344131466209888,-0.0660040656529366,0.0507213024556636,-0.0130119044333696,-0.046145711094141,0.0259088668972253,standing
1783087720179760000,9.128760009765625,0.163467683930695,-0.0480525216378271,0.0248877730190753,0.0107657192274928,-0.057056363672018,0.0243602022528648,standing
1783087720189804300,9.13880419921875,0.1410401635453105,-0.0444245403990149,0.0186783969849348,0.023702822625637,-0.0645470321178436,0.0233423430472612,standing
1783087720199849200,9.14884912109375,0.1251673255003988,-0.0437143463030457,0.0119347679436206,0.0260775424540042,-0.066624991595745,0.0252738632261753,standing
1783087720209893000,9.15889306640625,0.1113522967681288,-0.0431396151550114,0.0276981542646884,0.0311263632029294,-0.0639330670237541,0.0251979622989892,standing
1783087720219937300,9.168937255859374,-0.0187181444734334,-0.0726268447935581,0.0232446819871664,0.0391151309013366,-0.063272088766098,0.025571022182703,standing
1783087720229982200,9.178982177734374,-0.0411583782099187,-0.084406422175467,0.0279629426807165,0.0478838570415973,-0.061896301805973,0.0261270906776189,standing
1783087720240026000,9.189026123046874,0.0221172853924334,-0.0732452689528465,0.0729226128697395,0.0320462398231029,-0.05363180488348,0.0307555180042982,standing
1783087720250071300,9.1990712890625,0.0289146904475986,-0.0739803052291274,0.118494861999154,-0.0009942674078047,-0.0376738756895065,0.0258076302707195,standing
1783087720260115200,9.209115234375,0.133740508056432,-0.10025339512676,0.1225116964250803,-0.0186179187148809,-0.0193308219313621,0.0188848320394754,standing
1783087720270159400,9.219159423828126,0.221766874294728,-0.0575771596997976,0.0805903710186481,-0.0089956521987915,-0.0109352059662342,0.0079781226813793,standing
1783087720280204300,9.229204345703126,0.2464227382540702,-0.0206735163249075,0.0352875864803791,0.0117169190198183,-0.0046843574382364,-0.0050724078901112,standing
1783087720290248200,9.239248291015626,0.1900520317345857,-0.0093275080546736,0.0011006547182798,0.0105525841936469,0.0021429220214486,-0.0149021344259381,standing
1783087720300293000,9.249293212890626,0.0864887814074754,-0.0555294333897531,0.0274912335157394,-0.0157270189374685,0.0127890855073928,-0.0215127822011709,standing
1783087720310337300,9.259337158203126,0.0137378718428313,-0.1118166994094848,0.061709144937992,-0.0321387462317943,0.0217546187341213,-0.0168589074164628,standing
1783087720320382200,9.26938232421875,-0.0407609033249318,-0.1087158107846975,0.0776204152971506,-0.0266122594475746,0.0219008084386587,-0.0179081503301858,standing
1783087720330426000,9.279426025390626,-0.0099644907839596,-0.1147261571153998,0.0299251826643943,-0.0026049267034977,0.019923411309719,-0.0111170904710888,standing
1783087720340470300,9.28947021484375,0.0692228815689682,-0.0673700933091342,0.0150327339589595,0.0319036394357681,0.0133766140788793,-0.001333737745881,standing
1783087720350515200,9.29951513671875,0.0838492266841232,-0.0212748432189226,0.0282674785852432,0.0539966896176338,0.0059447973035275,0.0055422778241336,standing
1783087720360559000,9.30955908203125,0.1186902384407818,-0.0305025441609323,0.0242681798160076,0.0482342652976512,0.0102692665532231,0.00301582692191,standing
1783087720370604300,9.319604248046875,0.092020258180052,-0.0621843612343072,0.0684749858111143,0.0177868790924549,0.0166869517415761,0.0091517493128776,standing
1783087720380648200,9.329648193359375,0.0912936974711716,-0.068675915210694,0.140405080512166,-0.0149237466976046,0.0148941371589899,0.0098522137850523,standing
1783087720390693000,9.339693115234375,0.1483383577294647,-0.080721011660993,0.1482908653259277,-0.02521313726902,0.0093845892697572,0.0094218458980321,standing
1783087720400737300,9.3497373046875,0.1363778708226978,-0.0986943291164934,0.0677478405803441,-0.0151309818029403,-0.0038800127804279,0.0049290163442492,standing
1783087720410781200,9.35978125,0.121552642134577,-0.1019610758274793,-0.0048252281993627,-0.0011472557671368,-0.0168312322348356,0.0032584152650088,standing
1783087720420826000,9.369826171875,0.0762955964341759,-0.0911691943086683,-0.050028644016385,0.0116070732474327,-0.0229907166212797,0.0058654956519603,standing
1783087720430870300,9.379870361328123,0.0432676254488527,-0.1017677452124655,-0.0240828863769769,0.0105364825576543,-0.0191738735884428,0.0072319637984037,standing
1783087720440915500,9.38991552734375,0.0039500528000295,-0.1042033017963171,0.0446206474930047,0.0018231521826237,-0.0128898788243532,0.0132112922146916,standing
1783087720450959000,9.399958984375,0.062728404983133,-0.1175629879765212,0.0948567967802286,0.0060645025223493,-0.0001586372964084,0.0150094591081142,standing
1783087720461003300,9.410003173828123,0.1155383502811193,-0.1019835799202322,0.0962555576622486,0.0255110468715429,0.0084542371332645,0.0077542439103126,standing
1783087720471048200,9.420048095703123,0.1270234747610986,-0.0613924802042543,0.0933896468371152,0.0317481718957424,0.018857343122363,0.0012409508926793,standing
1783087720481092000,9.430092041015625,0.1050406294032931,-0.0655206660501658,0.0823994662672281,0.013939082622528,0.013751283288002,-0.0059116305783391,standing
1783087720491137300,9.44013720703125,0.0735953975647687,-0.0962891676709055,0.0580190582484006,-0.0078224055469036,0.0013761059381067,-0.0093641523271799,standing
1783087720501181200,9.45018115234375,0.056284927932173,-0.0919163594141602,0.0327466698259115,-0.0112713649868965,-0.0135358534753322,-0.0126608544960618,standing
1783087720511226000,9.46022607421875,0.0593479687646031,-0.1001649861909449,0.0197369661271572,-0.0042491420172154,-0.0260292738676071,-0.0108541660010814,standing
1783087720521270300,9.470270263671877,0.0663892655782401,-0.0978520330734551,0.0175058460742235,0.0028429788071662,-0.0310183856636285,-0.0053593013435602,standing
1783087720531314200,9.480314208984376,0.0873236247964203,-0.1065482574872672,0.0141489368617534,0.0061359778046607,-0.0292788092046976,-0.0019906682427972,standing
1783087720541359000,9.490359130859376,0.1013230701848864,-0.0760148797966539,0.0605792641252279,0.0049447049386799,-0.0227958057075738,0.0007184885907918,standing
1783087720551403300,9.5004033203125,0.1334878484696149,-0.0628217823550105,0.0808604201316833,-0.0043113781139254,-0.0087457671761512,0.0055638439953327,standing
1783087720561448400,9.510448486328125,0.1411927237585186,-0.040911709972471,0.0912526348084211,-0.0216169655323028,0.0049376748502254,0.009642980992794,standing
1783087720571492000,9.5204921875,0.14978329584077,-0.0610609101623296,0.1232142917364835,-0.0327689535915851,0.0131681747734546,0.0108789540827274,standing
1783087720581537300,9.530537353515625,0.1270198214992881,-0.0669338938489556,0.0730751730829477,-0.0299542788416147,0.0214662849903106,0.0125564755871891,standing
1783087720591581400,9.54058154296875,0.0266910230487585,-0.1012992509178817,0.0268710557907819,-0.0120202861726284,0.0111790262162685,0.0151466662064194,standing
1783087720601625000,9.550625,-0.0184932496763765,-0.1224608430206775,0.0018564415216445,0.0102572403848171,-0.0135598760098218,0.0198691599071025,standing
1783087720611670300,9.560670166015624,0.0231081961259245,-0.1118679912053048,-0.0224427179545164,0.023929376155138,-0.0387555062770843,0.0175319705158472,standing
1783087720621714200,9.570714111328124,0.0714103086106479,-0.0839417272731661,-0.0413327118635177,0.022790852934122,-0.0497771613299846,0.013302800245583,standing
1783087720631759000,9.580759033203124,0.1211871698230504,-0.0450438413411378,0.0154915836423635,0.004196130670607,-0.053341269493103,0.0138796409592032,standing
1783087720641803300,9.59080322265625,0.1511198051415383,-0.0281700095601379,0.059155953323841,-0.0129126301035285,-0.0414888523519039,0.0136671671643853,standing
1783087720651847200,9.60084716796875,0.1205152619108557,-0.0455345474675297,0.0745773943394422,-0.0188520103693008,-0.0200075302273035,0.0153596065938472,standing
1783087720661892000,9.61089208984375,0.1360872173130512,-0.0454924618914723,0.1189566342920064,-0.019717950373888,-0.001259762328118,0.0213719885796308,standing
1783087720671936300,9.620936279296876,0.1174715103007853,-0.0455599741697311,0.1177384906738996,-0.0158723443746566,0.0203006565570831,0.026339316740632,standing
1783087720681981400,9.6309814453125,0.0703119919799268,-0.0602459405176341,0.1071498766422271,-0.0163227468729019,0.0223093889653682,0.0280782133340835,standing
1783087720692025000,9.641025146484376,0.0731136053971946,-0.1078659159570932,0.0769125592887401,-0.0170977264642715,0.0155231226235628,0.0313043668866157,standing
1783087720702070300,9.6510703125,0.100544194766879,-0.132290455378592,0.0134101011931896,-0.0155277913436293,-0.0048139709979295,0.0332995392382144,standing
1783087720712114400,9.661114501953126,0.1088993506580591,-0.0897638575553894,-0.0017184943556785,-0.0084706805646419,-0.0284343473613262,0.0259689204394817,standing
1783087720722158000,9.671157958984375,0.1017300435505807,-0.0575014641150832,-0.0114560445159673,-0.0027832563500851,-0.0421966686844825,0.0207039136439561,standing
1783087720732203300,9.681203369140626,0.1087722171470522,-0.023362755408883,0.0090220953673124,-0.0043497276492416,-0.0526000410318374,0.0133706340566277,standing
1783087720742247400,9.691247314453124,0.0493606816269457,-0.0403279187351465,0.0426081386268138,-0.0080397222191095,-0.0472537651658058,0.0103388419374823,standing
1783087720752292000,9.7012919921875,0.0179364925764501,-0.0458047427110374,0.0732487760841846,-0.0114064905792474,-0.0367651730775833,0.0099393678829073,standing
1783087720762336300,9.711336181640624,0.0237369955487549,-0.0745768098175525,0.0950263081282377,-0.0117268059402704,-0.0260851290076971,0.0083870962262153,standing
1783087720772381200,9.721381103515624,0.0724342448309063,-0.1025531965017318,0.1126245086610317,-0.0061070038937032,-0.0204232484102249,0.0092835156247019,standing
1783087720782425000,9.731425048828124,0.1109941309802234,-0.1090821598790585,0.0953770212620496,0.0011668060906231,-0.023564163595438,0.0060598067939281,standing
1783087720792469200,9.74146923828125,0.1212863924138247,-0.0892858647800982,0.0418090972036123,0.0080012762919068,-0.0269636865705251,0.0022914339788258,standing
1783087720802514400,9.751514404296875,0.1675413631103932,-0.0677552932344377,-0.0172749599277973,0.0054859416559338,-0.0293598398566246,-0.0022340039722621,standing
1783087720812558000,9.76155810546875,0.1401860309340059,-0.0570116347715258,0.0011596914291381,-0.0042718811891973,-0.0305638536810874,-0.002435605507344,standing
1783087720822603300,9.771603271484375,0.0737757225677371,-0.0709893067196011,0.0179465755790472,-0.0099257919937372,-0.0286292303353548,-2.52497848123e-05,standing
1783087720832647400,9.7816474609375,0.0534511658109724,-0.0690861034467816,0.0530044449567794,-0.0083939414471387,-0.0219020843505859,0.0025239279493689,standing
1783087720842691000,9.791691162109377,0.0614019786849617,-0.0718142132364213,0.0897054053664207,-0.0077721560373902,-0.0153445471078157,0.0044005750678479,standing
1783087720852736300,9.801736328125,0.0769682349987328,-0.0469062742121517,0.1072182657033204,-0.0069210096262395,-0.0090373829007148,0.0076538929715752,standing
1783087720862780400,9.811780517578123,0.086013126719743,-0.0324063319556415,0.1105769284814596,-0.0104773538187146,-0.0012662303633987,0.0036771330051124,standing
1783087720872825000,9.8218251953125,0.1008411318868398,-0.0513935026288032,0.0699678547173738,-0.0113745722919702,0.0034419721923768,0.0010105099063366,standing
1783087720882869200,9.831869140625,0.0726379507094621,-0.047813013793528,0.020447744745016,-0.0009326867293566,0.0099865533411502,0.0002605433110147,standing
1783087720892914200,9.8419140625,0.0752623078636825,-0.0510422049731016,0.0549345362365245,0.0092304684221744,0.0078184735029935,0.0042534205131232,standing
1783087720902958000,9.8519580078125,0.119635410336405,-0.0642056379288435,0.0695715488761663,0.0062088868580758,0.0069697760045528,0.0112584736198186,standing
1783087720913002200,9.862002197265625,0.0803036630317568,-0.0909594970807433,0.0360685077250003,-0.0023526437580585,0.0074872281402349,0.0142308278009295,standing
1783087720923047400,9.87204736328125,0.0969905939385294,-0.1074701946377754,0.0500549475014209,-0.0148899247869849,0.0015489123761653,0.0109235374256968,standing
1783087720933091000,9.882091064453125,0.1179319674193859,-0.0818852331347763,0.0716536158472299,-0.0222698114812374,-0.0072248713113367,0.003874949645251,standing
1783087720943136300,9.89213623046875,0.1238176644571125,-0.0428751189999282,0.0404173505842685,-0.0194109082221984,-0.0127465464174747,-0.0002456947695463,standing
1783087720953180400,9.902180419921876,0.137218705561012,-0.0042390988744795,0.0266401696443557,-0.0124818943440914,-0.0114554446190595,-0.0083960331976413,standing
1783087720963225000,9.91222509765625,0.1332829735472798,0.0003499824814498,0.0460591558635234,-0.0111905271187424,-0.0090990792959928,-0.0141955995932221,standing
1783087720973269200,9.922269287109376,0.0787035343587398,-0.0255072200916707,0.0651402884304523,-0.016725642606616,-0.0056995549239218,-0.0112860957160592,standing
1783087720983313400,9.9323134765625,0.0139848323412239,-0.0708962216086685,0.0655249038338661,-0.0216538831591606,0.0022952859289944,-0.0069580115377902,standing
1783087720993358000,9.942358154296874,-0.0236056242540478,-0.0890973564706742,0.0673281538635492,-0.0205241702497005,0.0098536033183336,-0.0013864121865481,standing
1783087721003402200,9.95240234375,0.0021719372116029,-0.1050688325844705,0.1137497132986783,-0.0159694887697696,0.0195358842611312,0.0069963932037353,standing
1783087721013447200,9.962447265625,0.0713968646071851,-0.1083937392234802,0.1122778871804475,-0.018677657470107,0.0282441545277833,0.0140063650906085,standing
1783087721023491000,9.972490966796874,0.1076497889883816,-0.096755470008403,0.0892190831542015,-0.0213129166513681,0.0380362458527088,0.0187903214246034,standing
1783087721033535200,9.98253515625,0.1479040579654276,-0.0803533473923802,0.0685877985358238,-0.0234988387674093,0.0387260019779205,0.0221778620034456,standing
1783087721043580400,9.992580322265624,0.2359257480286061,-0.0431027902759611,0.0494482137799262,-0.0235052704811096,0.0424413196742534,0.0256603341549634,standing
1783087721053624000,10.0026240234375,0.2148578255586326,-0.0225958626896142,0.0004056581914424,-0.022413907572627,0.0399009324610233,0.0227865166962146,standing
1783087721063669200,10.012669189453124,0.1431198924288153,-0.0109556937783956,0.01191723228693,-0.0271121524274349,0.0403235740959644,0.0264708194881677,standing
1783087721073713400,10.02271337890625,0.0851129630096256,-0.0603188596233725,0.0263753812283277,-0.0342180021107196,0.0298576168715953,0.0286404974758625,standing
1783087721083758000,10.032758056640626,0.0293380304262042,-0.0979657225809991,0.0233335293143987,-0.0373207256197929,0.0154872750863432,0.0283364690840244,standing
1783087721093802200,10.04280224609375,0.0202547063909471,-0.105273853637278,0.0532125347495079,-0.0249972138553857,-0.0018094237893819,0.0289188995957374,standing
1783087721103846400,10.052846435546876,0.0123243517830967,-0.0703707364298403,0.0704775578051805,-0.0035083938855677,-0.0139845423400402,0.0275187548249959,standing
1783087721113891000,10.06289111328125,0.0929467253752052,-0.0595239098533987,0.0458563267678022,0.018049094825983,-0.0174724832177162,0.0206470005214214,standing
1783087721123935200,10.072935302734376,0.1459087924949824,-0.0691179598897695,0.0288987622261047,0.0208759196102619,-0.0222333297133445,0.0090915132313966,standing
1783087721133980200,10.082980224609376,0.1427501823335886,-0.0552531006664037,0.0299076470077037,0.0056682047434151,-0.0190127696841955,-0.001553407870233,standing
1783087721144024000,10.093024169921875,0.132495622561872,-0.0348801747232675,0.0551274284601211,-0.0159491449594497,-0.0176600590348243,-0.0094471350312232,standing
1783087721154068200,10.103068115234375,0.0920247882246971,-0.030931875488907,0.0688408965140581,-0.0221519134938716,-0.0206553172320127,-0.0137028656899929,standing
1783087721164113400,10.113113525390624,0.0379477456003427,-0.0629597295209765,0.0427191977858543,-0.0130453575402498,-0.025005642324686,-0.0074332165531814,standing
1783087721174157000,10.123156982421875,0.0112047001034021,-0.0684165336221456,0.0500835890740156,0.0047413622960448,-0.0218660421669483,-0.0049950927495956,standing
1783087721184202200,10.1332021484375,-0.0373116396538913,-0.0581942686848342,0.0358288537502288,0.0032072991598397,-0.0203712154179811,-0.0061512626707553,standing
1783087721194246400,10.143246337890623,0.0004312310241162,-0.0673848524868488,0.0737964730948209,-0.0084245894104242,-0.0219376850873231,-0.0048780054785311,standing
1783087721204291300,10.153291259765624,0.1759326132282614,-0.0785939365044236,0.102205990499258,-0.01166114769876,-0.0152274640277028,-0.0106961484998464,standing
1783087721214335200,10.163335205078123,0.1664854243166744,-0.0327789646603167,0.0720054980248212,-0.0096169048920273,-0.012738206423819,-0.0131142996251583,standing
1783087721224379400,10.17337939453125,0.1504338687039911,-0.0671304393343627,0.043042438390851,-0.0097688501700758,-0.0161268971860408,-0.0081320246681571,standing
1783087721234424000,10.183424072265623,0.1752541294448077,-0.075850629145652,0.0305652341336011,-0.012111366726458,-0.022113149985671,-0.0048515433445572,standing
1783087721244468200,10.19346826171875,0.1379737617120146,-0.0945711117066443,0.0417348629236221,-0.0078010205179452,-0.0196706037968397,-0.0062475008890032,standing
1783087721254513200,10.20351318359375,0.1415364226296544,-0.0792059309229254,0.0568961916983127,-0.0096226222813129,-0.0151690617203712,-0.009714669547975,standing
1783087721264557000,10.21355712890625,0.1078207616411149,-0.0784852154329419,0.0762608173817396,-0.0206747408956289,-0.0182061307132244,-0.0186125561594963,standing
1783087721274602200,10.223602294921877,0.1299282562918961,-0.0697265933074057,0.056162616726756,-0.0295907389372587,-0.0243553686887025,-0.0244904197752475,standing
1783087721284646400,10.233646484375,0.1078381511673331,-0.0188103528015315,0.0345540115088224,-0.0234570279717445,-0.0347796380519866,-0.0263494607061147,standing
1783087721294690000,10.24368994140625,0.048036885677278,0.0014636428117752,0.0235229144066572,-0.0052159717306494,-0.0445230789482593,-0.0234154555946588,standing
1783087721304735200,10.2537353515625,0.0140783558435738,-0.0441233654953539,0.016316928550601,0.0121116004884243,-0.0482760295271873,-0.0168628897517919,standing
1783087721314779400,10.263779296875,-0.0209819977521896,-0.0986658336743712,0.0224976630121469,0.0177021082490682,-0.0447992756962776,-0.0123206004500389,standing
1783087721324824300,10.27382421875,-0.0041449908502399,-0.1394083245597779,0.0784603732526302,0.0146066127344965,-0.0381750836968421,-0.0086732916533946,standing
1783087721334868200,10.2838681640625,0.1089770920693874,-0.1281662150554358,0.1089174708366394,0.0131732998415827,-0.0261559709906578,-0.0124842757359147,standing
1783087721344912400,10.293912353515625,0.1884368516229093,-0.1349528064556419,0.0892149915009737,0.0077829379588365,-0.0153341442346572,-0.0188299547880888,standing
1783087721354957300,10.303957275390625,0.1868330696880817,-0.1144841650530695,0.0621294161766767,0.0025250588078051,0.0008184602484107,-0.0296170897781848,standing
1783087721365001200,10.314001220703124,0.1667835304804146,-0.1026494964830577,0.0425157841682434,-0.0022191167809069,0.0152572821825742,-0.0297917984426021,standing
1783087721375046100,10.324046142578124,0.117072866372019,-0.0750152012348175,0.0752332278996706,-0.0175796970725059,0.0198666825890541,-0.027397084981203,standing
1783087721385090000,10.334090087890624,0.0365201970152556,-0.0715092389404773,0.0674561641573905,-0.0252778492867946,0.0165616571903228,-0.0210638307034969,standing
1783087721395135200,10.34413525390625,0.0003743862703442,-0.0737239923804998,0.0744078829914331,-0.022173136472702,0.0133565440773963,-0.0137968631461262,standing
1783087721405179100,10.35417919921875,-0.0334675314463675,-0.0507777088180184,0.0635235008835792,-0.0077332323417067,0.0070922472514212,-0.0040980279445648,standing
1783087721415223000,10.36422314453125,-0.0173899646095931,-0.0848426216356456,0.055692661127448,0.0119749587029218,8.04103910923e-05,0.0050991987809538,standing
1783087721425268200,10.374268310546874,0.0337299817748367,-0.0585039191558957,0.0371978040158748,0.0237296409904956,-0.0004021455533802,0.0166486594825983,standing
1783087721435312400,10.3843125,0.0849340993113815,-0.0618703268490731,0.0327262115597724,0.0227344147861003,-0.0011390419676899,0.0249340217560529,standing
1783087721445357300,10.394357421875,0.1417711081683635,-0.0764312055125832,0.0559825839847326,0.0135176852345466,-0.0010734661482274,0.0294979382306337,standing
1783087721455401200,10.404401123046876,0.1555737158104777,-0.0941059784129261,0.0266740719139575,-0.0002663028426468,-0.0125775225460529,0.0330415405333042,standing
1783087721465446100,10.414446044921876,0.1190969195455312,-0.1054286058075726,0.0007908581167459,-0.0114293107762932,-0.0297852903604507,0.0353872925043106,standing
1783087721475490300,10.424490234375,0.0543678422644734,-0.1240187399871647,-0.0220417359381914,-0.0056209564208984,-0.0385731868445873,0.0364711992442607,standing
1783087721485534200,10.4345341796875,0.0087904785685241,-0.1199798398599028,0.0106301150858402,0.0035437589976936,-0.0537228845059871,0.0314210429787635,standing
1783087721495579100,10.4445791015625,0.0603714665934443,-0.0906559840895235,0.0960913070112466,0.0013320038560777,-0.0680514872074127,0.0232802908867597,standing
1783087721505623300,10.454623291015626,0.0874376065649092,-0.0792455322809517,0.0424690224170684,0.0007892311550676,-0.0781900361180305,0.0160686466842889,standing
1783087721515668200,10.464668212890626,0.104236911804974,-0.0610671937726438,0.0222673613876104,0.0035695710685104,-0.0817823708057403,0.0105825345963239,standing
1783087721525712100,10.474712158203126,0.1235910160943865,-0.0563446952953934,0.0521469513446092,-0.0009954962879419,-0.0861594974994659,-0.0009425962343811,standing
1783087721535756000,10.484756103515624,0.1626439464576542,-0.0418444607779383,0.0797463214099407,-0.0122846355661749,-0.0832196325063705,-0.0053024571388959,standing
1783087721545801200,10.49480126953125,0.1602152580060064,-0.0502200749352574,0.031745968350768,-0.0069329729303717,-0.0778234750032424,-0.0091718891635537,standing
1783087721555845400,10.504845458984375,0.1021074985608458,-0.0149745740309357,0.0263385563492774,0.0109823774546384,-0.0617286674678325,-0.0103553980588912,standing
1783087721565890300,10.514890380859375,0.0002951835542917,-0.0466714425429701,0.0413110845535993,0.0201844591647386,-0.0378348194062709,-0.0108780926093459,standing
1783087721575934200,10.524934326171875,-0.0186336810603737,-0.0755545688085257,0.1223082828074693,0.0103187793865799,-0.0143326874822378,-0.0061914613470435,standing
1783087721585979100,10.534979248046875,0.0256568576954305,-0.113745767775923,0.1661316424429416,-0.006875223480165,0.0082511659711599,-0.0025759127456694,standing
1783087721596023300,10.545023193359375,0.0690448946535587,-0.1011320776574313,0.1509831731498241,-0.0186053812503814,0.0197831857949495,-0.0001598931849002,standing
1783087721606067200,10.555067138671877,0.1273217270553112,-0.1142176230713725,0.1013958431601524,-0.0158432144671678,0.0373800583183765,-0.0009405487217009,standing
1783087721616112000,10.565112060546875,0.1391233701385557,-0.0995979999579489,0.0518435844838619,-0.0265504531562328,0.0439319685101509,-0.0010782342869788,standing
1783087721626156300,10.57515625,0.1415767546400427,-0.1021319023497402,0.0451940634667873,-0.033634889870882,0.046567715704441,-0.0020758961327373,standing
1783087721636201200,10.585201171875,0.2474732702203095,-0.0489243360362946,0.0205167183279991,-0.026823591440916,0.0456366725265979,0.0024091331288218,standing
1783087721646245000,10.5952451171875,0.2097553878530859,-0.0028802316114306,-0.0156155022829771,-0.0143006294965744,0.059591744095087,0.0067002149298787,standing
1783087721656290300,10.605290283203123,0.0696181644968688,-0.0522764229431748,0.0031570027261972,-0.0092978812754154,0.086587943136692,0.0132537214085459,standing
1783087721666334200,10.615334228515623,0.0480998679108917,-0.0873195331431925,0.1231149230152368,-0.030035875737667,0.0909674391150474,0.0253733117133378,standing
1783087721676378400,10.62537841796875,0.0063688043795526,-0.0968164064154028,0.0867576614767313,-0.0605889894068241,0.1414772272109985,0.0454383641481399,standing
1783087721686423300,10.63542333984375,-0.1326804776094853,-0.1269020403385162,0.0971083750993013,-0.1085540577769279,0.1909172981977462,0.0500084981322288,standing
1783087721696467200,10.64546728515625,-0.0474567477017641,-0.175597682185471,0.2386076805889606,-0.1645488888025283,0.2440793216228485,0.0558948814868927,standing
1783087721706512100,10.65551220703125,-0.000676876348257,-0.1887776278845965,0.2936088523209095,-0.1946599334478378,0.267184317111969,0.0485472157597541,standing
1783087721716556300,10.665556396484376,0.1535312501974403,-0.1721541176028549,0.2338648699760437,-0.0863177478313446,0.2330785542726516,-0.0016645577270537,standing
1783087721726601200,10.675601318359377,0.3897362535588443,-0.1108621751636266,0.0714303284853696,0.0026271196547895,0.1626531332731247,-0.0050671873614192,standing
1783087721736645000,10.68564501953125,0.1051603102602064,0.1157882333889603,-0.4418891962528228,0.1059468537569046,0.1111417412757873,-0.0041057858616113,standing
1783087721746689300,10.695689208984374,-0.0386748908311128,9.6007720381e-05,-0.3429337319821119,0.1469340771436691,0.0443103797733783,-0.0050336113199591,standing
1783087721756734200,10.705734130859376,-0.0402259196653962,-0.1112238480828702,-0.1108797108203172,0.0898542627692222,0.0189182050526142,-6.894627586e-05,standing
1783087721766778000,10.715778076171874,-0.194916276770085,-0.1302278237603604,-0.0529331332862377,-0.0195814296603202,0.0387605763971805,0.0149611262604594,standing
1783087721776823300,10.7258232421875,-0.3113805097244679,-0.1314626262523233,0.0447603482246398,-0.0992858484387397,0.0775575041770935,0.0342216417193412,standing
1783087721786867200,10.7358671875,-0.0970259575128555,-0.0943643370881676,0.2856733831465244,-0.0927566960453987,0.0899191945791244,0.0167406257241964,standing
