time,seconds_elapsed,accel_x,accel_y,accel_z,gyro_x,gyro_y,gyro_z,label
1783088550044272000,0.047272216796875,-0.0784922022961545,-0.2905369705948978,-0.1057750811576843,0.011706612072885,0.073294773697853,0.0118624437600374,still
1783088550054316000,0.05731591796875,0.1104630380445159,-0.1624087129296735,0.3254991975784301,-0.0202803742140531,0.0015756227076053,0.0013778283027932,still
1783088550064361200,0.067361328125,0.217402833866328,-0.1886087923900224,0.1358732823014259,-0.0050087440758943,-0.0173522625118494,-0.002069101203233,still
1783088550074405000,0.077405029296875,0.0144154149113688,-0.194249812217988,0.0409714773356914,-0.0033327487763017,-0.0306652672588825,0.0013749587815254,still
1783088550084449000,0.087448974609375,-0.1241409141952637,-0.1874032159925438,0.0554348869740962,-0.0131880426779389,-0.026071049273014,-0.0012807454913854,still
1783088550094494200,0.097494140625,-0.1790862184209749,-0.1353663556925952,-0.0340834713876247,-0.0076795076020061,0.0024883062578737,0.0007007070817053,still
1783088550104538000,0.1075380859375,-0.1201251574815716,-0.1308108295463956,0.0314566300153732,-0.0015739445807412,0.0051163136959075,0.0011225518537685,still
1783088550114582000,0.11758203125,-0.0676661262467969,-0.1595249376542866,0.0495715478986501,0.0010982530657202,0.0048873289488255,0.0032479993533343,still
1783088550124627200,0.127627197265625,-0.0155255041782744,-0.2025683076268993,0.0462882884442806,-0.001655188971199,0.002748544095084,0.0010069493437185,still
1783088550134671000,0.137671142578125,0.028854174165707,-0.2096538089084438,0.0920768106728792,-0.0049062636680901,0.0030913271475583,0.0009380894480273,still
1783088550144715000,0.147715087890625,0.0397562289275694,-0.2083394201079383,0.0998562125027179,-0.0008966084569692,-0.0014379108324646,0.0013865657383576,still
1783088550154759200,0.15775927734375,0.029493586314097,-0.2160744896057061,0.0821931300401687,-0.0025048486422747,-0.0062202359549701,-0.0015324822161346,still
1783088550164804000,0.16780419921875,-0.0139139407957904,-0.2006796260697767,0.0553945549637079,-0.004083037842065,-0.0086138863116502,-0.0015615106094628,still
1783088550174848000,0.177847900390625,-0.0795430904554203,-0.1771867597415111,0.0407131186604499,-0.005078949034214,-0.0075909127481281,-0.0010881593916565,still
1783088550184892200,0.18789208984375,-0.0918198311039712,-0.1557242849959992,0.0472860673099756,-0.0032496235799044,-0.0026752497069537,-0.0005573914386332,still
1783088550194937000,0.19793701171875,-0.0925486385688651,-0.1680533312205225,0.0517716882914304,-0.0004627015441656,0.0012274840846657,0.0021014346275478,still
1783088550204981000,0.20798095703125,-0.0745929389684461,-0.1774543977017514,0.048033086284995,-0.0003852033987641,0.0023497401271015,0.0013810495147481,still
1783088550215025200,0.218025146484375,-0.0293983366455417,-0.1918940976710058,0.0592611672639846,0.0003502999898046,0.0036287265829741,-0.0002350185532122,still
1783088550225069000,0.228069091796875,0.0035040899976622,-0.205898420163989,0.0757259798526763,-0.000941865844652,0.0026785107329487,0.0024023097939789,still
1783088550235114000,0.238114013671875,0.008609203717485,-0.213043341748882,0.0721370154500007,-0.0019263154827058,-0.0001968839205801,-0.0001462122891098,still
1783088550245158100,0.248158203125,-0.001513509835489,-0.2053848263523541,0.0749783763557672,-0.0013060652418062,-0.002719163428992,-0.000749418279156,still
1783088550255202000,0.2582021484375,-0.012732521592034,-0.2067248245181515,0.0606079056978225,-0.0020966038573533,-0.0061307097785174,-0.0008866891730576,still
1783088550265247200,0.268247314453125,-0.0478766536142677,-0.1745143439281731,0.0377039999723434,-0.0023884861730039,-0.0050657107494771,-8.26807226985e-05,still
1783088550275291100,0.278291015625,-0.0725386824529152,-0.1797879004169255,0.0480231494128704,-0.0012415655655786,-0.0049392753280699,0.0004663649015128,still
1783088550285335000,0.2883349609375,-0.0602917158881202,-0.1676078707416541,0.0457768317908048,0.0003001382574439,-0.0003844704478979,0.0003696922212839,still
1783088550295380200,0.298380126953125,-0.0746507335702888,-0.1816564707677811,0.057451487493515,-5.15873543918e-05,0.0001709046773612,0.0005444742273539,still
1783088550305424100,0.308424072265625,-0.0291840545740444,-0.194526711196918,0.0676350278556346,0.0010858487803488,0.0020809238776564,-0.0002584687899798,still
1783088550315468000,0.318468017578125,-0.0045076410170178,-0.2027093965980224,0.0676443802058696,-0.001102935289964,0.0003611920401453,0.0003866117913275,still
1783088550325512200,0.32851220703125,-0.0049170164023526,-0.199936333421804,0.0727361503869295,-0.0015226495452225,-0.0006452165544033,0.0011559990234673,still
1783088550335556900,0.338556884765625,0.0070893189401365,-0.1942651559175923,0.0585240851610898,6.90189190208e-05,-0.0025630220770835,-0.0009634429588913,still
1783088550345601000,0.34860107421875,-0.0173561810710001,-0.1926766628834418,0.0564326658397912,-0.00077147455886,-0.0043398840352892,-0.0001991158351302,still
1783088550355645200,0.358645263671875,-0.0323315862189978,-0.1697893064339645,0.0552349804878234,-0.0015765051357448,-0.0039189243689179,-0.0002179811708629,still
1783088550365690000,0.368690185546875,-0.0516790963708423,-0.1748654771870933,0.0559878446817398,-3.40021215379e-05,-0.001797183882445,0.000223038252443,still
1783088550375734000,0.378734130859375,-0.061506562437443,-0.1728526760599575,0.0435743533104658,-0.0002604916226118,-0.00098094670102,-0.0003334197681397,still
1783088550385778200,0.388778076171875,-0.0429159533338155,-0.1778238338023424,0.059447045224905,0.000523010501638,0.0012856698594987,0.000396552728489,still
1783088550395822000,0.398822021484375,-0.0265794159004464,-0.1954031469715759,0.0656003071576356,-0.0002131983637809,0.0014403462409973,-0.0014917359221726,still
1783088550405867000,0.408866943359375,-0.0159663341477978,-0.2027829732908867,0.0650204614430666,-0.0010358489817008,0.0003031766973435,0.0006238792557269,still
1783088550415911200,0.4189111328125,-0.0069304568503051,-0.1985359651045873,0.0565080691635608,-0.0005037141963839,-0.0005962485447525,0.0009522805921733,still
1783088550425955000,0.428955078125,-0.0091889489673543,-0.1897707671077922,0.0685001202523708,-0.0003748170565813,-0.0004641558043658,-0.0007074014283716,still
1783088550436000000,0.439,-0.0333015454960055,-0.1814896445672027,0.0619359394311904,-0.001478629768826,-0.0027383523993194,-0.0016767240595072,still
1783088550446044200,0.449044189453125,-0.0398411215988919,-0.1712766589148901,0.0510287609696388,-0.0020160556305199,-0.0027990718372166,-0.0013041477650403,still
1783088550456088000,0.459088134765625,-0.0501685639437288,-0.1706644270343706,0.0586830751150846,-0.0010650838958099,-0.0003174520097672,2.0894221961e-06,still
1783088550466133000,0.469133056640625,-0.0446556000753771,-0.1673744638445787,0.0587058714687824,-0.0005811876617372,0.0003038635477423,5.02925831824e-05,still
1783088550476177200,0.47917724609375,-0.0337712088343687,-0.1775222387735731,0.0582902764052152,-6.96456991136e-05,0.0016014552675187,-0.0011737463064491,still
1783088550486221000,0.489220947265625,-0.0243544150610454,-0.1754921577180735,0.0484586182206869,-0.0005119969137012,0.0007862616330385,0.0006451926892623,still
1783088550496265200,0.49926513671875,-0.0231983951600268,-0.1699068136001005,0.0588759673386812,0.000264331465587,5.57275488972e-05,0.000307249603793,still
1783088550506310000,0.509309814453125,-0.02364935379792,-0.1742305768170393,0.0642056379288435,0.0007868437096476,-0.0006942185573279,-0.0015705451369285,still
1783088550516354000,0.51935400390625,-0.0273136393259745,-0.1638583272160962,0.0605348404616117,-0.0006888306234031,0.0007308679632842,-0.0013532433658838,still
1783088550526398200,0.529398193359375,-0.0269926637433003,-0.1533166941313073,0.0626952333658933,-0.0024534412659704,-0.0007940577343106,-0.0006381846033036,still
1783088550536443000,0.53944287109375,-0.0373833257837686,-0.1394034291889518,0.0631967531472444,0.0003095371648669,-0.00061312969774,-0.0003966868389397,still
1783088550546487000,0.549487060546875,-0.0387428689002525,-0.1335261711860075,0.0473871895968914,-7.87517055869e-05,-0.0006932909600436,-0.0013471690472215,still
1783088550556531200,0.55953125,-0.0364494150676764,-0.1416214888309128,0.0618102672249078,-0.001314484863542,0.0010825642384588,-0.0005783436354249,still
1783088550566575000,0.5695751953125,-0.0253129304954316,-0.1449267774539999,0.0678513009548187,-0.0007658735848963,0.0008484721183776,0.0001289919018745,still
1783088550576620000,0.5796201171875,-0.0151840063973795,-0.1304200492636766,0.068652680465579,0.000272931298241,0.0028180673252791,-0.000372574198991,still
1783088550586664200,0.589664306640625,-0.020940551496949,-0.127143173884321,0.0652630380272865,-0.000994999660179,0.0013472032733261,0.0004340973682701,still
1783088550596708000,0.5997080078125,-0.0177610538111533,-0.1257252516441047,0.0608159954905509,-0.0007957606576383,-0.0011019124649465,-0.0012953234836459,still
1783088550606753000,0.6097529296875,-0.0125055901015177,-0.1275607873750384,0.07476794847548,0.0001888100523501,-0.0005975100211799,0.0004170890897512,still
1783088550616797200,0.619797119140625,-0.0275405342838726,-0.1128337309649214,0.0671639032125473,-0.0007565177511423,-0.0018555074930191,-0.0003591286949813,still
1783088550626841000,0.629841064453125,-0.0295353248302824,-0.1044487827236764,0.0456394691467285,-0.0001730192452669,0.0005509252659976,0.0001122509129345,still
1783088550636886000,0.639885986328125,-0.0335671193633228,-0.1121953691293019,0.0621259090453386,-0.0012096421560272,-0.0006033102981746,-0.0009480773005634,still
1783088550646930200,0.64993017578125,-0.03002505370914,-0.10703894534735,0.0567693504482507,-0.0002900527324527,-0.0003322004340589,0.0014082876732572,still
1783088550656974000,0.65997412109375,-0.0211295895293354,-0.1014602958316449,0.055301031461358,-0.0006044514011591,0.0002060458064079,-0.0013149371370673,still
1783088550667018200,0.670018310546875,-0.0108323322602082,-0.0925653887742664,0.0634065965056419,0.0002474938519299,-0.0001566768623888,-3.60871199518e-05,still
1783088550677063000,0.68006298828125,-0.0054820024745073,-0.1028486175180412,0.0661240387707948,0.0001199468970298,0.0011295760050415,-0.0021764542907476,still
1783088550687107000,0.690107177734375,-0.02838680324913,-0.0965450238618068,0.0731821405887603,-0.0011839367216452,-0.0016931085847318,0.0001809759996831,still
1783088550697151200,0.700151123046875,-0.0273854624531697,-0.0947020537430886,0.0520978515058755,-0.0009315388742834,-0.0001491205766797,0.0004821133334189,still
1783088550707196000,0.71019580078125,-0.0176269243037793,-0.0972433539900463,0.0521083728998899,-0.0006359280087053,-0.001612261403352,0.0002618697471916,still
1783088550717240000,0.720239990234375,-0.0267596221724059,-0.08668479716992,0.0766606303542852,-0.000407523009926,-0.0004306975752115,0.0002796184271574,still
1783088550727284200,0.7302841796875,-0.0279879857904277,-0.0937065581660252,0.0678448712140321,-0.000342542072758,-0.0005611926317214,-5.08797820657e-05,still
1783088550737328000,0.740328125,-0.0279545493117067,-0.087961922699958,0.0603758505076169,-0.0024325558915734,-0.0003964197821915,-5.11133112013e-05,still
1783088550747373000,0.750373046875,-0.0152745342250447,-0.0931068478403612,0.0530576364487409,0.0005608373321592,-0.0009578145109117,0.0006610159762203,still
1783088550757417200,0.760417236328125,-0.0087665040378924,-0.0890888991695828,0.0571142183631658,-0.0016690375050529,-0.0005287416279315,0.0002271756529808,still
1783088550767461000,0.770461181640625,-0.0128332785527687,-0.0909283073580358,0.0554758035063743,-0.0007784764748066,-0.0010613738559186,0.0003147937823086,still
1783088550777506000,0.780506103515625,-0.016985128402058,-0.0768963114068377,0.045009939071536,-0.0001184921711683,-0.0013770824298262,-0.0003344307187944,still
1783088550787550200,0.79055029296875,-0.0252400844549294,-0.0835052720846608,0.0577402413070201,0.0003097441513091,8.25962051749e-05,0.0008829002035781,still
1783088550797594000,0.800593994140625,-0.0255509313692338,-0.0850821386130992,0.0631342093050479,-0.0013475057203322,-0.0003513125702738,-0.0004654275253415,still
1783088550807639000,0.81063916015625,-0.0195133317054249,-0.0790739751063287,0.0445861607015132,-0.0024931975640356,-0.0011931378394365,1.90015416592e-05,still
1783088550817683200,0.82068310546875,-0.0215756801958661,-0.0745682520517613,0.0577595305293798,-0.001887570717372,-0.0014150077477097,-0.0015168122481554,still
1783088550827727000,0.83072705078125,-0.0079946976814884,-0.0781811818519141,0.062108373388648,-0.0003597151953727,0.0002004657872021,-1.7401762306e-06,still
1783088550837771300,0.840771240234375,-0.0182224059788975,-0.0633893348435871,0.0637643239021301,0.0004315183032304,-0.000193428248167,-0.0010166631545871,still
1783088550847816000,0.85081591796875,-0.0224237940583378,-0.0724505475117359,0.0600333206802606,0.0007146124262362,-0.0006070174276828,-0.0006321026012301,still
1783088550857860000,0.860860107421875,-0.0188737551602534,-0.0781275337022263,0.0482183797240257,0.0006576823070645,-0.0013206196017563,0.0004260290879756,still
1783088550867904000,0.870904052734375,-0.0087080335826147,-0.0803007586886175,0.0501677602261304,-0.0011862904066219,-0.0007070270366966,-0.001152426470071,still
1783088550877949000,0.880948974609375,-0.0168938151231035,-0.067912420024909,0.0566080224066972,2.40115914493e-05,-0.0006053326651453,-0.0014934118371456,still
1783088550887992800,0.890992919921875,-0.0282164973166771,-0.0837875778910703,0.0482329927712678,-5.74812293052e-05,-0.0004561957903206,-0.0012702390085905,still
1783088550898037000,0.901037109375,-0.0198557428017724,-0.0752042666666675,0.0600590396434068,0.0008439477533102,-8.93785618245e-05,-8.43841116875e-05,still
1783088550908081000,0.911080810546875,-0.0137349766328465,-0.0714626598523929,0.0702414109617471,-9.69471875578e-05,-0.0008071004413068,-0.0003024970646947,still
1783088550918125800,0.921125732421875,-0.0103384660623501,-0.0641639816110488,0.0569277558803558,0.0011257959995418,0.0001975363120436,-0.000361266778782,still
1783088550928170000,0.931169921875,-0.0018368143725674,-0.0618811679034959,0.0579775571942329,-0.0004044563975185,-0.0003012735396623,0.000816116691567,still
1783088550938214000,0.9412138671875,-0.0115942748097237,-0.0690305464677978,0.0433171636790037,-0.0006711164023727,-0.0014896825887262,-0.0008436439093202,still
1783088550948258800,0.9512587890625,-0.0149080390002112,-0.0629444497534539,0.0578384409844875,-2.31694430112e-05,0.0006208727136254,-0.0003552201669663,still
1783088550958303000,0.961302978515625,-0.009020752793597,-0.0546540296615567,0.0558972437888383,-5.87268732488e-05,0.0001052916049957,-0.0021157064475119,still
1783088550968347000,0.971346923828125,0.0013637261012569,-0.0688118804821278,0.0421346758961677,0.0009045386686921,0.000757765956223,-0.000467209611088,still
1783088550978391000,0.98139111328125,-0.0032099658892955,-0.060880840887688,0.0515659365862607,-0.000217561610043,-0.0006606923416256,0.0003012658562511,still
1783088550988436000,0.99143603515625,-0.0098640443504787,-0.0459485533622093,0.053216041880846,-0.0005429999437183,-0.0020479327067732,0.0007401547627523,still
1783088550998480000,1.00147998046875,-0.0154601655907928,-0.0599357329241465,0.0615975012570619,-0.0009142032358795,-0.0013824738562107,-0.0003604919183999,still
1783088551008524000,1.01152392578125,-0.0240070172623265,-0.0676360370692098,0.0508294390052556,-5.69315161556e-05,0.000533937010914,-0.0001767338253557,still
1783088551018569000,1.02156884765625,-0.0038561091725714,-0.0581480549229308,0.0716337421029806,-0.0002287307288497,-0.0008002636022865,6.00020866841e-05,still
1783088551028612900,1.03161279296875,-0.0074220397595316,-0.0518115956101333,0.0659504357695579,-0.0008567040786147,1.519639045e-05,-0.001748816575855,still
1783088551038657000,1.041656982421875,-0.0128638654872775,-0.0403242380738724,0.0500917723804712,0.0003282651305198,-0.000607977155596,-0.0010567985009402,still
1783088551048702000,1.051701904296875,-0.0200493565445765,-0.0505913467999082,0.0587765986174345,0.0001753997057676,0.0001970962621271,-0.0002064511645585,still
1783088551058745900,1.061745849609375,-0.0047889878422021,-0.0699578950123628,0.0574351208806037,-0.0007040107157081,0.000504232943058,-0.00106508936733,still
1783088551068790000,1.0717900390625,-0.0206702557887416,-0.0659968915600562,0.05923252569139,-0.0007652633357793,-0.0001245392486453,-0.0006341899279505,still
1783088551078834000,1.081833984375,-0.0096450495712459,-0.0608998515488347,0.0664162997156381,-0.0007421104237437,-0.000618000049144,0.0006510345265269,still
1783088551088878800,1.09187890625,-0.0048465815146453,-0.0631900676781311,0.0689607235014438,8.5866311565e-05,-0.0004201270639896,0.0007026998791843,still
1783088551098923000,1.101923095703125,-0.0103220903162844,-0.0524719911810476,0.065972647601366,0.0001868249382823,0.0002283160574734,-0.0015332663897424,still
1783088551108967000,1.111966796875,-0.0096132661934942,-0.0563511341693345,0.0484673860490322,0.0011522208806127,-0.0008694389835,0.0001184260472655,still
1783088551119011800,1.12201171875,-0.0072054652662482,-0.0497817611498059,0.0592424625635147,0.0006180093623697,-8.54544341564e-05,-0.0006091305986046,still
1783088551129056000,1.132055908203125,-0.0084260017708409,-0.0468592430329183,0.059840428456664,0.0003330509644001,0.0007707518525421,0.000806339434348,still
1783088551139100000,1.142099853515625,-0.0116507725036237,-0.0531667593790218,0.0553559765189886,-0.0010825132485479,-0.0001971232704818,-0.000941855367273,still
1783088551149143800,1.152143798828125,-0.013329336707713,-0.0340064743283903,0.0631371319144964,0.0009502775501459,-0.0013705124147236,0.000411030370742,still
1783088551159189000,1.16218896484375,-0.0091641341865062,-0.0475569840726908,0.0492237573742866,-0.0002701198682188,-0.0002245497889816,0.0007557710632681,still
1783088551169233000,1.17223291015625,-0.0119985812942963,-0.0543075634445995,0.066735448667407,-0.001042170333676,0.0009392513893544,6.36153854429e-05,still
1783088551179277000,1.182277099609375,-0.0183616591859608,-0.0504419009923934,0.0631458997428417,-0.0004038724582642,-0.0002670185640454,-0.0018701627850532,still
1783088551189322000,1.192322021484375,-0.0178254425505641,-0.0431765633316477,0.0680862787544727,-0.0001218437682837,-0.0004952512681484,-0.0008951795753091,still
1783088551199366000,1.202365966796875,-0.000118721875688,-0.0549043602939695,0.0510293454915285,-0.0010353769175708,-0.0005278652533888,0.0008648284710943,still
1783088551209410000,1.21241015625,-0.01167861035862,-0.0608073418266372,0.0499830513089895,-0.0007661313284188,0.0002047703601419,3.33895441144e-05,still
1783088551219455000,1.222455078125,-0.0064140591602306,-0.0422336336254607,0.053275663113594,-0.0006096402648836,-0.0007231379859149,-0.0005821648519486,still
1783088551229499000,1.232498779296875,-0.008967899228353,-0.0389844773700926,0.0592605827420949,0.0010559007059782,-0.0005641472525894,-0.0008199852891266,still
1783088551239543000,1.24254296875,-0.0067197915080003,-0.0483633548523997,0.0519295092016458,0.0007365958299487,-0.0011327466927468,-0.0005238356534391,still
1783088551249587000,1.2525869140625,-0.0104882589297369,-0.0462759358527837,0.0559714780688285,-0.0010053776204586,0.0003146813251078,0.0023848689161241,still
1783088551259631900,1.2626318359375,-0.015971594844805,-0.0472788612510543,0.0502858336478471,2.04984098672e-05,-0.0001056240871548,-0.0009480472654104,still
1783088551269676000,1.272676025390625,-0.0123014092989265,-0.0416648161949822,0.0558212559431791,-0.0012660748325288,-5.39585016667e-05,-0.0011128969490528,still
1783088551279720000,1.282719970703125,-0.0023191727957222,-0.0545264212265145,0.0645037440925836,-0.0019791997037827,0.000682252459228,0.0004352652467787,still
1783088551289764900,1.292764892578125,-0.0088221432152669,-0.0488469599511474,0.05343231498003,-0.0010409679962322,-0.0001981887035071,0.0020534018985927,still
1783088551299809000,1.30280908203125,-0.0015327533920761,-0.0409841678539058,0.0607651420861482,0.0003617971669882,-0.000331247691065,0.0001525103580206,still
1783088551309853000,1.31285302734375,-0.0148419514940585,-0.0523451088317902,0.0465495697289705,-0.0001681719440966,-0.0014175507239997,-0.0007377844303846,still
1783088551319896800,1.322896728515625,-0.0068722147238906,-0.0380294097015401,0.0645054976582527,0.0003117967862635,-0.0014589438214898,0.000785352778621,still
1783088551329942000,1.33294189453125,-0.0060296994851436,-0.0545388057840522,0.0565758737027645,-0.0001710343640297,-1.6624107956e-06,-0.0004687297623604,still
1783088551339986000,1.34298583984375,-0.0071443187966942,-0.035542136630183,0.0669026219278574,9.27210785448e-05,-0.0001142458058893,-0.0005836761556565,still
1783088551350029800,1.35302978515625,-0.0064246536194812,-0.0316147203536471,0.0523877743631601,0.0001193527132272,0.0009960257448256,-0.000545060262084,still
1783088551360075000,1.363074951171875,-0.0173500253248494,-0.0355211532076587,0.0693003307193517,0.000433949753642,0.0004254155792295,0.000348242232576,still
1783088551370119000,1.373118896484375,0.0061953201093245,-0.0330289208333939,0.0618202040970325,-0.0002004152629524,0.0001705512404441,0.0007612984627485,still
1783088551380163000,1.3831630859375,-0.0093705708782654,-0.0285626438732258,0.0450625460416078,-0.0007671704515814,0.0008281599730253,0.0005532703362405,still
1783088551390206700,1.393206787109375,-0.0304728888081852,-0.0471962427352089,0.0535930584996938,0.0003359108231961,-0.0009119492024183,-0.0002848263829946,still
1783088551400252000,1.403251953125,-0.0118283484270796,-0.0357029486485058,0.0679582684606313,-0.0001322487369179,0.0008458346128463,0.0003357734531164,still
1783088551410296000,1.413296142578125,-0.0096007629049476,-0.0499071547948755,0.0495557658076286,-0.0003996300511062,5.51422126591e-05,0.0003493556287139,still
1783088551420339700,1.423339599609375,-0.0008195910208858,-0.0359585125784622,0.0610784458190202,0.0007052435539662,-0.0009617460891604,-0.0016431284602731,still
1783088551430385000,1.433385009765625,-0.0171734631815459,-0.0440662239140598,0.0582353313475847,6.9813337177e-05,-0.0007417690940201,0.0006945941131561,still
1783088551440429000,1.443428955078125,-0.0185226219013333,-0.0283318490583449,0.0459644633173942,9.40756872296e-05,-0.0005728723481297,-3.57183162122e-05,still
1783088551450472700,1.45347265625,-0.0091348989588674,-0.0313822815709514,0.0633247634410858,-0.0010904982918873,0.0001523061655461,0.000512892846018,still
1783088551460516900,1.463516845703125,-0.0101218824359122,-0.0291309955128235,0.0673649787425994,0.0003895894624292,0.0008704038336873,0.0006771329790353,still
1783088551470562000,1.47356201171875,-0.0019564312973991,-0.0299528789554955,0.0515016391783952,-0.0017135088564828,0.0004706629551947,-0.0011588502675294,still
1783088551480606000,1.48360595703125,-0.0020075678295921,-0.0444193390675121,0.0576367809325456,-0.0011982653522863,-0.0004990706220269,0.000556468963623,still
1783088551490649900,1.49364990234375,-0.0062428399123251,-0.0470779912169789,0.0697574268370866,-0.001884295605123,-0.0002127806656062,0.0014148057671263,still
1783088551500695000,1.503695068359375,0.0016542243472766,-0.0517660531350877,0.0715554161697626,0.0005068816244602,0.0004083267413079,0.0015355783980339,still
1783088551510739000,1.513739013671875,-0.000692996365996,-0.0396035134507343,0.0488116694420576,-0.0003099099267274,-0.0002097929827868,1.03861093521e-05,still
1783088551520782800,1.523782958984375,-0.0113594614068511,-0.0379154096667421,0.0639244828999042,-0.000659508164972,0.0003302376717329,0.0010844316566362,still
1783088551530828000,1.533828125,-0.0232017561608925,-0.0371176468851743,0.0504559295177459,-0.0006198270712047,-0.0001416746526956,-0.0006705916021019,still
1783088551540872000,1.543871826171875,-0.0132159211948048,-0.0299458007607376,0.0589846884101629,0.0003229724243283,-0.0005409913137555,0.0008411244489252,still
1783088551550915800,1.553915771484375,0.0055062327334657,-0.0353849596073618,0.054646366944909,-0.0004038042388856,-8.18627886474e-05,-0.0002036336809396,still
1783088551560959700,1.563959716796875,-0.0227860149668529,-0.0404263787075178,0.0685644176602363,-0.0005375028122216,0.0006089340895414,0.0004996662028133,still
1783088551571005000,1.5740048828125,-0.008766010847548,-0.0231878737660124,0.0547983426362276,0.0006215048488229,0.0003415527753531,-0.0009634743910282,still
1783088551581049000,1.584049072265625,-0.008945376869291,-0.0323600359953474,0.0649760377794504,-0.0013560284860432,0.0011986154131591,0.0006119946483522,still
1783088551591092700,1.5940927734375,-0.004608562374534,-0.0394053285640897,0.0437292516112327,-0.0016596289351582,-0.0008829110302031,0.0007616642396897,still
1783088551601138000,1.604137939453125,-0.0099073994350153,-0.0247924137526657,0.0561491727232933,0.0014022104442119,0.001276253722608,0.0003813675139099,still
1783088551611182000,1.61418212890625,0.0049222770993597,-0.0285957561249611,0.0600391658991575,0.0002639752347022,-0.0004739756695926,0.0020319947507232,still
1783088551621225700,1.624225830078125,-0.0066805098103825,-0.0360635210226289,0.0681195965021848,-0.0011648120125755,0.0015642610378563,-0.0004679574631154,still
1783088551631270000,1.634269775390625,0.0023899547433014,-0.0345974076925544,0.0494166495978832,6.95630442351e-05,-0.0001731850206851,-0.0001933854073286,still
1783088551641315000,1.644315185546875,-0.0025261483435984,-0.028329803231731,0.0640805502444505,-0.000934783485718,-0.0006195628084242,0.001703176065348,still
1783088551651358700,1.654358642578125,-0.0121156044032424,-0.0279382192314136,0.0591407557547092,0.0005334171000868,-0.0007647047750651,0.0008315234445035,still
1783088551661403000,1.66440283203125,-0.0020034122442826,-0.0240802103627007,0.061834232622385,-0.0008015836356207,0.0002150572836399,0.0001296610571444,still
1783088551671448000,1.674447998046875,-0.0059118452591355,-0.0256918194109573,0.0618365707099437,0.000329460715875,0.000154071021825,-0.0003489090595394,still
1783088551681492000,1.684491943359375,-0.0085798223593737,-0.0265394811822799,0.0574976647228002,-0.0009891535155475,0.0016061239875853,-0.000262307235971,still
1783088551691536000,1.694535888671875,-0.0165570574494078,-0.0334154359329491,0.061090136256814,-0.0014109982876107,-0.0001848521642386,-0.0001925323158502,still
1783088551701579800,1.704579833984375,-0.0114029352223966,-0.0274716291995486,0.050017538100481,-1.46108213812e-05,-0.0007761036977171,-0.001133227488026,still
1783088551711625000,1.714625,-0.0053595451386179,-0.0265262518079485,0.0491197124779224,0.0008977882098406,-0.0004666442982852,0.0008223315235227,still
1783088551721668900,1.7246689453125,-0.0200633759367745,-0.0438066642289981,0.0586959345966577,-0.0007542530074715,0.0001898338086903,2.36420892179e-05,still
1783088551731712800,1.734712646484375,-0.0117894959877245,-0.0323619082920253,0.0616892711937427,0.0003778568934649,0.0005735955201089,0.00124416872859,still
1783088551741758000,1.744758056640625,-0.0080413955005817,-0.0404067104592453,0.0489706593960523,-0.0002736158203333,0.0009841085411608,0.0005500516854226,still
1783088551751801900,1.7548017578125,0.0051352257302962,-0.0216357535197632,0.058997547891736,0.0008864572737365,0.0007446901872754,-8.88407230377e-05,still
1783088551761845800,1.764845703125,-0.0046825683256611,-0.0291001665497198,0.0509171172887086,-2.56807543337e-05,-0.0004765484482049,-0.0001794351264834,still
1783088551771890000,1.774889892578125,-0.0193022827706299,-0.0408341329579241,0.0639338352501392,0.0007429074030369,-0.0017846929840743,6.39779027551e-05,still
1783088551781935000,1.78493505859375,-0.0112602296829223,-0.0261309186476981,0.0527104304462671,-9.91888809949e-05,0.0005388595163822,-0.000836840365082,still
1783088551791978800,1.794978759765625,-0.0017824538368266,-0.0323995871210237,0.061688686671853,0.0004113391041755,0.0018366179428994,-0.0003755809739232,still
1783088551802023000,1.80502294921875,-0.003214450268168,-0.0324674784251954,0.0711164402306079,-2.61489767581e-05,7.84075818955e-05,-0.0001919879578053,still
1783088551812068000,1.815068115234375,-0.0038487113174051,-0.0346574992827605,0.0640828883320093,-2.88120936602e-05,-2.818647772e-06,0.0006983065977692,still
1783088551822111700,1.82511181640625,-0.0070811995657626,-0.0301441865767817,0.0657294864952564,0.0005520631093531,-0.001445167697966,-0.0002496358938515,still
1783088551832156000,1.835156005859375,-0.0230159603983629,-0.0342763681777985,0.0546586419045925,-0.0007683321600779,-0.0003783055581152,3.3191870898e-05,still
1783088551842201000,1.845201171875,-0.0053162905187811,-0.0267864416806725,0.0585492196023464,0.0003460294101387,1.93114392459e-05,0.0008302077185362,still
1783088551852244700,1.85524462890625,0.0015908219885546,-0.0250759342686273,0.0621387685269117,-0.0004475924652069,-0.0011524795554578,0.0025942854117602,still
1783088551862289000,1.865288818359375,-0.0177189043030142,-0.0217968486658763,0.0446299998432397,0.0002827032003551,-0.0005263490602374,0.0012603250797837,still
1783088551872333000,1.8753330078125,-0.0121415334289427,-0.0306283213984919,0.0778495478779077,-0.0011785733513534,0.000931997783482,-0.0004632729105651,still
1783088551882378000,1.8853779296875,-0.0052923159881494,-0.0208916343213059,0.0554050763577222,-0.0006415271200239,0.000543859321624,0.0003163607325404,still
1783088551892422000,1.895421875,0.0058042110330425,-0.0215782100796699,0.0486719687104225,-6.38875644654e-05,-0.0006561614573001,0.0001816048752516,still
1783088551902466000,1.905466064453125,-0.0119062359688803,-0.0288563158904435,0.0624380437344312,-0.0002161895390599,-0.0010516415350139,0.0010885733645409,still
1783088551912511000,1.915510986328125,-0.0024212814633268,-0.0237780490783508,0.0470236169815063,-0.0003437548875808,-0.0010820017196238,-0.0008083963766694,still
1783088551922555000,1.925554931640625,0.0045034945648629,-0.0231270195574034,0.0600426730304956,0.0004728271160274,0.0005345181562006,-5.29012177139e-05,still
1783088551932599000,1.93559912109375,-0.0026830742046702,-0.0253416588329942,0.0631856472313404,8.40057618916e-05,0.0003289217129349,0.0014688289957121,still
1783088551942643000,1.945642822265625,0.0110674835897982,-0.0303008658426813,0.0589946252822875,0.0003378551919013,-0.0006783064454793,-0.0009217888582497,still
1783088551952687900,1.95568798828125,0.0006241689134854,-0.0229681666007265,0.0539046086668968,-0.0010810770327225,-0.0013438304886221,-0.0009910310618579,still
1783088551962732000,1.96573193359375,0.0014560074945911,-0.0186627975570037,0.0510609096735715,0.0002839176449924,-0.0003200164064764,-0.000483451411128,still
1783088551972776000,1.97577587890625,0.0008505432815756,-0.0256749733074335,0.0574959111571311,0.0001387752126902,-0.0004076343029737,-0.0005281926132738,still
1783088551982820900,1.98582080078125,-0.0157970054628793,-0.0157026508434675,0.0594406154841184,4.57763671875e-05,-9.13133844733e-05,0.000322850421071,still
1783088551992865000,1.995864990234375,-0.000729538117256,-0.0174711446536006,0.0687175623953342,0.0002873251214623,-4.04468737542e-05,0.0008975605014711,still
1783088552002909000,2.005908935546875,-0.0065928954590111,-0.0280211071753175,0.0510620787173509,0.0009610939305275,0.0002199723385274,-0.0002757080364972,still
1783088552012953000,2.015953125,-0.0032773868360091,-0.00899061338366,0.0660258390933275,6.84023834764e-05,0.0009994800202548,-0.0007870350964367,still
1783088552022998000,2.025998046875,-0.0028682123800739,-0.025025400524633,0.0524099861949682,0.0008265513461083,-0.0004951586015522,0.0016806599451228,still
1783088552033042000,2.0360419921875,-0.0036573260643053,-0.0275905794040998,0.0639332507282495,0.0009642369113862,-0.0004874356091022,0.0007490862626582,still
1783088552043086000,2.046086181640625,-0.0125721342653967,-0.0122515103091718,0.0609404986530542,0.001312869368121,-0.0019980580545961,-0.0010221793781965,still
1783088552053130800,2.056130859375,0.0076692285867873,-0.029855145068909,0.0682733257591724,0.001584245590493,0.000338599551469,-0.0004999334923923,still
1783088552063175000,2.0661748046875,0.0006334573316387,-0.024410940154409,0.0733592507213354,0.0008798746857792,-0.0005068071186542,-0.000291000586003,still
1783088552073219000,2.076218994140625,-0.0095073672667611,-0.0235552823062986,0.0473223076671361,-0.0004144215490669,0.0012519448064267,-8.72686505317e-05,still
1783088552083264000,2.086263916015625,0.0006186798876151,-0.0299206708860583,0.0464238975226879,0.0011418731883168,-0.0002770684659481,0.0006187844555824,still
1783088552093308000,2.096307861328125,-0.0195545952975749,-0.0175360722491284,0.0694686730235815,-0.0002826517447829,9.25781205296e-05,0.0007559373043477,still
1783088552103352000,2.10635205078125,0.0042822073638439,-0.0215714058795478,0.0598912818610668,0.0005540279671549,-7.9302117228508e-07,0.000763108022511,still
1783088552113396000,2.11639599609375,0.00727802817896,-0.0343829520911211,0.053607671546936,0.0002653412520885,0.0007044123485684,0.0013002675259485,still
1783088552123441000,2.12644091796875,-0.0018854849530383,-0.0315627390046603,0.0765010558784008,0.0003800983540713,0.000259839463979,0.0015052219387143,still
1783088552133485000,2.136485107421875,-0.0171935378551948,-0.0150997576134512,0.0552536851882934,-0.0005802374798804,-0.0001902347430586,0.0008809769060462,still
1783088552143529000,2.146529052734375,0.0046363636969123,-0.0254411736847134,0.0579477465778589,0.0001357006840407,0.0002984437160193,0.0003360018599778,still
1783088552153574000,2.156573974609375,-0.0090033632673788,-0.0179368761689402,0.0634831688731908,0.000102411257103,0.0003301356919109,-0.0004416410811245,still
1783088552163618000,2.1666181640625,-0.0066444155836943,-0.0233912417178507,0.0573497806847095,0.0015208828262984,-0.0011617629788815,0.0011497538071125,still
1783088552173662000,2.176661865234375,-0.0099412834383081,-0.0254155003873398,0.046574704170227,0.0011690792161971,-0.0010624271817505,0.0012328444281592,still
1783088552183706000,2.1867060546875,-0.0028166831222362,-0.0292974792201071,0.0536070870250463,-0.0001977328211069,0.0002852291800081,0.0009477545972913,still
1783088552193750800,2.196750732421875,-0.0049604628184344,-0.0205717364508658,0.0640828883320093,0.0003695203922688,-0.0005882875993847,-0.0002714404836297,still
1783088552203795000,2.206794921875,0.0002858312040567,-0.0129363051024032,0.0669265873253345,-0.0001839401666074,8.5243955254e-06,0.0005148712079972,still
1783088552213839000,2.216839111328125,-0.0014194018112495,-0.0190452392696402,0.0501660066604614,-0.0010260317940264,-0.0003704433329403,0.0006821176502853,still
1783088552223883800,2.2268837890625,-0.005283840420749,-0.0154767787988763,0.054206221961975,0.0009115382563322,-0.0013413638807833,-0.0012717209756374,still
1783088552233928000,2.236927978515625,0.0018136983584612,-0.0181343212700681,0.0551040475845336,0.0010169995948672,0.0006658607162535,-0.0002051251940429,still
1783088552243972000,2.24697216796875,-0.0067030961015261,-0.0100206642508739,0.0486702151447534,-0.0003856173716485,-0.0002312366850674,-0.0010420507751405,still
1783088552254016000,2.25701611328125,-0.0027112682526931,-0.0242632113799452,0.048070495685935,-0.0008500727126374,-0.0005920953117311,0.0008890073513612,still
1783088552264061000,2.26706103515625,-0.005563881204836,-0.0184079003473278,0.0479214426040649,-0.0001086448319256,0.0002106418833136,-8.0100726336e-06,still
1783088552274105000,2.27710498046875,0.0005671140971593,-0.016147757412598,0.0537573091506958,-0.0010157173965126,0.0006439383141696,0.0006708297878503,still
1783088552284149000,2.28714892578125,-0.0062080973925068,-0.0162357074073981,0.0637841976463794,0.0005161284934729,-0.0004170513711869,0.0006496093701571,still
1783088552294194000,2.29719384765625,-0.0008980265519581,-0.0198054282534867,0.0585462969928979,0.0011856469791382,-0.0014756578020751,-0.0003370917402207,still
1783088552304238000,2.307238037109375,-0.0086607877742499,-0.0197559608052833,0.048072249251604,-0.0003424994647502,0.0009380024857819,0.0004810253158211,still
1783088552314282000,2.317281982421875,0.0030619722533505,-0.0223750321463216,0.0598953735142946,0.0001632350031286,0.0006312066689133,-0.0006018159911036,still
1783088552324327000,2.327326904296875,0.0026405319708865,-0.0069563607598305,0.0625882658600807,-0.0002442032564431,0.0009482242166996,0.0010407292284071,still
1783088552334371000,2.33737109375,-0.006438791742688,-0.015670705352223,0.0555552984833717,9.58824530243e-05,-0.0007812329567968,-0.0011816788464784,still
1783088552344415000,2.3474150390625,-0.0068596109706442,-0.0227249758118647,0.0606429770112037,0.0003429180942475,0.0001005670055747,0.0018173134885728,still
1783088552354459100,2.357459228515625,0.0010757029401138,-0.0193348949821549,0.0636363136082887,-0.0003761353436857,-7.94623047113e-05,0.000980015611276,still
1783088552364503800,2.36750390625,-0.0028054950079414,-0.0147464575136196,0.06363397552073,0.0001917670015245,-0.0017004464752972,0.0008738881442695,still
1783088552374548000,2.3775478515625,-0.0034520858157891,-0.0152349283004412,0.067822659382224,0.0008511657360941,-0.0004474292509257,0.0008746871026232,still
1783088552384592100,2.387592041015625,-0.0044510885241907,-0.0081678896907716,0.0519610733836889,0.0007601685356348,0.000523786060512,-0.0001696278341114,still
1783088552394636000,2.397635986328125,-0.0072442446403671,-0.0268638246156857,0.0676730217784643,0.0005471156910061,-0.0003350833430886,-0.0009238349739462,still
1783088552404681000,2.407680908203125,-0.0105380346219055,-0.007203172844462,0.0598942044705152,0.0011505365837365,0.0006662970408797,-0.0010220638941973,still
1783088552414725000,2.41772509765625,-0.0036010475661139,-0.0210317117955652,0.0648316608726978,0.0003196306060999,0.0005224863998591,0.0007337583228945,still
1783088552424769000,2.42776904296875,-0.0074052712878212,-0.0205816938725882,0.0576484713703393,0.0004816011060029,-0.0005983184091746,0.0011037312215194,still
1783088552434814000,2.43781396484375,0.008912442714069,-0.0142892380982986,0.0630360096275806,0.0010339405853301,-0.0001588971354067,0.0003639052156358,still
1783088552444858000,2.447858154296875,0.0025215817663352,-0.0231827980153844,0.0657289019733667,-0.0006858722772449,-0.0004734708927571,-0.0002398337237536,still
1783088552454902000,2.457902099609375,-0.0146258975905831,-0.0270573767096968,0.0546551347732543,-0.0002349992282688,-0.0005381857044994,-0.0002169306389987,still
1783088552464947000,2.467947021484375,-0.0025107407119125,-0.0249105716560618,0.0613888269424438,-0.0001185182482004,0.0001951828598976,0.0006233840249478,still
1783088552474991000,2.4779912109375,-0.001572921005683,-0.0273268344509764,0.0610895517349243,0.0004575236234813,0.0004266113974153,-0.0014730566181242,still
1783088552485035000,2.488034912109375,-0.0088983502566348,-0.0252338305273675,0.0477694669127464,-0.0005347453989088,-0.001437013503164,0.0003558548633009,still
1783088552495079200,2.4980791015625,0.0050278928983025,-0.0171086543170269,0.0643792409300804,-0.0005286200903356,-0.0002857288345694,-0.0001829026732593,still
1783088552505124000,2.5081240234375,-0.0121146180225536,-0.0077428737783106,0.0631815555781126,0.000609342707321,-0.0002563656307756,0.0005801462102681,still
1783088552515168000,2.51816796875,-0.0113708687168546,-0.0313319807223975,0.0574959111571311,-0.0004268933553248,-0.0007519801147282,-0.0009288010187447,still
1783088552525212200,2.528212158203125,-0.0023470563164912,-0.0136070508206845,0.0516594600886106,0.0008761205244809,-0.0009171459823846,-0.0011774713639169,still
1783088552535256800,2.5382568359375,-0.0144215706575196,-0.0045000696319155,0.052855976396799,3.08330636471e-05,-0.0004146075807511,0.0011322880163788,still
1783088552545301000,2.548301025390625,-0.002857334793033,-0.0219106089553679,0.059290393358469,-0.0001886673271656,-0.0010425988584756,-0.0002718195319175,still
1783088552555345200,2.55834521484375,-2.79565860051e-05,-0.0287029907755437,0.0592886397927999,-0.0002613717224448,-0.0007254160009324,0.0004991656169295,still
1783088552565388800,2.568388916015625,-0.0071614525945857,-0.0291240337657858,0.0657230567544698,0.0006011866498738,0.0003877328708767,-0.0005468782037496,still
1783088552575434000,2.57843408203125,0.0020077322263736,-0.0117685331147979,0.0537520484536886,0.0017551344353705,0.0010127765126526,7.28394370526e-05,still
1783088552585478100,2.58847802734375,-0.0033814225992187,-0.0149703796297195,0.0585404517740011,0.0007593191694468,0.0007731211371719,-0.000671467045322,still
1783088552595522000,2.59852197265625,-0.0105437611097935,-0.0138744147862889,0.0582417610883712,0.0007609170861542,-8.49491916596e-05,0.0001354706473648,still
1783088552605567000,2.60856689453125,-0.0135378374923951,-0.0037467213808093,0.0549503183275461,0.0007716394029557,0.0009373454377055,-0.002448700601235,still
1783088552615611100,2.618611083984375,-0.0028019878766033,-0.0110616886032512,0.0738029028356075,-0.0007769886869937,-0.0003625438548624,0.0001476153265684,still
1783088552625655000,2.628655029296875,0.0015863193433731,-0.0175460753366234,0.0642249271512031,-0.0005632885731756,-0.0007671476341784,-0.0019931122660636,still
1783088552635699000,2.638698974609375,-0.0112227106841281,-0.0265717143678921,0.0597352145165204,-0.0007502424996346,-0.0002600816078484,-0.0004311683587729,still
1783088552645744000,2.648744140625,-0.00662820423441,-0.0097051114786998,0.0553945549637079,0.0008435440249741,-0.0004138746298849,0.0007776720449328,still
1783088552655788000,2.6587880859375,-0.0006660992259159,-0.0146044940429506,0.0628770196735858,-0.0004214574582874,-4.0765851736e-05,-0.001279353396967,still
1783088552665832000,2.66883203125,0.0154518270207103,-0.0043759546284796,0.0524035564541816,-8.01174901425e-05,0.0003660712391138,-0.0008696734439581,still
1783088552675877000,2.678877197265625,0.004571308237221,-0.0180253079376416,0.0536000727623701,-0.0001986280549317,0.000404686667025,0.0002126353792846,still
1783088552685921000,2.688921142578125,-0.0033219748964067,-0.0239034404401318,0.0622784692585468,-1.96751207113e-05,0.000372190028429,-0.0010369070805609,still
1783088552695965000,2.69896484375,-0.0004055485935881,-0.0129641886231722,0.0559925208568573,0.0001909809652715,0.0004294477403163,0.0009841659339144,still
1783088552706009900,2.709009765625,-0.0074888944506645,-0.0148486620793468,0.0482101964175701,0.0004045129753649,-0.0007751625962555,-0.0002302520442754,still
1783088552716054000,2.719053955078125,0.002868943032436,-0.0106223222217406,0.0589841038882732,-5.83445653319e-05,-0.000306446570903,-0.0002393068280071,still
1783088552726098200,2.72909814453125,-0.0093406871966551,-0.0038535541725927,0.0720019908934831,0.0008445109706372,0.0001454474404454,0.0012324304552748,still
1783088552736141800,2.739141845703125,-0.0114197310935705,-0.015635490191658,0.0615273586302995,-0.0010154407937079,0.0001161526888608,0.0008758332114666,still
1783088552746187000,2.74918701171875,0.0014207078523468,-0.0164099337464314,0.0585346065551042,0.0003055450506508,0.0002972809597849,-0.0009883441962301,still
1783088552756231200,2.759231201171875,0.002468116279738,-0.0138032949119922,0.0579366406619548,-1.29688996821e-05,-0.0011786432005465,0.000660152407363,still
1783088552766274800,2.76927490234375,-0.0007413838186766,-0.0171445430477382,0.0507528666377067,0.0006649242714047,-0.0003519267775118,-0.0001550444867461,still
1783088552776320000,2.779320068359375,0.0017017350171227,-0.0048360235880129,0.046263154003024,5.39952889084e-05,-0.0002515255473554,0.0018010473577305,still
1783088552786364200,2.7893642578125,0.0013304814187809,-0.0172927695791237,0.0658650955736637,-0.000393035588786,0.0010075084865093,-0.0003385739400982,still
1783088552796408000,2.799407958984375,-0.0051913489648606,-0.012281636019377,0.0571878681212663,0.0008860807865858,0.0001052296720445,0.0002534466329962,still
1783088552806452000,2.809451904296875,-0.0048841553123667,-0.0239369956498616,0.0642202509760856,0.0002112628426402,0.0002879751846194,0.0003628351259976,still
1783088552816497200,2.8194970703125,-0.0039337227197363,-0.0054816165987285,0.0663145929068327,0.0005116672255098,0.0005391114391386,-0.0003202655352652,still
1783088552826541000,2.829541015625,0.0104030374648515,-0.0071629412987735,0.058684244158864,0.0003230122383683,-0.0005194460973143,0.0004982585087418,still
1783088552836585000,2.8395849609375,-0.0058301857245154,-0.0056464791710837,0.0592816255301237,0.001229285961017,-0.0021325233392417,0.0005147701594978,still
1783088552846630100,2.849630126953125,-0.0041245143177919,-0.0031900122299441,0.059281041008234,-0.0007460040505975,1.8714927136e-06,-0.0004693870432674,still
1783088552856674000,2.859674072265625,0.0021320527257863,-0.0101554741782601,0.0483574959337711,-0.0006567882373929,-0.0008359593339264,2.38304492086e-05,still
1783088552866717400,2.869717529296875,0.0033176001153886,-0.0211428189036669,0.0637707536429166,0.0004596607759594,8.40383581817e-05,0.0002663244958966,still
1783088552876761300,2.87976123046875,-0.0045965705426409,-0.0082431537339347,0.0725993722647428,0.0006870946381241,-0.0004030535928905,-0.0006215735338628,still
1783088552886806300,2.88980615234375,-0.0141743635639548,-0.0237387765138875,0.0537450341910123,-0.000240885419771,-0.0006143236532807,-0.0008358058985322,still
1783088552896850400,2.899850341796875,-0.0005416325960308,-0.0267236740761902,0.0579348870962858,-0.0008230523671954,0.0013412358239293,-0.0002709494438022,still
1783088552906894300,2.909894287109375,-0.0008052428351249,-0.0107424277703394,0.0728998165160417,-0.0013246245216578,0.0008068080060184,-0.0005386390257626,still
1783088552916939300,2.919939208984375,0.0014006788444705,-0.020083347862435,0.0565899022281169,-0.0005333994049578,-5.5257230997e-05,-0.0003088081721216,still
1783088552926983400,2.9299833984375,0.0024084311149083,-0.0202810943576623,0.05524141022861,0.0001597488299012,-0.0007459642365574,0.0002520103007555,still
1783088552937027300,2.94002734375,-0.0040068518880289,-0.0098521141673787,0.0461129318773746,-0.0005313416477292,-0.000745431985706,0.0008086110465228,still
1783088552947071200,2.9500712890625,-0.0019506956763565,-0.0090622195984353,0.0601794511526823,-0.0005800367798656,0.000391524285078,-3.16279474645e-05,still
1783088552957116400,2.960116455078125,-0.0057420051175635,-0.0093778933849069,0.0588338817626237,0.0006005426403135,0.000963038764894,-0.000223641982302,still
1783088552967160600,2.97016064453125,0.005959136733273,-0.0088301963742705,0.043570261657238,0.0003464722540229,2.95569188892e-05,0.0011680013267323,still
1783088552977204200,2.980204345703125,-0.0019069113335572,-0.0252003666491829,0.05524141022861,0.000251131132245,-0.0015968359075486,0.0021943836472928,still
1783088552987249400,2.99024951171875,-0.0003537544742692,-0.0061366943904198,0.0544926376879215,-0.0002170247025787,-0.0001452704891562,0.0002847278956323,still
1783088552997293300,3.000293212890625,-0.0034295543235726,-0.0129249822740792,0.0510503882795572,0.0013680886477231,-0.0003836234100162,-0.0002811937592923,still
1783088553007337200,3.010337158203125,-0.0037301903711166,-0.0297680604405002,0.0500029250532388,-0.0011277974117547,0.0009779147803783,8.28907359391e-05,still
1783088553017381400,3.02038134765625,-0.0074580609209835,-0.0120256588141783,0.0392290175825357,-0.0007379106245934,-0.0002460740506649,0.0009111339459195,still
1783088553027426300,3.03042626953125,-0.0030426647646818,-0.0033396292841061,0.0589800122350454,0.0015139237511903,-0.0006005614995956,-0.0006213074084371,still
1783088553037470500,3.040470458984375,0.0058675585928373,-0.025490081727202,0.0577817423611879,-0.0015489778015762,1.72918662428e-05,0.000674586975947,still
1783088553047514400,3.050514404296875,-0.0052530616899952,-0.0205313907407457,0.0556874004304408,-5.64760994166e-05,-0.0003145402297377,-0.0016055933665484,still
1783088553057559300,3.060559326171875,0.0032500604376662,-0.0145007825067266,0.0591296498388052,-0.0003092100378125,0.0014657829888164,0.0019521235954016,still
1783088553067603500,3.070603515625,0.0081930789309553,-0.0294764730658032,0.0594289250463247,0.0010289512574672,-0.0007068756967782,0.0004669481422752,still
1783088553077647400,3.0806474609375,-0.0044961149760056,-0.0233759162845555,0.064965516385436,0.0004398601595312,0.0007243072614073,0.0005143522284924,still
1783088553087691300,3.090691162109375,0.0005574146870523,-0.0145175144458189,0.0556891539961099,-0.0001921248622238,0.0001079658977687,-0.0009332480840384,still
1783088553097736400,3.100736328125,-0.0123232375382445,-0.0269794001196394,0.0574848052412271,-0.0007114412728697,0.001358320005238,0.0002537227701395,still
1783088553107780400,3.1107802734375,0.0018779409673996,-0.0130841845739167,0.0573351676374673,-0.000169483013451,0.0002302131615579,0.0001854668371379,still
1783088553117824300,3.12082421875,-0.0077266487292945,-0.0232148211384424,0.0634708939135074,-0.0015324889682233,-7.49849714338e-05,0.0001431226264685,still
1783088553127869400,3.130869384765625,0.0030506197422742,-0.0038894063706859,0.0526969864428043,6.46966509521e-05,-5.69466501474e-05,-0.0002344839740544,still
1783088553137913300,3.140913330078125,0.0056464357885997,-0.0153704985629417,0.0724485656172037,-0.0001856405287981,-0.00091421790421,0.0003064039628952,still
1783088553147957200,3.150957275390625,-0.0091028141870163,-0.0102500731095555,0.0669113897562027,0.0014395534526556,-0.0010628551244735,0.0003704857081174,still
1783088553158002400,3.16100244140625,0.0032644634223543,-0.0155098431015503,0.0546422752916812,-0.0010949770221486,0.0009438367560505,0.0013020595069974,still
1783088553168046300,3.17104638671875,0.0052528790269047,-0.0068475255239172,0.0594300940901041,-0.0006629689596593,-0.0012455601245164,0.0011639764998108,still
1783088553178090200,3.18109033203125,0.0019135968026705,-0.0117221207067836,0.0568850857824087,0.0009434500243514,8.68192873895e-05,0.0017333603464066,still
1783088553188134400,3.191134521484375,-0.0048313748123589,-0.0123032952953362,0.0606260258764028,-0.0003306984435766,0.0009875986725091,-0.0004885827656835,still
1783088553198179300,3.201179443359375,-0.0035091040994971,-0.0103357283992809,0.0600286445051431,-0.0005346965044736,0.0012075756676495,-0.0004901806823909,still
1783088553208223200,3.21122314453125,-0.0112120796922594,-0.0078912190407048,0.069456398063898,-0.0013643316924571,0.0013335510157048,-0.0026950396131724,still
1783088553218267400,3.221267333984375,-0.0027422022470738,-0.0130817003558855,0.0561398203730583,-0.0001941386144608,0.0003327350132167,0.0014714758144691,still
1783088553228312300,3.231312255859375,0.0036095048672053,-0.0049560515047982,0.0589817658007144,0.0001972175668925,-0.0004903739318251,0.0014142647851258,still
1783088553238356200,3.241356201171875,-0.0008514474638737,-0.010910907071887,0.0568891774356365,-0.0004557895008474,0.001779437996447,-0.0005889649037271,still
1783088553248400400,3.251400390625,-0.0072029079829808,-0.0251604638970573,0.0441705656379461,-0.0001131240278482,1.2275762856e-05,-0.0009020117577165,still
1783088553258444300,3.2614443359375,-0.001513336305553,-0.0192526988747064,0.0538970098823308,0.000416312366724,0.0005262661725282,-0.0007997462525963,still
1783088553268489500,3.271489501953125,0.000994326533284,-0.0228603953773155,0.0664671531200409,-8.30779317766e-05,0.0010309237986803,0.0012012553634122,still
1783088553278533400,3.281533447265625,0.005153720368212,-0.0316184238478075,0.0685626640945673,0.0012788628228008,-0.0003496590070426,0.0004720818251371,still
1783088553288577300,3.291577392578125,-0.0027957042662892,-0.015555881050229,0.0643733957111835,0.0012073728721588,0.0007415134459733,-0.0004317306447774,still
1783088553298622500,3.30162255859375,0.0095511881421785,-0.0103991969733731,0.0613800591140985,0.0005381202790886,-0.0018742433749139,0.0018306246493011,still
1783088553308666400,3.311666259765625,-0.0141875701053999,-0.0194948599003953,0.0538970098823308,-0.000112168258056,-0.0010561770759522,0.0002896327059715,still
1783088553318710300,3.321710205078125,-0.0065970784437842,-0.0005424682796699,0.0480623123794794,0.0011070265900343,0.0005566333420574,0.0014473088085651,still
1783088553328754400,3.33175439453125,-0.0063187820922117,-0.0077800913830054,0.0515045617878437,-0.0007558446377515,-6.02626241743e-05,-0.0006200105417519,still
1783088553338799400,3.34179931640625,0.0045181532778777,-0.0095467882449855,0.0745481682449579,0.0001469668932259,-0.0008144695311784,-0.0011233482509851,still
1783088553348843300,3.35184326171875,-0.0076659863169305,-0.0095625680527184,0.0477612836062908,-0.0016247532330453,-9.92524437606e-05,-0.0003467688802629,still
1783088553358887400,3.361887451171875,0.0040201771604828,0.001739445812162,0.0504547604739665,0.0014567906036973,0.0002693287096917,0.0010884086368605,still
1783088553368932400,3.371932373046875,0.0141718793459236,-0.0145516039450885,0.0758937376350164,-0.0018950697267428,0.0002709315158426,-0.0011410783044993,still
1783088553378976300,3.381976318359375,0.0012646131083369,-0.0057624496839707,0.0749964965343475,-0.000650041969493,0.0004038228653371,-0.000242261448875,still
1783088553389020400,3.3920205078125,0.003191425585607,-0.007340389358066,0.0537462032347917,-0.000229422468692,0.0004351260140538,0.0007551326416432,still
1783088553399064300,3.402064208984375,-0.0081517696730326,-0.0060552951507037,0.062723874938488,-0.0009676509071141,-0.0010644998401403,-0.0001878926996141,still
1783088553409109200,3.412109130859375,-0.0068507426775991,-0.0061775812399457,0.0582329932600259,-0.0009900131262838,-0.0006659235805273,-0.0001084620598703,still
1783088553419153400,3.4221533203125,0.0003669975483324,-0.0211868452750612,0.0642179128885269,-0.0002280827611684,-0.0009010806679725,0.0005727745592594,still
1783088553429197300,3.432197265625,-0.0090133001395035,-0.0214609609251492,0.0702028325170278,-0.0005739491898566,-0.0004164720885455,-0.0003206417895853,still
1783088553439242200,3.4422421875,-0.0033203035291284,-0.0118530284938984,0.0585310994237661,-0.000591259682551,-0.0016782777383923,0.0003944169729948,still
1783088553449286400,3.452286376953125,-0.0052006921819411,-0.0129818681270466,0.0586801525056362,0.000149127561599,0.0007739132270216,-0.001251723151654,still
1783088553459330300,3.462330322265625,-0.0057060113555751,-0.0073312151043443,0.0690057316869497,-0.0004346373025327,-0.0011267848312854,0.0009544393979012,still
1783088553469375500,3.47237548828125,0.0085375267207622,-0.0153033835769048,0.0655634822785854,-0.0012102911714464,-0.0003265808336436,-0.0009669743012636,still
1783088553479419400,3.48241943359375,-0.0038188093694858,-0.0139428312468458,0.0687047029137611,-0.0002326448448002,-0.0003902302123606,-1.32962595671e-05,still
1783088553489463300,3.49246337890625,-0.0135721872865688,-0.0127412574543384,0.0476063853055238,0.0004172201734036,0.0001488686539232,-4.25232574343e-05,still
1783088553499507500,3.502507568359375,0.0031924028331413,0.0018255668927682,0.060924132040143,-0.0007921212818473,2.26348638534e-05,0.0006064891349524,still
1783088553509552000,3.51255224609375,-0.0081789408077485,-0.0262246727621997,0.0631692806184291,0.0002801187802106,0.0011996775865554,0.0012063527246937,still
1783088553519596300,3.52259619140625,-0.0050407889124937,-0.0118044241287978,0.0637678310334682,0.0004098147619515,0.0001732953824102,-0.0002064541913568,still
1783088553529640400,3.532640380859375,0.0107394298123661,-0.0153523761010728,0.0540408022671937,-0.0006994341965764,-0.0003177165053784,0.0010989838046953,still
1783088553539685400,3.542685302734375,-0.0003432787460274,-0.0060319941902183,0.0502998621731996,0.0007389390375465,0.0001912135630846,0.0011538448743522,still
1783088553549729300,3.552729248046875,-0.0070442376893945,-0.0048981153390603,0.0628694208890199,-0.0002215993590652,-0.001461882609874,0.0005931458435952,still
1783088553559773400,3.5627734375,0.0019281002520583,-0.0154946158496662,0.047005496802926,-0.0006623524241149,-0.0015574903227388,0.0008887567091733,still
1783088553569817300,3.5728173828125,-0.0063611507960595,-0.0298906661901506,0.0559825839847326,0.0003390300553292,-8.31172801554e-05,-4.16827388107e-05,still
1783088553579862300,3.5828623046875,0.0051312162754591,-0.0274735768447513,0.0630161358833313,-1.57030299305e-05,-0.0001459675841033,-0.0008294458966702,still
1783088553589906400,3.592906494140625,-0.0078542206317186,-0.0078398884289781,0.0549351207584142,4.41444572061e-05,0.0010183406993746,0.0010935480240732,still
1783088553599950300,3.602950439453125,-0.0059483139451593,-0.0017818944311118,0.0547860676765441,-2.6429304853e-05,0.0005964962765574,-0.0011251315008848,still
1783088553609995300,3.612995361328125,-0.00086540292399,-0.010510315497918,0.0547866521984338,-0.0003693017642945,-0.0001106620766222,0.0001267313491553,still
1783088553620039400,3.623039306640625,-0.0121114031521603,-0.0233458682061638,0.0549368743240833,0.0003769160248339,-0.0002829683944582,0.0003299303352832,still
1783088553630083300,3.633083251953125,-0.0174130897568538,-0.0131679219011915,0.0558352844685316,0.0002104726154357,-0.0001578768715262,0.0009082127362489,still
1783088553640127500,3.64312744140625,-0.0052756297148298,-0.004128975863778,0.0588280365437269,-0.0016460170736536,0.0010820911265909,-0.001340560382232,still
1783088553650172200,3.653172119140625,-0.001859729457274,-0.0043321999684325,0.0526934793114662,-0.0009757684310898,0.0007092994637787,-0.0003656747285276,still
1783088553660216300,3.66321630859375,0.0013490034561604,-0.0124798094895784,0.0468587818086147,0.0010056234896183,0.0006927880458533,-0.0008383858948945,still
1783088553670260500,3.673260498046875,0.0124271911030635,-0.0027168097942019,0.0540413867890834,-0.00039525446482,0.0003041387535631,-1.65000092238e-05,still
1783088553680305200,3.68330517578125,-0.0076679864777717,-0.0116028850911534,0.0619727643102407,-6.68866559863e-05,0.0013710013590753,-2.6517082005e-06,still
1783088553690349300,3.693349365234375,-0.0147494509050156,-0.0025055302472552,0.0679594375044107,0.0005253592971712,-0.0003089657984673,0.00076100602746,still
1783088553700393500,3.7033935546875,-0.0093419658382888,-0.001210754896095,0.0583826308637857,-0.0001462898217141,-0.0009438637644052,0.0022901929914951,still
1783088553710437400,3.713437255859375,-0.0116121666594408,-0.0066998629648238,0.0579319644868373,-0.0001600496470928,-0.0011349027045071,0.000413324451074,still
1783088553720482300,3.723482421875,-0.0031764472121838,-0.0087964219688321,0.0525444262295961,-0.0008631241507828,-0.0010036085732281,0.0004495435860008,still
1783088553730526500,3.7335263671875,0.0184353180772159,-0.0103526612677727,0.0719961456745862,-3.46428714692e-05,-0.00119449198246,1.64399389177e-05,still
1783088553740570400,3.7435703125,-0.0012163169872015,-0.0107278535390039,0.0639139615058898,0.0005374040920287,-0.0007215146906673,0.0010782422032207,still
1783088553750615300,3.753615234375,0.0022220234310254,-0.0094826369675924,0.0621188947826623,0.0005320815835148,0.0004492653533816,-0.0011231964454054,still
1783088553760659500,3.763659423828125,0.0028706235328689,0.0018442304940428,0.0501473019599914,0.000112900044769,-0.0006269179284572,0.0003825549501925,still
1783088553770703400,3.773703369140625,0.0135328325237147,-0.0149505584011087,0.0618184505313634,0.0005681398324668,0.0005497671663761,9.2277303338e-05,still
1783088553780747500,3.78374755859375,-0.0074460782222449,-0.0116922461583279,0.0673550418704748,-0.0007309501525014,0.0002770591527223,0.0001849553082138,still
1783088553790792400,3.79379248046875,0.0006913341318722,-0.0114730732825817,0.0532885225951671,-0.0014807534171268,-0.0011837049387395,0.0002067806199193,still
1783088553800836400,3.80383642578125,0.0032395299104973,-0.0092518786853295,0.0601712678462266,-0.0005758111365139,0.0011404356919229,-0.0007154720369726,still
1783088553810880500,3.813880615234375,0.0040745742288418,-0.006775286838191,0.0552343959659338,-0.0003530858084559,-0.0005276040174067,0.0017032474279403,still
1783088553820925200,3.82392529296875,0.0121325464048888,-0.0087938144532148,0.0532896916389465,0.0016866291407495,0.000823950394988,-4.21884469687e-05,still
1783088553830969300,3.83396923828125,0.0022138949234969,-0.0195753937737201,0.058527592292428,-0.0010855797445401,0.0001061991788446,0.0006914718542248,still
1783088553841013500,3.844013427734375,-0.0101797592361457,-0.0111021210783394,0.0622679478645324,-0.0005319085903465,-0.001088494900614,0.0007945362012833,still
1783088553851058200,3.85405810546875,-0.0085452990352641,-0.0100355033436906,0.0673562109142541,-0.000452528707683,-0.0001871036365628,0.0013835367280989,still
1783088553861102300,3.864102294921875,-0.0020589326906483,-0.0307459427290596,0.0437128849983215,0.0007139358203858,0.0002946620807051,0.0011853976175189,still
1783088553871147300,3.874147216796875,0.0007498959186952,-0.0158957462797523,0.0628670828014612,-0.001014640671201,0.0007262700237333,0.000572575489059,still
1783088553881191200,3.884191162109375,-0.0073343066771514,0.0003093787597143,0.0491004232555627,0.0007345234043896,-0.0008780183270573,0.000474571250379,still
1783088553891236000,3.894236083984375,0.0002278630722779,-0.0057786153674824,0.0534393292427062,0.0004950100556015,-0.0004255771636962,0.001132023287937,still
1783088553901280300,3.9042802734375,-0.0141953698193654,0.0047269737229682,0.059126142707467,0.0014649333897978,7.3233153671e-05,-0.0010243384167551,still
1783088553911324200,3.91432421875,0.0079433236872777,-0.0123082271987805,0.0482031821548938,0.0010752975940704,-0.0003457204438745,-8.67519993335e-05,still
1783088553921369000,3.924369140625,0.002933231307147,-0.0068901202733395,0.0511953497081995,-0.0023252926766872,-0.000137461349368,0.0003287009894847,still
1783088553931413200,3.934413330078125,-0.0048304432305973,-0.0049980251997127,0.0562824437141418,-0.0003560848999768,-0.0003566504456102,-0.0005069272592663,still
1783088553941457200,3.94445703125,-0.0092472184932325,-0.0174159119016025,0.0579278728336095,0.0010450042318552,-0.0008235024288296,-0.0004326249472796,still
1783088553951501000,3.9545009765625,-0.0128280178557615,-0.0147194667587056,0.0552343959659338,0.0001412173733115,0.0002531050704419,-0.0003760864492505,still
1783088553961546200,3.964546142578125,-0.0117591465152334,-0.0101539306751452,0.0706470691531896,0.0002293679863214,0.0002975799143314,-0.0001071072183549,still
1783088553971590100,3.974590087890625,0.0069240819084458,-0.0175439016458461,0.0514940403938293,0.0006741876713931,0.0010301852598786,-0.0010720170103013,still
1783088553981634000,3.984634033203125,-0.001468775644619,-0.0017785927957505,0.0531400540351867,-0.001293355715461,0.0012791911140084,0.0003562362398952,still
1783088553992305200,3.99530517578125,-0.0015196107827126,-0.0018074352977448,0.0531406385570764,1.37237366288e-05,0.0003353669308125,-0.0006033007521182,still
1783088554002349000,4.00534912109375,-0.002925961316144,-0.00613052037796,0.0582294861286878,-0.0003148217219859,0.0004916912876069,0.0004890884738415,still
1783088554012393200,4.015393310546875,-0.0080764668139629,-0.0121092408778262,0.0597264466881752,-0.0002142277080565,-0.0010942118242383,0.0005218707956373,still
1783088554022438100,4.025438232421875,-0.0150138191959355,-0.0150930698610492,0.04985153388381,0.0010877917520701,0.0011566919274628,0.000464346492663,still
1783088554032482000,4.03548193359375,-0.0045677645732648,-0.0162605290381121,0.0658633420079946,-3.43725550919e-05,-0.0001218612305819,-0.0001293506938964,still
1783088554042526200,4.045526123046875,-0.00665732073104,-0.0080506953351781,0.0583814618200063,0.0003379373811185,0.0007868092507123,0.0010951707372441,still
1783088554052571100,4.055571044921875,-0.0009473912521731,-0.0077404717586701,0.056884501260519,-0.0007363765034824,2.9611401259e-06,0.0004840756300836,still
1783088554062615000,4.065614990234375,0.0046121243047993,-0.0109158001594245,0.0616723200589418,-0.0001353011466562,-0.0007051737047731,0.0021008807234466,still
1783088554072659200,4.0756591796875,-0.0076593739130534,-0.0138951424804865,0.0679570994168519,0.0004727451596409,-0.0003846576437354,0.000511224148795,still
1783088554082704100,4.0857041015625,-0.0144564136420376,-0.0094873177092871,0.0561345596760511,-0.0002066274173557,-0.000531131401658,0.0007077655754983,still
1783088554092748300,4.095748291015625,-0.0010112411354668,-0.0063204032271401,0.060474634706974,-0.0006994535215198,0.0010594278573989,-0.0002250706311315,still
1783088554102792200,4.105792236328125,0.0074868486240506,-0.0030078560294932,0.0583802927762269,0.0003759309183806,2.71867029368e-05,0.0002116877585649,still
1783088554112836000,4.115836181640625,0.0034095253156963,-0.0142108276834012,0.0699035573095083,0.0005845876876264,0.0005983114242553,0.0009041889570653,still
1783088554122881300,4.12588134765625,-0.0145265380024909,-0.0207216640322818,0.0525455952733755,-0.0001270088832825,0.0011599720455706,-0.0003158051986247,still
1783088554132925000,4.135925048828125,-0.0087177695253398,0.0010879824663745,0.048355742368102,-0.0001471703872084,0.001290185842663,0.0013331223744899,still
1783088554142969000,4.145968994140625,-0.0038272575374227,-0.000580973659153,0.0643675504922866,-0.0003738054074347,0.0004398385062813,-0.0010442815255373,still
1783088554153014300,4.15601416015625,0.005297028695885,-0.0110558045684476,0.0612251608133316,0.0011845228727906,-0.0003894860856235,2.35843472182e-05,still
1783088554163058000,4.166057861328125,-0.0022116664337925,-0.0006751547486288,0.0609264701277017,0.0002036807127296,0.0008941576816141,0.0009943065233528,still
1783088554173102000,4.17610205078125,-0.0002127385683823,-0.0092800681667751,0.0604769727945327,0.0003471891395747,0.0009748074226081,0.0005636650603264,still
1783088554183146200,4.186146240234375,0.0009017711453139,-0.0114393787922454,0.0471609796255826,0.0002720879856497,0.0004576216451823,-0.0007806986104696,still
1783088554193191200,4.196191162109375,-0.0034883718387223,0.0056680904979817,0.0474614238768816,-4.18575946241e-05,-0.0006323684938251,-0.0006876939442008,still
1783088554203235000,4.206235107421875,-0.0072244713608175,-0.0159868403629981,0.0486585247069597,-0.0003025811165571,0.0006888257339596,-0.0002783660311251,still
1783088554213279200,4.216279296875,0.0025538948670495,-0.0068615814487333,0.065416767284274,0.0007203500717878,0.0007183174602687,4.99873422086e-05,still
1783088554223324200,4.22632421875,-0.0095009923249017,0.0036533462922205,0.0468634579837322,0.0010913282167166,0.0015526856295764,-0.0006813167128711,still
1783088554233368000,4.2363681640625,-0.014201297236653,0.0004665945984423,0.0579378097057342,-6.5385829657e-06,0.000497895758599,0.0003518862649798,still
1783088554243412200,4.246412109375,0.0013569949663709,-0.0157817097123363,0.0622773002147674,0.0005726988893002,0.0004670033231377,-0.0002792829181998,still
1783088554253456100,4.2564560546875,-0.0145563760183285,-0.008350340435456,0.0541980386555194,-6.17518089711e-05,0.0004219030961394,-0.0003677858039736,still
1783088554263501000,4.2665009765625,-0.00080716993073,-0.0020421802019583,0.0550964487999677,-0.0009289536392316,0.0005263038910925,-0.0013401063624769,still
1783088554273545000,4.276544921875,-0.0029750428885687,-0.0091050152772571,0.0597357990384101,0.0006009484641253,0.0006181076169013,0.0005678245797753,still
1783088554283589000,4.286589111328125,-0.0070070200846996,-0.0155015433473745,0.0603343494534492,0.0001202479470521,0.0004567196592688,0.0003608970437198,still
1783088554293634300,4.29663427734375,-0.0005950615500099,-0.0096400537357199,0.0648240620881319,-0.0007941185031086,0.0001699840649962,0.0003034407272934,still
1783088554303678000,4.306677978515625,-0.003042929626163,0.0017045640117372,0.056893853610754,-0.0001698734704405,0.0007377699948847,-2.67911236733e-05,still
1783088554313722000,4.31672216796875,-0.0114698721119202,-0.0181025995411095,0.05285422283113,-0.0009439068380743,0.0010635256767272,-0.0001827606465667,still
1783088554323766300,4.326766357421875,-0.0004351400142535,-0.0153326462040073,0.0483662637621164,0.0002795495092868,0.0003223675303161,-3.89500055462e-05,still
1783088554333811000,4.33681103515625,-0.0122133839556016,-0.0092454809105838,0.0631798020124435,0.0017047552391886,7.20540992915e-05,-0.0007349113002419,still
1783088554344484000,4.347484130859375,0.0004829246787354,-0.0153028675536741,0.0591401712328195,0.0008895613718777,-0.0004965304397046,-0.0001506137195974,still
1783088554354528300,4.3575283203125,-0.0099420506232883,-0.0135108855533879,0.0507598809003829,0.0011664498597383,0.0002354374155402,0.0006098821759223,still
1783088554364573200,4.3675732421875,0.0053107466939836,0.0021405077435891,0.0549503183275461,-5.67401293665e-05,0.0010998998768627,0.0005590156652033,still
1783088554374617000,4.3776171875,0.0022273937258869,-0.0043728927384247,0.0733545745462179,-0.0010529146529734,-0.0015332791954278,0.0003739532548934,still
1783088554384661200,4.3876611328125,0.0003278437148779,-0.0018170593593269,0.0533025511205196,0.0010981205850839,0.0011866074055433,0.0020932899788022,still
1783088554394706200,4.3977060546875,-0.0070662394586484,-0.0044432888102252,0.0582417610883712,0.0004810749087482,0.001396978739649,-0.0002804878167808,still
1783088554404750000,4.40775,0.0031091997954063,0.0032188478820724,0.0607856003522872,0.0012581851333379,-0.0010544611141085,0.0019704159349203,still
1783088554414794200,4.417794189453125,0.0049569191544782,-0.0102389123947243,0.0582411765664815,0.0007295233663171,-0.0002684756182134,0.0006829407066106,still
1783088554424838100,4.427838134765625,-0.0053824876227881,-0.0248049147579236,0.0516577065229415,-0.0001024482771754,2.18087807297e-05,-0.0006768691819161,still
1783088554434883000,4.437883056640625,-0.0108746918309014,-0.0219227081018267,0.0516571220010519,0.0001712231896817,-0.0015158974565565,0.0004316559061408,still
1783088554444927200,4.44792724609375,-0.0108527996595017,-0.022086782939604,0.0597369680821895,-0.000282313209027,-0.0004277299158275,-0.0010775574482977,still
1783088554454971100,4.45797119140625,-0.0013446743409149,-0.0074469230390386,0.0625812515974044,-0.0011648815125226,9.03722830116e-05,0.000553835183382,still
1783088554465016000,4.46801611328125,-0.0029722664095927,-0.0158929424013127,0.0510585715860128,0.0004002582281827,0.0005383160896599,-1.50161795318e-05,still
1783088554475060200,4.478060302734375,0.0050637587961275,-0.0095355065158568,0.0550999559313058,-0.0001173983328044,0.0005362746305763,-0.000785129610449,still
1783088554485104000,4.488104248046875,-0.0166853965368121,-0.0067113045241567,0.0628816958487033,-0.0011357910698279,-4.82890754938e-05,0.0008899986278265,still
1783088554495149000,4.498149169921875,-0.000871284675505,-0.0104520048728445,0.0660246700495481,0.0009427820332348,-0.000305516179651,-0.0015294314362108,still
1783088554505193200,4.508193115234375,0.0027027287532109,-0.0139502839009393,0.0555506223082542,0.0005867173895239,0.0007775914855301,0.0008482387056574,still
1783088554515237000,4.518237060546875,-0.0008034618699923,-0.0053885132214869,0.0597393061697483,-0.0004983586259186,-0.0006195218302309,0.0006801995914429,still
1783088554525281300,4.52828125,-0.0018807722453027,0.0033564708210527,0.0567471386164426,-0.0013210091274231,0.0011197887361049,-0.0004862649366259,still
1783088554535326200,4.538326171875,0.003211363261938,-0.0190884345239726,0.0618348171442747,0.000438803108409,0.0002196449786424,-0.0004824597854167,still
1783088554545370000,4.5483701171875,-0.0023831505431793,-0.009738794552593,0.0461240377932786,-0.0001590766478329,0.0001559951342642,-2.89233867079e-05,still
1783088554555414300,4.558414306640625,-0.0123300600046757,-0.0263769635473494,0.053305473729968,0.0001856281887739,9.36822034418e-05,-0.0013939205091446,still
1783088554565459200,4.568459228515625,-0.0050139191718772,-0.012711188826349,0.0610842910379171,0.0001909544225782,-0.0012773131020367,0.000593596836552,still
1783088554575503000,4.578503173828125,-0.0032044859965797,-0.0107107791066169,0.0571937133401632,0.0008203240577131,0.0004028724506497,-0.0001444052904844,still
1783088554585547300,4.58854736328125,-0.004260242127208,-0.0010855758801568,0.0616834259748458,0.0003132582642138,0.0012228596024215,-0.0009508102666586,still
1783088554595591200,4.598591064453125,-0.0256798458453733,-0.0119661882784799,0.0619827011823654,0.000452030217275,0.0001292345114052,-0.0005098059773445,still
1783088554605636000,4.608635986328125,0.0032581706788856,-0.0142898043538792,0.0580915389627218,0.0006131513509899,-0.0007370915263891,0.000199660193175,still
1783088554615680300,4.61868017578125,-0.0015398955189157,-0.0066031017591943,0.0646761780500412,0.0003094552084803,-0.000201582442969,0.0008102501742541,still
1783088554625724200,4.62872412109375,-0.0114515053381677,-0.0133581015778938,0.0479173509508371,0.000171769876033,0.0016149599105119,-0.0009439738932996,still
1783088554635769000,4.63876904296875,-0.0020197423245757,-0.0116197220615227,0.0636292993456125,0.0010552643798291,-0.0019376282580196,-0.000727595295757,still
1783088554645813200,4.648813232421875,-0.0063826959075871,0.0003027138401987,0.0618318945348262,0.0005466006696224,-6.67572021484e-05,-0.0002705967053771,still
1783088554655857200,4.658857177734375,-0.0100207236163783,-0.0089214754038956,0.0655740036725997,0.0009434560779482,-0.0002030893228948,2.88477167487e-05,still
1783088554665901300,4.6689013671875,-0.0048275297543033,-0.0127066359488177,0.0711111795336008,0.0004949797876179,0.0009596468880772,0.0006229989230632,still
1783088554675946200,4.6789462890625,-0.0088192023395095,-0.0019381490053259,0.0607856003522872,0.0007336779963225,0.0003477302379906,0.0008059556130319,still
1783088554685990100,4.688990234375,0.0041006676513236,-0.0059197157550486,0.0621317542642354,-0.0005012296605855,-0.0009175376035273,-0.0004425344523042,still
1783088554696034300,4.699034423828125,0.0107234376587904,-0.0054625146060367,0.054948564761877,0.0015042363665997,0.00100250961259,0.000268586911261,still
1783088554706079200,4.709079345703125,-0.0008081289119552,-0.0039274505258654,0.0553974775731563,-0.0009882162557914,0.0005625551566481,-0.0020433031022548,still
1783088554716123100,4.719123046875,-0.0034199553781654,-0.0130602671255008,0.0603366875410079,-0.0009892883244901,0.0012280736118555,0.0005849858280271,still
1783088554726167300,4.729167236328125,-0.0047828686286695,-0.0080826613760204,0.0657242257982492,0.0013782617170363,0.0009135543368756,0.0005687405355274,still
1783088554736211000,4.7392109375,-0.0047703014080412,-0.0048597606566268,0.0558481439501047,0.0009156484156847,-0.0017907572910189,0.0013392074033617,still
1783088554746256100,4.749256103515625,0.0110097620531916,-0.019729015716142,0.0588403115034103,0.0003550529945641,0.0001962268725037,-0.0002858533989638,still
1783088554756300300,4.75930029296875,0.0024947028925642,-0.0132023242110037,0.0607850158303976,-0.0015044611645862,-0.0004260032437741,-0.0001184563152492,still
1783088554766344200,4.76934423828125,-0.0012520641540177,-0.0017513120631803,0.0676683456033468,-0.0003598344046622,-9.81679186224e-05,-0.0004673302173614,still
1783088554776389000,4.77938916015625,0.0068331887545995,-0.0159782666141865,0.0522556724160909,0.0002666357904672,0.0001437137834727,0.0007089608116075,still
1783088554786433300,4.789433349609375,0.0039589393593836,-0.0019049454220454,0.0461205306619405,0.0011955464724451,0.0007250821217894,-0.0006226198747754,still
1783088554796477200,4.799477294921875,-0.0093720321829896,-0.0042973067515646,0.053902270579338,-2.19854991883e-05,-0.0005865874700248,-0.0002051433548331,still
1783088554806521000,4.80952099609375,-0.0079303546078503,-0.0059030134987086,0.0696124654084444,8.74705146998e-05,-0.0008513056673109,-0.0014690796378999,still
1783088554816566300,4.819566162109375,0.004805053061014,-0.0042799834407167,0.0621305852204561,0.0005386103875935,-0.0004537440836429,0.0001450015697628,still
1783088554826610200,4.829610107421875,-0.0006870506823994,-0.0117158325298922,0.063027826321125,-2.43817921727e-05,0.0001582503318786,-0.0001431526616215,still
1783088554836654000,4.839654052734375,0.0025914138658437,-0.0030568942194338,0.0752981098294258,-0.0007473053410649,-0.00038423249498,-0.000664681661874,still
1783088554846699300,4.84969921875,-0.0120795375760179,-0.0085983717962168,0.0688636928677558,0.0004447256214916,8.18208791315e-05,-0.0013472496066242,still
1783088554856743200,4.8597431640625,-0.0018416001455392,-0.0112917687487904,0.0426788657754659,0.0003231244627386,0.0010262574069201,0.0008036179933696,still
1783088554866787000,4.869787109375,0.0027848449455574,-0.021626910342893,0.0576432106733322,-0.0018697222694754,0.000278974417597,3.71602363884e-05,still
1783088554876830700,4.879830810546875,-0.0043793293290771,-0.0008310850958572,0.0533031356424093,0.0006365096196532,0.000559939071536,0.0007541427621617,still
1783088554886876000,4.8898759765625,-0.0026980343117844,-0.0085443103712867,0.0610842910379171,0.0006479613948613,-0.0004635136574506,-0.000183023745194,still
1783088554896920000,4.899920166015625,0.002997172521986,-0.0045716918297111,0.0621317542642354,1.32690183818e-05,0.0002573272213339,-0.0023366450332105,still
1783088554906963700,4.909963623046875,-0.0047868780835065,-0.0119247169070644,0.0571937133401632,-0.0010155100608244,-0.000274505931884,0.0002490179613232,still
1783088554917009000,4.9200087890625,-0.0020079514220822,-0.0096842216710094,0.0717068073391914,0.0011290558613836,-0.0021548997610807,0.0006098605226725,still
1783088554927052800,4.930052734375,-0.0136853653374593,-0.0167059050353011,0.0562923805862665,-0.0012632615398615,-0.0002613924443721,0.0003893508110195,still
1783088554937097000,4.940096923828125,0.0096196502685081,-0.020720020064467,0.0667675973713397,-9.75071452558e-05,0.0012318352237343,-0.0006879107095301,still
1783088554947140900,4.950140869140625,-0.0052974396878387,-0.0163642245913157,0.053900517013669,-0.0013084465172141,-0.0002518114633858,4.4991262257e-05,still
1783088554957185800,4.960185791015625,0.0007134911647532,0.0023277031620498,0.0531517444729804,0.0004705754108726,-0.0010373559780418,-0.0009543490596115,still
1783088554967230000,4.97022998046875,-0.0001809917232487,-0.0042753734809695,0.0506079052090644,-0.0002572666853666,-0.000116434879601,-0.0010116070043295,still
1783088554977273900,4.98027392578125,-0.0042290524045005,-0.0084876345808734,0.0471662403225898,-0.0014255242422223,-0.0002941573038697,0.0003011736553162,still
1783088554987318800,4.99031884765625,-0.0048156109876465,0.0044370097664883,0.062578328987956,-0.0006087326910346,0.0017839074134826,-9.0843765065e-05,still
1783088554997363000,5.000363037109375,-0.0080167085838969,-0.0111078681158251,0.0745505063325166,-0.0002929740585386,-0.0003515598364174,-0.000701782060787,still
1783088555007406800,5.01040673828125,-0.0037118875294458,-0.0094164512800285,0.0565922403156757,-0.0001339833252131,-0.0003899093717336,-8.8189728558e-05,still
1783088555017450800,5.02045068359375,0.0045555261461995,-0.0129517583998618,0.0589858574539422,0.0003910507075488,-2.6011839509e-05,-0.0002519907429814,still
1783088555027496000,5.030495849609375,-0.0081364168402738,-0.0155307762917247,0.0634749855667352,0.001294394955039,-6.0382299125e-06,0.0002627982757985,still
1783088555037539800,5.040539794921875,0.0143353810782544,-0.0118964018447441,0.0603325958877801,0.0002328748814761,-0.0007945504039525,0.000340201659128,still
1783088555047583700,5.050583740234375,-0.0067117999977897,-0.0045520623973454,0.0640723669379949,-0.0008494337089359,-0.0007215798832476,-0.0013674171641469,still
1783088555057629000,5.06062890625,-0.0130173116164747,-0.0162163770858431,0.0630254882335662,0.0004924240056425,0.0004257396794855,0.0012952898396179,still
1783088555067673000,5.070673095703125,0.0027073775288648,-0.0030369725261232,0.0690109923839569,0.0004556723870337,0.0012182961218059,-0.0005611996166408,still
1783088555077716700,5.080716796875,-0.0063817643258254,-0.0049560469382209,0.0610796148627996,-1.37700699269e-05,-0.0003579473122954,-0.0001105470582842,still
1783088555087762000,5.090761962890625,-0.000408288539946,-0.0125624097391148,0.0764922880500554,0.0005795822944492,0.0009041246958076,0.0004684240557253,still
1783088555097805800,5.100805908203125,0.0025480953139252,-0.0079498127935687,0.0606318710952997,-0.000125132035464,0.000443429686129,-0.0019810451194643,still
1783088555107849700,5.110849609375,-0.0046883130798581,0.0061330685280729,0.0471650712788105,-0.0001344529446214,0.0006349110044538,0.0023141012061387,still
1783088555117894000,5.120893798828125,0.0070451236053835,-0.0113100578907295,0.0558458058625459,0.00122627383098,0.0011697602458298,0.0013020273763686,still
1783088555127938800,5.130938720703125,-0.0028211127021815,-0.0124815676218247,0.051955228164792,0.0001452967990189,0.0008938563987612,-0.001011194428429,still
1783088555137982700,5.140982666015625,-0.0036731172884814,-0.0027211731587769,0.0573415973782539,-0.0008541557472199,-0.0002807015553116,0.0007705596508458,still
1783088555148027000,5.15102685546875,0.0121687136968132,0.0028908192208153,0.0479144283413887,0.0006297577638179,-0.000109726563096,-0.0001298552379012,still
1783088555158071800,5.16107177734375,-0.0040726471332367,-0.0041407416500966,0.0640747050255537,-0.0004017855972051,-9.03070904314e-05,-0.0007690624333918,still
1783088555168116000,5.171115966796875,0.0038526933727785,-0.0093217518840334,0.0607826777428388,0.0007252641953527,0.0003286083228886,0.0008168499916791,still
1783088555178159900,5.181159912109375,-0.0098915351456031,-0.011666524911893,0.0616805033653974,0.0003917668946087,0.0011592209339141,-0.0007212036289274,still
1783088555188203800,5.191203857421875,-0.0075419672116171,-0.008045583051932,0.0646738399624824,-0.0001938620116561,-0.0002157692797482,0.0007086476543918,still
1783088555198249000,5.2012490234375,0.0029604024418629,-0.0178172021618927,0.057490650460124,-0.0001199499238282,0.000116660259664,-2.08395067602e-05,still
1783088555208292900,5.21129296875,-0.0003400547424796,-0.0043527130334987,0.0429758028954267,0.0007136196363717,0.0001123994588851,-0.0006078002043068,still
1783088555218336800,5.221336669921875,-0.0005123882352374,-0.00031599344688,0.046418052303791,-0.0012203165097162,0.0006659962236881,0.0003383080475032,still
1783088555228382000,5.2313818359375,-0.0192725543526466,-0.015736425248906,0.0470171872407197,0.0006750551983714,-0.0010629282332956,0.0001694636885076,still
1783088555238425900,5.24142578125,-0.0003809986742213,-0.0068943306575762,0.0512064556241035,-0.0005805450491607,0.0001523992978036,-0.0013826340436935,still
1783088555248469800,5.2514697265625,-0.0076901983095798,-0.0060107778722536,0.0622796383023262,-0.0003762806300073,-5.2601099014e-06,-0.0012268389109522,still
1783088555258514000,5.261513916015625,-0.0145968084934167,0.0107030752907739,0.0660205783963203,-0.0006091664545238,0.0003917412832379,0.0012010603677481,still
1783088555268558800,5.271558837890625,0.0016513108709827,-0.0018435888899373,0.0527016626179218,0.001340800197795,-0.0011973665095865,-0.0009302673861384,still
1783088555278602800,5.281602783203125,0.0015085139999631,-0.0077252856059814,0.0606324556171894,4.74248081445e-05,-0.0007773786783218,0.0008895724313333,still
1783088555288647000,5.29164697265625,-0.0049810946145094,-0.007071671402303,0.0446224010586738,0.0016328047495335,0.0002332907170057,-0.0013197858352214,still
1783088555298691800,5.30169189453125,-0.0132688843579031,-0.0094517212395207,0.0555465306550264,-0.0004158071242272,0.0012347288429737,0.0011692118132486,still
1783088555308735700,5.31173583984375,-0.0126195992694702,-0.0025006919586448,0.0552490090131759,7.112976163625717e-07,0.0016858684830367,-0.0005770230200141,still
1783088555318780000,5.32177978515625,-0.0038709779481403,-0.0126128475849865,0.0504623592585325,0.0004679337143898,-0.0001135687343776,-0.0001661025453358,still
1783088555328823800,5.33182373046875,0.005563515878655,-0.0038980691677541,0.0504623592585325,-0.0006284897681325,0.0006265239790081,-0.0006561239715665,still
1783088555338868700,5.34186865234375,0.0055540356642566,-0.0110599624370457,0.050761634466052,0.001026602461934,0.0008940026164054,-0.0004574891645461,still
1783088555348913000,5.351912841796875,-0.01101094936328,-0.0070774572556954,0.0636298838675022,0.0005983663722872,-0.0006282599642872,0.001632559695281,still
1783088555358956800,5.361956787109375,-0.0104652251140214,-0.0199533853568136,0.0603390256285667,-0.0019519389607012,0.0002451837062835,0.000111113069579,still
1783088555369002000,5.372001953125,-0.0038822025950532,-0.00424752420953,0.0515104070067405,-0.0004254151135683,0.0004491820000112,-0.000805280636996,still
1783088555379046000,5.3820458984375,-0.0044495815536938,-0.0123560415460146,0.0506119968622922,-0.0006327149458229,-0.0008525834418833,0.0007119636284187,still
1783088555389089800,5.39208984375,0.0014313388442154,-0.011342375558021,0.0524064790636301,-0.0005650706589221,-0.0003540394827723,-0.0002438449300825,still
1783088555399134000,5.402134033203125,-0.0119193877113983,0.0092277922735549,0.0600385813772678,0.0009432579390704,0.0011004726402461,-0.0009001793805509,still
1783088555409178600,5.4121787109375,-0.0119119624567683,-0.0036862484814017,0.0651268444269895,-0.0002732742577791,-0.000793567392975,-0.0004740734584629,still
1783088555419222800,5.422222900390625,-0.0123060398082714,-0.0135455161920632,0.0577934327989816,0.0006564776413142,-0.0003263396210968,-0.0001457743346691,still
1783088555429267000,5.432266845703125,-0.0130208278809674,-0.007668746812886,0.0697644410997629,-0.0004205047152936,0.0004712771624326,7.73987267166e-05,still
1783088555439311600,5.4423115234375,-0.0057649658680427,-0.0089401915208087,0.0618324790567159,9.77471936494e-05,-0.0004260689020156,0.0004100224468857,still
1783088555449355800,5.452355712890625,-0.0087169840740505,-0.0149095505372853,0.0565945784032344,0.0001837671734392,-0.001431412063539,-0.0011716289445757,still
1783088555459400000,5.46239990234375,-0.0184585345560219,-0.0088286871204851,0.0536024108499288,-0.0004686366301029,0.0011294786818325,0.0007503707893192,still
1783088555469443800,5.47244384765625,-0.0068294441612437,-0.0083858478569658,0.0542015457868576,-0.0002214952837675,0.0002501029521226,-0.0010584481060504,still
1783088555479488800,5.48248876953125,-0.0130614338859915,0.0029635967626585,0.0652741439431905,0.0007725546602159,0.0003784489817917,-0.0005419494118541,still
1783088555489533000,5.492532958984375,0.003401104547223,0.0023774674377753,0.059887190207839,0.0007962565869092,0.0008309199474751,-4.84657939523e-05,still
1783088555499576800,5.502576904296875,0.0173835714014247,-0.0141793297167285,0.0718570294648408,-0.0011705075157806,-0.0001154304482042,0.0007199619431048,still
1783088555509621800,5.512621826171875,0.0020140706356149,0.0007569786800304,0.0483633411526679,-0.0008141766302287,0.0002808477729558,-0.0008451777976006,still
1783088555519666000,5.522666015625,-0.002283060302725,0.0083492170574492,0.0616805033653974,-0.0013452789280563,-0.0002834885381162,-0.0003120668698102,still
1783088555529709800,5.532709716796875,0.0017506613259203,0.0034095116159645,0.0591366641014814,0.0007101488299667,-0.0004771002568304,0.0001526547130197,still
1783088555539754000,5.54275390625,-0.0101791473147924,-0.0036835359345073,0.045519057637453,0.0005414481274783,-0.0006804289296269,-0.0003333380445837,still
1783088555549799000,5.552798828125,0.0075138188293669,-0.0056842356318957,0.0574900659382343,0.0007281356956809,-0.0005709733814001,0.0003636111505329,still
1783088555559842800,5.5628427734375,-0.0053390960056334,-0.0049853963302914,0.064223173585534,-0.000617098994553,0.0005165552720427,-0.0010439737234264,still
1783088555569887000,5.572886962890625,-0.011301365410909,0.0008057200424489,0.0597334609508514,0.0010662851855158,0.0009716893546283,0.0009824256412684,still
1783088555579931600,5.582931640625,-0.0033451731089036,-0.0006849728897446,0.0711076724022626,0.0004525550175458,-2.9518269002e-06,0.0017477016663178,still
1783088555589975800,5.592975830078125,-0.0077694558245595,-0.0072626525133149,0.0530032759130001,-8.4382481873e-06,0.0015382193960249,-0.001463005086407,still
1783088555600020000,5.60302001953125,-0.0068718128650914,-0.0161344024573918,0.04686754963696,4.85735945403e-05,-0.0002296864986419,-0.0007090703584253,still
1783088555610064000,5.61306396484375,-0.0055559901593253,-0.0081689171706559,0.0491126982152462,-2.75927595794e-05,7.33812339603e-05,1.42441131174e-05,still
1783088555620108800,5.62310888671875,-0.0011844879436772,-0.0089340882902964,0.053900517013669,-0.0007097811903804,0.001170084811747,-0.0005211646202951,still
1783088555630153000,5.633153076171875,-0.001498933320865,0.0065850774787366,0.0628793577611446,0.000234575709328,0.0003988337703049,-0.0007371469400823,still
1783088555640196900,5.64319677734375,-0.0015557872077915,0.0013344246582477,0.0591390021890401,-0.0011675702407956,0.001803008839488,-9.1926194727e-06,still
1783088555650241800,5.65324169921875,0.003808662434807,0.0009438247553305,0.0616828414529561,0.0002660092432051,0.0011438764631748,0.0005553974770009,still
1783088555660286000,5.663285888671875,0.0085896952994167,-0.014645042965759,0.0714092856973409,0.000980410259217,0.0006246459670364,-0.0011058270465582,still
1783088555670329900,5.673329833984375,0.0091672394590452,-0.0144802671583718,0.0606359627485275,0.0006091655232012,-0.0007434198632836,0.002154947258532,still
1783088555680374000,5.6833740234375,-0.0071473144713789,-0.0168118998601566,0.0589899491071701,-0.0008293148130178,0.0003145490773022,0.001843140926212,still
1783088555690419000,5.6934189453125,-0.015942980671674,-0.0094481912752962,0.0645288785338401,3.94082162529e-05,0.0013340068981051,-1.30822882056e-05,still
1783088555700462800,5.703462890625,-0.0096625304290093,-0.0011366461969795,0.0531564206480979,0.0001238766126334,-0.0002789502032101,0.0005480528343468,still
1783088555710507000,5.713507080078125,-0.0051382670707535,-0.0116372189023066,0.055250762578845,-0.0002737333998084,-0.0010810946114361,-0.0001153405755758,still
1783088555720552000,5.723552001953125,0.0015667743926867,-0.0053974020641297,0.0530067830443382,0.000717353541404,-0.0018418226391077,0.0004226372111588,still
1783088555730595800,5.733595947265625,-0.0041213816457893,-0.0058162850633263,0.072908584344387,-0.0001162157859653,0.0016458528116345,0.0004260991699993,still
1783088555740640000,5.743639892578125,-0.0043576015544589,-0.0088859999484266,0.0591430938422679,-0.001354556181468,0.0011267741210758,-0.000610729213804,still
1783088555750684000,5.753683837890625,0.0017214078319724,-0.0103046208749641,0.0703664986461401,-0.0001747757196426,-0.0003270455636084,0.0013701298739761,still
1783088555760728800,5.763728759765625,-0.0058846193254925,-6.18976715137e-05,0.064680269703269,0.0001215962693095,0.0005341293290257,-0.0009397480171173,still
1783088555770773000,5.77377294921875,-0.0148146250957157,-0.0006401587837724,0.0558510665595531,0.0003732650075107,-0.0012379381805658,-0.0007911436259746,still
1783088555780817000,5.78381689453125,0.0116016909311991,-0.0158778110475512,0.0657259793639183,0.0007031098939478,-3.97935509681e-05,0.0008869204903021,still
1783088555790861800,5.79386181640625,-0.0056095013116952,0.0020038369359681,0.0724596715331077,0.0002194799017161,0.000522666145116,-0.0006470603402704,still
1783088555800906000,5.803906005859375,-0.0036925709076225,-0.0017438822419731,0.0642301878482103,-0.0003613238222897,0.0010086609981954,0.0006973422132432,still
1783088555810950000,5.813949951171875,0.0119500933769159,-0.0044460310398717,0.0565998391002416,0.0003902202006429,-0.0006227917037904,-0.0009831124916672,still
1783088555820993800,5.823993896484375,0.0013482819369528,-0.0183444637392763,0.057197804993391,0.0003618816845118,-0.0010679955594241,-9.70067922025e-05,still
1783088555831039000,5.8340390625,-0.004479118175432,-0.0076689934080583,0.0735083038032054,0.0011499112006276,-0.0005255094729363,-0.0002583945170044,still
1783088555841083000,5.844082763671875,0.0058648917117156,-0.0021016781371203,0.0580956306159496,-0.0003689615987241,-0.000149305909872,0.0005720888730138,still
1783088555851126800,5.854126708984375,-0.0061302098507061,-0.0155400053443736,0.0570464138239622,0.0003109432291239,-0.0008987197652459,0.0001371945254504,still
1783088555861172000,5.864171875,0.0040092813071329,-0.0079841374715673,0.0567477231383323,0.0010598194785416,0.0013005742803215,6.06838148087e-05,still
1783088555871215900,5.8742158203125,0.0056884026336483,-0.0111800223198719,0.0673737465709447,0.0007399739697575,0.0008635492995381,0.0002321912907063,still
1783088555881259800,5.884259765625,0.0053904699998442,-0.0014346724456176,0.0756043992996215,0.0004250570200383,-0.0001539415679872,0.0018593879649415,still
1783088555891303700,5.8943037109375,-0.0011423384355381,-0.0050290368259069,0.062285483521223,0.0005944340955466,-0.0010322518646717,0.0004551031161099,still
1783088555901348900,5.904348876953125,-0.0026588896114844,-0.0013530083444202,0.0712643242686986,-8.37596599012e-05,0.0009856736287474,-0.0006002730224281,still
1783088555911392800,5.914392822265625,3.09979264624e-05,-0.0176514970560325,0.0649795449107885,0.0002227702643722,1.76145695149e-05,0.0018237362382933,still
1783088555921436700,5.924436767578125,-0.0033916517322883,-0.0047922027125954,0.0516617981761693,-0.0007299727294594,0.0016342713497579,-0.0016429196111857,still
1783088555931481900,5.93448193359375,-0.0038229192890226,0.0007220192477921,0.0543546905219554,-0.0007978833746165,-0.0012699058279395,-0.0006958995945751,still
1783088555941525800,5.94452587890625,-0.0189969431485049,-0.0169152163874474,0.0546527966856956,0.0008312815334647,0.000497031956911,-0.0003381459973752,still
1783088555951570000,5.95456982421875,-0.0045013574067037,-0.0045691961952368,0.0498649778872728,0.0012549904640763,-0.0007519908249378,9.56829171627e-05,still
1783088555961613600,5.964613525390625,0.0030824670521076,-0.0065090188511298,0.0568985297858715,0.0003225444816052,-0.0002330434508621,-0.0001203618012368,still
1783088555971658800,5.97465869140625,0.0012555164864286,0.004696829746454,0.0528588990062475,-0.0008415232878178,0.0004010549746453,0.0002186587080359,still
1783088555981703000,5.984702880859375,-0.0073706018332391,0.0034829558780882,0.0640805502444505,0.0009425755124539,0.0002291505225002,0.0008336014579981,still
1783088555991746600,5.99474658203125,-0.0101766996293794,-0.0007419934567413,0.0667740271121263,0.0013034339062869,0.0001146346330642,-0.0009477869607508,still
1783088556001791700,6.004791748046875,-0.0084250153901521,-0.0129535325151286,0.0621358459174633,-0.0019356907578185,-0.000726340804249,0.0004446390084922,still
1783088556011836000,6.0148359375,0.0109158275588881,0.0075671016528736,0.0600403349429368,0.0006736745126545,-0.0003636181354522,0.000416942173615,still
1783088556021879600,6.024879638671875,-0.0038640367507003,-0.0100621470387326,0.0670733023196458,0.0016770516522228,-0.0005285050719976,0.0015151695115491,still
1783088556031923700,6.034923828125,-0.0204111299285199,-0.0147889814810943,0.0606377163141965,-0.0002462833654135,0.0006371606141328,0.0012720229569822,still
1783088556041969000,6.044968994140625,0.0021675167648121,-0.0164067302924813,0.0648281537413597,-0.0008421717211604,-0.0008908556774258,0.0008523834403604,still
1783088556052012800,6.0550126953125,-4.96752274688e-05,-0.0076709753025905,0.0562982258051633,0.0006822214927524,-0.001138795632869,-0.0001106155104935,still
1783088556062056700,6.065056640625,-0.005587444743514,-0.0131627023033797,0.061386488854885,0.0004698666743934,-2.97334045171e-05,0.0001652068458497,still
1783088556072102000,6.075101806640625,-0.0055108997754286,0.0018421983671607,0.0703635760366916,0.0001273842062801,-0.0005344022065401,0.0008637540740892,still
1783088556082145800,6.085145751953125,0.0031816896428819,-0.0095680319624138,0.0613853198111057,0.0018709613941609,0.001022667158395,0.0013798259897157,still
1783088556092189700,6.095189697265625,-0.0158613302702084,-0.011168121819524,0.0612362667292356,-0.0002513118088245,-0.0015486148186028,-0.0008724094368517,still
1783088556102233900,6.10523388671875,0.0037493608624674,-0.0116028736747102,0.0621317542642354,-0.0005469243042171,-0.0014630113728344,2.80926469713e-05,still
1783088556112278800,6.11527880859375,-0.0004535341874696,-0.010644705300196,0.0723053577542305,0.0019524523522704,-0.0001359581947326,-0.0004659236874431,still
1783088556122322700,6.12532275390625,-0.0082820449891965,0.0004982569618965,0.0507581273347139,-0.0001372718252241,0.0012105512432754,0.0003438394051045,still
1783088556132366600,6.13536669921875,-0.0090641809433698,0.0085589394015492,0.0787409437596797,0.0001311749219894,-0.0003481972962617,0.0011931213084608,still
1783088556142411800,6.145411865234375,-0.0180074115213472,0.0060782627510488,0.0682657269746065,0.000559844309464,0.0009937472641468,3.27143352478e-05,still
1783088556152455700,6.15545556640625,-0.0013874814361799,-0.0052900304162292,0.0576414571076631,0.0002205576747655,-0.0015322607941925,5.24218194186e-05,still
1783088556162499600,6.16549951171875,-0.0199860181179363,-0.0122525400723447,0.0598848521202802,-0.0001559595111757,-0.0011743227951228,-0.0011544344015419,still
1783088556172543700,6.175543701171875,-0.001462373303296,-0.0053014925251598,0.067664253950119,0.0009370017796754,-0.0009615360759198,-0.0026106508448719,still
1783088556182589000,6.1855888671875,-0.0085075791070703,0.0029606170709943,0.0648211394786834,-0.0010690491180866,0.0005695717409253,0.0013434839202091,still
1783088556192632600,6.195632568359375,0.0012690700877457,-0.01188204224254,0.0543459226936101,-0.0006488023791462,-0.001417679246515,0.0009887508349493,still
1783088556202676700,6.2056767578125,0.0040223234517965,-0.0090749557824223,0.0519505519896745,-0.0004372843541204,0.0002281931228935,0.0006319377571344,still
1783088556212722000,6.215721923828125,-0.0092933409235905,-0.0058756368680158,0.0672135875731706,-0.0005193098913878,0.0006495052948594,-0.0001438411418348,still
1783088556222765600,6.225765625,-0.0106579529408365,0.0029489357663551,0.0546440288573503,0.0005235485732555,3.96291725337e-05,-0.0002350837457925,still
1783088556232809700,6.235809814453125,-0.0055257868173066,0.0004491342902765,0.0535959811091423,-0.0008775405585765,-0.0010541309602558,-0.0009706488344818,still
1783088556242854000,6.24585400390625,-0.0002393525806721,-0.0025977545583737,0.0666138681143522,0.0005529546178877,-0.0004173726774752,0.0006644302047789,still
1783088556252898800,6.25589892578125,0.0005643650176469,-0.0041069832276785,0.0652659606367349,0.0002874373458325,0.0009821187704801,0.0012015897082164,still
1783088556262942700,6.265942626953125,0.0070944152403622,0.0045739705517655,0.0558399606436491,-5.45817892998e-05,-0.0008833091706037,0.000515988562256,still
1783088556272986600,6.275986572265625,-0.0164224164853803,0.010392783215607,0.0402753117650747,0.0006213285960257,-0.0017597558908164,0.0004826989024877,still
1783088556283031800,6.28603173828125,0.0036357261538505,-0.0033880007537663,0.0374321972936391,-0.0002580920699983,0.0002895994111895,-0.0005558452103286,still
1783088556293075700,6.29607568359375,0.0012827241537626,-0.0090428869935916,0.0597276157319545,0.0004606952425092,-0.0006678071804344,-0.0002479839604347,still
1783088556303119600,6.30611962890625,-0.0015598149289377,0.0080226405677618,0.0631669425308704,-8.46497714519e-05,-0.0009118588641285,-0.0009031530935317,still
1783088556313163800,6.316163818359375,0.005660235985089,0.0050000276438426,0.0652612844616174,-0.0007776042912155,0.0018421160057187,0.0002619798760861,still
1783088556323208700,6.326208740234375,-0.0010670081770047,-0.0112074605993577,0.0372790525585413,0.0006350977346301,-0.0009720670059323,-0.0020551779307425,still
1783088556333252600,6.336252685546875,0.006353351082094,-0.0079165772442473,0.0492483072936534,0.0002689128741621,-0.0014857905916869,-0.0010493020527064,still
1783088556343296800,6.346296875,-0.001282504958054,-0.0053815811572014,0.0570294626891613,0.0005353793967515,3.57236713171e-05,-0.000158060574904,still
1783088556353341700,6.356341796875,0.0021270112244877,0.0067432317490922,0.059721185991168,-0.0005280207842588,-0.0008172872476279,0.0013652675552293,still
1783088556363385600,6.366385498046875,-0.0040787389473058,0.0018238749758922,0.0558317773371934,0.0002712069544941,0.0009966054931282,-6.4726918935e-06,still
1783088556373429800,6.3764296875,-0.0076197725550271,-0.0052108025840017,0.0618166969656944,0.0005894547794014,8.04783776402e-05,-0.0003076761495321,still
1783088556383474000,6.386473876953125,0.0080894815591629,-0.0070769686319283,0.0791746590018272,7.253838703e-06,0.0004227082245051,0.0005526959430426,still
1783088556393518600,6.3965185546875,-0.0025189148852135,-0.0092731041364488,0.0630132132738828,-0.0015720007941126,0.0002613207325339,-0.0005871369503438,still
1783088556403562800,6.406562744140625,-0.0141509370225947,-0.0001256311070872,0.0606178425699472,-0.0003141681663691,-0.0015604165382683,-0.0012080995365977,still
1783088556413607000,6.41660693359375,0.0052141453185584,-0.0171135611042962,0.0598690700292587,0.0011348577681928,-0.0015444373711943,-0.0009830624330788,still
1783088556423651600,6.426651611328125,-0.0131485185144003,-0.016392713183572,0.0631605127900838,-0.0008560672868043,-0.0007983245886862,-0.0009172854479402,still
1783088556433695700,6.43669580078125,-0.0101600224892143,-0.0205978481396567,0.0619634119600057,-0.0002882811240851,-0.0009397384710609,0.0012499949662014,still
1783088556443739600,6.44673974609375,-0.0076019446373917,-0.0005371550670242,0.0716875181168317,0.0006175579037517,-0.0011846898123621,0.0017612635856494,still
1783088556453783800,6.45678369140625,-0.0021542371581308,0.0035496735719032,0.0528320109993219,0.0004314028192311,-0.0004113079048693,-0.0010217397939413,still
1783088556463828700,6.466828857421875,0.0096001966493669,-0.0106320284817134,0.0532797547668218,0.0008598156273365,-0.0007964232936501,-8.2975719124e-05,still
1783088556473872600,6.47687255859375,0.0051885359532665,-0.0096081881595775,0.0739285750418901,0.0004518195055425,0.0005844254046678,-0.0002891044132411,still
1783088556483916800,6.486916748046875,-0.0007751034251879,0.0028196422643028,0.065249009501934,-0.0007972314488142,0.0004047281108796,-0.0005246435757726,still
1783088556493961700,6.496961669921875,-0.0102617292980197,0.0058188811625004,0.0609083499491214,-0.0011743350187316,-0.000725517515093,0.0011251847026869,still
1783088556504005600,6.507005615234375,-0.0079796279765199,-0.0073796162567567,0.0670429071813821,0.000216711545363,0.0002557332627475,7.842364721e-05,still
1783088556514049800,6.5170498046875,-0.0027960604593157,-0.0127381590316654,0.0604600216597318,-0.0002552007790654,-0.00037064217031,7.76245724409e-05,still
1783088556524094000,6.527093994140625,0.0034016342701856,-0.002089891801204,0.0659954439550638,0.0015727041754871,0.0013553136959671,-0.0005058236420154,still
1783088556534138600,6.537138671875,-0.0031161592591553,-0.0047983173595508,0.0673410133451223,-0.0017493228660896,-0.0017515299841761,0.0006691629532724,still
1783088556544182800,6.547182861328125,0.007503808892006,-0.0055663631395786,0.049831075617671,0.0004984522238373,-0.0014668563380837,-0.0004079404752701,still
1783088556554227000,6.55722705078125,-0.0057406716770026,-0.010192041045695,0.06359656611979,0.0001200169790536,0.0003779153339564,3.9204256609e-05,still
1783088556564271600,6.567271728515625,-0.0076353080508764,0.009880063903518,0.0603039543151855,0.0002511574421077,-0.0021349070593714,0.0001670999918133,still
1783088556574315800,6.577315673828125,-0.0095181078564841,-0.0001585538458661,0.0619487989127635,-0.0003246180713176,0.0006688688881695,-2.19845678657e-05,still
1783088556584360000,6.58735986328125,0.0015113178784027,-0.0027463920817128,0.0444417837947607,-0.000289499759674,0.001088248565793,-1.06659717857e-05,still
1783088556594403800,6.59740380859375,-0.0014556787010282,-0.0046968365963199,0.0606026450008153,-0.0007515579927712,0.000336704775691,0.001965133473277,still
1783088556604448800,6.60744873046875,-0.011084745251853,-0.0180280638670199,0.0665887336730957,-0.0001011481508612,-0.0008150241337716,-0.0006703918334096,still
1783088556614492700,6.61749267578125,-0.0082455763031728,0.0015595911666518,0.0612017799377441,0.0006304222624748,0.0006126966327428,0.0005043286364525,still
1783088556624536800,6.627536865234375,0.0019599292955826,-0.0114519482961623,0.0597048193782567,-0.0017204981995746,0.0008322657085955,4.22070734202e-05,still
1783088556634581800,6.637581787109375,-0.0083856788936071,-0.0125303067009546,0.0686836601257324,0.0005061707925051,2.424698323e-06,-0.0003482124302536,still
1783088556644625700,6.647625732421875,-0.0009619038347154,-0.0059364865100476,0.0568628739506006,0.0005237981677055,0.0014001172967255,-0.00110529595986,still
1783088556654669800,6.657669921875,-0.0012964147523976,-0.0104045170358847,0.0583598345100879,7.4112322181e-06,0.0006304639391601,-0.0003502897452563,still
1783088556664714000,6.6677138671875,6.79415365215e-05,0.0040014952928991,0.0490823030769825,0.0007320651784539,-0.0019271252676844,-0.0012102413456887,still
1783088556674758700,6.677758544921875,0.005490916433325,-0.0043043141643749,0.058508887591958,0.0005067617166787,0.0007048770785331,0.0005503743886947,still
1783088556684802800,6.687802734375,0.0078596639918163,0.0050025689440895,0.0616518617928028,-0.0008933746721595,-0.0001139491796493,0.0007586054271087,still
1783088556694847000,6.697846923828125,0.0149329085799865,-0.0059406146958936,0.0659907677799463,-0.0003948309458792,0.0004378580488264,0.0008179938886314,still
1783088556704891600,6.7078916015625,0.006576738908654,0.0058143693841644,0.0692851331502199,0.0004385581705719,0.0015475316904485,0.0007171221077442,still
1783088556714935800,6.717935791015625,-0.0098868681036401,-0.0059901643424876,0.0540220975667238,-0.0007777076680213,0.0012836125679314,0.0002265679650008,still
1783088556724980000,6.72797998046875,-0.0052488695720676,-0.0060359260132419,0.0640501551061868,0.0001704164315015,0.0005049165338277,0.0005565509200096,still
1783088556735023600,6.738023681640625,-0.0168608261689543,0.0017997565980767,0.0556692802518606,0.000452445121482,0.000119290780276,-0.0001017826143652,still
1783088556745068800,6.74806884765625,0.0009386508232913,-0.0010145267878076,0.0580640664339065,-0.000266149174422,0.0005277395248413,-0.0011134461965411,still
1783088556755113000,6.758113037109375,0.0103857484033331,-0.0058163809614488,0.0499830513089895,0.000397510593757,0.0002760710194706,0.0006564906798303,still
1783088556765156900,6.768156982421875,-0.0063918564615771,-0.0119802990022231,0.0462421112149953,-3.46202868968e-05,0.0013076830655336,-0.0022150799632072,still
1783088556775201800,6.778201904296875,-0.0029934370617847,-0.0001286541812354,0.0616559534460306,0.0004087958950549,0.0005500139668583,-0.0002291607670485,still
1783088556785245700,6.78824560546875,-0.0098466913568787,-0.0070104541508015,0.0526794507861137,-0.0001004722435027,0.0005909339524805,-0.0012496986892074,still
1783088556795289900,6.798289794921875,0.0087413330640178,-0.0016243520821095,0.0561205311506986,-0.0001348268706351,-0.0003148075193166,-0.0018971133977174,still
1783088556805333800,6.808333740234375,0.008077909852378,-0.0109378909769351,0.061356678238511,-0.0006237991619855,-0.0003768284805119,0.0012458837591111,still
1783088556815378700,6.818378662109375,-0.0028947715934365,-0.0033154994898475,0.0703331808984279,0.0002249502576887,0.000832512974739,0.0002442689146846,still
1783088556825422800,6.8284228515625,-0.0030351390453521,0.0005959383328445,0.0528255812585353,0.0002613370306789,-0.0007396508008241,0.0002943188883364,still
1783088556835466800,6.838466796875,-0.003320696254773,-0.0133456941874697,0.0544710103780031,-1.19032338261e-05,-0.0003074193373322,0.0001843303907662,still
1783088556845511700,6.84851171875,0.008166455785511,-0.0147449025940615,0.0600081862390041,3.38861718773e-05,0.000361188314855,-0.0006336707156151,still
1783088556855555800,6.858555908203125,0.00111096604974,0.0031844478555489,0.0493839163720607,0.0002189758233726,0.0009191208519041,-0.0004123621620237,still
1783088556865599700,6.868599853515625,0.0049906661604531,-0.002911775243876,0.052826165780425,0.0003277736250311,0.0017965026199817,-5.57047314941e-05,still
1783088556875644200,6.87864404296875,0.0001480849674902,0.0079946794151794,0.0592611672639846,-0.0007982109673321,-0.0007566697895526,0.0002372430171817,still
1783088556885689300,6.888689453125,-0.0119612723580561,-0.0014564390361425,0.0535749383211135,-3.94890084862e-05,0.0002921470440924,-0.0002236510626971,still
1783088556895733000,6.89873291015625,-0.0155868515772279,0.0066335722459829,0.065845806351304,0.0007972761522978,-0.0004801698960363,-0.0004774502012878,still
1783088556905777200,6.908777099609375,-0.0102641495839692,-0.0042806707105948,0.06883738938272,0.0003973285201936,-0.0010609976015985,0.0003342893905937,still
1783088556915822300,6.918822265625,-0.0146647500299382,0.0025453074185061,0.0561187775850295,-0.0002847071737051,0.0015379814431071,-0.000830843579024,still
1783088556925866200,6.9288662109375,-0.0047197493977379,0.004621106762276,0.0674924045145511,-0.000456194858998,4.31574881076e-05,-1.98862981051e-05,still
1783088556935910100,6.93891015625,-0.0095362554345279,0.0017623129478073,0.0628542233198881,0.0009595416486263,0.0001765820197761,0.0004269920755177,still
1783088556945954300,6.948954345703125,-0.0086247483464889,-0.0030591341255814,0.0630056144893169,-0.0008765258826315,0.0025248879101127,-0.0004087381530553,still
1783088556955999200,6.958999267578125,0.0003553345100022,-0.0078811611542827,0.0594143119990825,-0.0001649290788918,-0.0018205922096967,0.0007486717076972,still
1783088556966043100,6.969043212890625,-0.0036820038478355,-0.0026176831015502,0.0531295326411724,0.0010773211251944,-0.0004950165748596,-0.0001812791451811,still
1783088556976087300,6.97908740234375,-0.0006712685913778,-0.0018792629915173,0.0597130026847124,-0.0004436101298779,0.0009015453979372,-2.68158037215e-05,still
1783088556986132200,6.98913232421875,-0.0054276419387664,-0.0005674611570313,0.0630044454455375,-0.0019316681427881,0.0009731203317642,-0.0002615693956613,still
1783088556996176100,6.999176025390625,-0.0057758251887746,-0.0063213485086336,0.0585159018546342,0.0013597325887531,0.0004466134123504,0.0005525590386241,still
1783088557006220300,7.00922021484375,0.000401347342506,-0.0083652388937771,0.0544756865531206,7.81691633164e-05,0.0010046265088021,0.0018152999691665,still
1783088557016264200,7.01926416015625,-0.0006322060894686,0.0035607338220346,0.0465443090319633,0.0007396982982754,-0.0001415978185832,9.30337700992e-05,still
1783088557026309400,7.029309326171875,0.0031701818681787,-0.0029571282059652,0.0668944386214017,0.0003314490895718,-0.0002260650508105,-0.0003049061633646,still
1783088557036353000,7.03935302734375,0.006687633670913,-0.0015126193529227,0.0604606061816215,0.0004683355800807,0.0002905880101025,0.0004831231199204,still
1783088557046397200,7.049397216796875,-0.0092484971348661,0.0021921009335084,0.0568710572570562,0.0005936797242611,0.0010619335807859,0.0012494761031121,still
1783088557056441300,7.05944140625,-0.0113322263400536,-0.0051410207168431,0.0588163461059331,-9.79432370513e-05,-0.00069708423689,0.0006566564552485,still
1783088557066486000,7.069486083984375,0.0002510612847749,-0.0009062600907636,0.0646510436087846,0.000154465669766,0.0001687505282461,0.0021364712156355,still
1783088557076530200,7.0795302734375,-0.0139301978108473,-0.005155697696167,0.0501356115221977,0.0001680478453636,-0.0010698856785893,0.0004533533938229,still
1783088557086574300,7.08957421875,0.0020078418242279,-0.0180036098457756,0.0613596008479595,0.0004170825704932,0.0003825849853456,0.0008216958958655,still
1783088557096619000,7.099618896484375,0.0003948902022559,-0.0164582412840099,0.0565706130057573,-0.0005251439288258,3.98359261453e-05,0.0003290111199021,still
1783088557106663200,7.1096630859375,-0.0006142685739789,-0.0031424924269434,0.0564203908801078,0.0005372322630137,-0.0009526242502033,0.0010074466699734,still
1783088557116707300,7.119707275390625,-0.0118496743428986,-0.0045000673486269,0.0598626402884721,0.0004541417583823,-0.0008764578960835,-0.0010612967889755,still
1783088557126751200,7.129751220703125,-0.0018565237200353,-0.0123855051025166,0.0721335083186626,0.0002389205619692,0.0009434428066015,0.0008318375330418,still
1783088557136796200,7.139796142578125,-0.0016772307635284,-0.0150747533196466,0.0631570056587457,-7.37344380468e-05,0.0007450371049344,0.0012803138233721,still
1783088557146840300,7.14984033203125,-0.0053681211707182,-0.0052542832494131,0.0571726705521345,-0.0005014899652451,0.0009384285658597,0.0003476531710475,still
1783088557156884200,7.15988427734375,0.0003140800510067,-0.0052736523868748,0.0514864416092634,-0.0011616876581683,0.0005863583646714,-0.0001138725783675,still
1783088557166929200,7.16992919921875,0.0018346680812537,-0.0010077819531899,0.0552273817032575,0.00046311551705,-0.0014769602566957,-0.0009555616416037,still
1783088557176973300,7.179973388671875,0.0074457402955275,-0.0167586627024225,0.0695914226204156,-0.0005443582776933,-0.0008351383730769,-0.0008122837170958,still
1783088557187017200,7.190017333984375,-0.006262375729857,-0.0023947770488914,0.0642038843631744,-0.0001836749725043,1.9599683582e-06,0.0001983153633773,still
1783088557197061400,7.200061279296875,0.004591035850998,-0.006956413275469,0.0522311224967241,-0.000853726407513,0.0001098178327083,-0.000538048800081,still
1783088557207106000,7.21010595703125,-0.0003414977808948,-0.0001261425637407,0.0670452452689409,0.0003608451224863,0.001262511126697,-2.76644714176e-05,still
1783088557217150200,7.220150146484375,0.0030714250682853,-0.0129441207993892,0.0621077888667583,0.0002673680428415,-0.0006760037504136,0.0005403878167271,still
1783088557227194400,7.2301943359375,-0.0094825798853766,-0.0049935568038607,0.0651005409419536,-0.0009509122464805,0.0001095631159842,0.000777140725404,still
1783088557237239000,7.240239013671875,-0.0064684927612077,-0.0177227904602652,0.0682446841865778,-0.0001865848898887,0.0005407286807894,0.0014455941272899,still
1783088557247283200,7.250283203125,-0.0116260764537844,-0.0072241517004091,0.0559755697220563,0.0014496522489935,-9.08342190086e-05,-0.0013067061081528,still
1783088557257327400,7.260327392578125,0.0012791713566519,-0.0028317665269365,0.0546282467663288,0.0005630860105156,0.0002883998677134,0.0018051974475383,still
1783088557267371300,7.270371337890625,0.000858982316358,-0.0031433098442736,0.0529816486030817,-0.001344286953099,0.0003307657316327,-0.0005999386776238,still
1783088557277416200,7.280416259765625,-0.0071221434975042,0.009423321695521,0.0495411527603864,0.0002802412491291,0.0003443481400609,-2.86905560642e-05,still
1783088557287460400,7.29046044921875,-0.0105872440584935,-0.0151590569025021,0.0640560003250837,-0.0008451924659311,0.0004473105072975,0.0007886211387813,still
1783088557297504300,7.300504150390625,-0.008379431815911,-0.0156224297806853,0.0646551352620124,0.0005636196583509,-4.8941001296e-06,-0.0019642882980406,still
1783088557307549200,7.310549072265625,-0.0137587867666967,0.0073877744470373,0.0576221678853034,-0.0004966442938894,-0.0002072555944323,0.000203481176868,still
1783088557317593300,7.32059326171875,-0.0081268452943302,-0.0103837391093373,0.0712397743493318,0.00052734115161,0.0009373710490763,0.0008069535251706,still
1783088557327637200,7.33063720703125,-0.0086944799812976,-0.01230799430334,0.0673491966515779,-0.0005860575474798,-0.0005931719206273,-0.0007506425026804,still
1783088557337681400,7.340681396484375,0.0038682288686279,0.0030815948358504,0.0514876106530427,-0.0005594259127974,0.0009205685928463,-0.0001066902186721,still
1783088557347726300,7.350726318359375,-0.0041620424497406,0.006023425007984,0.0544815317720174,0.0001639232505112,0.0001208600588142,-0.0001573716290295,still
1783088557357770200,7.360770263671875,-0.0046379711321089,0.0026091504519339,0.0544797782063484,0.0004534090403467,-0.0020096688531339,-0.0018564683850854,still
1783088557367814400,7.370814453125,-0.0071260342213325,-0.0022985090336063,0.0633078123062849,-0.0002888997551053,0.0009341537952423,0.0003719183150678,still
1783088557377859000,7.380859130859375,-0.0027246483240742,-0.0038953292213962,0.0597176788598299,0.0011468103621155,0.0001900666393339,-0.0008810989093035,still
1783088557387903200,7.3909033203125,0.0104813999306876,-0.0038892990561202,0.0658522360920906,0.0008057833183556,0.0003130324184894,6.68526627123e-05,still
1783088557397947400,7.400947509765625,0.0039093006645329,-0.0111812256129807,0.0425087699055671,-0.0010555000044405,-0.0001199971884489,-2.15640757232e-05,still
1783088557407991300,7.4109912109375,0.0013522822586353,0.0037771370686707,0.0410123938679695,-0.0001026710961014,0.0006007342599332,0.0001167880836874,still
1783088557418036200,7.4210361328125,-0.0128196427530609,0.0024119336796691,0.0637567251175642,0.0007700468413531,-0.0009034192189574,-0.0008712445851415,still
1783088557428080400,7.431080322265625,-0.0102358916038647,-0.0066461371833225,0.0438543392956256,0.0011236628051847,-0.0010956381447613,0.0015956801362335,still
1783088557438124300,7.441124267578125,0.0031589115554932,0.0013102286486187,0.0673462740421295,-0.000537084415555,-3.14386561512e-05,-0.0002083452418446,still
1783088557448169200,7.451169189453125,0.0058070331777911,-0.011685074348736,0.0622574264705181,0.0010432710405439,-0.0012686541303992,-0.0009088271763175,still
1783088557458213400,7.46121337890625,0.018262756255595,0.0057278258951613,0.0633043051749467,-0.0005317223258316,7.86390155553e-05,-0.0011857959907501,still
1783088557468257300,7.47125732421875,0.0026987375646829,-0.0109838238943368,0.0532785857230424,0.0002449064049869,0.0003219875507056,0.00063674361445,still
1783088557478301200,7.48130126953125,-0.0066622526344843,0.0002238353511318,0.0437029481261968,-0.0001761394087225,0.0012405114248394,0.0003129031974822,still
1783088557488346400,7.491346435546875,-0.0055600087473168,-0.0004979487179312,0.0553764347851276,-0.0003361571580171,8.86935740709e-05,0.0006767396116629,still
1783088557498390300,7.501390380859375,-0.0088002510438673,0.009806987250864,0.0580693271309137,-0.0005665207281708,-6.41718506813e-05,0.0007691512582823,still
1783088557508434200,7.51143408203125,0.0087129563529044,-0.0045004007087671,0.0645031595706939,-0.0009589891415089,0.0005423002876341,-0.0007524106185883,still
1783088557518479000,7.52147900390625,-0.0003621935090515,-0.0073949668062268,0.0574696076720952,0.0016290708445012,-0.000663845334202,-0.0010040793567895,still
1783088557528523300,7.531523193359375,-0.0006206800484564,-0.0032049335211515,0.0622568419486284,-0.00032519409433,-0.0012701381929218,-0.0001044664531946,still
1783088557538567400,7.5415673828125,0.0047989703800994,0.0103625524741248,0.0540261892199516,-0.0003483635373413,-0.0011004949919879,0.0014851742889732,still
1783088557548611000,7.551611083984375,0.0003232040723785,-0.0089379173653316,0.0564203908801078,-0.0003983373753726,0.0003722012042999,-0.0009208717383444,still
1783088557558656300,7.56165625,0.0023813421785831,-0.0123476253441185,0.0649503188163042,-0.0001871488057076,0.0015759500674903,0.0013651858316734,still
1783088557568700400,7.571700439453125,0.0056812513736542,-0.0095602505147573,0.0648006812125444,-0.0010288505582138,-0.0001740627922117,-0.0002061226405203,still
1783088557578744000,7.581744140625,0.0004855276277754,-0.0142954783261287,0.0580658199995756,-0.0008141996804624,-0.0012470502406358,-0.0003318239469081,still
1783088557588788200,7.591788330078125,-0.0036385756980627,-0.0125126157806371,0.0673421823889017,0.0012165356893092,-0.0007299529388546,-4.00082208216e-05,still
1783088557598833400,7.60183349609375,-0.0078985986295621,-0.0069996496289968,0.0639016865462064,-0.0015768540324643,0.0004998948425054,0.0006825074087828,still
1783088557608877000,7.611876953125,0.0090286164396442,-0.0036256203183671,0.0659960284769535,-0.0002823462709784,-0.0001867837272584,0.0003033585380762,still
1783088557618921200,7.621921142578125,-0.0123329917472787,-0.0062848181738168,0.0615069003641605,-0.0003422673325985,-0.0009654918685555,0.0003608826082199,still
1783088557628966400,7.63196630859375,-0.0030832707697059,-0.0024403377902461,0.0716822574198245,-0.0010456951567903,-1.42655335366e-05,-0.0012572123669087,still
1783088557639010300,7.64201025390625,-0.0078581570213194,-0.0061213940732995,0.0591126987040042,-0.0009761867113411,-0.002222292125225,-0.0002729080151766,still
1783088557649054200,7.65205419921875,-0.0047772700049448,-0.0129355310675571,0.0603080459684133,0.0002804792020469,0.0003263261169195,-0.0006838380359113,still
1783088557659098000,7.66209814453125,-0.0103217067237943,-0.0109830156101612,0.0601589928865432,0.0006093794945627,0.0009247385896742,8.07554461061e-05,still
1783088557669143300,7.672143310546875,0.0046691060558892,-0.0029359826699481,0.0561181930631399,0.0005173978861421,-0.0005740406922996,-0.0003316842485219,still
1783088557679187200,7.682187255859375,0.0011739391501992,-0.0065501020634779,0.0707815091878175,-0.0007265647873282,-0.0009913579560816,-0.0002485937438905,still
1783088557689231000,7.692231201171875,0.0022628942975308,0.0055463112988159,0.0644961453080177,0.000488300807774,-0.000211161095649,0.0004222157876938,still
1783088557699276300,7.7022763671875,0.0039289552130736,-0.0052472918196232,0.0460901355236768,-0.0004536593332886,-0.0001387232914566,-0.0012515808921307,still
1783088557709320200,7.7123203125,-0.0051374633531551,0.0047977899198769,0.0538701218754053,-0.0006052742246538,-0.000483863055706,-0.0013033694121986,still
1783088557719364000,7.722364013671875,-0.0125787558024283,0.0053782110231812,0.0487818588256835,-0.0003956835716962,-0.0008439226076006,-0.00054516736418,still
1783088557729408300,7.732408203125,-0.0092468531670514,-0.0131504410434281,0.074219666942954,0.0004317979328334,0.0002642828039824,-0.0002759336493909,still
1783088557739453400,7.742453369140625,0.0125671658293344,-0.001332079720823,0.0646434448242187,-0.0001253355294466,0.0005391207523643,0.0009144992800429,still
1783088557749497000,7.7524970703125,-0.0051106940772384,-0.0093745711999479,0.06359656611979,-0.0006967440713196,0.0008234353736042,-0.0003364926669746,still
1783088557759541200,7.762541259765625,0.0024613577453885,-0.0052661654834519,0.0770645349800586,0.0003115287981927,0.0001427312381565,-7.57693778723e-05,still
1783088557769586400,7.77258642578125,-0.0012885145737323,0.0021963113177451,0.0592576601326465,0.0002016711514443,0.0008896351791918,-0.000619035679847,still
1783088557779630000,7.782630126953125,0.0023649846988264,0.0020891862650169,0.0686842446476221,0.0001151184551417,-0.0015793815255165,-0.0008898791857063,still
1783088557789674200,7.79267431640625,-0.0123684009873773,0.0098722322235116,0.0629968466609716,0.0005719847977161,0.0006580906920135,-0.000295365229249,still
1783088557799718100,7.80271826171875,-0.0129153216798789,0.0006810342168551,0.0619487989127635,0.0012332475744187,-0.0005208905786275,-0.0009161480702459,still
1783088557809763000,7.81276318359375,-0.0021111926008481,-0.0011804944718605,0.0665869801074266,-0.0003629806451499,0.0001413817517459,0.0011192358797416,still
1783088557819807200,7.82280712890625,-0.0017096443289425,0.0039113898736308,0.0595545972526073,0.0022775437682867,0.0007773446850478,0.0011096484959125,still
1783088557829851100,7.83285107421875,0.0074126052109058,-0.0064406252234592,0.060153732189536,-0.0004382000770419,-0.0009492924436926,-0.0005907225422561,still
1783088557839896300,7.842896240234375,0.0107224147454835,-0.0082492044488084,0.0649415509879589,-0.0006991899572312,9.22698527574e-05,0.0010417951270937,still
1783088557849940200,7.852940185546875,0.0048765108620282,-0.0070998197845532,0.0555120438635349,-9.39175952225e-05,-0.0012514968402683,-0.0001033490989357,still
1783088557859984100,7.862984130859375,-0.0002334068970754,-0.0069172229093965,0.0715238519877195,0.0006797306705266,-0.0002078041434288,0.0004809484817087,still
1783088557870027300,7.87302734375,-0.002016015997529,0.0021790085564949,0.0605997223913669,-6.42822124063e-05,-0.0002027996815741,0.0002077848184853,still
1783088557880072400,7.883072509765625,-0.0039405269198585,-0.0061203528936835,0.0635924744665622,-0.0010536465561017,0.0007862984202802,-5.0019007176e-06,still
1783088557890116400,7.893116455078125,-0.0071891625854186,0.000993502266088,0.0683820468306541,-0.0007506269030272,0.0007855398580431,-0.0005149748176336,still
1783088557900160300,7.90316015625,0.0025681699875742,0.0028318464420386,0.055213353177905,0.0011580605059862,-1.82022340595e-05,-0.0004124431870877,still
1783088557910205400,7.913205322265625,-0.0109441860036924,-0.0016409972562338,0.0695773940950632,0.0005866473075002,-0.0006059720180928,0.0007046581013128,still
1783088557920249300,7.923249267578125,-0.0041872042904607,-0.0048944255446316,0.0634416678190231,0.0005371125880628,-0.0008097039535641,0.0004053188022226,still
1783088557930293200,7.933293212890625,-0.0018573639702517,-0.0089055517489789,0.0622433979451656,-0.0002916262019425,-0.0008384203538298,0.0012337056687101,still
1783088557940337400,7.94333740234375,-0.0049074357232544,-0.0109810679649584,0.0667313570141792,0.0003318197559565,0.0005307109095156,0.0005798996426165,still
1783088557950382600,7.953382568359375,-0.0021799287218134,-0.0096305598215898,0.0679302114099264,0.0007253072690218,0.0012191743589937,0.0007985975826159,still
1783088557960426200,7.96342626953125,0.0032455029935576,-0.0178056007723556,0.0653857876241207,-0.000923189567402,-0.001704710535705,-0.0005766588728874,still
1783088557970470400,7.973470458984375,0.0015321871364954,-0.0041794502422679,0.070023384296894,-1.5351222828e-05,-0.0010162414982914,-0.0001422399654984,still
1783088557980515300,7.983515380859375,-0.0024483521333429,0.0119482530462788,0.0608943214237689,0.0003345881123095,-0.0007033199071884,-0.0004250677302479,still
1783088557999974100,8.00297412109375,0.0155323357778601,-0.00877525131664,0.0522153404057025,0.0007774718105792,-0.0007877424359321,0.0009680318180471,still
1783088558010018300,8.013018310546874,0.0006014638913329,-0.0076652282651048,0.062988663354516,0.0006032513920217,6.85392878949e-05,-0.0005034115165472,still
1783088558020062500,8.0230625,-0.0079105630619917,0.0063013058010255,0.0596966360718011,-1.86713878065e-05,-0.0004790108650922,-0.0009265635162591,still
1783088558030107100,8.033107177734376,0.0031652042989619,-0.0203733574846875,0.0632879385620355,0.001254053087905,0.0006933128461241,-0.0010373510885983,still
1783088558040151300,8.0431513671875,-0.0093266404049936,-0.0097815810982603,0.0568529370784759,0.0010159164667129,-0.0001683793962001,-0.0010266387835144,still
1783088558050195500,8.053195556640626,-0.0134927653748076,-0.0054636494004866,0.0543090978145599,0.0001557155046612,-0.0001990054734051,-0.000281220069155,still
1783088558060240400,8.063240478515626,-0.0085332341381348,-0.0045862500780262,0.0626882191032171,-0.0002818615175783,-0.0005133189260959,-0.0003569829277694,still
1783088558070284300,8.0732841796875,-0.0082833784297574,0.0154106753097032,0.0604419014811515,2.06734985113e-05,-0.0013881674967706,0.000366864260286,still
1783088558080328400,8.083328369140625,0.0014629852246493,0.0065712453162064,0.0602922638773918,-0.0002560780849307,-0.0013231681659817,-0.0004694664385169,still
1783088558090372400,8.093372314453125,0.0052566144871059,-0.011598617624701,0.0575982024878263,-0.0009325209539383,-0.0005886685103178,-0.0012031674850732,still
1783088558100417300,8.103417236328125,-0.0141629562539514,-0.0087982166336965,0.0658276861727237,0.0002626331988722,-0.0001689991913735,0.0002515537198632,still
1783088558110461200,8.113461181640625,-0.0005739000309724,-0.0042904409026494,0.0528092146456241,0.0006442642770707,0.001465915236622,-0.0005636399146169,still
1783088558120505300,8.12350537109375,0.0039943212000187,-0.0014954764218768,0.0674754533797502,0.0008082734420895,-0.0003462256863713,0.0009918068535625,still
1783088558130550300,8.13355029296875,0.0033666177557315,0.0060067684174166,0.0626870500594377,-0.0005712441634386,0.000422628596425,-0.0012953158002346,still
1783088558140594200,8.14359423828125,0.0025749011224601,0.0047013734908308,0.0587976414054632,-0.0006053582765161,0.0003917347639799,0.0013079282362014,still
1783088558150638300,8.153638427734375,-0.0093869648906402,-0.007956646676443,0.051464814299345,-0.0008157480042427,-0.001413888297975,-0.0002050136681646,still
1783088558160682500,8.1636826171875,-0.0011084452990908,0.001491384768649,0.0698696550399065,0.0011437027715146,0.0005641486495733,0.0007231920026242,still
1783088558170727200,8.17372705078125,-0.0144996225961018,-0.0016020694683538,0.0628378567069768,0.0009586128871887,0.0018557817675173,-0.0005790935829281,still
1783088558180771300,8.183771240234375,-0.0052182095723226,0.0022770895029534,0.0507172108024358,-0.0014668643707409,-0.0009708707220852,-0.0008872314356267,still
1783088558190815500,8.1938154296875,0.012905311742518,-0.0026782336327712,0.0564028552234172,0.0005757801700383,0.0005497941747307,0.0003841614816337,still
1783088558200860200,8.203860107421875,0.0036260632763616,-0.0032943699368508,0.056552492827177,-0.000557197490707,-0.0008220849558711,-0.0017851153388619,still
1783088558210904300,8.213904296875,-0.0123625923010986,-0.0064447374262847,0.0674760379016399,-0.0003606562968343,0.0002394514158368,-0.0012801797129213,still
1783088558220948500,8.223948486328124,-0.008824243840808,0.0079475432046689,0.0556552517265081,-0.0010144134284928,-0.0005438742227852,0.0003491805400699,still
1783088558230992400,8.233992431640624,-0.0036773459390271,-0.0004877606840571,0.0543079287707805,-0.0012389179319143,-0.0001963316462934,0.0012690364383161,still
1783088558241037300,8.244037353515624,0.0097373218314256,-0.0053376255677547,0.0558048893302679,-0.001604565186426,0.0008068443275988,0.0009912142995744,still
1783088558251081500,8.25408154296875,-0.0074174823154229,0.006514688256802,0.06119067402184,-0.0012250647414475,-0.0010624285787343,5.5783893913e-06,still
1783088558261125400,8.26412548828125,-0.0036461744826287,0.0079367889152141,0.0445803154826164,-0.0015770577592775,-7.70310871303e-05,-0.0001365214120596,still
1783088558271170300,8.27417041015625,-0.0102350422204937,-0.0046302604664,0.0743581986308097,-8.30243807286e-05,0.0001847576349973,0.0007090321741998,still
1783088558281214200,8.284214111328126,-0.0098330007582437,0.0032369794770958,0.0590957475692033,0.0003602106589823,0.0005610715597867,-0.0005859124939888,still
1783088558291258400,8.29425830078125,-0.0126574470618274,0.000985364625405,0.0703185678511858,3.31746414303e-05,-0.0005446728318929,0.0002636357676237,still
1783088558301302500,8.304302490234376,-0.0022357505622785,-0.0071647747795446,0.0641845951408147,0.0011324267834424,-0.0004510874859988,0.0001003798097372,still
1783088558311347200,8.31434716796875,0.0073810227625537,-0.0175985453093773,0.0602934329211711,2.7136411517e-06,-0.0003120703622698,6.97532668709e-05,still
1783088558321391400,8.324391357421876,0.0080052464749664,-0.0156596085694734,0.0689718294173479,0.0001574873458594,0.0007538637146353,2.65431590378e-05,still
1783088558331435500,8.334435546875,0.0097998017415404,0.0073306282991659,0.0583475595504045,0.0001361819449812,0.001180235762149,-0.0005076869856566,still
1783088558341479400,8.3444794921875,-0.003069269643817,0.0011180670773843,0.0604419014811515,-0.0001365437638014,-0.0006039100699126,0.0009229951538145,still
1783088558352153300,8.3551533203125,-0.0033146135738585,-0.0042623952683876,0.0441308181494474,-0.0002973987720906,-2.25421972572e-05,-0.0003609147388488,still
1783088558362197500,8.365197509765625,-0.000203623680165,-0.0110115544347674,0.069719432914257,-0.000434020999819,0.0003948551602661,-0.0004073586314916,still
1783088558372241200,8.3752412109375,-0.0038933541767299,-0.0045864258912508,0.0595452449023723,0.0008924996946007,-0.0015615033917129,0.0001276703551411,still
1783088558382286300,8.385286376953125,-0.0059463046511635,-0.0066629033717443,0.0652308893233537,-0.0010898440377786,-0.0010029738768935,-0.0010115776676684,still
1783088558392330500,8.39533056640625,0.0071697637652046,0.0005631822741357,0.0649327831596136,-0.0002315072342753,0.0012314179912209,-0.0005646992940455,still
1783088558402374100,8.4053740234375,-0.0062999495275784,-0.0115871418160386,0.0749585026115179,0.0009459103457629,-0.000579681713134,0.0010005725780501,still
1783088558412419300,8.41541943359375,0.0016943371619563,-0.009008623964386,0.0567015459090471,0.0005568226333707,0.0007817260921001,0.0006724712438881,still
1783088558422463500,8.42546337890625,-0.0002792918654158,-0.0018589462892734,0.0523626399219036,-0.0011027217842638,0.0006075263954699,0.0006230403669178,still
1783088558432507400,8.43550732421875,-0.0013222615797072,-0.004259913333645,0.0601437953174114,-0.0002707501407712,0.0001577185466885,-9.76109877228e-05,still
1783088558442551300,8.44555126953125,-0.0020158059349749,-0.0072463612489285,0.0574491494059562,0.0004507389385253,-0.0007613748311996,0.0001815701834857,still
1783088558452596500,8.455596435546875,0.0052777303403709,-0.0061544629425508,0.0643336482226848,-0.0009026796324178,0.0002476968802511,-0.0002671724651008,still
1783088558462640400,8.465640380859375,0.0042644433782901,-0.0189162083457806,0.065679802134633,-0.0002420728560537,-0.0010628951713442,0.0004630698822438,still
1783088558472684300,8.475684326171875,-0.0089605013731867,0.0084462842237553,0.0704687899768352,-0.0005408795550465,0.0002148891799151,-0.0008935444056987,still
1783088558482729500,8.4857294921875,-0.0042797870778944,-0.0057418567038024,0.0549058946639299,0.000247829593718,-0.0002809013240039,-0.0010540189687162,still
1783088558492773400,8.4957734375,-0.000119918318931,-0.0190426614367752,0.0570014056384563,-0.0007663022261112,0.0007279040291905,-9.28840599954e-05,still
1783088558502817300,8.5058173828125,-0.0081684650795068,-0.0151514604012249,0.0520627801924943,0.0003001450095325,-0.0011913003399968,0.000611851690337,still
1783088558512861200,8.515861083984374,0.0002858038045931,-0.0036845771141233,0.0584960281103849,0.0007246530149132,0.000211386475712,0.0015633990988135,still
1783088558522906400,8.52590625,-0.0058754039725754,-0.0014076131920446,0.0682230568766593,-0.0006335417274385,0.0007022144272923,0.0008717627497389,still
1783088558532950500,8.535950439453124,-0.0029331582419108,-0.0060213928811019,0.0656803866565227,0.0001662054564803,0.0011104769073426,-0.0011780722998082,still
1783088558542994200,8.545994140625,0.0098438235463574,0.0115112567183678,0.057598787009716,-0.0011027300497516,-0.0001635258086025,-0.0026555319782346,still
1783088558553038300,8.556038330078126,-0.0067265591755043,-0.0134996837393613,0.0646311698645353,0.0021274180617183,-0.0008309138938784,0.0003650251310318,still
1783088558563083500,8.56608349609375,-0.0117587263901252,-0.0097148862373316,0.0505646505892276,-0.0001120783854275,4.4553540647e-05,0.0015327907167375,still
1783088558573127200,8.576127197265626,-0.0073583268735557,-0.0017818350656074,0.0674725307703018,-0.0002284585498273,-0.0009232391603291,-0.0005282296333462,still
1783088558583171300,8.58617138671875,-0.0122279422039166,-0.008949237910367,0.0468213724076747,-0.0008560845162719,6.17248006165e-05,9.00193117558e-05,still
1783088558593216500,8.596216552734376,-0.0016664810406509,-0.0074363354296539,0.0421837757349014,0.0005631141830235,-7.72923231124e-05,-0.0003864204045385,still
1783088558603260200,8.60626025390625,0.0015961009518709,0.0085966981456498,0.0559510198026895,0.0002981596626341,-0.0005612792447209,0.0014289368409663,still
1783088558613304300,8.61630419921875,-0.0076441763439215,0.0005390090973931,0.0558007976770401,7.418775931e-05,-5.47459349036e-05,-0.0001351376995444,still
1783088558623348200,8.62634814453125,-0.0057519511228427,-0.0003626592999324,0.0556523291170597,-6.76026102155e-05,0.0011214264668524,0.0005852475296705,still
1783088558633393400,8.636393310546875,-0.010463864273997,-0.0005099930654629,0.0583463905066251,0.0002301388885825,-1.49444676935e-05,0.0012148189125582,still
1783088558643437300,8.646437255859375,0.0035115517849102,-0.0029221847567474,0.0686708006441593,0.0010696975514292,-0.0013916688039898,0.0009417694527655,still
1783088558653481200,8.656481201171875,-0.0022992625188548,0.0018921224730904,0.0679226126253604,0.0005213527474552,-0.000611628871411,-0.0013216510415077,still
1783088558663526400,8.6665263671875,-0.010711336229043,-0.003613021131698,0.059094578525424,-0.0002181944437325,0.0002059284597635,6.75832852721e-05,still
1783088558673570300,8.6765703125,-0.001554910424957,-0.005951302769978,0.0763023184359073,-0.0014778696931898,-0.0014324481599032,-0.001302613178268,still
1783088558683614200,8.6866142578125,0.0035578842778224,-0.0105101214183843,0.0616372487455606,0.0010142640676349,-0.0002833073958754,0.000110748456791,still
1783088558693658400,8.696658447265625,-0.0011717106604948,-0.0117808537402539,0.0504161820292472,0.0003199779894202,0.0011124550364911,-0.0003326679579913,still
1783088558703703300,8.706703369140625,-0.0082660802350845,-0.0038595843378687,0.070168930247426,-0.0003113187849521,0.0011753588914871,0.0007863617502152,still
1783088558713747200,8.716747314453125,-0.0092344503432046,-0.0020971595089184,0.0537076247900724,9.56121366471e-05,2.70036980509e-05,0.0002366851549595,still
1783088558723791400,8.726791259765625,-0.0120813459406141,0.0012588523711194,0.0631347938269376,0.0003508182708173,0.0002899994142353,-0.0004908726550638,still
1783088558733836300,8.736836181640625,-0.0094039160254411,0.0018874051987775,0.0540074845194816,0.0009660082869231,-0.000537977553904,-0.0018770478200167,still
1783088558743880200,8.746880126953124,-0.0026470621763728,-0.0158021748283412,0.054605450412631,-0.0007638034876435,-0.0003761379048228,-0.0001451841089874,still
1783088558753924400,8.75692431640625,-0.0085250690979883,-0.0101257366271223,0.0555015224695205,0.0002173050306737,-0.000389187131077,-0.0007923322264105,still
1783088558763968500,8.766968505859374,0.0007894790104124,-0.0005850082301651,0.0658265171289444,0.0008871634490787,-0.0006241635419428,-0.0003963869530707,still
1783088558774013200,8.77701318359375,-0.0050905828709714,-0.0017257757631246,0.0574450577527284,0.0005619914736598,-0.0012912852689623,5.63506036996e-05,still
1783088558784057300,8.787057373046874,-0.0052149764356203,0.0023504173173569,0.0549012184888124,0.0001892633736133,0.0005734758451581,5.65799418836e-05,still
1783088558794101200,8.797101318359376,0.0020935016805306,-0.0132056737954262,0.0640291123181581,0.0005860743112862,0.0003300630487501,-0.0005317123141139,still
1783088558804145400,8.8071455078125,-0.0022126802139449,-0.0048275092047057,0.0581926612496376,0.000422915443778,-0.0004015769809484,0.0012527671642601,still
1783088558814190300,8.8171904296875,-0.0062133489563595,0.008996823928738,0.0535533110111951,0.0012013574596494,0.0002437070943415,-0.0013829632662236,still
1783088558824234200,8.827234130859376,-0.0193152153174392,-0.0054722140161436,0.0758487294495105,-0.0002415580675005,-0.000543569214642,0.0002597400452941,still
1783088558834278400,8.8372783203125,0.0009501585979945,-0.0033684329701936,0.0592401244759559,0.0007699106354266,0.0008902763947844,0.0004890381824225,still
1783088558844323300,8.8473232421875,-0.0060893207178916,-0.0052959738165372,0.0580430236458778,0.0017768058460205,0.0009051910601556,0.0006671280134469,still
1783088558854367200,8.8573671875,0.0036623401661403,-0.0068646912878495,0.0629810645699501,-0.0001119077205657,-0.0011371872387826,0.0004423570353537,still
1783088558864411400,8.867411376953125,-0.00359986938918,0.0021743004153366,0.0541512769043445,-0.0001917688641697,0.0012857774272561,0.0002206421922892,still
1783088558874456300,8.877456298828125,-0.0004920760995708,-0.0057265541033935,0.0607359159916639,-0.0002128076739609,-3.3819116652e-05,0.001825463026762,still
1783088558884501500,8.88750146484375,-0.0140094096600543,-0.0007584651009296,0.0472697006970644,0.0018726692069321,0.0009118216112256,0.0001256323885172,still
1783088558894545400,8.89754541015625,-0.0037494887266308,-0.0107776931632542,0.0608855535954236,0.0013956970069557,-0.0003353366628289,-0.0004701167345046,still
1783088558904589300,8.90758935546875,-0.0099411099083721,-0.0038701125817489,0.0598363368034362,0.0011820548679679,-1.10752880573e-05,-0.0002110779751092,still
1783088558914634500,8.917634521484375,-0.0018286310661118,0.0006173190475907,0.0520569349735975,0.0003508820664137,0.0005865381099283,0.0009228959679603,still
1783088558924678400,8.927678466796875,0.0026305950987618,-0.0029185018121846,0.0556488219857215,0.0001476637553423,-0.0001796358264982,0.0006293209735304,still
1783088558934722300,8.937722412109375,-0.0053946803840808,-0.0053645341242779,0.0472708697408437,-0.0006827097386121,0.0009114611893892,-0.0003640381619334,still
1783088558944766200,8.94776611328125,-0.007621973645268,-0.0038989071346819,0.0557996286332607,3.4145778045e-05,4.09465283155e-05,-0.00028663338162,still
1783088558954811400,8.957811279296875,-0.0016426343741826,-0.010155350880674,0.0773474435746669,-3.90911009162e-05,0.0005703829228878,-0.0004940936341881,still
1783088558964855600,8.96785546875,0.0091688377610873,-0.0085134699917398,0.0484668015271425,-0.0001934021711349,-0.0004716282710433,-0.0001974029000848,still
1783088558974899200,8.977899169921875,0.0047311567077413,-0.0053789576585637,0.0523567947030067,0.0001171224284917,0.0003286516293883,-0.0017526887822896,still
1783088558984944400,8.9879443359375,0.0055513961825985,-0.0023611670402344,0.0616354951798915,-0.000709832413122,-0.0017174622043967,0.0015659377677366,still
1783088558994988500,8.997988525390625,0.0127752008231356,-0.0022678969829226,0.055799044111371,-0.000693320762366,0.0007118736393749,-0.0008977525867521,still
1783088559005032200,9.0080322265625,0.002265049721999,0.0026213865957106,0.0622340455949306,-0.0003565452061593,0.0002065915614366,6.57825730741e-05,still
1783088559015076400,9.018076416015624,-0.0108975155840627,-0.000390805398894,0.0641787499219179,0.0005374778993427,-0.0008128662593662,-0.0009259786456823,still
1783088559025121500,9.02812158203125,-0.0035245117311831,0.0063342947551747,0.0661234542489051,-0.0007208441384136,-0.0002282345667481,0.0017956256633624,still
1783088559035165200,9.038165283203124,-0.000381930255983,-0.0030687696036067,0.0641781654000282,0.0006661301013082,0.0010242499411106,-0.0008664701599627,still
1783088559045209300,9.048209228515624,0.0082640618079341,0.0023751316335052,0.0697159257829189,0.0007490173447877,0.0001501208171248,0.0002623118925839,still
1783088559055254500,9.058254638671874,-0.0003740940093994,0.0093727833849494,0.0616349106580019,0.0018331902101635,-0.0004717274568974,-0.0007715274114161,still
1783088559065298400,9.06829833984375,-0.0068592639107722,0.0003477174591273,0.0680704966634511,0.0010475618764758,0.0005875611677765,0.0009399413829669,still
1783088559075342300,9.07834228515625,-0.0063966696340125,-0.0048844841059297,0.0647778848588466,0.0003748475573956,-0.0013658674433827,0.0009801551932469,still
1783088559085386200,9.08838623046875,-0.0058335467253811,0.0081575258436729,0.0571469515889883,0.0001894060987979,0.0020260112360119,0.0012280642986297,still
1783088559095431400,9.098431396484376,0.0087022066300269,0.0015192842724383,0.0700157855123281,-0.0003940926399081,-0.0008890847675502,0.0001598703674972,still
1783088559105475300,9.108475341796876,-0.0025528993532061,-0.0121295210474519,0.0563964254826307,5.1939394325e-05,-0.0019544246606528,0.0001412027049809,still
1783088559115519200,9.118519287109375,0.0043081729221623,0.0034828485635225,0.0522048190116882,0.0004375651478767,-0.0008763768710196,-0.0011765290983021,still
1783088559125563400,9.1285634765625,0.0047845399959478,-0.0023522119822213,0.0659708940356969,0.0010333829559385,0.0011881277896463,0.0007671513594686,still
1783088559135608300,9.1386083984375,-0.0154576905059162,-0.0065171747581218,0.0631289486080408,0.0008371081203222,-0.0001543718390166,-0.0006062407046556,still
1783088559145652200,9.14865234375,-0.0112399723461829,-0.0060862085954868,0.0608838000297546,0.0011284400243312,-0.0002634711563587,0.0003233591560274,still
1783088559155696400,9.1586962890625,-0.0021663385878782,-0.0100083573251497,0.0394867917358875,-0.0008143361192196,-0.0001950277946889,0.000934022013098,still
1783088559165741600,9.168741455078123,0.003329180955328,-0.0179623782196664,0.0626812048405408,0.0006109795067459,0.0005620247684419,0.0005569832865148,still
1783088559175785200,9.17878515625,-0.0073418871954083,0.0051204254533862,0.0664227294564247,-0.0006028893403708,0.0008597658015787,-0.0013431820552796,still
1783088559185829400,9.188829345703123,-0.0005296133646741,-0.0015855841244338,0.0646282472550869,-8.23189038783e-05,0.0005729882977902,0.0017420450458303,still
1783088559195873300,9.198873291015625,0.0032439868899062,0.0021156335972365,0.0715109925061464,7.58729875087e-05,5.15417195856e-05,0.000803280621767,still
1783088559205918200,9.208918212890625,-0.0015461425966117,-0.0116671893488848,0.0659744011670351,-2.54896003752e-05,8.01901333034e-05,-0.0003582516219466,still
1783088559215962400,9.21896240234375,0.0063387289016973,-0.01916033756627,0.0622340455949306,-0.000256918137893,0.0010671578347682,-0.001209664158523,still
1783088559226006300,9.22900634765625,-0.0003542933303862,-0.0032992059421725,0.0682189652234315,-0.000731807667762,-0.0008070352487266,0.0001023234799504,still
1783088559236051200,9.23905126953125,-0.0010959876763168,-0.0019506385941407,0.0700146164685487,0.000617615878582,-0.0002259337343275,0.0008751729037612,still
1783088559246095400,9.249095458984376,-0.0054372774167917,-0.0156363372917403,0.065375850751996,-0.0014443133259192,0.0002573602832853,-0.0005847427528351,still
1783088559256139300,9.25913916015625,-0.0043543136188294,-0.0176695190532016,0.0719587362736463,-0.0003540150355547,-0.0005937861278653,-0.0010332190431654,still
1783088559266183400,9.269183349609374,-0.0026117260015103,-0.0143658036159817,0.0644756870418787,0.0002605679910629,-0.0019225045107305,-0.0008786974940448,still
1783088559276228400,9.279228271484374,0.0007007412810344,0.0025438986294204,0.0635772768974304,-0.00197888398543,0.0006181509234011,0.0003660640213638,still
1783088559286272300,9.289272216796874,-0.0048041945444885,-0.0146806759681436,0.0623795915454626,-0.0003134664148092,-0.0008925260044634,0.0016633705236017,still
1783088559296316400,9.29931640625,-0.0055937192206736,0.0004912244329112,0.0557943679362535,0.0005331523716449,-0.00143154989928,-0.0002945854794234,still
1783088559306360300,9.3093603515625,0.0104566399487666,-0.0103092102851136,0.0664180532813072,-0.0006165187805891,0.0003522518090903,-0.0001412434503436,still
1783088559316405200,9.3194052734375,-0.0064539345128927,-0.0012452850700705,0.0653700055330991,-0.0013456923188641,0.0005008564330637,0.0011202960740774,still
1783088559326449400,9.329449462890626,0.0005706851605791,-0.0019282783485716,0.0623778379797935,0.0013852578122168,0.0003288565203547,0.0008046713192015,still
1783088559336493300,9.339493408203126,0.0032688930022995,0.0041632457428495,0.0547463201880455,4.40897420048e-05,-0.0007731597870588,0.0003490042872726,still
1783088559346538200,9.349538330078126,0.0008636128257028,-0.0104786988002364,0.0496592261821031,-0.000288619659841,-0.0003186985850334,0.0012484969338402,still
1783088559356582400,9.35958251953125,-0.0073064414226915,0.0022587044628919,0.0587859509676694,-0.0004034019075334,5.25461509823e-05,-0.0009046688210219,still
1783088559366626300,9.369626220703124,0.0039292383408639,0.007630519994616,0.0548953732699155,0.0005687684752047,0.0002127774059772,-0.0004301194567233,still
1783088559376670500,9.37967041015625,-0.0135964906107634,-0.0013535586169804,0.0533989972323179,3.08100134134e-05,-6.01965002715e-05,0.0002870699390769,still
1783088559386715400,9.38971533203125,0.0039189087430946,-0.0111799401214811,0.0568406621187925,0.0008945928420871,8.98279249668e-05,-0.0004023625515401,still
1783088559396759300,9.39975927734375,-0.0057849857427645,-0.0054578886632691,0.0484609563082456,-0.0013134338660165,-0.0005509285256266,0.0010218960233032,still
1783088559406803500,9.409803466796877,-5.28078994713e-05,-0.0006945855348836,0.0641717356592416,0.0006637109909206,-1.33942812681e-05,0.0003384896554052,still
1783088559416848400,9.419848388671875,0.0002086925809271,-0.0018851173435687,0.0545955135405063,0.0007060554344207,0.0007914127781987,0.0025702186394482,still
1783088559426892300,9.429892333984377,-0.0067017809272743,0.0014232080533984,0.0529500844210386,-0.0002630793023854,-0.0001921509392559,-0.002203696873039,still
1783088559436936400,9.4399365234375,-0.0058360126771032,-0.0010895579355303,0.0692611677527427,5.49021642655e-05,0.0015277187339961,0.0003119250759482,still
1783088559446980400,9.44998046875,-0.0105005156231112,0.0017537597485934,0.063126610520482,-0.0004205047152936,-0.0008220658637583,0.0003159602638334,still
1783088559457025300,9.460025390625,-0.0065467821618076,-0.0024456304532941,0.0731511609286069,-0.0006503355689346,-0.0001107356511056,0.000102374702692,still
1783088559467069400,9.4700693359375,0.0006187712191604,-0.0093725641892408,0.054596098062396,-0.0001134905032813,-0.0011141649447381,-0.0007697504479438,still
1783088559477113300,9.48011328125,-0.0058296651347074,-0.0061052763388492,0.0644727644324302,0.0006428470369428,-0.0009213518351316,0.000298709841445,still
1783088559487157200,9.4901572265625,-0.0048655602097511,-0.0080650640705367,0.0685118106901645,0.0001196898519992,0.0005540833808481,-0.0005515366792678,still
1783088559497202400,9.500202392578124,0.0032491927879862,-0.0044509743597591,0.0574380434900522,-7.20578245818e-05,-0.0010659177787601,-0.000841288594529,still
1783088559507246300,9.510246337890624,-0.0009636756666935,-0.0033900922461529,0.0375344886243343,-0.0003573524300009,-0.000596510246396,0.0007373709231615,still
1783088559517290200,9.520290283203124,0.0081500069742091,-0.0133980842451215,0.0495031588375568,-0.0004534926265478,-0.0016892054118216,0.0004984852857887,still
1783088559527335400,9.53033544921875,0.0104894645061343,0.0069180814259219,0.0670090049117803,-0.0012040836736559,-0.0012245457619428,0.0003012348897755,still
1783088559537379300,9.54037939453125,0.0062510049524717,-0.0010365034408867,0.0656610974341631,-0.000380634330213,-0.0015672948211431,-0.0002015698701143,still
1783088559547423500,9.550423583984376,-0.0025504699341021,0.0042623290530173,0.0545873302340507,0.0002119604032486,0.0003862474113702,0.0003294928465038,still
1783088559557467400,9.56046728515625,0.0005954999414272,-0.0062043139832443,0.0608721095919609,-0.0007547670975327,-0.0005812789313495,0.0009753094054758,still
1783088559567512300,9.57051220703125,0.0057814694782719,0.0042247529720072,0.0602741436988115,2.8389506042e-05,0.001006566453725,0.0011771196732297,still
1783088559577556500,9.580556396484376,0.0021783121534623,-0.0036440624406444,0.0656616819560527,0.0004750015214085,6.2831677496e-06,-0.0002881514374166,still
1783088559587600400,9.590600341796875,-0.0032260128417983,-0.0046651171506498,0.0598258154094219,0.0002946406602859,-0.0002933926880359,-0.0001566808205097,still
1783088559597645300,9.600645263671876,-0.0038578627382405,-0.0014900718776858,0.0643155280441045,0.0016187643632292,-0.0002137646079063,0.000542399007827,still
1783088559607689500,9.610689453125,-0.0096203900540247,-0.0076199186854995,0.051298810082674,-0.0006200384814292,0.0002334467135369,0.0012559343595057,still
1783088559617733000,9.620733154296875,0.0075315097496844,-0.0061203300607972,0.064467503735423,-0.0004573194310069,8.05812887847e-05,0.0002103773877024,still
1783088559627777300,9.63077734375,0.0057791496570222,-0.0043551104865618,0.0565361262142658,-0.0013053357833996,-0.000700993463397,-0.0013356478884816,still
1783088559637822500,9.640822509765623,-0.0083109696895815,0.0061706583088147,0.0557879381954669,-0.0007234350778162,-5.67748211324e-05,0.0007328290957957,still
1783088559647866400,9.650866455078123,0.0021239150851033,0.00677427077475,0.056835985943675,0.0007878681644797,0.0008175414986908,0.0010529020801186,still
1783088559657910300,9.66091015625,0.0052281373112928,0.0099303419191855,0.0510007039189338,-0.0016883389325812,0.0013078292831778,-0.0006906695198267,still
1783088559667955500,9.67095556640625,0.0018752284205053,0.0088724783131503,0.0637210692822933,0.0004489419516175,-0.0002860887907445,-0.0001546887215226,still
1783088559677999400,9.680999267578123,-0.0040182957306504,-0.0023114255973952,0.0515986698120832,-0.0015252592274919,-0.0002472065389156,0.0006218890193849,still
1783088559688043300,9.691043212890625,-2.53993027377e-05,-0.0055261019111378,0.0571358456730842,0.0002169779036194,0.0005161138251423,0.0010952042648568,still
1783088559698087400,9.70108740234375,0.0035466778972186,-0.0116596933123073,0.0483078115731477,0.0009400262497365,-0.0009712618775665,0.0011516632512211,still
1783088559708132400,9.71113232421875,-0.002669657600671,-0.0191794464088277,0.0617746113896369,-4.84301708638e-05,-0.00101023260504,0.0008238507434725,still
1783088559718176300,9.72117626953125,0.0044521023043431,-0.0088959961860557,0.068057637181878,-0.0004833242855966,-0.0012933262623846,-0.000302400207147,still
1783088559728220400,9.731220458984374,-0.004154361466784,2.55020507262e-05,0.0599760375350713,0.0008619469590485,-0.0005550258792936,0.0003758873790502,still
1783088559738264300,9.741264404296874,0.0019523761767894,0.0010510868053766,0.0732943687915802,0.0002845737617462,0.0008812169544398,-0.0015591653063893,still
1783088559748309200,9.751309326171874,0.0003789893802255,-0.0061096876524854,0.0590799654781818,0.0003219617065042,0.0010307063348591,-1.21537595987e-05,still
1783088559758353200,9.761353271484374,0.0015588650808669,-0.0096875735387206,0.0492038836300373,-0.0005417014472186,0.0015524192713201,-0.0009732886683195,still
1783088559768397300,9.771397216796874,-7.01974256895e-05,0.0083307269861106,0.0527969396859407,-0.0010333082173019,0.0013295887038111,-0.0015075085684657,still
1783088559778442500,9.7814423828125,-0.0051874217084143,-0.0029038659320562,0.0589326659619808,-0.0009867027401924,-0.0003434093669056,0.0008922659326344,still
1783088559788486100,9.791486083984376,0.0026913762421347,-0.0033439972152584,0.0584849221944808,0.0005572186782956,0.0004467414692044,-0.0011264346539974,still
1783088559798530300,9.8015302734375,-0.0014231555377598,-0.0131764888001373,0.0532487751066684,-4.99819871038e-05,0.0005575288087129,0.0003830448258668,still
1783088559808574500,9.811574462890626,-0.0067302307036239,-0.0128296641068649,0.0670166036963462,0.0003542921040207,0.0006294692866504,0.0005518365651369,still
1783088559818619100,9.821619140625,0.0027089210319798,-0.0054808836630778,0.0707575437903404,0.0006235376931726,-3.5788398236e-05,0.0002833898179233,still
1783088559828663300,9.831663330078126,-0.0125531464371364,-0.0088520200470113,0.0629763883948326,0.0020508887246251,0.0006183199584484,-0.0001163515262305,still
1783088559838707500,9.84170751953125,-0.0116513570255134,0.0050589844395988,0.0486111784338951,-0.0008074820507317,0.000651875976473,-0.0003307359293103,still
1783088559848752400,9.85175244140625,-0.0016482421310618,-0.0082286434346809,0.0516039305090904,-7.7532604336e-06,0.0003539896570146,-0.0005506926681846,still
1783088559858796300,9.86179638671875,0.0014752967169508,-0.0049387327605276,0.0589367576152086,-0.000776341650635,0.0005353507585823,0.0021979557350277,still
1783088559868840400,9.87184033203125,-0.0021335962289012,-0.0025465951932943,0.0565425559550523,0.0013102819211781,-0.0003094570711255,-0.0007732533849775,still
1783088559878883600,9.881883544921877,0.0029596352568827,-0.005557305333577,0.0583387917220592,0.0006199907511472,0.0001009362749755,-0.0001516717020422,still
1783088559888928800,9.8919287109375,0.009469903066894,-0.0028435528628528,0.062078562772274,0.000240592751652,-0.0011419705115258,0.0002743869554251,still
1783088559898972700,9.90197265625,0.0109933589076623,-0.005569546043931,0.0529500844210386,0.0010161052923649,-0.0009499564766883,0.0003337755333632,still
1783088559909016600,9.9120166015625,0.0005809599594213,0.0055729070447967,0.0647702860742807,-0.0004780327435582,-0.0004734946414828,-8.9687295258e-05,still
1783088559919061800,9.922061767578125,-0.0070039604779332,0.0001496558700688,0.064769701552391,-0.0006524696946144,-0.0002407343126833,-0.0006449564825743,still
1783088559929105700,9.932105712890625,-0.0104131752663757,0.0008753923117532,0.0646194794267416,0.0005142607260495,2.79275700449e-05,0.0011082250857725,still
1783088559939149600,9.942149658203125,-0.0090494582982733,0.0007431305344798,0.0640209290117025,0.0003038709983229,-0.0005832677707076,-0.0007053876761347,still
1783088559949193700,9.95219384765625,-0.0094812464448157,0.0076639359237393,0.067761284583807,-0.000341054983437,-0.0008157845586538,0.0002762214280664,still
1783088559959238700,9.96223876953125,0.0094752550954464,0.0044996951725799,0.0607294862508773,0.0007383241318166,3.34978103637e-05,0.0001800812315195,still
1783088559969282600,9.972282470703124,-0.0028039697711355,0.0019427795146708,0.0554921701192855,-0.0003731180913746,-0.0014354912564158,0.0003018470015376,still
1783088559979326700,9.98232666015625,0.0086910915809683,-0.0118447059068363,0.0562403581380844,-0.0001571357715874,0.0015030405484139,-0.0014686225913465,still
1783088559989370600,9.99237060546875,-0.0036387857606168,-0.0066323803693172,0.0661176090300083,-0.0009135088184848,-2.84821726381e-05,-0.0007221358828246,still
1783088559999415600,10.00241552734375,-0.0022544095969758,-0.010944386933092,0.0457663103967905,0.0001184660941362,-0.0002631065435707,6.82903919368e-05,still
1783088560009459700,10.012459716796876,0.0054049825823865,0.0056803517579333,0.0529483308553695,-0.0001547373831272,1.41956843435e-05,0.0005887276493012,still
1783088560019503600,10.022503662109376,-0.0115408732552081,-0.0050370922681991,0.0565408023893833,-0.000731311738491,-0.0001210928894579,-0.0006962476763874,still
1783088560029548500,10.032548583984376,0.007871509693237,-0.0035701775038149,0.0580377629488706,0.0009993291459977,0.0002830703742802,0.0008125244639813,still
1783088560039592700,10.0425927734375,0.0002176978712901,-0.0073761821906547,0.0646218175143003,0.0012251650914549,0.0004713558591902,0.0006572622805833,still
1783088560049636600,10.05263671875,-0.0034237365041393,-0.0071854248419287,0.0743494308024644,0.0005825073458254,-0.0013419687747955,0.0001847248058766,still
1783088560059680800,10.0626806640625,-0.002380109202722,0.0065468575103324,0.0828793587386608,0.0011521577835083,-0.0001824283972382,-0.0012728231959044,still
1783088560069725700,10.0727255859375,-0.0008151431746315,-0.0003271769945975,0.0602852496147155,-0.0003226273693144,0.0017414623871445,0.0001352045219391,still
1783088560079769600,10.08276953125,0.0022934081668034,-0.011558344979817,0.0571434444576501,-0.000370564404875,0.0006847199983894,-0.0003002223093062,still
1783088560089813800,10.092813720703123,-0.0088239059140905,-0.0176140762386494,0.0590887333065271,-0.0017038935329765,-0.0005673458799719,0.0013331966474652,still
1783088560099858700,10.102858642578123,-0.0035072774685919,-0.0120641573437955,0.0475654687732458,6.65760599076e-05,6.831716746e-06,0.0004927029367536,still
1783088560109902600,10.112902587890623,0.0084548899386078,-0.0217954764094087,0.0436754755973815,0.0012508891522884,0.0008350033313035,-9.4749731943e-05,still
1783088560119946800,10.12294677734375,0.0012240162364672,-0.0094623864807188,0.0712093792110681,0.0004162546247243,0.0007961215451359,-0.0003176564350724,still
1783088560129990700,10.13299072265625,0.0092878336314111,-0.0070137352365651,0.0534030888855457,-0.0011527818860486,0.0006375946104526,-0.0009991028346121,still
1783088560140035600,10.14303564453125,-0.0005281246604863,0.0029758443228784,0.0502595301628112,-0.0001927122939378,0.0008405274711549,0.0016925539821386,still
1783088560150079700,10.153079833984377,0.0059785903524141,-0.002697819682653,0.061483519488573,0.0014400295913219,0.0012798043899238,0.0012952797114849,still
1783088560160123600,10.16312353515625,0.0016531831676606,-0.006583513426024,0.0580418546020984,-0.0005317749455571,-0.000105039216578,-0.0004347097128629,still
1783088560170167800,10.173167724609376,-0.0103131946237757,2.58331275777e-05,0.0580418546020984,0.0008063130080699,-0.0021679778583347,0.0005709009710699,still
1783088560180212700,10.183212646484376,0.0016515574661549,0.0045565376430633,0.0622317075073719,0.0002236133441329,0.0008682920597493,-0.0005913022905588,still
1783088560190256600,10.193256591796874,0.0020075769627466,-0.0112589578911545,0.0571457825452089,0.0002668688539415,0.0001465287059545,0.0012234250316396,still
1783088560200300800,10.20330078125,0.0006599617460742,-0.0076059175596106,0.0563975945264101,8.79042781889e-05,0.0008099223487079,-0.0007438519969582,still
1783088560210345700,10.213345703125,0.0022715525280218,-0.0011556911074556,0.0625333208024501,-0.0007288826163858,-0.0004007965326309,0.0011995043605566,still
1783088560220389600,10.2233896484375,-0.0021717362822033,-0.0010427391021396,0.051309915998578,3.11834737658e-05,0.0003832383081316,0.0009656788315623,still
1783088560230433800,10.233433837890624,-0.0083159472587984,0.0044081330151646,0.0736059189587831,0.001632111845538,0.0004915916360914,-0.0004579450469464,still
1783088560240477400,10.2434775390625,0.0010425861218012,0.0001200690159806,0.0674719462484121,0.0015860388521105,0.000701448880136,0.0016491480637341,still
1783088560250522600,10.253522705078124,0.0021121698483824,-0.0159062425575917,0.0552016627401113,0.0004950470756739,3.24482098221e-05,0.0008617134299129,still
1783088560260566800,10.26356689453125,0.0106305443441029,0.0004133254746673,0.0504132594197988,-0.0005347973201423,0.0012114299461245,-2.45864503085e-05,still
1783088560270610700,10.273610595703126,-0.0032675504285842,0.0015463069933932,0.0641816725313663,-0.00040017766878,0.0002722549252212,0.0002771262079477,still
1783088560280655600,10.283655517578126,-0.0089530487190932,-0.0080667377211037,0.0522106642305851,-0.0009160320041701,-0.0005551893264055,-0.0001774753909558,still
1783088560290699800,10.29369970703125,-0.0104671065438538,-0.0080908994814031,0.0555026915132999,0.0006890525110065,0.0008816597983241,0.001357379485853,still
1783088560300743700,10.30374365234375,0.0050639871249906,-0.0007333877418888,0.0409884284704923,0.0009290031157433,0.0005564880557358,-0.0006181532517075,still
1783088560310787600,10.31378759765625,0.0073768123783171,-0.001430740622594,0.0655307490527629,0.0009028648491948,-0.000432594679296,0.0011348238913342,still
1783088560320832800,10.323832763671875,-0.0056727210073266,-0.0156181600309442,0.0649327831596136,0.0002072472125291,0.0004454497247934,-0.0013672159984707,still
1783088560330876700,10.333876708984375,-0.0068617572619579,-0.0159484011988854,0.0592459696948528,-0.0010235079098492,-0.0008302507922053,0.0001148039009422,still
1783088560340920600,10.343920654296875,0.0044205746549181,-0.0081797399587696,0.0552051698714494,0.0002175252884626,-0.0007026852108538,0.0001097440253943,still
1783088560350964500,10.353964599609377,0.0002409326164051,-0.0013149322231998,0.0590951630473136,0.000194338383153,-5.99669292569e-05,-0.0009143473580479,still
1783088560361009700,10.364009765625,0.0099285061551257,0.0045154658471583,0.0638841508895158,7.31647014617e-05,0.0003435015678405,-7.06580467522e-05,still
1783088560371053600,10.374053466796877,0.0084083199836779,0.0001482082650763,0.0668774874866008,0.0010784645564854,-0.0003678360953927,0.0003266860730946,still
1783088560381097500,10.384097412109377,-0.009347902388731,-0.0052523515872308,0.0640337884932756,-0.0005894731730222,-0.0007902137003839,6.17015175521e-05,still
1783088560391142700,10.394142578125,-0.002006855443539,-0.0080034906260087,0.0637339287638664,0.0005273954011499,-0.0002621752209961,0.001013186876662,still
1783088560401186800,10.404186767578125,-0.0073923844067845,-0.0038828487657359,0.0596942979842424,-0.00017780973576,-0.0012531373649835,3.10130417346e-05,still
1783088560411230500,10.41423046875,-0.0026673560457304,-0.0014709082362009,0.0583463905066251,-0.000407982384786,0.0004295064136385,0.0001491797156631,still
1783088560421274600,10.424274658203124,-0.0047580629809759,-0.0112405842675361,0.0520610266268253,-0.0001352746039628,0.0001203133724629,0.0005249518435448,still
1783088560431319800,10.43431982421875,-0.0020196692593395,-0.0094194492380018,0.0496685785323381,0.000497723929584,0.0020516465883702,0.0003410328645259,still
1783088560441363500,10.444363525390624,0.0068622778517659,0.0073536187323974,0.0643348172664642,0.0004047795664519,0.000583978369832,-0.0007119812071323,still
1783088560451407600,10.45440771484375,0.000278999604471,0.012457878502272,0.0685246701717376,-0.0006185921374708,0.0005341614596545,8.4326602518e-06,still
1783088560461452800,10.464452880859374,-0.0036757202375214,-0.0037518473637872,0.0607440992981195,0.0001127119176089,0.0012782486155629,0.0012771625770255,still
1783088560471496700,10.47449658203125,-0.0056572403104044,0.0044137430553324,0.0553577300846576,-0.0007338284049183,-0.0002202410250902,0.0020544957369565,still
1783088560481540600,10.48454052734375,0.0022818821257911,-0.0031864183336379,0.064036711102724,0.0005652615800499,0.0001603243872523,6.48482237011e-05,still
1783088560491584500,10.49458447265625,0.0052134055330418,-0.0028493478493997,0.0585012888073921,0.000387669308111,2.7096830308e-06,-0.0002367403358221,still
1783088560501629700,10.504629638671876,-0.0033227877471596,-0.0071836324603529,0.0611947656750678,-0.0003050188533961,0.0006844787858426,-0.0007182399276643,still
1783088560511673600,10.514673583984376,-0.0086030479713343,0.0010823130607022,0.04683014023602,-0.000539819477126,0.0001580780372023,4.8590125516e-05,still
1783088560521717500,10.524717529296876,0.0002793283980339,-0.0050032242479268,0.06643149728477,-0.0007097292691469,-0.00051383767277,0.0003548536915332,still
1783088560531762700,10.5347626953125,-0.3968089318914338,0.7942335845284163,1.2084189274281265,0.6625434160232544,0.5414294600486755,-0.0134741263464093,still
1783088560541806600,10.544806640625,-0.3035419615859165,0.1590609368717297,-0.1246288347095251,0.2685332596302032,0.1949090659618377,-0.0430511943995952,still
1783088560551850500,10.5548505859375,0.4284285704487934,-0.9743143304120748,-1.124283431148529,0.0727000683546066,0.1955041140317917,0.0151833249256014,still
1783088560561894700,10.564894775390623,0.3057025006206706,-0.1488191817826591,0.2177256360799074,-0.0173312872648239,-0.0018033660016953,0.0082226209342479,still
1783088560571939600,10.574939697265624,0.1493458360052667,0.0317369630604051,0.2642529939770698,-0.0906238481402397,-0.1112234145402908,0.0018608884420245,still
1783088560581983500,10.5849833984375,-0.1326925425066147,-0.1835252603143453,-0.31682723082304,-0.1629840582609176,-0.131417378783226,0.0100181512534618,still
1783088560592027600,10.595027587890623,0.1834510990995913,-0.2768761095110327,-0.0258779531002044,-0.2772303223609924,-0.2453202307224273,0.017737478017807,still
1783088560602071800,10.60507177734375,0.234158190366812,0.1959817688434384,0.1323275725185871,-0.181672915816307,-0.2100866138935089,0.0124521702527999,still
1783088560612116500,10.615116455078123,-0.2331990630110725,0.4574802216816693,0.5808832409232855,-0.0118416780605912,-0.0926710367202758,-0.0005277006421238,still
