time,seconds_elapsed,accel_x,accel_y,accel_z,gyro_x,gyro_y,gyro_z,label
1783086714946546400,0.05154638671875,0.0785552119292318,0.0235347692412324,0.2576742001086473,0.0156209915876388,0.035588763654232,-0.0072149857878685,still
1783086714956590000,0.061590087890625,0.2185682791828177,-0.0430109838066622,0.4600216497927903,-0.0447747111320495,-0.08204385638237,0.0073865940794348,still
1783086714966635300,0.07163525390625,0.1115185201805084,-0.0055891526434104,0.0628325960099697,-0.0375967696309089,-0.076841153204441,0.0037941955961287,still
1783086714976679400,0.081679443359375,-0.1476238710508682,0.0583877819629386,-0.1612976464152336,0.0132733350619673,0.0216880831867456,-0.0001853660214692,still
1783086714986723000,0.09172314453125,-0.2239225910238921,0.033081810931256,-0.1341185475885868,0.0338303707540035,0.0685453712940216,-0.0047632567584514,still
1783086714996768300,0.101768310546875,-0.0123350695399334,-0.0399911427951417,0.1737824494570493,0.0111032193526625,0.0228319428861141,-0.0011011436581611,still
1783086715006812400,0.1118125,0.1979363552436232,-0.0187699751253705,0.2077618759483099,-0.018105087801814,-0.0404683463275432,0.0022615056950598,still
1783086715016856300,0.121856201171875,0.0852138843671418,-0.0176913678421173,0.0903431187480688,-0.0200084503740072,-0.0409660898149013,0.0028689727187156,still
1783086715026901200,0.1319013671875,-0.1484780401947908,-0.0336227585406973,-0.021717910811305,0.0026022079400718,0.0088160997256636,0.0005127810873091,still
1783086715036945400,0.1419453125,-0.1261660907467827,-0.0329996947389096,-0.0356610959678888,0.0187092721462249,0.0386568196117877,-0.0033722380176186,still
1783086715046989300,0.1519892578125,0.0459794051581993,-0.0243725169733166,0.0684545275449752,0.0080986088141798,0.0154353585094213,-0.0009363205172121,still
1783086715057034200,0.1620341796875,0.1049162084391806,-0.0394207316291984,0.1465712019264698,-0.0133044170215725,-0.026361621916294,0.0026645394973456,still
1783086715067078400,0.172078369140625,-0.0003725139736663,-0.0180681835315655,0.1157791732996702,-0.0144019685685634,-0.0288877934217453,0.0023880337830632,still
1783086715077122300,0.182122314453125,-0.1020507816712372,0.022847563295206,-0.001076104798913,0.0038872906006872,0.0076571661047637,-0.0017403985839337,still
1783086715087167200,0.192167236328125,-0.0664360912614967,0.0091278572967275,-0.0063362172842025,0.0150729464367032,0.0304810050874948,-0.0023339202161878,still
1783086715097211400,0.20221142578125,0.0413979819523403,0.0085636658090166,0.0798310770839452,0.0039377361536026,0.0080617163330316,0.0002996795810759,still
1783086715107255300,0.21225537109375,0.1003446262073237,0.0211416178938467,0.1387982298374176,-0.0127418069168925,-0.024470642209053,0.0010393025586381,still
1783086715117299200,0.22229931640625,-0.0053845745485974,0.0178291506113018,0.0888455736666917,-0.0099790440872311,-0.0204101204872131,4.72750980406e-05,still
1783086715127344000,0.23234423828125,-0.1140158625547308,0.017675156492833,-0.011408113721013,0.0070788422599434,0.0138859637081623,-0.0001313171815127,still
1783086715137388300,0.24238818359375,-0.0347514520433731,0.0154692896121647,-0.0228045370042324,0.0129859996959567,0.0276505108922719,-0.0017265507485717,still
1783086715147432400,0.252432373046875,0.0548223171668592,0.0031283063546754,0.0977881740570068,0.0004206395242363,-0.0023882663808763,0.0006782605778425,still
1783086715157477000,0.26247705078125,0.0283065228208433,-0.0224748027263674,0.1510761121302843,-0.0132520291954278,-0.0262390039861202,0.0022143719252198,still
1783086715167521300,0.272521240234375,-0.0674941763465292,-0.0207831963776145,0.0496434440910816,-0.0047779302112758,-0.0068859090097248,-0.0005276915617287,still
1783086715177565400,0.2825654296875,-0.0628230153308715,-0.006185456302436,-0.033114918616414,0.0097203189507126,0.0206112284213304,-0.0020965598523616,still
1783086715187610000,0.292610107421875,-0.0004878931147977,-0.0187938126586843,0.0380903689414262,0.0064394632354378,0.013131134212017,-0.0011752275750041,still
1783086715197654300,0.302654296875,0.0362870047473115,-0.0437665148817002,0.1362532215297222,-0.0061618159525096,-0.0120855383574962,0.0014035111526027,still
1783086715207698200,0.3126982421875,-0.0071388891363283,-0.0138344549519475,0.0942220060080289,-0.0087765734642744,-0.0148843619972467,0.0004117018543183,still
1783086715217743000,0.3227431640625,-0.0575162369925295,-0.0174698523122351,0.0004056581914424,0.0036665145307779,0.0072845900431275,-0.0016916629392653,still
1783086715227787000,0.332787109375,-0.0452661194894229,-0.00599621734065,0.0155038586020469,0.0085878632962703,0.0180819295346736,-0.0009035372640937,still
1783086715237831200,0.3428310546875,0.0260906368696596,-0.0052951929318252,0.0901613324403762,0.0016580522060394,0.0012028142809867,0.0008192616514861,still
1783086715247876000,0.3528759765625,0.029998453396582,0.0162025083906948,0.1081277817636728,-0.0078942999243736,-0.0139540396630764,0.0011746714590117,still
1783086715257920000,0.362919921875,-0.0225395978911546,0.0116108606183435,0.0568143586337566,-0.0026537314988672,-0.0058577642776072,3.00449319183e-05,still
1783086715267964200,0.372964111328125,-0.052062218503491,0.016080772574013,0.0194014505624771,0.0060326252132654,0.0128614408895373,-0.0005897674709558,still
1783086715278009000,0.383009033203125,-0.0131964538759319,0.0195970827324315,0.0300116919040679,0.0064520733430981,0.0102552715688943,-0.0019181524403393,still
1783086715288053000,0.393052978515625,0.0290541765501024,-0.0014889964487403,0.0958487304270267,-0.0035974441561847,-0.0055741211399436,0.0009175091981887,still
1783086715298097200,0.40309716796875,-0.003125557275163,0.0040104138182941,0.0855348416835069,-0.0053031989373266,-0.0099443672224879,-0.0006074167322367,still
1783086715308142000,0.41314208984375,-0.031767084204033,0.0003277158507145,0.0277799873292446,0.0012618354521691,0.0042562913149595,2.86381691694e-05,still
1783086715318186000,0.42318603515625,-0.0186172459488036,0.0067795406049117,0.0229810626149177,0.0067290388979017,0.0109450872987508,-0.0009242407977581,still
1783086715328230100,0.433230224609375,0.0007644130678148,-0.0137523296264465,0.0756453158318996,0.0005592035595327,0.000409213360399,-0.0003413918893784,still
1783086715338275000,0.443275146484375,0.0142786961546866,-0.0268874680694658,0.0960012906402349,-0.0051530105993151,-0.0100972224026918,0.0012959195300936,still
1783086715348319000,0.453319091796875,-0.016006419563014,-0.026507364444388,0.0500707295924425,-0.0015576680889353,-0.0025584581308066,0.0012432851362973,still
1783086715358363100,0.463363037109375,-0.0441635331089608,-0.0136819678039755,0.0307645560979843,0.0033297652844339,0.0084750177338719,-0.0006747234147042,still
1783086715368408300,0.473408203125,-0.0183435435739578,-0.0113293493963778,0.0639776743918657,0.0007189465686678,0.0038229436613619,0.0001432546414434,still
1783086715378452000,0.483451904296875,0.021091390110529,-0.0053029561131726,0.0940565863132476,-0.0028771196957677,-0.0030932859517633,-0.0009385212324559,still
1783086715388496100,0.49349609375,0.0058263680659234,-0.007338133468898,0.0669780252516269,-0.0025065524969249,-0.0055870055221021,-0.0005008189473301,still
1783086715398541300,0.503541259765625,-0.0235900293926941,0.0008206048010382,0.0557569585353136,0.001916159177199,0.0025417611468583,8.93373508006e-05,still
1783086715408585000,0.5135849609375,-0.0137798249881481,0.0027065738112665,0.0497667782098054,0.0032225656323134,0.0047969315201044,-0.0013427885714918,still
1783086715418629000,0.523629150390625,-0.0008299480181187,0.0049613122018054,0.064428340768814,-8.5879350081e-05,-0.0006851856596767,-0.0011747430544346,still
1783086715428674300,0.53367431640625,0.0047825581014156,-0.005800941363722,0.0826870510369539,-0.0023507392033934,-0.0045215436257421,0.0009601921774446,still
1783086715438718200,0.54371826171875,-0.0240975222571054,0.0118914950574748,0.0467769487440586,-0.0008657604921609,0.0002945167943835,0.0008893520571291,still
1783086715448762000,0.55376220703125,-0.0285850292349699,0.0062886792148929,0.0484206242978572,0.000675710150972,0.0023570533376187,0.0005642028991132,still
1783086715458807300,0.563807373046875,-0.0112370543033117,-0.000577416295465,0.0657744946807622,0.0020285961218178,0.0025503986980766,0.0003524816129356,still
1783086715468851200,0.573851318359375,-0.0079628595048096,-0.0089253295951057,0.075500938925147,-0.0007684328593313,-0.0019222358241677,-4.82043251395e-05,still
1783086715478895000,0.58389501953125,0.001896097678598,-0.0039907958023715,0.0532078585743904,-0.0006480580195784,-0.0012495210394263,-0.0010673960205167,still
1783086715488940300,0.593940185546875,-0.0189355866163969,-0.0012089739309623,0.0566501079827547,0.0003968582022935,0.0009331321343779,0.0013543643290176,still
1783086715498984200,0.603984130859375,-0.0163581784430192,-0.0182033998843282,0.0627840806931257,0.0010288259945809,0.0009203488007187,0.0009048227220773,still
1783086715509028000,0.614028076171875,-0.0109141287921462,-0.0206579442964401,0.0678700056552887,0.0003797530662268,0.0004003345966339,0.0002301710192114,still
1783086715519073000,0.624072998046875,-0.0051605245683342,-0.0211669075987301,0.0756529146164655,-0.0009957696311175,-0.0025395289994776,0.0005404292605817,still
1783086715529117200,0.6341171875,-0.0100542970924172,-0.0162794186849612,0.0554541761964559,-0.0019672238267958,-0.0010142340324819,-0.0017775404267013,still
1783086715539161000,0.6441611328125,-0.0099132126878714,-0.0011576182030607,0.0511152702093124,0.0004229631740599,-0.0003721457906067,-0.0006238589994609,still
1783086715549206000,0.6542060546875,-0.0089716529548633,0.0009571911269798,0.0442296023488044,0.0014515314251184,-0.0006539477035403,0.0004209973849356,still
1783086715559250200,0.664250244140625,-0.0152940015439176,0.0062762307252734,0.0590425560772418,0.000411833403632,-1.6919337213e-05,0.0009102200856432,still
1783086715569294300,0.67429443359375,-0.0007935889299493,-0.0081031812909524,0.0487181459397077,-0.0009074320551007,0.0004500397481024,0.0001139927189797,still
1783086715579338000,0.684337890625,-0.0129757922959979,0.0022954631265718,0.0606885697185993,0.0004952549934387,0.0002476396039128,0.0008895052596926,still
1783086715589383200,0.694383056640625,-0.0036910045716213,0.0028204916476737,0.0611368980079889,0.001056209905073,-0.0002092733047902,8.0281170085e-05,still
1783086715599427300,0.70442724609375,-0.010178220299608,0.0107478414476849,0.0665215136557817,0.0006048041395843,0.0013050003908574,0.0002880077809095,still
1783086715609471000,0.714470947265625,0.0015579837314551,0.0136014316473621,0.0632271482855081,0.000922585139051,0.0006425101310014,0.0009144421201199,still
1783086715619516200,0.72451611328125,-0.0049354014424141,0.0023946035189554,0.0533510664373636,-0.0005304354708641,-0.0005726902745664,0.0008273567073047,still
1783086715629560300,0.734560302734375,-0.025810048096301,-0.0061952379109337,0.0520054970473051,-0.0006919961888343,-0.0004804586060345,0.0014013841282576,still
1783086715639604000,0.74460400390625,0.0073703369717579,-0.0188066630071029,0.0606850625872611,0.0001165396533906,0.001683359965682,0.0011867333669215,still
1783086715649649200,0.754649169921875,-0.004847668360034,-0.0238725772276986,0.0567933158457279,0.0005703887436538,-8.56020487844e-05,0.0004283180460333,still
1783086715659693000,0.764693115234375,-0.0112944516129326,-0.0141124681757297,0.0614326660841703,-0.0007563980761915,-0.0015575313009321,-0.0003381397109478,still
1783086715669737200,0.7747373046875,-0.0075755269879242,-0.0212103631479665,0.0527548541098833,-5.49720134586e-05,-5.3712632507e-05,-0.0012513427063822,still
1783086715679782100,0.7847822265625,-0.0169890282590407,0.0031433486601803,0.04826631051898,-0.0003721544053405,0.0006179367192089,-0.0012697183992713,still
1783086715689826000,0.794825927734375,-0.0135762195742921,-0.0090222323646303,0.0412339276641607,0.0001561876852065,-0.0007637380622327,0.0019867576193064,still
1783086715699870200,0.8048701171875,-0.0105606939782854,-0.0015563808628357,0.0654752194732427,-0.0007793807890266,-0.0023634987883269,-0.0001277921255677,still
1783086715709915100,0.8149150390625,-0.001220385807543,-0.00288140065521,0.0731073217868805,-0.0009548540692776,-0.0010492512956261,-0.0012699582148343,still
1783086715719959000,0.824958984375,-0.0028677694220794,-0.0023459786042571,0.0470692096889019,0.0005591528024524,-0.0005230107344686,-0.0014113723300397,still
1783086715730003200,0.835003173828125,-0.0165977593525545,-0.0061351600204594,0.0659217941969633,0.0005483778659254,0.0012900060974061,-0.0001241150312125,still
1783086715740048100,0.845048095703125,-0.013967292117956,-0.0113393228011205,0.059935705524683,0.0001683449372649,0.0012841471470892,-0.0010266602039337,still
1783086715750092000,0.855092041015625,-0.0040591802968876,0.0056728306051809,0.0751975720643997,-0.0004825498908758,0.000416558701545,0.0006386446766555,still
1783086715760136200,0.86513623046875,-0.0075774358172202,-0.0042157819309737,0.0648731619268655,0.000839176820591,0.0006107031367719,0.0010841914918273,still
1783086715770181000,0.87518115234375,-0.0033995930101489,-0.0131395497566554,0.0526017093747854,0.0001644433941692,0.0024688069242984,-0.0012738872319459,still
1783086715780225000,0.88522509765625,-0.0072379199308576,-0.0015576595044694,0.0537976411610841,0.000151926651597,0.0007156478241086,0.0001373218838125,still
1783086715790269200,0.895269287109375,-0.0043768268447369,-0.0061496269372291,0.0576876343369483,-0.000191377941519,-0.0009901118464767,-0.0005945835728198,still
1783086715800314000,0.905314208984375,-0.0056764290680643,-0.013460497939866,0.05664017111063,-7.10031017661e-05,-0.0001421612687408,-0.0002763357479125,still
1783086715810358000,0.91535791015625,0.0006736112455138,-0.0198978649104479,0.0563414804250001,0.0003015450201928,0.0001343595795333,0.0002522394061088,still
1783086715820402200,0.925402099609375,-0.0069777620241744,-0.016153545549279,0.0530494531422853,-4.12038061767e-05,0.0006363657303154,-0.0004857226740568,still
1783086715830447000,0.935447021484375,-0.001779736723355,-0.0051646801536437,0.0503565607964992,-0.0009939692681655,0.0008162348531186,-0.0014442808460444,still
1783086715840491000,0.945490966796875,-0.0105527846664655,0.0046712980129756,0.0588870732545852,-0.0004320424050092,-0.0018871403299272,0.000750696635805,still
1783086715850535200,0.95553515625,-0.0028913375273346,0.0110825441616121,0.0624783757448196,0.0007949850987643,8.1313773989e-06,-0.0004736052360385,still
1783086715860580000,0.965580078125,-0.0119444308211095,0.009167705249926,0.0618792408078908,0.0005901879630982,0.0010430356487631,0.0012739611556753,still
1783086715870624000,0.9756240234375,-0.0088052057801978,0.0143257638665381,0.0674146631032228,0.001250478439033,-0.0012888996861875,-2.26381234824e-05,still
1783086715880668200,0.985668212890625,-0.0098342246009502,-0.0005788867333438,0.0502057541489601,0.0010115932673215,-0.0013115368783473,-0.000552340876311,still
1783086715890713000,0.995713134765625,-0.0083190799308009,0.001569797466835,0.0543950225323438,-0.0011100063566118,0.0005417075008153,-0.0001203715801239,still
1783086715900757000,1.005757080078125,0.0007815194662427,0.0114647392790764,0.0558913985699415,-0.000117978779599,0.0007291943766176,0.0007922936929389,still
1783086715910801200,1.01580126953125,-0.0051376049170503,0.0036756563054397,0.0552922636330127,0.0013868596870452,0.000434071291238,-0.000648041954264,still
1783086715920846300,1.025846435546875,-0.0102829958483343,-0.0019983890092931,0.0591828413307666,0.0004297194536775,0.000359502620995,0.0016835555434226,still
1783086715930890000,1.035889892578125,-0.0073870597776956,0.0066866290239151,0.0647200171917676,-0.0005123934242874,-0.0010112142190337,0.0002532633952796,still
1783086715940934100,1.04593408203125,-0.0096638364701066,-0.0077336995245888,0.0705570527821779,0.0006372933275997,-1.14636495709e-05,3.32861673086e-05,still
1783086715950979300,1.055979248046875,-0.0171588958000764,-0.0113381446241866,0.0662175622731447,0.001185790868476,-0.0001813853159546,0.0005905942525714,still
1783086715961023000,1.06602294921875,-0.0046137180402642,-0.018520968800364,0.0641202977329492,0.0010800634045153,0.0014130491763353,-0.0001638792455196,still
1783086715971067100,1.076067138671875,-0.0086255246646236,-0.0029968163289595,0.0609790770977735,-0.0011992931831628,-0.0004027266986668,-0.0002690039109438,still
1783086715981112000,1.086112060546875,-0.0047894947322783,-0.0063032557295169,0.0523006806015968,0.000251597026363,-0.0011135246604681,-0.00151536334306,still
1783086715991156200,1.09615625,-0.0034369795782025,-0.004523103447631,0.051552492582798,0.0003959720488637,0.0008430210873484,-0.0001901478972285,still
1783086716001200000,1.1062001953125,-0.0100304458593716,0.0004871715955901,0.0385322674900293,0.0008060990367084,0.0014526187442243,-1.97056215256e-05,still
1783086716011244000,1.116244140625,-0.0030549397243652,0.0031778080522082,0.0569376927524805,-0.0004839829634875,-0.0008980627171695,0.0002236592117697,still
1783086716021289200,1.126289306640625,-0.020187468107324,0.0065070164069999,0.0748936206817627,-0.000865614041686,-0.001329228747636,-7.00876116752e-05,still
1783086716031333000,1.1363330078125,-0.0279804326716344,0.0030831611718516,0.0531967526584863,-0.0005345644894987,-9.54559072852e-05,0.0011688150698319,still
1783086716041377000,1.146376953125,-0.007330689947959,0.0125028775546234,0.0484065957725048,0.000513122882694,0.0003495584242045,-0.0011795603204518,still
1783086716051422200,1.156422119140625,-0.0029573108690558,0.0027188761704135,0.0726467185378074,0.0001770060043781,-0.0007748119533061,-0.0003018381539732,still
1783086716061466000,1.166466064453125,-0.0108888573535718,-0.0061946442558895,0.0629191052496433,0.0011107099708169,-0.0003021010197699,-0.0016861495096236,still
1783086716071510000,1.176510009765625,-0.0117952818411169,-0.0010541852280497,0.0590279430299997,0.000824226764962,9.43373888731e-05,-0.0008900261018425,still
1783086716081555200,1.18655517578125,-0.0086451746465871,-0.0037704127836506,0.0566343258917331,0.0003019808791577,0.0014538811519742,-0.0001105188857764,still
1783086716091599000,1.19659912109375,-0.0119938274873653,-0.0041986572662368,0.0566337413698434,0.0006993853021413,-2.48071737587e-05,-0.0014002146199345,still
1783086716101643000,1.20664306640625,-0.0133139062431408,-0.0102681681719608,0.0546878679990768,0.0007473223377019,0.0002537597902119,-0.0010987450368702,still
1783086716111688200,1.216688232421875,-0.0102078117202734,-0.0022873620185069,0.0519938066095113,0.0008222041651606,0.0003149220719933,4.37994021922e-05,still
1783086716121732400,1.226732421875,-0.0112061796744354,-0.0167879801284521,0.0645633653253316,0.0004003592766821,0.0002392884343862,-0.0007282509468495,still
1783086716131776000,1.23677587890625,-0.0073573313597124,-0.0112575993344187,0.0371796838372945,-0.0004252349026501,0.0008446355350315,0.0007284742314368,still
1783086716141821200,1.2468212890625,-0.0218028034826274,-0.0081386727294418,0.0597755465269088,0.0002874271012842,0.0008334498852491,0.0008387290872633,still
1783086716151865000,1.256864990234375,-0.0166094863229664,-0.0039259960710071,0.0677057550042867,0.0005629523657262,0.0005426164716482,-0.0006215800531208,still
1783086716161909000,1.266908935546875,-0.0161229083824204,-0.0001878781217616,0.044961423754692,-0.0023532090708613,-0.0006504794582724,-0.0007177202496677,still
1783086716171954200,1.2769541015625,-0.0075031741377664,-0.0019807620210573,0.0572317072629928,0.0007288062479346,-0.0012336103245615,-0.0001880889758467,still
1783086716181998000,1.286998046875,-0.009629331412306,-0.0009632098758127,0.0554348869740962,0.0003556974697858,0.0001901155337691,-5.92879951e-06,still
1783086716192042200,1.297042236328125,-0.0140786298382095,0.0077739128039684,0.0603723433762788,0.0003377280663698,-0.0007225549779832,-0.000840418273583,still
1783086716202087200,1.307087158203125,-0.0025194172087125,0.0016483699952252,0.0582774169236421,-0.0004026307724416,-0.0004405262880027,0.0004685253370553,still
1783086716212131000,1.317131103515625,-0.0021904135832097,-0.0002299728309735,0.0457072736859321,-0.0006825611926615,-0.0011238139122724,-0.0002084756270051,still
1783086716222175000,1.327175048828125,-0.0089464728478342,-0.0130838466471992,0.0501969863206148,0.0006982877384871,-0.0010577673092484,-0.0016337994020432,still
1783086716232220000,1.337219970703125,-0.0123800000936258,-0.0090382793171331,0.0564811811566352,-0.0006044686306267,0.0013371100649237,0.0014925539726391,still
1783086716242264000,1.34726416015625,-0.0005613054108805,-0.0034563235994894,0.0539367573708295,-0.0002127175685018,0.0004550712183117,-0.0023812802974134,still
1783086716252308000,1.357307861328125,-0.0130904910171171,-0.0139024147547781,0.0503454548805952,0.0008100795093923,-0.0008829627186059,0.0001097009517252,still
1783086716262353000,1.367352783203125,-0.0104352455342886,-0.0060165751420892,0.0561824904710054,-0.0005689053796231,-0.0015884339809417,0.0016916185850277,still
1783086716272397000,1.37739697265625,-0.0017905458117369,-0.0036551797729916,0.0674058952748775,0.001284847036004,0.0003675003536045,-0.0010874909348785,still
1783086716282441000,1.38744091796875,0.0059278556790202,0.0074342142545152,0.0570809006154537,-0.0008616605773568,-0.0006716651841998,0.0014007005374878,still
1783086716292486000,1.39748583984375,-0.0078359451895114,-0.0001287135467398,0.0466074373960494,-0.0019528426928445,-0.0005467473529279,-0.0010774077381938,still
1783086716302530000,1.407530029296875,-0.0134316143386764,0.0024020013741217,0.0703998163938522,0.0005627793725579,-0.0008357004262506,-0.0003325217403471,still
1783086716312574000,1.417573974609375,-0.0040608242647023,0.004796723624086,0.0632177959352731,0.0002777266781777,0.0005378741770982,0.0009001612197607,still
1783086716322619000,1.427618896484375,-0.0041821171233896,-0.0026325313275214,0.0715969172239303,0.0005190090741962,-0.0006616138853132,-0.0007584553677588,still
1783086716332663000,1.4376630859375,-0.0032011341288685,0.0092399119696114,0.0639653994321823,-0.0008354266174137,-0.0003011631779372,-0.0001810449175536,still
1783086716342707000,1.44770703125,-0.0112223179584834,0.0149090710466727,0.0542389551877975,0.000197347253561,-0.0008007721044123,-0.00167001853697,still
1783086716352751900,1.457751953125,-0.0156300879307556,0.0036817755189724,0.0593272182375192,0.0003655173350125,5.38937747478e-05,-0.0004405684303492,still
1783086716362796000,1.467796142578125,-0.0115138619506964,0.0131205436620861,0.0698012659788131,0.0010249158367514,0.0014810818247497,-0.0007321846205741,still
1783086716372840000,1.47783984375,-0.0003676414357265,0.0062851812167093,0.061571197772026,0.000816985964775,0.000975458882749,-0.0013840696774423,still
1783086716382884900,1.487884765625,-0.0105198094120481,0.0045292957263998,0.0617202508538961,-0.0004639944527298,0.0002955542877316,-0.0003515619318932,still
1783086716392929000,1.497928955078125,-0.0153207845195662,-0.0120833735009189,0.0635159020990133,0.0007812567055225,0.0003709541633725,-0.0008392569143325,still
1783086716402973000,1.507972900390625,-0.0088492047521285,-0.0011250585071742,0.057678866508603,-0.0010603191331028,0.0015254346653819,-0.0001854510046541,still
1783086716413017000,1.51801708984375,-0.012465253524552,-0.0069850365817546,0.0501975708425045,-0.0003204969689249,0.0005339980125427,3.37495002895e-05,still
1783086716423062000,1.52806201171875,-0.0116008689472917,-0.0007515033538918,0.0557347467035055,-0.0004086475819349,0.0012618396431207,3.0020950362e-05,still
1783086716433106000,1.53810595703125,-0.0087201121794758,-0.0107530290794558,0.0663607701361179,-0.0014160665450617,-2.84807756543e-05,-0.0004956806078553,still
1783086716443150000,1.548150146484375,0.0035183925176504,0.0026692922744899,0.0575327360361814,0.0017269959207624,0.0011297278106212,0.0003045992925763,still
1783086716453195000,1.558195068359375,-0.0167301489939913,-0.0037754999507218,0.0723462742865085,-0.000618569785729,6.5485946834e-06,-0.0006443399470299,still
1783086716463239000,1.568239013671875,-0.0070795418982161,-0.001180423689913,0.049752749684453,-0.0011722409399226,-0.0004046433605253,0.0015847258036956,still
1783086716473283000,1.578282958984375,-0.0078925981470383,0.0104887521200813,0.050800797432661,7.54154752939e-05,-0.0010971287265419,0.0001610571052879,still
1783086716483328000,1.588327880859375,-0.0126538531655212,0.0009506335220299,0.0513987633258104,0.0008874132763594,-0.0004427898675203,0.0003759742248803,still
1783086716493372000,1.598371826171875,-0.001257639944856,0.0093632643546443,0.0505009377032518,0.0003163521178066,0.0005192649550735,0.0004897208418697,still
1783086716503416000,1.608416015625,-0.008579393101111,-0.0069974485387559,0.055888475960493,-0.0017079164972528,0.0007131430320441,0.0001986373681575,still
1783086716513461000,1.6184609375,8.55639581801e-05,0.0150360492940526,0.0642675972491502,0.0006243006791919,0.0010103876702487,-0.0001033598091453,still
1783086716523505000,1.6285048828125,-0.0060925584211712,-0.0012345650299452,0.0648655631422996,-0.0007046167738735,-0.0001837736926972,0.000463094562292,still
1783086716533549000,1.638549072265625,-0.0108923873177962,0.0090694142409134,0.0533440521746873,-0.0002117704134434,-0.0012728199362754,-0.0010796391870826,still
1783086716543594000,1.648593994140625,-0.006745866664173,0.0008605714852456,0.0500520248919725,0.0001152658369392,-0.00117161963135,0.001635719789192,still
1783086716553638000,1.658637939453125,-0.0031993394640041,-0.0040638427722733,0.0505032757908105,-0.0007120927330106,0.000896000303328,0.0013292968505993,still
1783086716563682000,1.66868212890625,-0.0154909762875875,-0.0064424998034257,0.0730985539585351,-0.0009850668720901,0.000431278720498,0.0006222275551408,still
1783086716573727000,1.67872705078125,-0.0117074345943052,-0.0125467988947406,0.0570884994000196,0.0002476871013641,0.0027567076031118,-0.0003876551054418,still
1783086716583771000,1.68877099609375,-0.0067553423119941,-0.0004043978161178,0.0488572621494531,0.000139030162245,0.0006940891034901,0.0005415217019617,still
1783086716593815000,1.69881494140625,-0.0216097788282902,-0.0116801447285804,0.048109658652544,-0.0010607641888782,0.000733058899641,-0.0002832764293998,still
1783086716603860000,1.70885986328125,-0.014467734187073,0.0028025084664113,0.0716033469647169,0.000246581621468,0.0009804661385715,-0.0011650491505861,still
1783086716613904000,1.71890380859375,-0.0044124324476579,-0.0043937871126923,0.0738479110211133,-0.0001688024494796,0.0009520458988845,-0.0009193564765155,still
1783086716623948000,1.728947998046875,3.7811259739e-06,0.0024988767441827,0.0525987867653369,0.0008133712690323,0.001029809936881,-0.0005502423737198,still
1783086716633993000,1.738992919921875,-0.0056370606054784,0.0001215348872821,0.0656172582924366,-9.550713002681732e-07,-7.13975168764e-05,0.0001293483655899,still
1783086716644037000,1.749037109375,-0.0102891744273714,0.0009048764178529,0.0596317541420459,0.0003274127375334,0.0010143732652068,0.0009306935826316,still
1783086716654081000,1.7590810546875,-0.0146050237659132,0.0002766615169122,0.056337973293662,-0.0001878703478723,0.000200611539185,-0.0001516207121312,still
1783086716664126000,1.7691259765625,-0.0011414159869309,-0.0012585121611133,0.0543932689666748,-0.0001495210453867,0.0004402962513267,4.70511149615e-05,still
1783086716674170000,1.779170166015625,0.0001192698649596,0.0063936556930188,0.0392798709869384,7.35358335077e-05,2.91257165372e-05,0.0011356642935425,still
1783086716684213800,1.7892138671875,0.0066927847700659,-0.0021274770153686,0.0555897852748632,0.0004242742434144,0.0005561653524637,-0.000104303471744,still
1783086716694259000,1.799259033203125,-0.0001897915176348,-0.0049074448564089,0.0611257920920848,0.0013757201377302,-6.89574517309e-05,-0.0009325696155428,still
1783086716704303000,1.80930322265625,0.0016700521040707,-0.0014457235625945,0.0512491257220506,0.0013940960634499,3.41068953275e-05,0.0001366895157843,still
1783086716714347000,1.819346923828125,-0.01343641381138,0.0012546579699032,0.0600777443438768,-0.0002061459235846,0.0002046735025942,2.26802658289e-05,still
1783086716724392000,1.829391845703125,-0.0080410941064823,0.0088025343324989,0.0578343493312597,-0.0008314561564475,0.0001484807580709,-0.0011666875798255,still
1783086716734436000,1.83943603515625,-0.0236705701158847,-0.0106853341381065,0.0585831218719482,0.0002458086237311,-0.0012458534911274,-0.000236288877204,still
1783086716744480000,1.84947998046875,-0.0163535570668289,-0.0076009491235483,0.0632224721103906,-0.0002394195180386,-0.0004618191160261,-0.000480500748381,still
1783086716754524000,1.85952392578125,-0.0105291297962423,-0.0023147432157769,0.0570867458343505,0.0011359897907823,0.0010736240074038,0.0007386629004031,still
1783086716764569000,1.869569091796875,-0.0214660412423545,0.0017965828268788,0.0560386980861425,-1.36969611048e-05,-1.72066502273e-05,0.0002537013497203,still
1783086716774613000,1.879613037109375,-0.0161873245212947,0.0016402780203148,0.0539437716335058,-0.0002423205878585,-2.6347115635e-06,-0.0003425567410886,still
1783086716784657000,1.889656982421875,-0.0064881655760575,0.0006276303790509,0.0569359391868114,0.0004727381747215,-0.0008183610625565,0.001700354157947,still
1783086716794702000,1.8997021484375,-0.0049470279481261,0.0073883566856384,0.0627718057334423,0.0004861829802393,0.00102229276672,1.42948701977e-05,still
1783086716804746000,1.90974609375,-0.0002623452971922,0.0048500795128289,0.062921443337202,0.0003418396227061,-0.0014967913739383,-0.0014110289048403,still
1783086716814790000,1.919789794921875,0.0029857560788281,-0.005527321187267,0.0645686260223388,-0.0002241840120404,-0.0002858447842299,7.31092877686e-05,still
1783086716824835000,1.9298349609375,-0.0001145434574922,-0.0046122521689627,0.0748936206817627,-0.0007717299740761,7.98073597252e-05,0.0006142635829746,still
1783086716834879000,1.93987890625,-0.0082833784297574,0.0031713417788036,0.0641191286891698,-0.0011298642493784,0.0007677124813199,-5.4798554629e-05,still
1783086716844923100,1.949923095703125,-0.0085477375875227,-0.0079366382181644,0.0548421817779541,-0.0006510280072689,-0.000439231749624,-0.0002521388232707,still
1783086716854968000,1.959968017578125,-0.0175428855824051,-0.013445419101743,0.065765726852417,0.0012532086111605,-0.0005679698660969,0.0008688746020197,still
1783086716865012000,1.970011962890625,-0.0020314829947194,-0.0017137177158612,0.0602285509914159,0.0009932839311659,0.0006988956592977,-8.3738239482e-05,still
1783086716875056000,1.98005615234375,-0.0142585940815741,0.0056075468166265,0.0576847117274999,-0.0012423987500369,-0.0007741288281977,-0.0006411664653569,still
1783086716885101000,1.99010107421875,0.0004023519895039,-0.006834065537434,0.065765726852417,0.0008338016923516,0.0008714380674064,-0.0013061580248177,still
1783086716895145000,2.00014501953125,-0.0051891113420017,-0.0108572566389106,0.0605278261989355,-0.0014905227581039,-0.0003563771024346,0.0006754072383046,still
1783086716905189000,2.010189208984375,-0.0013427792113507,-0.0100013156630098,0.0727986942291259,-0.0007770617958158,0.0019943951629102,0.0009835349628701,still
1783086716915234000,2.020234130859375,-0.0070287021935451,-0.0041922549249138,0.0627729747772216,0.0001374173443764,0.0002417652867734,0.0004313462413847,still
1783086716925278000,2.03027783203125,-0.003451702223299,-0.0021887970148585,0.0545423220485448,0.000192544888705,-0.0011476059444248,3.26710287481e-05,still
1783086716935322000,2.040322021484375,-0.0118302344234893,0.0061842781255021,0.0594803629726171,-0.0001507478300482,0.0012450036592781,-0.0003636721521615,still
1783086716945367000,2.050366943359375,-0.0130009404369862,-0.001204526084708,0.071451955795288,-0.0001025446690618,-0.0018503884784877,7.62820709496e-05,still
1783086716955411000,2.060410888671875,-0.0065915848513366,-0.0057633127670735,0.0508037200421094,-0.0012781320838257,0.0005065812729299,-0.0004992720205336,still
1783086716965455000,2.070455078125,-0.0136890642650425,-0.0002814838225021,0.0478115524888038,-0.000500489026308,0.0001736865378916,-0.0005267024971544,still
1783086716975500000,2.0805,-0.0094522258463082,0.0028201171883381,0.0525999558091163,-0.0004652382340282,0.000408096704632,0.000360406236723,still
1783086716985544000,2.0905439453125,0.0024690980938496,-0.0063807140130549,0.0624748686134815,0.0011180110741406,0.0014382074587047,-0.0010872881393879,still
1783086716995588000,2.100588134765625,-0.0057972424361389,-0.0195141902219504,0.0609779080539941,0.0002355517353862,-4.55896370112e-05,-6.59143552184e-05,still
1783086717005632800,2.1106328125,-0.0050958390014013,0.0069727981546893,0.0585831218719482,-0.0013357133138924,-0.0002423971891403,-5.87236136198e-05,still
1783086717015677000,2.120677001953125,-0.0051961164715234,-0.0024793500598054,0.0621750088840723,0.0002457275986671,-0.000710129737854,-0.0001855506561696,still
1783086717025721000,2.13072119140625,-0.0173005647265119,-0.0156335767957847,0.0614268208652734,-0.001541786128655,-0.0002515334635972,-3.05545981973e-05,still
1783086717035765800,2.140765869140625,-0.0060016515675932,-0.0027889548650942,0.0484089338600635,0.0003302020486444,-0.0005694795399904,-0.001383741851896,still
1783086717045810000,2.150809814453125,-0.0114271746145095,-0.0006250548294745,0.0534983659535646,-0.0010021774796769,0.0002124244347214,0.0009656990878283,still
1783086717055854000,2.16085400390625,-0.0149180854701902,-0.0130221156557556,0.0754950937062501,0.0004319455474615,-0.0016544419340789,-0.0003974274732172,still
1783086717065899000,2.17089892578125,-0.010095277556777,0.0036571342680603,0.0690600922226905,0.0002196915447711,0.0009722341783344,0.0002097731921821,still
1783086717075943000,2.18094287109375,-0.0066861951990751,-0.0014254570927005,0.0524497336834669,-0.0002320937346667,0.000468214508146,1.37996394187e-05,still
1783086717085987000,2.190987060546875,-0.0090837898261379,0.0034426056013908,0.0653197366505861,-7.33693595975e-05,-0.0007469858974218,0.001035388209857,still
1783086717096031000,2.201031005859375,0.0046101515434216,-0.0013594700512476,0.0629261195123195,0.0007234916556626,-0.0014195274561643,-0.000897477613762,still
1783086717106076000,2.211075927734375,-0.0072079540508566,-0.0009760328247677,0.0669657502919435,-0.0001199315302073,-0.0020277933217585,0.0014303915668278,still
1783086717116120000,2.2211201171875,-0.0005736488692229,-0.0041020193581935,0.0778892953664064,0.0014923850540071,0.0005881744436919,-0.0002420095261186,still
1783086717126164000,2.2311640625,0.0006915396278491,0.0003354424994438,0.0597819762676954,0.0010889160912483,-0.0007655103690922,-0.0008574661333113,still
1783086717136209000,2.241208984375,-0.0103348173671169,-0.0010782784896902,0.0517003766208887,0.0002101943828165,-7.42035917937e-05,-0.0007714051753282,still
1783086717146253000,2.251253173828125,-0.018126302360394,0.0091459957416169,0.0515501544952392,0.0009750542230904,0.0008267438970506,0.0004938626661896,still
1783086717156297000,2.261296875,-0.0129727326892316,0.0069113137584179,0.0530465305328369,-9.60007309913e-05,-9.25990752875e-05,-0.0001110488083213,still
1783086717166342100,2.271342041015625,-0.0066059604365611,0.001106436005095,0.0609773235321044,0.0002526070456951,0.000552418641746,0.0004402257036417,still
1783086717176385800,2.2813857421875,-0.0024940316057065,-0.0069215611577965,0.0579839869350194,0.0005484514404088,-0.0003550234250724,-0.0012047586496919,still
1783086717186430000,2.291429931640625,-0.0055254260577028,0.0019136607347521,0.0521481203883886,0.0002613626420497,-0.0012354645878076,0.0003329503815621,still
1783086717196475100,2.30147509765625,-0.0054934280508197,-0.0034697950024157,0.0630716654628515,0.0005387822166085,0.0008830609731376,5.3379451856e-05,still
1783086717206519600,2.31151953125,0.0004454787451773,0.0040752866148948,0.0579834024131298,0.0008607583586126,-0.0005342736840248,0.0002850745804607,still
1783086717216563500,2.3215634765625,-0.0087028276845347,0.0014152096933219,0.0560381135642528,-0.0002776039764285,-0.0007597166113555,-0.0008515203371644,still
1783086717226608600,2.331608642578125,-0.0092795178942149,0.0167725724967662,0.0524473955959081,0.000348771456629,0.0009566908702254,0.0001130765303969,still
1783086717236652500,2.341652587890625,-0.001604138127854,0.0074058375434018,0.0668120210349559,0.0017692081164568,0.0011968798935413,0.0002229844685643,still
1783086717246696400,2.351696533203125,-0.0060900239707902,-0.0067709006407298,0.0554389786273241,-0.0009786412119865,0.0013409568928182,0.0010746634798124,still
1783086717256741600,2.36174169921875,-0.0069108845001552,0.0030028898767195,0.0502010779738426,0.0001544065307825,5.60861080884e-05,-0.0008982280269265,still
1783086717266785500,2.37178564453125,-0.0124537685827352,-0.0104420725672971,0.079529463788867,0.0005538805853575,-7.89361074566e-05,0.000685287406668,still
1783086717276829400,2.381829345703125,-0.0123334712378913,0.0034882896403316,0.0596270779669284,-2.51517631113e-05,0.0006060167215764,0.0008061637636274,still
1783086717286874600,2.39187451171875,-0.0042581141022033,0.0014776622039731,0.063967737519741,-0.0004810849204659,-0.0001444621011614,-0.0017171811778098,still
1783086717296918500,2.40191845703125,-0.0027640807187417,-0.0001572820540983,0.0475076011061668,-0.0001452511642128,7.46306031942e-05,-0.0002706293016672,still
1783086717306962400,2.41196240234375,-0.0072568575267679,-0.0029939850510563,0.0692044691294431,-0.0010315512772649,0.0003747688606381,0.0014644201146438,still
1783086717317007600,2.422007568359375,-0.0034791838852688,-0.0104774726742412,0.0618728110671043,-4.77072317153e-05,0.0003669029101729,-0.0007460808847099,still
1783086717327051500,2.432051513671875,-0.0091920222738524,0.0106480617344845,0.0561859976023435,3.91118228435e-05,0.0003591794520616,-0.0006997417658567,still
1783086717337095400,2.442095458984375,-0.0036087787814205,0.0012561101414728,0.0578314267218112,0.0003373243380337,-0.0008962666615843,-0.0014051087200641,still
1783086717347140600,2.452140625,0.0079288796033943,-0.0051161922362633,0.0551373653322458,0.0002395864576101,-0.0002232855185866,0.0011350143468007,still
1783086717357184800,2.462184814453125,-0.0029744629332562,0.0013101875494234,0.059476855841279,0.000514012761414,0.0006500356830656,0.0005923307035118,still
1783086717367228400,2.472228515625,-0.0143544282720191,-0.0037468675112817,0.0636667087465524,0.0006170771084725,0.0002127443440258,0.0010892766295,still
1783086717377273600,2.482273681640625,-0.0147679638092406,0.0076686988638248,0.0642646746397018,0.0003007899504154,0.0003972542472183,-0.000183374620974,still
1783086717387317500,2.4923173828125,-0.0017209831402869,0.0060242743913549,0.0551367808103561,0.0009705750271677,-0.0004264614544808,0.0006832180079072,still
1783086717397361400,2.502361328125,-0.0076757907583145,0.0055913446004968,0.0534907671689987,-0.000312996096909,-0.0008047567680478,-0.0009700076188892,still
1783086717407405600,2.512405517578125,-0.0168910934430547,-0.004882337814616,0.0460088869810104,0.0005527974572032,0.0003854096867144,7.10219610482e-05,still
1783086717417450500,2.522450439453125,-0.0060997005480108,-0.0073994991341605,0.0602244593381881,0.0005362269002944,-0.0011596474796533,-0.0007890204433351,still
1783086717427494400,2.532494384765625,-0.0038820564645808,0.0103550062051974,0.0521422751694917,0.0002190442755818,-0.0003396598622202,0.0012104808120056,still
1783086717437538600,2.54253857421875,-0.008198937849584,0.0032185875871684,0.0440618445664644,-0.0005469226744025,0.0002619987353682,-0.0006825637537986,still
1783086717447583500,2.55258349609375,-0.013171625395352,-0.0100998441340401,0.0653097997784614,0.0011740119662135,-0.0002389419823884,-0.0007720459252595,still
1783086717457627600,2.562627685546875,-0.012182175966585,-0.0015584266894496,0.0587222380816936,0.0059386678040027,0.0144339874386787,6.60780351608e-05,still
1783086717467671600,2.572671630859375,-0.0735460374311311,0.0271116139478515,-0.1143131924003362,0.0374712944030761,0.0708333477377891,-0.0039283973164856,still
1783086717477716500,2.582716552734375,-0.0358503349296748,-0.0050688642295077,0.0856827257215976,0.0191156268119812,0.0374575667083263,-0.0003672940656542,still
1783086717487760600,2.5927607421875,0.0900215221108868,-0.025835693994211,0.2375491114467382,-0.0043406966142356,-0.0091948928311467,-7.56778754293e-05,still
1783086717497804500,2.602804443359375,-0.0036366394693031,0.0001821516338735,0.070864511296153,-0.0021229078993201,-0.0048852865584194,0.0014371454017236,still
1783086717507849500,2.612849365234375,-0.0322332632439443,0.0076750464062206,-0.0310498027801513,0.0126930559054017,0.0215471200644969,-0.0006726107094436,still
1783086717517893600,2.6228935546875,-0.040380000548833,-0.0003335976022295,0.0233832136750221,0.0147661827504634,0.0303278919309377,-0.0004037618637084,still
1783086717527937500,2.6329375,0.0227563002486014,-0.0006637428720481,0.0902414119392633,0.006287211086601,0.0140186930075287,0.0005882657133042,still
1783086717537982500,2.642982421875,0.01915052627502,-0.0086943612502887,0.1164227319002151,-0.0013879406033083,-0.0033029424957931,0.0004980589728802,still
1783086717548026600,2.653026611328125,0.0056886857614386,0.0073560527180787,0.0543260489493608,-2.38695647567e-05,-5.65494410693e-05,0.0001377332955598,still
1783086717558070500,2.663070556640625,-0.0208013165561947,0.0045090657891239,0.0387608155488967,0.0034161214716732,0.0036428584717214,0.0006706084823235,still
1783086717568115500,2.673115478515625,-0.0152411068794783,0.0046451771910302,0.055213353177905,0.0030970745719969,0.0070106917992234,6.34077005088e-05,still
1783086717578159600,2.68315966796875,-0.0286692597525892,0.008296767634293,0.0673246467322111,0.0020563243888318,0.0073843738064169,0.0008578628767281,still
1783086717588203500,2.69320361328125,0.017594401140511,-0.0002868541173636,0.0584931055009365,-0.0007165586575865,-0.0012852810323238,-0.0017744055949151,still
1783086717598248400,2.70324853515625,-0.0009697994468035,-0.0001942347973119,0.0849836375415325,-0.001656544744037,-0.0041612070053815,0.0017900748644024,still
1783086717608292600,2.713292724609375,-0.0353281239867443,-0.0034520766826346,0.0692746117562055,0.0003285754937678,0.00163329904899,0.0009594350121915,still
1783086717618336500,2.72333642578125,-0.0275699202085612,0.0066440045917406,0.0272135856181383,0.0078742504119873,0.0182394329458475,-0.0002692046109586,still
1783086717628381400,2.73338134765625,-0.0182870732795214,-0.0010888455494772,0.0270341373980045,0.0129038961604237,0.0253665838390588,-0.0019192993640899,still
1783086717638425600,2.743425537109375,0.0018616885189199,-0.007583870124584,0.0702484252244234,0.010786747559905,0.0202129445970058,0.000936729600653,still
1783086717648469500,2.753469482421875,-0.0096277513765729,-0.0087346749943681,0.0887806917369365,0.0055222106166183,0.0121856452897191,-0.0011503896676003,still
1783086717658514400,2.763514404296875,0.0056871331251692,-0.0162785510352812,0.0874228473871946,0.0018298958893865,0.0041497484780848,4.39183786511e-05,still
1783086717668558600,2.77355859375,0.008367997106444,-0.0031237306442577,0.097452073970437,-0.0039238636381924,-0.00676841288805,0.0017307645175606,still
1783086717678602500,2.7836025390625,0.0027527236410882,-0.0085562405543867,0.0790635998427867,-0.0088318958878517,-0.0145435966551303,0.0003274481277912,still
1783086717688647400,2.7936474609375,-0.0140609663173556,-0.0094796116101555,0.0591834258526563,-0.0072710178792476,-0.0171359181404113,-0.0006898795254528,still
1783086717698691600,2.803691650390625,-0.0200270625143777,0.0109504239482339,0.0440893170952796,-0.0057507627643644,-0.0135152880102396,0.0003140079788863,still
1783086717708735500,2.813735595703125,-0.0206779733043164,0.019398135227384,0.00953004488945,0.0012070117518305,0.0025483672507107,0.0007960402872413,still
1783086717718779600,2.823779541015625,-0.039352082273201,0.0352641325395554,-0.0235562321543693,0.0114962449297308,0.0229692365974187,-0.0027064490132033,still
1783086717728824600,2.833824462890625,-0.0096736957104178,0.0309086590101011,0.0001911386579275,0.0215803049504756,0.0415535755455493,-0.0008230616804212,still
1783086717738868500,2.843868408203125,-0.0216538508654572,0.0062519091347698,0.0309510185807943,0.0236454755067825,0.0479965433478355,-0.0009699019137769,still
1783086717748912600,2.85391259765625,-0.0009172061764635,-0.0152101728850975,0.0883522371917963,0.0160179175436496,0.0307347308844327,0.0018176287412643,still
1783086717758957600,2.86395751953125,0.0246559141916921,-0.0287618653729092,0.1460883868455886,-6.62747770547e-05,0.0004383670166134,0.0009941342286765,still
1783086717769001500,2.87400146484375,0.0178649982428178,-0.0323696258076001,0.1341354987233877,-0.0113431634381413,-0.0203766338527202,0.0012977345613762,still
1783086717779045600,2.884045654296875,0.0029228925762232,-0.0019429142287001,0.0790986711561679,-0.008736003190279,-0.0158821735531091,0.0009903041645884,still
1783086717789090600,2.894090576171875,-0.0394358926657121,-0.0052523949697148,-0.0154717098981142,0.0092975925654172,0.0165519323199987,0.0004925592802464,still
1783086717799134500,2.904134521484375,-0.0480314971161074,-0.0053988725020084,-0.0412555549740791,0.0200206786394119,0.0401396043598651,-0.0013155536726117,still
1783086717809178600,2.9141787109375,-0.0045867524015251,0.000507903856365,0.0634328999906778,0.0162808019667863,0.0317213535308837,0.0002666304353624,still
1783086717819223600,2.9242236328125,0.0174557872542645,-0.0070798752583563,0.127297761657834,0.0016182872932404,0.0055636349134147,-0.000524572096765,still
1783086717829267500,2.934267333984375,0.0356335321075282,-0.0052688985799439,0.1626309408456087,-0.0142131401225924,-0.0286555904895067,0.0003574667498469,still
1783086717839311600,2.9443115234375,0.0238172942433506,-0.0030960206534247,0.1312690033763647,-0.0240980945527553,-0.0460539907217025,0.0010090834693983,still
1783086717849356500,2.9543564453125,-0.0159986472485121,0.0122025794337969,0.0387082085788249,-0.0197664629667997,-0.035650085657835,0.0018996444996446,still
1783086717859400400,2.964400390625,-0.0393920580905629,0.0335957335364539,-0.0267985750764608,-0.0042845956049859,-0.0105887111276388,-0.0016406765207648,still
1783086717869444600,2.974444580078125,-0.0361984816470649,0.0323122695971746,-0.0131844757437705,0.0066703166812658,0.0115200523287057,-0.0001295986585319,still
1783086717879489500,2.984489501953125,-0.0224706973734078,-0.0010325944507494,0.0682043521761894,0.0030003550928086,0.0069199688732624,-0.0020440001972019,still
1783086717889533400,2.994533447265625,0.0234980265605729,0.0003582023205235,0.0713408966362476,0.0013212321791797,0.0012855189852416,0.000442060874775,still
1783086717899577600,3.00457763671875,0.0009558439866872,-0.0069695741511415,0.0482926140040159,0.0015709870494902,0.0025000665336847,0.0005674655549228,still
1783086717909622500,3.01462255859375,-0.007196386910649,-0.0023607925808988,0.0595119271546602,0.0020383717492222,0.0014585042372345,0.000948564033024,still
1783086717919666400,3.02466650390625,0.0018135430948343,-0.0179722580095753,0.0575643002182245,0.0013562892563641,0.0020026792772114,-0.0011340759228914,still
1783086717929710600,3.034710693359375,-0.0191361050240229,-0.0149789944777265,0.0412450335800647,0.0057435808703303,0.011122141033411,-0.0011681644245982,still
1783086717939755500,3.044755615234375,-0.0074726739682257,-0.0068801331688649,0.0289507846742868,0.0112644108012318,0.0246925745159387,-0.0015779468230903,still
1783086717949799400,3.05479931640625,-0.0241398681280668,-0.0130749509546905,0.0194791919738054,0.0160133596509695,0.0325603485107421,-0.0005670108366757,still
1783086717959843600,3.064843505859375,0.0041729657025542,-0.0123710039364174,0.0902174465417861,0.0079043917357921,0.0165224019438028,-0.000897663179785,still
1783086717969888500,3.074888427734375,0.0316928773235063,-0.0407719909745268,0.1657826828747987,-0.0080964127555489,-0.0139580108225345,0.002675766358152,still
1783086717979932700,3.0849326171875,0.0291986767544411,-0.0307291651241946,0.1357470255732536,-0.0180580131709575,-0.0340765006840229,0.0009667684789747,still
1783086717989976600,3.0949765625,-0.0024589054933981,-0.003804671246279,0.0512549709409475,-0.0172287058085203,-0.0302580613642931,0.0007262850413098,still
1783086718000021500,3.105021484375,-0.0315772333208937,0.0036648883162532,0.0141805010437965,-0.0077171474695205,-0.0176702663302421,-0.0010094875469803,still
1783086718010065700,3.115065673828125,-0.0256147858191048,0.0182273835481144,0.029310265636444,-0.0038121540565043,-0.0069435872137546,0.0013181152753531,still
1783086718020109600,3.125109619140625,-0.0177366545888362,0.0315645747687201,0.0610404518961906,-0.001162746339105,-0.0012834398075938,-0.0003830136265605,still
1783086718030154500,3.135154541015625,-0.0280417207050835,0.0327256361710373,0.0221270761340856,0.0071830684319138,0.0133943054825067,0.0002564112655818,still
1783086718040198700,3.14519873046875,-0.0147747132104355,0.0409655499184038,0.0068330608904361,0.0138702671974897,0.0269438344985246,0.0001373467966914,still
1783086718050242300,3.1552421875,-0.0249175882020266,0.0190115653289016,0.057373161560297,0.0096923001110553,0.02070964127779,-0.0014413748867809,still
1783086718060286500,3.165286376953125,0.009031077824789,-0.012267771890806,0.1245510932981967,-0.0036889598704874,-0.008275986649096,0.0016192136099562,still
1783086718070331600,3.17533154296875,0.0297236961423885,-0.0111113957967609,0.1464262404978275,-0.0141490567475557,-0.0267420783638954,0.0013656807132065,still
1783086718080375600,3.18537548828125,-0.0030070043628336,-0.0158263502883724,0.0432137033045291,-0.0108227534219622,-0.0214078314602375,-1.75554305315e-05,still
1783086718090419500,3.19541943359375,-0.028847927088011,-0.0095942235663067,-0.0173737441271543,6.5847299993e-05,-0.0009781909175217,0.0002855123020708,still
1783086718100464600,3.205464599609375,-0.0343932131902314,-0.0185149226520676,0.0111971013188362,0.0069981962442398,0.0123362764716148,-0.0002693475689738,still
1783086718110508500,3.215508544921875,-0.0026169318995904,-0.0222592785458546,0.0586146860539913,0.0045891008339822,0.0103844460099935,-0.0011386033147573,still
1783086718120552400,3.225552490234375,0.0188323682705173,-0.0184829657443799,0.0870405700713396,-0.0017141788266599,-0.0036475048400461,-0.0018420498818159,still
1783086718130597600,3.23559765625,0.0046514882008079,-0.0107001846473664,0.0907937851250171,-0.0069877705536782,-0.0118657536804676,0.0005060592666268,still
1783086718140641500,3.2456416015625,-0.0083175912266131,-0.0200226512007415,0.0490624293327331,-0.0062552415765821,-0.0096402745693922,0.0017280529718846,still
1783086718150685400,3.255685546875,0.0006743281981442,0.0048619708800222,0.0363549234509468,-0.0032168410252779,-0.0057941381819546,-0.0013574855402112,still
1783086718160730600,3.265730712890625,-0.003013881628192,0.006329961073352,0.0463911642968654,-0.0045037269592285,-0.0104074422270059,-0.0002299514599144,still
1783086718170774500,3.2757744140625,0.0010546281860442,0.0108880536359734,0.0719943921089172,-0.0057407654821872,-0.0111976023763418,0.0002829732839018,still
1783086718180818400,3.285818359375,-0.008819732062472,0.019377850491181,0.0513590158373117,-0.0041194185614585,-0.0077738515101373,-0.001389468088746,still
1783086718190863600,3.295863525390625,-0.0127319599030306,0.0231624835964292,0.0230810158580541,0.0018921347800642,0.0033166159410029,-0.0006698819343,still
1783086718200907500,3.305907470703125,-0.0332849414210766,0.0325267434649169,0.0224666833519935,0.0074543012306094,0.0177876837551593,-0.0012486868072301,still
1783086718210951200,3.315951171875,-0.0276075670715188,0.026704567516921,0.0201917241573333,0.0129987364634871,0.0229134708642959,-0.0004707775078713,still
1783086718220995800,3.325995849609375,0.0052936357289785,0.0039165706555359,0.0681949998259544,0.0093656368553638,0.0174121893942356,-0.0014156885445117,still
1783086718231040000,3.3360400390625,-0.0107329955050023,-0.0127268681693822,0.0993032547950744,0.0025809684302657,0.0053009316325187,-0.0007389793172478,still
1783086718241084200,3.346084228515625,0.0177125247945776,-0.0116954884281847,0.1151730241000652,-0.0073957508429884,-0.0145508153364062,0.0010911663994193,still
1783086718251128800,3.35612890625,0.0217461779245641,-0.027234107816359,0.1168587852299213,-0.0207365881651639,-0.0381983555853366,0.0017681419849395,still
1783086718261173000,3.366173095703125,0.0218595751711633,-0.0360946102806366,0.1311480073451995,-0.0324771516025066,-0.0670813396573066,0.0008581292349845,still
1783086718271217200,3.376217041015625,0.0301998074878472,-0.0396514442456886,0.1281096625626087,-0.0443204939365386,-0.0878524035215377,0.0025942439679056,still
1783086718281261800,3.38626171875,0.0019793555152602,-0.0195659569418057,0.075696753758192,-0.0435337647795677,-0.0861081555485725,0.0020363260991871,still
1783086718291306000,3.396305908203125,-0.0467686786726349,0.0189008806291967,-0.0831540840268135,-0.0089142676442861,-0.0176753029227256,0.0003020754083991,still
1783086718301350000,3.406349853515625,-0.1001519623125903,0.0291306530195288,-0.1455664087980985,0.0166481919586658,0.0307144075632095,-0.0017883870750665,still
1783086718311394000,3.41639404296875,-0.0278852241022745,0.0079744677442125,0.0719745183646679,0.0092965355142951,0.0177051313221454,-0.0005982206203043,still
1783086718321439000,3.42643896484375,0.0547459731281734,-0.0165184607383795,0.1605617333561182,-0.0109570082277059,-0.0203976165503263,-0.0019883224740624,still
1783086718331483000,3.43648291015625,0.0318528764910763,0.0008512374013196,0.1038765540599822,-0.0108022782951593,-0.0232650432735681,0.0018370419275015,still
1783086718341527000,3.446527099609375,-0.0430496627160813,-0.0052627611001022,-0.0280944601058959,0.0031792260706424,0.0057001556269824,-0.0009330259636044,still
1783086718351572000,3.456572021484375,-0.0384886018782388,0.0091022205319721,0.0037619828820228,0.0104560479521751,0.0185544360429048,0.0005815136246383,still
1783086718361616000,3.466615966796875,0.0085381295089609,-0.0131540714723523,0.0983218425422906,-0.001504635089077,-0.0003831763751804,-0.0010761716403067,still
1783086718371660000,3.476659912109375,0.0180217323076445,-0.0188191845619585,0.094889530006051,-0.0072520030662417,-0.0135897919535636,0.0007840463658794,still
1783086718381705000,3.486705078125,-0.0154153583346866,-0.0038213209869805,0.0494125579446554,-0.0028564357198774,-0.0063064345158636,0.0003286339342594,still
1783086718391748900,3.496748779296875,-0.0130579678538488,0.0010880144324153,0.0018248773396015,0.0052038878202438,0.0082884868606925,-0.0005539376288652,still
1783086718401793000,3.50679296875,-0.0327867187085095,-0.0048183874666225,0.0528431169152259,0.0016939016059041,0.004411356523633,-0.0007884888909757,still
1783086718411838000,3.516837890625,0.0122737312741344,0.0009589994915761,0.1037210712373256,-0.0022441144101321,-0.004394119605422,0.0003476154524832,still
1783086718421881900,3.5268818359375,0.0163016761825419,0.0087640472193248,0.0494090508133173,-0.0017870863666757,-0.005008534528315,0.000162037089467,still
1783086718431926000,3.536926025390625,-0.0144003863055957,0.0070459090566728,0.0483633411526679,0.000996981980279,0.0006791786290705,0.0002757541369646,still
1783086718441971000,3.546970947265625,-0.0352521909400122,0.0032917624212335,0.056142158460617,0.0011472629848867,0.0022236432414501,-0.0007870385888963,still
1783086718452014800,3.557014892578125,-0.0104160156774334,3.2413565414e-05,0.0601812047183513,0.0005997172556817,-0.0008336654864251,0.0004830230027437,still
1783086718462059000,3.56705908203125,0.0155115852507762,0.0013284264590125,0.0615285276740789,-0.0005674373824149,-0.0001411726698279,-0.0007469756528735,still
1783086718472104200,3.577104248046875,0.0097281978100538,-0.0081984857584349,0.0577899256676435,-0.0001692946534603,-0.0033755819313228,0.0019433496054261,still
1783086718482147800,3.58714794921875,-0.0112717328910483,0.0013303352883085,0.0610837065160274,-0.0001918845809996,-0.0017860322259366,0.0018850739579647,still
1783086718492192000,3.59719189453125,-0.0277047895014518,0.0014826123737264,0.061981532138586,0.0006038679275661,0.0013748737983405,-0.0003977876622229,still
1783086718502237200,3.6072373046875,-0.0096797144592506,-0.0003831358323805,0.048961891567707,0.0013616473879665,0.0007117665372788,-0.0018871906213462,still
1783086718512280800,3.61728076171875,0.0067912721419008,0.0013882303548511,0.0598854366421699,-0.0007015033625066,-0.0005108905024826,-0.0008150017820298,still
1783086718522325000,3.627324951171875,0.006960820022528,0.0077358275495935,0.0586906738996505,-0.0009890778455883,-0.0036825397983193,-0.0003813912626355,still
1783086718532370200,3.6373701171875,-0.0216552254052134,-0.0120290860304143,0.0600385813772678,0.0002980278804898,-2.76174396276e-05,-0.0003289270680397,still
1783086718542413800,3.647413818359375,-0.0143608534462284,0.000897469429532,0.0453723426431417,0.0027063242159783,0.0026818823534995,-0.0003987017553299,still
1783086718552458000,3.6574580078125,0.0057419548852136,-0.0027014409784227,0.0375882646381855,0.001169147901237,0.00178626133129,-0.0004924449604004,still
1783086718562503200,3.667503173828125,0.0113672748205484,-0.0214823667560704,0.0938514191299676,-0.0007473097648471,-0.0035357088781893,-0.0016570934094488,still
1783086718572547000,3.677547119140625,-0.0188654622559435,-0.0081555507990065,0.063029579886794,-0.0024296285118907,-0.0044419826008379,0.0001203003339469,still
1783086718582591000,3.687591064453125,-0.018228538892162,0.000642206893675,0.0507610499441623,0.0012269222643226,0.0015599569305777,-0.0014210985973477,still
1783086718592635000,3.697634765625,0.0017918746857205,0.0160731007242109,0.0477642062157392,0.0027380001265555,0.0024606378283351,-0.000136922346428,still
1783086718602680000,3.70768017578125,0.0008288885721936,0.0068954129363875,0.0585357755988836,-0.0002825560513883,-0.0001072348095476,0.0008716040756553,still
1783086718612724000,3.717723876953125,-0.0045162398820044,-0.0069294339369982,0.0758960757225751,-0.002431727014482,-0.0037890551611781,0.000113135902211,still
1783086718622767900,3.727767822265625,-0.0193107537714531,0.0155497801030054,0.0588403115034103,-0.0005973584484308,0.0011141574941575,0.0013871865812689,still
1783086718632813000,3.73781298828125,-0.0150132986061275,0.0050402591895312,0.0435749378323555,0.0015531438402831,0.0022665071301162,-0.0009273667819797,still
1783086718642857000,3.74785693359375,0.000109543055389,0.0018614556234795,0.0624263532966375,-0.0006305843126028,0.0002830945886671,0.0012080093147233,still
1783086718652900900,3.75790087890625,0.0087303139130817,-0.0057578694069758,0.0833785404324531,-0.0031901483889669,-0.0046882284805178,-0.0001565944403409,still
1783086718662946000,3.767946044921875,-0.0148311424056766,-0.0023506913119927,0.0649772068232297,-0.0006122405175119,-0.0017682597972452,-0.0011020426172763,still
1783086718672990200,3.777990234375,-0.022014765732875,-0.0075838061925023,0.0408855526179075,0.0006756640505045,0.0016336622647941,-0.0006772684864699,still
1783086718683033900,3.788033935546875,-0.011428900780715,-0.0038660551778506,0.0476169066995382,0.0019509582780301,0.0019358457066118,0.0007109415018931,still
1783086718693079000,3.7980791015625,-0.0091704269299749,-0.005267546873074,0.0643751492768526,-0.0019777368288487,-0.0014213351532816,-0.0002137080300599,still
1783086718703123200,3.808123291015625,-0.0155737044012872,-0.0017135350527707,0.0681201810240745,-0.0010246062884107,-0.0023302598856389,3.60740814357e-05,still
1783086718713166800,3.818166748046875,-0.0087904237695969,0.0035621951267588,0.0646808542251587,-0.0007503007072955,-0.0001123799011111,-0.0007474278099834,still
1783086718723212000,3.8282119140625,0.0069159031685674,0.0025372268600389,0.059741644257307,0.0005665523931384,0.0017145038582384,-0.0012742595281451,still
1783086718733256200,3.838256103515625,-0.0152382664684206,0.0048977180468384,0.0616845950186252,0.0005953144282102,-0.0003614304587244,-0.000101669691503,still
1783086718743299800,3.8482998046875,0.0031118118776008,-0.000875969983777,0.0676724372565746,-0.0025598888751119,-0.0038935597985982,0.000200955895707,still
1783086718753345000,3.858344970703125,-0.012807048132969,-0.0002497552436776,0.0648322453945875,2.23119277507e-05,-8.87010246515e-05,0.0009767346782609,still
1783086718763389200,3.86838916015625,-0.0232855345873627,0.0117624983829446,0.0519628269493579,0.0001146611757576,0.0019066929817199,-0.0007123262621462,still
1783086718773433000,3.87843310546875,0.0019715421015629,0.0016170706746634,0.0530091211318969,0.0003591394051909,0.0014310525730252,9.67420637607e-05,still
1783086718783478000,3.88847802734375,0.0021242804112844,-0.0070881498963572,0.0627355653762817,-0.0008702701888978,-0.0005666683427989,-0.0013068667612969,still
1783086718793522000,3.89852197265625,0.0038731333726085,-0.0031273199739865,0.0646826077908277,-0.0002841083332896,-0.0004854416474699,0.0012827911414206,still
1783086718803566000,3.908566162109375,-0.0024454021244309,-0.010643385559367,0.0482224713772535,-0.0005469929892569,0.0005932142958045,-0.0003524599596858,still
1783086718813611000,3.918611083984375,-0.0086054591241292,-0.0003271769945975,0.0546563038170337,0.0009616878814995,0.0024073598906397,-0.0001434020232409,still
1783086718823655000,3.928655029296875,-0.0049645818711258,-0.0027344390657264,0.0588438186347484,0.0010291300714015,-0.0004698610864579,-0.0009988110978156,still
1783086718833699000,3.938698974609375,-0.0005012183872517,0.0064366454513743,0.0628840339362621,0.0007281929720193,-0.0015082275494933,0.0008478248491883,still
1783086718843744000,3.948743896484375,-0.0048376766889821,-0.0078700301222037,0.0661783993065357,-6.21257349848e-05,-0.0025073215365409,-0.0017079403623938,still
1783086718853788000,3.958787841796875,-0.0115652222451753,-0.0084605890270322,0.0528600680500268,0.0012862326111644,-0.000725666526705,0.0012867844197899,still
1783086718863832000,3.96883203125,0.0023201591764111,0.0013432861014269,0.0622860680431127,0.0009178242180496,0.001188744790852,-0.0003871808294206,still
1783086718873876000,3.9788759765625,0.0086336029398022,-0.0070874283771496,0.0646814387470483,-0.0012933983234688,-0.0007412480190396,0.0005190928932279,still
1783086718883921000,3.9889208984375,-0.0129362092042807,-0.0055494690869934,0.066179568350315,-0.0011243344051763,-0.0020144144073128,-0.0023276666179299,still
1783086718893965000,3.998965087890625,-0.0161541574706323,0.0187085089954081,0.0658802931427955,8.47408082336e-05,-0.0007954859174787,0.000302737345919,still
1783086718904009200,4.00900927734375,-0.0151338562458753,-0.0026274258941411,0.0603431172817945,0.0016079610213637,0.0020593483932316,0.000854019075632,still
1783086718914054000,4.019053955078125,-0.0003881042684428,-0.0029045714682433,0.0473240612328052,0.0008686676155775,-0.0002248450182378,5.2141258493e-05,still
1783086718924098000,4.02909814453125,-0.0038106443293392,0.0082355389663483,0.0627355653762817,-0.0002099780831485,-0.0007458152249455,-0.0008854791522026,still
1783086718934142200,4.03914208984375,-0.0083946430847747,-0.0002104552797507,0.0591436783641576,0.0009463664609938,0.0002840291708707,-0.0003712226171046,still
1783086718944187000,4.049186767578125,-0.0045169751009438,0.00677600607411,0.0558498975157737,3.50982882082e-05,0.0007338928990066,0.0009942196775227,still
1783086718954231000,4.05923095703125,-0.0085416960058035,0.0095077051934786,0.0594400309622287,0.0002699890173971,0.0009570657275617,0.0004211072809994,still
1783086718964275000,4.06927490234375,-0.019562317379727,-0.0058723169663455,0.0579436549246311,-0.0002712938003242,-0.0008080280385911,0.001254305592738,still
1783086718974319900,4.07931982421875,-0.0058615718100452,-0.0149120210555847,0.0592915624022483,0.0004613418132066,0.0002657584846019,0.0005874501075595,still
1783086718984364000,4.089364013671875,-0.013577119190013,-0.0116402419764548,0.0568979452639818,-0.0005908103194087,-0.0004336927086114,-0.0012133142445236,still
1783086718994408000,4.099407958984375,-0.007496954459534,-0.0162793912854976,0.0479196890383958,0.0003378340043127,0.0009434279054403,-0.001262848963961,still
1783086719004452900,4.109452880859375,-0.012420017010183,0.0026960524172522,0.0559995351195335,-0.00010332535021,0.0011167540214955,0.0005727135576307,still
1783086719014497000,4.1194970703125,-0.0040213736037258,-0.0109299656820949,0.0518102667361497,-0.002529731253162,-1.13607384264e-05,-0.0008430229499936,still
1783086719024541000,4.129541015625,-0.0092516024074051,0.0051499483753927,0.0498661469310522,0.0003029003273695,0.0002065706066787,0.000892921583727,still
1783086719034585900,4.1395859375,-0.0031131727176252,0.0009655114307533,0.0630336715400218,0.0008512453641742,0.0011890106834471,0.0014889370650053,still
1783086719044630000,4.149630126953125,-0.0037939260899787,0.0082141856510657,0.0639303281188011,0.0006704635452479,-9.73860733211e-05,0.0014130851486697,still
1783086719054674000,4.159673828125,-0.0002549520086031,0.0028610154543071,0.0546527966856956,-0.0003442009910941,-0.0006348122842609,-0.000724634155631,still
1783086719064718800,4.16971875,-0.0024824005334172,-0.0012897840822115,0.0661743076533079,-0.0004113912582397,7.0562120527e-05,-0.0008813028689473,still
1783086719074763000,4.179762939453125,-0.0088531731077702,-0.0005380889320746,0.0525578702330589,-0.0001413468271493,0.0004125121049582,-0.001502618426457,still
1783086719084807000,4.189806884765625,-0.0188764768403023,-0.0085830280966125,0.0492652584284543,0.0005847096908837,0.0006059547886252,-0.0021616760641336,still
1783086719094852000,4.19985205078125,-0.01043979841182,0.0034649361642077,0.0601876344591379,0.0002536787651479,0.0007974356412887,-0.000962454592809,still
1783086719104896000,4.20989599609375,-0.0085038299471372,-0.0059753754820208,0.0645271249681711,0.0004080166108906,0.0004898840561509,-0.0001817308366298,still
1783086719114940000,4.21993994140625,-0.0052006054169731,0.0034717129648663,0.0610848755598068,-0.0003155644517391,-0.0002398220822215,-0.0005889281164854,still
1783086719124984000,4.229984130859375,-0.0046968799788039,0.0043763153880834,0.0603372720628976,-0.0004904870875179,-0.0010367804206907,0.000519253546372,still
1783086719135029000,4.240029052734375,0.0005317094236379,-0.0005220602458808,0.0525555321455001,0.001873068511486,0.0002716309390962,0.0006681242957711,still
1783086719145073000,4.250072998046875,-0.007738526396756,-0.0047693150273524,0.0573421819001436,-0.0003489793743938,-0.0007024691440165,-0.0005504428409039,still
1783086719155117000,4.260116943359375,-0.0011504989091074,0.0026110136154573,0.0498620552778244,-0.0010334118269383,0.0008008852601051,-0.000542453257367,still
1783086719165162000,4.270161865234375,-0.0001775804900331,0.0087130476844497,0.0694651658922433,-0.0002685990184545,0.0005415845662355,0.0002399359364062,still
1783086719175206000,4.280205810546875,-0.0046023244299925,0.0113948341143317,0.0515092379629611,0.0005708292592316,-0.0003210133872926,-0.0017052369657903,still
1783086719185250000,4.29025,-0.0013299425626639,0.00645128589808,0.0558487284719943,-0.0008119468111544,0.0003467961214482,-0.0008437619544565,still
1783086719195295000,4.300294921875,-0.0126465923076728,0.0067357105963397,0.0576437951952219,0.0013065976090729,0.0010642516426742,-0.0006192575674504,still
1783086719205339000,4.3103388671875,-0.0060573638102039,-0.002689056420885,0.0474684381395578,-0.0003509223461151,0.0001318012364208,-0.0003624993842095,still
1783086719215383000,4.320383056640625,-0.0158135684386128,-0.0007325155256316,0.044774961271882,0.0011588234920054,0.0002290066331624,-0.0009547865483909,still
1783086719225428200,4.33042822265625,-0.0028946528624277,-0.0100257651176769,0.0577916792333126,0.0005788977723568,0.000509456731379,-2.60390806943e-05,still
1783086719235472100,4.34047216796875,0.0026941709874197,0.0170879951214883,0.0528530537873506,0.0007216432131826,0.0014468897134065,0.0002879474777728,still
1783086719245516000,4.35051611328125,-0.0043709176937583,4.64603570755e-05,0.0577905101895332,0.0005796027835458,-0.0015883999876677,-0.0004999116063117,still
1783086719255561200,4.360561279296875,-0.0021467525379965,-0.0004219517391175,0.057042906692624,0.000241381349042,0.0012257625348865,0.0007533719763159,still
1783086719265605000,4.370605224609375,-0.0032387170597445,0.0032692583284806,0.0571931288182735,-0.0007129041478037,0.0008972398936748,-0.0016433033160865,still
1783086719275649000,4.38064892578125,-0.0013601322049507,-0.0054289753793273,0.0592886397927999,-0.0008678999729454,-0.0010505961254239,0.0007713846862316,still
1783086719285694200,4.390694091796875,-0.0073008153995033,-0.0094396083933301,0.0718599520742893,-0.0017447718419134,0.0004091579467058,0.0002617777790874,still
1783086719295738000,4.400738037109375,-0.0046663387100677,0.0002229129025246,0.0545037436038255,-0.0004632587078958,-0.0010454603470861,0.0005973360966891,still
1783086719305782000,4.410781982421875,-0.0051282023344654,-0.0006296944719739,0.0631815555781126,-0.000248405849561,0.0009424812160432,-0.0006634562741965,still
1783086719315827200,4.4208271484375,0.0023146107850363,-0.0077448693725746,0.0492664274722337,-0.0008947548922151,0.0011033359915018,-0.0012341716792434,still
1783086719325871000,4.43087109375,0.0048498511839658,0.0136229767588898,0.0516612136542797,-0.0002732956781983,0.000540813896805,-0.0008944941218942,still
1783086719335915000,4.4409150390625,-0.0050756227638572,-0.0003429499524645,0.060191141590476,-0.0004024589434266,0.0005647824145853,-0.0007040782365947,still
1783086719345959200,4.450959228515625,-0.0153597648230846,-0.0008494290367234,0.061239189338684,-0.0006279365625232,0.0001146276481449,-0.0003942362964153,still
1783086719356004400,4.46100439453125,-0.0113358476358233,-0.0032646734849084,0.0598930354267358,-6.20149075984e-05,0.0017884243279695,-0.0006283281836658,still
1783086719366048000,4.471048095703125,-0.0052763832000782,-0.0009734938078094,0.0555523758739232,0.0004587890580296,-0.000383767299354,-0.0008020843379199,still
1783086719376092200,4.481092041015625,-0.0032989913130411,-0.0110775117934681,0.0655769262820482,0.000778368441388,0.0002836207859218,0.0003337538801133,still
1783086719386137000,4.49113720703125,-0.0115095876343781,-0.0053689979535527,0.0459744001895189,-0.0001871529966592,0.0004181046970188,-0.0002229693345725,still
1783086719396181000,4.501180908203125,-0.0057954340715426,-0.0034896048145834,0.055702013477683,-0.0005882252007722,-0.0011869827285408,-0.0011303084902465,still
1783086719406225200,4.51122509765625,0.0011130758084356,-0.0043688536008354,0.0762023651927709,0.0002592713572084,0.0012475098483264,-0.0005949384067207,still
1783086719416270000,4.52127001953125,-0.006241433406528,0.0005154295756947,0.0652794046401977,5.47405797988e-05,0.0011124876327812,0.0001020110212266,still
1783086719426314200,4.531314208984375,-0.000375701444596,-0.005776665438991,0.0551040475845336,-0.0003530678804963,0.0005867313593626,0.000405543250963,still
1783086719436358100,4.541358154296875,-0.0127391385624883,-0.0015120941965375,0.0560012886852025,0.0004890237469226,-0.0009525758214294,-0.0001822162885218,still
1783086719446403000,4.551403076171875,-0.0077880509271752,-0.0070664769206661,0.0483697708934545,-0.0004378668963909,-0.0001552938483655,0.001092261634767,still
1783086719456447200,4.561447265625,-0.0044031896952772,0.0003970547598786,0.0669248337596654,-0.000587270129472,0.0017869495786726,0.00079798232764,still
1783086719466491100,4.5714912109375,-0.0096865460588363,-0.0039611587159335,0.0664759209483861,-0.0011778490152209,-0.0011856509372591,0.0003341638948768,still
1783086719476536000,4.5815361328125,-0.0175480686475988,-0.0059670186456292,0.0633329467475414,0.0012448285706341,-0.0021806075237691,0.0003554690629243,still
1783086719486580200,4.591580322265625,-0.010234370933636,-0.0016302041508723,0.0497159248054027,-0.0001419263426214,0.0014203428290784,0.0004680729471147,still
1783086719496624000,4.6016240234375,-0.0029779791977489,0.004225070349127,0.0615367109805345,0.0010237391106784,0.0018392582423985,-0.0013276964891701,still
1783086719506669000,4.6116689453125,-0.0075345282572554,-0.0043953762815799,0.0516594600886106,0.0008047486189752,-0.0006783250719308,0.0002466891892254,still
1783086719516713200,4.621713134765625,-0.007195711057214,-0.0013256317137274,0.0691658906847238,0.001214609015733,-0.0001883031800389,-0.0003655715845525,still
1783086719526757000,4.631757080078125,-0.005007964355126,-0.0059657217376865,0.0597393061697483,0.0008380382787436,-0.0010210736654698,0.0010959710925817,still
1783086719536802000,4.641802001953125,-0.0111485403362195,0.0001915587830357,0.0561474191576242,0.0001171205658465,0.0009920094162225,-5.42481429874e-05,still
1783086719546846200,4.65184619140625,-0.0050655534609919,0.0017582327110227,0.0443248794168233,0.0014915931969881,0.0014828164130449,-0.0013011211995035,still
1783086719556890000,4.66189013671875,0.0034606435815803,-0.007641390731791,0.0634784926980733,-0.0003390635829418,-0.0008690212853252,0.0001433773431926,still
1783086719566935000,4.67193505859375,0.0022204114292515,-0.0043714200172573,0.0693149437665939,0.0006241099908947,-0.0009011174552142,0.0003206336405128,still
1783086719576979200,4.681979248046875,-0.0068114883794449,0.0032779439584352,0.0621323387861251,5.09975943714e-05,-0.0016015283763408,-0.00064103375189,still
1783086719587023000,4.692023193359375,-0.0145244556432589,-0.0072774527902249,0.0533031356424093,0.0004021257627755,7.71223567426e-05,-0.0001601942349225,still
1783086719597067000,4.70206689453125,-0.0111272418198641,0.0015489921408239,0.0495621955484151,2.6517082005e-06,1.95982865989e-05,-0.0005748483818024,still
1783086719607112200,4.7121123046875,-0.0159597034776117,0.0100156181829981,0.0595884995222091,-0.0011822977103292,0.0005380441434681,-0.0009230398572981,still
1783086719617156000,4.722156005859375,-0.0031270916451234,-0.0146623754097614,0.0577928482770919,0.0006528864614665,0.0019511170685291,-0.0009805639274418,still
1783086719627200000,4.732199951171875,-0.0073517510022968,0.001029324781429,0.0546504585981369,-0.000424503814429,0.0013847206719219,-0.0015053385868668,still
1783086719637245200,4.7422451171875,-0.0055151695251697,-5.02232167404e-05,0.0785924751996993,-0.0001235664822161,0.0005285143852233,-0.0006288920994848,still
1783086719647289000,4.7522890625,-0.0052306306624785,-0.0012868523396085,0.0694651658922433,-0.0012284454423934,-0.0011553484946489,-0.0012850596103817,still
1783086719657333200,4.762333251953125,-0.0013542961192084,0.005274990394013,0.0586918429434299,0.0007873012218624,-0.0012189983390271,0.0011357538169249,still
1783086719667378200,4.772378173828125,0.0130385462007485,0.0044100806603673,0.0693155282884836,-6.23920932412e-05,-0.0002460312098264,-0.0007786392234265,still
1783086719677422000,4.782422119140625,-0.0012919806058751,0.006202964559663,0.0655751727163791,-0.0002477481029927,0.0019342987798154,-0.0011935597285628,still
1783086719687466200,4.79246630859375,-0.0108111113756662,0.0022613599275704,0.0562976412832736,-0.0001171438489109,0.0026488457806408,-0.0002581509761512,still
1783086719697511200,4.80251123046875,-0.003285003886884,-0.0017217457586899,0.072457333445549,0.0005672886036336,-0.0007003457285463,-0.0014573724474757,still
1783086719707555000,4.81255517578125,0.001073017792683,0.0067786364226136,0.0582423456102609,0.000396454706788,-0.0013525602407753,0.0001553141046315,still
1783086719717599200,4.82259912109375,-0.0102602451604092,-0.0056514864230528,0.0595896685659885,0.0004278800915926,0.000838422216475,0.0009907477069646,still
1783086719727644200,4.83264404296875,0.0057936759392963,-0.0077134604541584,0.0705126291185617,-0.0005884915590286,0.000585351139307,-0.0017193995881825,still
1783086719737688000,4.84268798828125,-0.0067750242599984,-0.0098942294261883,0.0473199695795774,-0.0010734531097114,-0.0002005477435886,-0.0004743717145174,still
1783086719747732200,4.852732177734375,-0.0071226275546941,0.0051196263023652,0.0625841742068529,-0.0008268915116786,-9.68598760664e-05,-0.0021732503082603,still
1783086719757777200,4.862777099609375,-0.0089001129554584,0.003019000761304,0.0543541060000658,-0.0004455267917364,0.0022160955704748,-0.0003868017811328,still
1783086719767821000,4.872821044921875,0.0011670664514182,3.2331367023e-06,0.0443283865481615,0.0007382661569863,0.0010642101988196,6.40742946416e-05,still
1783086719777865200,4.882865234375,0.0047653740711743,-0.0006829407628625,0.065875616967678,-0.0004529657308012,-0.0002311514690518,-0.000401712488383,still
1783086719787910100,4.89291015625,0.0019026872495887,0.014239957879763,0.0652776510745287,0.0009951179381459,-0.0002622487954795,0.0002399834338575,still
1783086719797954000,4.9029541015625,-0.0103357991812285,0.0098236849406268,0.0613859043329954,0.0001761959865689,-0.0004518660716712,0.0007585008861497,still
1783086719807998200,4.912998291015625,-0.0083488357482478,-0.004324009812111,0.0516588755667209,8.39096028357e-05,-0.0001128390431404,-0.0001979835797101,still
1783086719818042000,4.9230419921875,-0.0043102187487762,8.92400528769e-05,0.0610848755598068,0.0017084381543099,0.0007103444077074,-0.0004951923619955,still
1783086719828087000,4.933087158203125,-0.0056373939656186,-0.0040512846847996,0.0633288550943136,0.0011910006869584,-0.0001594573259353,0.0005192256066948,still
1783086719838131200,4.943131103515625,0.0002806207393994,0.0031569753267336,0.0585404517740011,-0.0002103543374687,8.26236791908e-05,-0.0016573758330196,still
1783086719848175000,4.953175048828125,-0.0092832487878389,-0.0039431481352075,0.0714081166535615,0.0005707507953047,-0.0009882333688437,-0.0011407225392758,still
1783086719858220000,4.963219970703125,-0.0103191905397223,-0.0046366285583935,0.0678162296414375,0.0008330720011144,-0.0008106003515422,-6.56044576317e-05,still
1783086719868264200,4.97326416015625,-0.0027641583505552,-0.0037591881367377,0.0568932690888643,-0.0012936813291162,-0.0011257431469857,0.0005810584407299,still
1783086719878308000,4.98330810546875,-0.0115577741576591,0.0017351623626891,0.0591407557547092,-0.0024779890663921,-0.0002359813079237,-0.0011023255065083,still
1783086719888353000,4.99335302734375,-0.0042450810906942,0.0030080227095633,0.0592909778803586,-0.0002929123584181,1.33817084133e-05,-0.0010456477757543,still
1783086719898397200,5.003397216796875,0.0035949192194268,0.0036065822577569,0.060787938439846,-0.0012689610011875,-0.0012713274918496,-0.0002144752070307,still
1783086719908441000,5.013441162109375,-0.0115473577949218,0.0002807714364491,0.0585433743834495,-0.0001183648128062,0.0015247450210154,0.0007006895029917,still
1783086719918486000,5.023486083984375,-0.0005872938020853,0.001539502793271,0.0603378565847873,0.0008411719463765,0.0007396452128887,-0.0004436706658452,still
1783086719928530200,5.0335302734375,-0.0065535498293116,-0.0037014209343586,0.0654255351126193,-0.0006312897894531,0.0002562813460826,-0.000364574836567,still
1783086719938574000,5.043573974609375,0.0009374954792438,-0.0023670031259767,0.0444768551081418,0.0002305093221366,0.000804360024631,-0.0011150536593049,still
1783086719948619000,5.053618896484375,-0.0101834490305744,0.0005898465187754,0.0601888035029172,-1.86613760888e-05,0.001386946067214,-0.0005537366960197,still
1783086719958663200,5.0636630859375,-0.0031586512605892,0.000527339209197,0.0724602560549974,-0.0016676905797794,0.0010732258670032,0.0004204476717859,still
1783086719968707000,5.07370703125,-0.010610729965358,0.008704343788186,0.0482195487678051,0.0003795768134295,-0.0009864312596619,0.0003199155908077,still
1783086719978752300,5.083752197265625,-0.0002660579245071,0.0124536498517263,0.052708676880598,0.0001718502026051,-0.0003896169364452,-0.0011983525473624,still
1783086719988796200,5.093796142578125,-0.0066314510708441,0.008245128778601,0.0612386048167943,0.0007921522483229,-0.0001050834544003,-7.94215593487e-05,still
1783086719998840000,5.103840087890625,-0.0139003186958143,0.0082024038817267,0.053607671546936,-0.0005865662824362,-0.0009194780141115,-0.000397669384256,still
1783086720008885200,5.11388525390625,-0.0001181053877575,-0.0063172842548694,0.0619879618793725,-0.0001321188174188,-7.99633562564e-05,0.0004788758233189,still
1783086720018929000,5.123928955078125,-0.0078448043494019,-0.0002216159945819,0.0516635517418384,0.0004330039955675,0.0007405565120279,0.0002831334713846,still
1783086720028973000,5.13397314453125,-0.0064850192043231,0.0007982468387577,0.0576496404141187,-0.0002663631457835,0.0005432432517409,0.0005749757401645,still
1783086720039017200,5.144017333984375,-0.0056173832240514,0.0099046594886574,0.0561532643765211,-0.0011808928102254,0.0006393832154572,-0.0015811193734407,still
1783086720049062000,5.154061767578125,0.0015674502461217,-0.0023762458783574,0.0554050763577222,3.4428667277e-05,0.00110699608922,-0.0013587272260338,still
1783086720059106000,5.16410595703125,0.0048449740794487,-0.0116496765250805,0.0446311688870191,-0.0010215146467089,-0.0002384330146014,-0.0017733813729137,still
1783086720069150200,5.174150146484375,-0.0123576421313453,-0.0112711255362723,0.0588479102879762,-0.0005025370046496,0.0003184089437127,-9.7467796877e-05,still
1783086720079195100,5.184195068359375,0.0043919878812506,-0.0058019460107199,0.0591477700173854,-0.0003448778297752,-0.0010411348193883,-0.0009102644398808,still
1783086720089239000,5.194239013671875,-0.0071301852400647,0.0035046562532428,0.0570528435647487,0.000288663432002,0.0006468286737799,-0.0001856640446931,still
1783086720099283200,5.204283203125,0.0021511090527055,0.004182975639915,0.0634860914826393,0.0007081113290041,4.52208332717e-05,0.0015051768859848,still
1783086720109328100,5.214328125,-0.0067907926512882,-0.0045644218387082,0.0554039073139429,0.0001591541804373,8.39978456497e-05,0.002196988556534,still
1783086720119372000,5.2243720703125,-0.0124460008348105,0.0066275649135932,0.0741091923058032,0.000364217441529,-0.000123462639749,0.0002283798530697,still
1783086720129416200,5.234416259765625,0.0033585120810894,0.008762558515137,0.0537578936725854,0.0001822593621909,-0.0001190202310681,-0.0005307658575475,still
1783086720139461000,5.244461181640625,-0.0012625946811866,-0.0006009067689068,0.0580962151378393,-0.0001064273528754,4.63621690869e-05,-0.0005898880772292,still
1783086720149505000,5.254505126953125,-0.0146701385911088,-0.0071205177959986,0.0588438186347484,0.0004298957064747,0.0002419305965304,0.0004255080129951,still
1783086720159549200,5.264549072265625,-0.0047136575836688,-0.0013046893903985,0.0525596237987279,-0.0002036702353507,3.23397107422e-05,0.0011882372200489,still
1783086720169594000,5.274593994140625,-0.0043204798478865,0.0017741243998985,0.0485205775409936,-0.000489575555548,-0.0006683249957859,-0.0005105023737996,still
1783086720179638300,5.28463818359375,-0.0065213782924925,-0.0079093574855942,0.0676759443879127,-0.0006991662085056,-0.00018149940297,0.0002655428834259,still
1783086720189682000,5.294681884765625,-0.0033643070676364,-0.0008193718251772,0.0618394933193922,0.0006877100095152,0.0003285547718405,-0.000895363278687,still
1783086720199727000,5.30472705078125,-0.0063118819939671,-0.010527284899028,0.0570510899990797,0.0006179350893944,-0.0009862477891147,0.0009502073517069,still
1783086720209771500,5.314771484375,-0.0165050898001529,-0.0054952272822614,0.0558545736908912,0.0001914585009217,0.0004368415102362,0.000129789346829,still
1783086720219815700,5.324815673828125,0.00927228443583,-0.0038105255983304,0.0477735585659742,2.435408532619477e-07,0.0002972916699945,-0.0005298755131661,still
1783086720229860600,5.334860595703125,-0.0160267316986806,0.0135323849991429,0.0561538488984107,-0.0002662995830178,-0.0005690548568964,0.0005079223774373,still
1783086720239904800,5.34490478515625,-0.0059602464115479,0.0058899713540449,0.0645335547089576,-0.0002175637055188,8.10227356851e-05,0.0003934064880013,still
1783086720249948700,5.35494873046875,-0.0095329035668168,0.0032442060856148,0.0586971036404371,0.001340118702501,-0.0002125827595591,0.0003356111701577,still
1783086720259992600,5.36499267578125,-0.0046747686116956,0.0002072495425119,0.0485205775409936,0.0008711360860615,-0.001102877780795,0.0011710448889061,still
1783086720270037800,5.375037841796875,-0.0053888853975338,0.0031148988838307,0.0573486116409301,-0.0003295594360679,0.0008954531513154,0.0001936412882059,still
1783086720280081400,5.385081298828125,-0.0147741149888141,-0.0052985995984636,0.0670756404072046,-0.0005623197648674,-0.0008555753156542,-0.0003959825262427,still
1783086720290125600,5.39512548828125,0.0061310181348817,-0.0058920263138134,0.0527110149681568,0.0009612485300749,-0.0009437566623091,-0.0011950763873755,still
1783086720300170800,5.405170654296875,-0.0085409288208233,0.0049226058929227,0.0447796374469995,2.67452560365e-05,-0.0002875537611544,0.0005010911263525,still
1783086720310214400,5.41521435546875,-0.0135635701552731,-0.0003825147778727,0.0557037670433521,0.0004023965448141,0.0008737500756978,0.0015561674954369,still
1783086720320258600,5.425258544921875,0.008250681736553,-0.0054695083191152,0.064232525935769,0.0014836401678621,0.0004678843542933,-0.0006001940928399,still
1783086720330303700,5.4353037109375,-0.0158014304762473,-0.0033492464958224,0.0555535449177026,0.0002656935248523,-0.0011996859684586,-2.4507753551e-05,still
1783086720340347600,5.44534765625,-0.0149140166498487,0.0001101458435878,0.0561520953327417,-0.0001361772883683,-0.0002425462007522,-0.0006740528624504,still
1783086720350391600,5.4553916015625,0.0037223769574193,0.0025594843576196,0.0393920991897583,0.0006157618481665,0.0001245564781129,-0.0010932222940027,still
1783086720360436700,5.465436767578125,-0.0098979968524305,0.0026067940980661,0.055103463062644,0.0003707509022206,0.0009735724888741,-0.0005390185397118,still
1783086720370480600,5.475480712890625,-0.0092431040071183,-0.0032387079265899,0.0507633880317211,0.000987815670669,0.0001679938286542,-0.0001176018267869,still
1783086720380524500,5.485524658203125,-0.0176065939018037,0.0044142545119859,0.0663256988227367,0.0001529147848486,-0.0008085872977972,0.0012286260025575,still
1783086720390569700,5.49556982421875,-0.0027373616751749,-0.0016016630429774,0.0661766457408666,5.10530080646e-05,0.0002493816427886,0.0015329661546275,still
1783086720400613600,5.505613525390625,-0.012529002943146,-0.0135730275367852,0.0663262833446264,-0.0003702591639012,0.0010645752772688,0.0002362730447202,still
1783086720410657500,5.515657470703125,-0.0125004207360558,-0.0054723213307093,0.0542050529181957,0.0009023284073919,0.00035738106817,0.0009446963667869,still
1783086720420702700,5.52570263671875,0.0031634233338292,-0.0055256772194523,0.0714122083067893,0.0011148485355079,0.0013110591098666,0.0019535017199814,still
1783086720430746600,5.53574658203125,-0.0038888423983938,0.00120921139298,0.0583931522578001,0.0010358486324548,2.06530094146e-05,0.0007904423400759,still
1783086720440790500,5.54579052734375,-0.0103073037391062,-0.0018616565528791,0.0516588755667209,-0.000964984181337,0.0023250861559063,-0.001033290522173,still
1783086720450835700,5.555835693359375,-0.0047253982538124,0.0092914503606036,0.0631821401000022,-0.0002932751085609,-0.0016703796572983,0.0004729540087282,still
1783086720460879600,5.565879638671875,-0.0091771808977471,0.0039472580547444,0.0646779316157102,-9.6482690423e-06,-0.0002298755571246,-7.64562282711e-05,still
1783086720470923800,5.575923828125,-0.0137713494207477,-0.005601829461893,0.0637801059931516,0.0008557641413062,0.0017777518369257,-0.0005865690764039,still
1783086720480967400,5.585967529296875,-0.0041758061136119,0.0089859554748516,0.0604892477542161,-0.0013080540811643,-0.0013048569671809,0.00032849307172,still
1783086720491012600,5.5960126953125,-0.0064934399727964,0.0013093564323615,0.0519604888617992,-0.0002878569066524,-6.06090761721e-05,6.61027152091e-05,still
1783086720501056800,5.606056884765625,-0.0076403541187522,-0.003335254503088,0.0642307723701,0.0002058930695056,0.0020699196029454,-0.0002721187192946,still
1783086720511100400,5.616100341796875,-0.0096129876322811,-0.0064336497766897,0.0530073675662279,-0.0005973463412374,8.79187136888e-05,0.0012612913269549,still
1783086720521145600,5.6261455078125,-0.0060923848912352,0.0013053835101425,0.054653965729475,-0.0001837573945522,-0.0017539234831929,0.0007049569394439,still
1783086720531189800,5.636189697265625,-0.0042469488207949,-0.0010753284807782,0.0631838936656713,0.0013568461872637,-0.0020781448110938,0.0005322247743606,still
1783086720541233700,5.646233642578125,-0.0099077738943509,-0.0004311122931074,0.0483691863715648,0.0003203439991921,0.0016321707516908,0.000959129538387,still
1783086720551278600,5.656278564453125,0.0118728816885501,0.0089993629456963,0.0453764342963695,0.0005111279897391,0.000145373865962,-0.0004507650155574,still
1783086720561322800,5.66632275390625,-0.014410455608461,0.0004338339731562,0.0534574494212865,-0.000842556823045,-0.000176868867129,-0.0002070858608931,still
1783086720571366700,5.67636669921875,-0.0097182289718883,-0.0048096105051226,0.0567494767040014,0.0006300816312432,0.0002637542784214,0.001096180989407,still
1783086720581411600,5.68641162109375,-0.0021746862911153,0.0012907065308187,0.0494178186416625,-0.0014674239791929,0.0011926647275686,3.57101671397e-05,still
1783086720591455700,5.696455810546875,0.0030617256581783,-0.0015699801299255,0.049118543434143,0.0013389713130891,0.0003580437041819,-0.0007090254221111,still
1783086720601499600,5.706499755859375,-0.0013567301048897,0.0113765312726609,0.0598918663829565,-0.0004522709641605,-0.0004819170571863,0.0002105641178786,still
1783086720611544600,5.716544677734375,-0.0090579064662102,-0.0015030523735564,0.0624362901687622,0.000835521845147,-0.0011985399760305,0.0007504576351493,still
1783086720621588700,5.726588623046875,-0.0140257899726973,-0.0015357308004517,0.0568979452639818,0.000254686223343,0.0013634208589792,-0.0008623527828603,still
1783086720631632600,5.736632568359375,-0.0149385711357928,-0.0120619471204001,0.0570475828677415,-0.0005426697898656,0.0006601456552743,-0.0008763235528022,still
1783086720641677600,5.746677490234375,0.0008388482772046,-0.0036909634724259,0.0616863485842943,0.0012656166218221,-0.0003009890206158,0.000429956940934,still
1783086720651721700,5.7567216796875,0.0072159729605307,-0.0082183047037571,0.0554004001826047,-0.0001633795909583,-0.0021454403176903,0.0013337940908968,still
1783086720661765600,5.766765625,-0.0139888143965974,0.0004359893976245,0.0715618459105491,-0.0002083869185298,0.0005864300765097,-0.0001370697282254,still
1783086720671809800,5.776809814453125,-0.0074685412158025,-1.17087041027e-05,0.0645288785338401,0.0007054088637232,0.0002860291860997,-0.000643492443487,still
1783086720681854700,5.786854736328125,-0.0018922297876561,0.0041335835402365,0.0543541060000658,9.90070402622e-05,0.0005749822594225,0.001142423483543,still
1783086720691898600,5.796898681640625,-0.0017107996729901,0.0036494898177217,0.0625847587287426,0.0002563872840255,0.0001597898080945,0.0005002135876566,still
1783086720701942800,5.80694287109375,-0.003135274951579,0.0043778862906619,0.0600415039867162,0.0007855573203414,0.0003864248283207,-5.63871581107e-05,still
1783086720711987700,5.81698779296875,-0.0045167102394625,-0.0030178408506792,0.0545037436038255,0.0003195668105036,-0.0003292872570455,0.0005106043536216,still
1783086720722031600,5.827031494140625,-0.0086426310630515,0.0062950998225249,0.0429810635924339,-3.99600248783e-05,-0.0007364847697317,0.0014352538855746,still
1783086720732075800,5.83707568359375,0.0030684841925278,-0.0023521252172533,0.0531564206480979,0.00053247413598,-0.0001525119878351,-0.0016854433342814,still
1783086720742120400,5.847120361328125,0.0008384920841781,-0.0009586158990859,0.0663239452570676,-0.0002246624790132,0.0003865119069814,-0.0004609217867255,still
1783086720752164600,5.85716455078125,-0.003904044534103,-0.0045535351185128,0.0440279422968626,0.0003978516906499,0.0004845336079597,-4.43512108176e-05,still
1783086720762208800,5.867208740234375,-0.0039580625765491,-0.0021890436100307,0.0482183797240257,-0.0005712725687772,0.0012091794051229,0.0008683141786605,still
1783086720772253400,5.87725341796875,-0.0018673145421082,-9.86380688846e-05,0.0660252545714378,0.000919213052839,-0.0006232028827071,-0.0008879534434527,still
1783086720782297600,5.887297607421875,0.0010727757640881,0.0057154367710463,0.0444780241519212,-0.0006632371805608,-0.0004032258875668,0.0001501466613262,still
1783086720792341800,5.897341796875,-0.0030810788126196,0.0074903009564615,0.0447778838813304,-0.0006137078162282,-0.0009352196939289,2.80914828181e-05,still
1783086720802386400,5.907386474609375,0.0066394928134046,-0.0078545585584361,0.0471732545852661,0.0007061548531055,0.0006096800789237,-0.0004973502364009,still
1783086720812430600,5.9174306640625,0.0070884558570338,0.0055180601685773,0.0503144752204418,0.0011960915289819,-0.0003716126084327,9.48703382164e-05,still
1783086720822474800,5.927474853515625,-0.0094369597785174,-0.0091070793701801,0.0679717124640941,0.0008876973297446,0.0002252017147839,0.0002240336034446,still
1783086720832519400,5.93751953125,-0.0159981677578995,-0.0020968900808598,0.0546545502513647,0.0003869135398417,0.0006632194854319,9.89064574241e-05,still
1783086720842563600,5.9475634765625,-0.0038885455708717,0.0021689232706092,0.0546533812075853,0.0007099548820406,-0.0002558375708758,-0.0002917791716754,still
1783086720852607700,5.957607666015625,-0.0003197334736585,-0.0074525444956496,0.0565975010126829,0.0006916138809174,0.0001048664562404,0.002109017688781,still
1783086720862652400,5.96765234375,0.0114711370538221,0.0189240514422301,0.0633306086599826,-0.000506276031956,0.000275841448456,0.000490081962198,still
1783086720872696600,5.977696533203125,-0.0109641739123733,0.0038325456338934,0.0491150363028049,0.0002392830792814,0.0002855244092643,-0.0009453834500163,still
1783086720882740700,5.98774072265625,-0.0061162178579717,0.0057808392906095,0.0539034396231174,0.0003703106194734,0.0002391855232417,-3.56475356966e-05,still
1783086720892784600,5.99778466796875,-0.0050826552928425,0.0105655710828024,0.0574947421133518,-0.0007493493612855,0.0010790326632559,4.89081721752e-05,still
1783086720902829600,6.00782958984375,0.009762922063563,-0.0018243750161025,0.0645271249681711,0.0002376181073486,-0.0002866359427571,-0.0006363231223076,still
1783086720912873500,6.01787353515625,-0.0031866032800171,0.0076347691947594,0.0630307489305734,0.0004130913875997,-4.59575094282e-05,0.0018248468404635,still
1783086720922917600,6.027917724609375,0.0035687207656679,0.0006385170992463,0.0501613304853439,-3.93798109143e-05,0.0002898671664297,0.0012461419682949,still
1783086720932962600,6.037962646484375,-0.0031465132982237,0.0081577153566293,0.0640776276350021,-7.08568841218e-05,-0.0007214327342808,0.0002133948728442,still
1783086720943006500,6.04800634765625,0.0025158461452927,0.0139213203846476,0.0573445199877023,0.0001057107001543,0.0009576901793479,0.0004402962513267,still
1783086720953050600,6.058050537109375,-0.0032176879714475,0.0124659887434914,0.0539040241450071,-0.0017126342281699,0.0010186797007918,0.0003350498154759,still
1783086720963095600,6.068095458984375,-0.0145493754553841,-0.0012139058344066,0.058693596509099,0.0007068475242704,-0.0020924247801303,0.0001773906406015,still
1783086720973139500,6.078139404296875,-0.0009551909661386,0.0012188742704689,0.0597410597354173,-0.0004894221201539,-0.0011292402632534,-0.0009096369612962,still
1783086720983183600,6.08818359375,-0.0145891777428099,0.0083863821465056,0.0527080923587083,-0.0006385589949786,0.0001762411557137,0.0001079568173736,still
1783086720993228800,6.098228759765625,0.0022008938780287,0.0023057379254139,0.060787938439846,0.0005133680533617,-0.0002260510809719,-2.00225040316e-05,still
1783086721003272400,6.1082724609375,-0.0178467593332286,-0.0012469039217103,0.0609369915217161,-0.0007745367474853,-0.0003216583281755,0.0013850611867383,still
1783086721013316600,6.118316650390625,-0.0100159150105202,0.0036770628112368,0.0509118565917015,-0.0002697210293263,-0.0009515890851616,-0.0003217924386262,still
1783086721023361800,6.12836181640625,-0.0082889724869048,0.0011923698560334,0.0610889672130346,-0.000238562002778,-0.0015800949186086,0.0010489366250112,still
1783086721033405400,6.138405517578125,-0.0184064938415307,-0.0114703835685737,0.0600409194648265,0.0013436141889542,0.0010931654833257,-0.0002469047904014,still
1783086721043449600,6.14844970703125,-0.001692665794678,-0.0100512831514235,0.0570475828677415,0.0008221671450883,-0.0013540131039917,0.000582137145102,still
1783086721053494800,6.158494873046875,-0.0060326449274783,0.0125182212542276,0.0574964956790208,-0.0014140139101073,-0.000356423202902,0.0007357224822044,still
1783086721063538400,6.168538330078125,-0.0067195586125599,0.0105669501891359,0.0554021537482738,-0.0004787116777151,-0.0002293903380632,-0.0001087659038603,still
1783086721073582600,6.17858251953125,-0.0020168471145909,-0.0088607216599863,0.0610883826911449,-1.10638793557e-05,-0.0005540498532354,0.0002249784301966,still
1783086721083626500,6.18862646484375,0.0066074217412853,0.007291371717723,0.0597422287791967,0.0003948018420487,-0.0007974631153047,0.0005240514874458,still
1783086721093671700,6.198671630859375,0.0053016729049617,-0.0045343737603165,0.0624357056468725,-0.0001891001593321,-0.0010597137734293,0.0001997230574488,still
1783086721103715600,6.208715576171875,0.0092377519785659,0.0065453573897015,0.0616875176280736,-0.0001909644342958,-0.0015204404480755,-0.0008804551325738,still
1783086721113759500,6.218759521484375,-0.0005339287801878,0.0007186513970606,0.0595931756973266,0.0002819860819727,-0.0002996893599629,-3.20114195346e-05,still
1783086721123804700,6.2288046875,-0.0004584295582957,-0.000700768680498,0.0557014289557933,0.0001094131730496,-0.0002384362742304,-3.70715279132e-05,still
1783086721133848600,6.2388486328125,-0.0038670369919622,0.0043920518133323,0.0603407791942358,0.0001127473078668,0.0009060013107955,-0.0008150679059326,still
1783086721143892500,6.248892578125,-0.0050182163210818,0.0086270955672021,0.0682727412372827,-0.0010361404856666,-0.0011462303809821,3.95404640585e-05,still
1783086721153937700,6.258937744140625,0.0064427235657116,-0.0001842339931055,0.0577981089740991,0.0011936679948121,-0.0006666430272161,-0.0003832986112684,still
1783086721163981600,6.268981689453125,0.0003234849168802,0.0076172061386052,0.0434328990131616,-0.0006979752797633,1.24629586935e-05,-0.0004101966042071,still
1783086721174025500,6.279025390625,-0.0093548732689232,-0.0037518268141895,0.052111880031228,-0.0009608416585251,-0.0014114240184426,0.0009640265488997,still
1783086721184070700,6.289070556640625,0.0005236357150366,-0.0016736231674905,0.0564519550621509,0.0013638315722346,0.0008549261838197,-5.25021459907e-05,still
1783086721194114600,6.299114501953125,-0.0023821436128928,0.0037752624887041,0.0670750558853149,-0.0010647480376064,0.0006899777799844,0.0003878779243677,still
1783086721204158500,6.309158447265625,0.0007414431841811,-0.0115427912176586,0.0539075312763452,0.0002766861580312,-0.0012559937313199,4.43302560597e-05,still
1783086721214202400,6.319202392578125,-0.0016155020553735,0.0042886827704031,0.0598936199486255,-0.0004392012488096,-0.0001583467237651,0.0003837537951767,still
1783086721224246500,6.32924658203125,0.0007876386797754,0.0129395519388373,0.0515144986599683,-0.0005001877434551,-2.89171002805e-05,0.0002383452374488,still
1783086721234290700,6.339290771484375,-0.0079022770075476,0.0114365269647445,0.0507663106411695,8.64234752953e-05,8.8843517005e-06,-0.0008928042370826,still
1783086721244335400,6.34933544921875,0.0011221495974576,0.005031180833932,0.0438823963463306,0.0007412945851683,-0.0001564980484545,0.0004323846660554,still
1783086721254379500,6.359379638671875,0.0032760876447777,0.0165511300321202,0.0563029019802808,0.0009072565007954,-0.0002386658452451,0.0003475085832178,still
1783086721264423700,6.369423583984375,-0.0132784011049196,0.0088359890775289,0.0676747753441333,0.0003916686400771,0.0009717410430312,-0.0012232239823788,still
1783086721274467600,6.379467529296875,-0.0035812468871008,-0.0059263030427508,0.0551040475845336,0.0003215868491679,-0.0003176047466695,0.0003139353357255,still
1783086721284512500,6.389512451171875,-0.0002322926522232,-0.0061987085096538,0.0543558595657348,-0.0003444699104875,-0.0001098779030144,-0.0009627840481698,still
1783086721294556400,6.399556396484375,-0.0031115287498105,-0.0066929674331564,0.0572001430809497,-0.0009767494630068,-0.0006254110485315,0.0003109464887529,still
1783086721304600600,6.4096005859375,-0.0078830585671355,0.0067533832503482,0.0754559307396411,0.0005444481503218,-0.0007918584160506,-8.82614403963e-05,still
1783086721314645500,6.4196455078125,-0.0074515352820744,0.0029902952566277,0.0533101499050855,-0.0004255550447851,0.000191849656403,-0.0009459005668759,still
1783086721324689400,6.429689453125,-0.0034078356821089,0.0029602106456179,0.0639350042939186,-0.0014940152177587,-0.0001983032561838,0.0005771613214164,still
1783086721334733600,6.439733642578125,0.0021627857907675,0.0042281390890479,0.0616916092813015,-0.0009026827756315,-0.0008372203446924,0.0010267412289977,still
1783086721344778500,6.449778564453125,0.0070974976800149,0.0040392928529065,0.0515174212694168,0.0003388829063624,-0.0001200311817228,-0.0012848824262619,still
1783086721354822400,6.459822509765625,-0.0027607379841851,-0.0089765026599168,0.0606453150987625,-3.05424910038e-05,0.0009041973389685,-0.0005946734454482,still
1783086721364866600,6.469866455078125,0.0005251541019766,-0.0051989842820446,0.0549585016340017,0.000366800930351,-0.0006915684789419,0.0001440872438251,still
1783086721374911500,6.479911376953125,0.0013866252029431,0.024244068288058,0.0607943681806325,0.0006889773067086,-6.64177350699e-05,0.0023770374245941,still
1783086721384955400,6.489955322265625,-0.012881277846382,0.0059624794678296,0.0669306789785623,-0.0008559224661439,-0.0010762885212898,0.0005109605845063,still
1783086721394999600,6.49999951171875,-0.0026147559255245,0.0018844985723495,0.0627414105951786,0.0004450564738363,-0.0011601629666984,-0.0010818294249475,still
1783086721405044500,6.51004443359375,0.0035716730578686,0.0071276873223017,0.0479272878229618,0.0002663584891706,-0.0007234048098325,0.0002327067777514,still
1783086721415088400,6.52008837890625,0.0087668693640734,-0.0061934295463375,0.0564572157591581,0.0005967675242573,-0.0017836354672908,0.0003867873456329,still
1783086721425132500,6.530132568359375,0.001736644217011,-0.0006801368844229,0.0646878684878349,-0.0005678327288478,0.0003972272388637,-4.30468935519e-05,still
1783086721435177500,6.540177490234375,-0.0027983939802972,-0.0050647817094344,0.0631914924502372,0.0010550590232014,-0.0011004554107785,0.0005755773745477,still
1783086721445221400,6.550221435546875,-0.0017675873445463,-0.0103906803067773,0.0634901831358671,0.0006984618958085,-2.90656462311e-05,-0.0002047289162874,still
1783086721455265500,6.560265625,-0.0128492638564785,0.003380491017457,0.0531669420421123,-0.0011852607131004,-0.0001455647870898,0.000284681096673,still
1783086721465309400,6.570309326171875,0.0012444859190494,-0.000761778152734,0.0636409897834062,0.0005322117358446,0.0002531106583774,0.0006545942742377,still
1783086721475354400,6.580354248046875,-0.0032738774213823,-0.0054488765230402,0.0569078821361064,-0.0008159237913787,0.0005379170179367,-0.0012023255694657,still
1783086721485398500,6.5903984375,-0.0060534639532212,0.0041898620384279,0.0622965894371271,0.0002376225311309,-0.0015489356592297,-0.0013938068877905,still
1783086721495442400,6.6004423828125,0.0093774892428191,-0.0058385608272161,0.066187167134881,0.0004610379692167,-0.0004023676738142,-0.0009262203238904,still
1783086721505487400,6.6104873046875,0.0093637940776068,-0.0032863007948268,0.0669353551536798,-0.0008308615069836,-0.0012894668616354,2.74577178061e-05,still
1783086721515531500,6.620531494140625,-0.007835123205604,2.49517781659e-05,0.0470329693317413,0.00031981151551,0.0005367598496377,0.0001039095222949,still
1783086721525575400,6.630575439453125,0.0052065488172811,-0.0005236220153048,0.0575070170730352,-0.0004495757166296,0.0008848346769809,0.0008426703279837,still
1783086721535620400,6.640620361328125,0.0004517235395847,0.0018250326032284,0.0630441929340362,0.0004214388318359,-0.0005829371511936,-0.0007690147031098,still
1783086721545664500,6.65066455078125,-0.002128082086856,0.0063491680973209,0.0519704257339239,0.0001886787358671,-0.0002729450352489,0.0009346094448119,still
1783086721555708400,6.66070849609375,-0.0052309571727528,0.0059104204870294,0.0551128154128789,0.0003159504849463,-1.48294493556e-05,0.0001564880367368,still
1783086721565753300,6.67075341796875,0.0029323613741784,-0.0036571616675239,0.0488286205768585,-0.0005575662944465,-0.0011248346418142,0.0012867336627095,still
1783086721575797500,6.680797607421875,-0.0081456984085612,0.0006065601915586,0.0630447774559259,2.74560879915e-05,0.0010677357204258,0.001203371095471,still
1783086721585841400,6.69084130859375,-0.0062584621731424,-0.0017514559103641,0.0675333210468292,0.0011124277953058,0.0010011568665504,-0.0003378002438694,still
1783086721595886600,6.700886474609375,-0.0041306289647473,0.0039306539798155,0.0582557896137237,0.0001385628711432,0.0004988079890608,-0.0003092275001108,still
1783086721605930500,6.710930419921875,-0.008197853287484,0.0041227881515864,0.0584042581737041,0.0002892976626753,0.0008716504089534,-0.0002120221033692,still
1783086721615974400,6.720974365234375,-0.0010078550184261,0.0019107929242309,0.0628933862864971,0.0003491456154733,-0.0001721703447401,-0.0004009008407592,still
1783086721626019600,6.73101953125,-0.0008705083573702,0.0053619562914129,0.0506225182563066,6.04591332376e-05,0.0007050749845802,-0.0004714746028184,still
1783086721636063500,6.7410634765625,0.004031381257798,0.0070932644628919,0.0661836600035429,0.0010565922129899,0.0006333380006253,-0.0008032517507672,still
1783086721646107400,6.751107421875,-0.0043346590702887,0.0007364701815415,0.06199263805449,0.0003417998086661,-0.0014314111322164,-0.0011364133097231,still
1783086721656151600,6.761151611328125,-0.0090499103894224,-0.0082677790018264,0.0561573560297489,-5.12949191033e-05,0.00101068476215,-0.0016220258548855,still
1783086721666196500,6.771196533203125,-0.0053618421269813,-0.0054054209738038,0.0697743779718875,0.0003487118519842,0.0016043032519519,0.0001761405728757,still
1783086721676240400,6.781240478515625,-0.0084256706939893,0.0042008035575505,0.0610948124319314,4.10433858633e-05,0.0009718285873532,0.0006017331033945,still
1783086721686284500,6.791284423828125,0.001856674417085,-0.0084467705642338,0.0696247403681278,-0.0009933284018188,0.0004288097843527,-0.0004203882999718,still
1783086721696329500,6.80132958984375,-0.0007024217814672,0.000513803874189,0.0581026448786258,0.0012371682096272,-0.0003012716770172,0.0015667445259168,still
1783086721706373400,6.811373291015625,0.0015609177573467,-0.0091968308797106,0.0673801763117313,-0.0008510164916515,-0.0003428170457482,0.0009275858756154,still
1783086721716417500,6.82141748046875,-0.0101459893972845,8.86920636054e-05,0.0575040944635868,0.0003025999758392,-0.000201417133212,-0.0015823484864085,still
1783086721726462700,6.831462646484375,-0.006388758038904,-0.011921552269021,0.0621434447020292,-0.0004582651890814,-0.0013958448544144,-0.0001370511017739,still
1783086721736506400,6.84150634765625,-0.004542495417979,-0.0037153581281658,0.0619943916201591,0.001546889077872,0.0002089357003569,0.0002184640616178,still
1783086721746550500,6.851550537109375,-0.009272049257101,0.0203504583830013,0.0636380671739578,0.0014896309003233,0.0005253194831311,0.0011263355845585,still
1783086721756595700,6.861595703125,0.006882147029438,0.0046921672710683,0.057951253709197,-0.0005563660524785,0.0008611041121184,-0.0007579301018267,still
1783086721766639400,6.871639404296875,-0.0039177648154902,0.0038340252049267,0.0503191513955593,0.0001885199453681,-0.0007093618623912,0.0005158600397408,still
1783086721776683500,6.88168359375,-0.0091669334983685,-0.0026149226055946,0.0663303749978542,0.0009214400779455,0.0015735910274088,-0.0005053661298006,still
1783086721786728400,6.891728515625,0.0050244725319324,0.0062715819496195,0.058548050558567,0.0004798879381269,0.0003549284301698,0.0005266088992357,still
1783086721796772600,6.901772705078125,-0.0032130848615663,0.0040537963022943,0.0682744948029518,-0.0001320557203143,0.0002149185165762,0.0003851475194096,still
1783086721806816500,6.91181640625,0.0140019912552903,0.0142722709804773,0.0628869565457105,0.001112172845751,9.29455272853e-05,0.0004306875634938,still
1783086721816860400,6.9218603515625,0.0001570034928852,0.0039728765531908,0.0569014523953199,-0.0012224063975736,-0.0012940037995576,0.001123059191741,still
1783086721826905600,6.931905517578125,-0.0005711121355532,-0.0002499105073045,0.0702197836518287,0.0001653668005019,0.0007081609219312,4.02177684009e-05,still
1783086721836949500,6.941949462890625,0.0053997881007497,0.0066045493641868,0.0569020369172096,-0.0004696776159107,-0.0002686227671802,-0.0006668339483439,still
1783086721846993400,6.951993408203125,-0.0026510944640962,-0.0002911740994546,0.0561544334203004,0.0009876040276139,-0.0001309374347329,0.000291105126962,still
1783086721857038600,6.96203857421875,0.0036046072130906,0.005864535518689,0.0628875410676002,-0.0001747340429574,0.0004767444916069,0.0005640110466629,still
1783086721867082500,6.97208251953125,0.007948794446839,0.0038388657768256,0.0534592029869556,0.0004636256489902,-0.0002135471440851,0.0013706824975088,still
1783086721877126400,6.98212646484375,0.0005404863851377,-0.0031761184186208,0.0566015926659107,0.0003264499828219,-0.0004994692280888,0.0008629875956103,still
1783086721887171600,6.992171630859375,-0.0035625353367649,0.0140596602762583,0.0615390490680932,0.0001229846384376,0.001093900296837,0.0005031945183873,still
1783086721897215500,7.002215576171875,-0.0034789806725806,0.0020949447189457,0.052111880031228,0.000411215936765,9.81390476226e-05,-0.0007002695929259,still
1783086721907259400,7.01225927734375,0.0010483628420392,0.0116224323251284,0.0552548542320728,-6.78866636008e-05,-7.25695863366e-05,-0.0005766989197582,still
1783086721917304600,7.0223046875,-0.0094564567801426,-0.0019403569454327,0.0619879618793725,0.0005091791972517,0.0010873046703636,-0.0015535098500549,still
1783086721927348700,7.0323486328125,-0.0137833526690839,-0.0093892664455808,0.058695350074768,6.52302987873e-05,-0.0012309774756431,0.0015400177799165,still
1783086721937392400,7.042392333984375,-0.0033088459867751,0.0024047778530977,0.0655792643696069,-0.0003284432459622,-0.0004226630553603,-0.0007312742527574,still
1783086721947437600,7.0524375,0.0118696645348682,-0.005592130051786,0.0782990452110767,-0.0007548152934759,0.0004713600501418,-0.0006628308910876,still
1783086721957481500,7.0624814453125,0.0062240027811145,0.0065168071486521,0.0648316608726978,0.0010131299495697,-0.0008421568199992,0.0001041765790432,still
1783086721967525400,7.072525390625,0.0011620249501196,-0.0009678495183121,0.0440320339500904,0.0009422898292541,-0.0005702483467757,0.0021510822698473,still
1783086721977569500,7.082569580078125,-0.0038364500574534,0.0013098952884785,0.0515139141380786,0.000658985460177,-0.0002667461521923,0.0008972998475655,still
1783086721987614500,7.092614501953125,0.0052949805859825,-0.0088638817314524,0.0414881946861743,0.0006291582249104,0.0017801593057811,0.0003912991378456,still
1783086721997658400,7.102658447265625,-0.002957427316776,0.0001670088636688,0.0549544099807739,-0.0002743168734014,0.0015906677581369,-0.0003367464523762,still
1783086722007702500,7.11270263671875,0.0015564927439787,0.0085267221989575,0.0633341157913208,-0.0004594067577272,-0.0002732789143919,-0.0010347610805183,still
1783086722017747500,7.12274755859375,0.0071433712319121,-0.0046445652696769,0.0648304918289184,0.0002880117390304,0.0008796988986432,-0.0012281609233468,still
1783086722027791600,7.13279150390625,-0.0007269694175454,-0.000628013971541,0.0480710802078247,-0.0006502198521047,0.0004972689785063,0.0001148711889982,still
1783086722037835500,7.14283544921875,-0.0081140428949729,0.0032212453351356,0.0431330392837524,0.0002756458707153,0.0008114776574075,-0.0001639807596802,still
1783086722047880400,7.15288037109375,-0.0072037117005791,0.0076076802584342,0.058245852741599,0.0004274460952728,-0.001072708517313,0.0003026050981134,still
1783086722057924600,7.162924560546875,-0.0074960228777723,-0.000916886516055,0.0589940407603979,-0.0002723280340433,0.0006664344109594,-0.0003865414764732,still
1783086722067968500,7.172968505859375,-0.0042435878199292,0.0058159288702998,0.062734980854392,0.0004275508690625,-0.0006742011755704,0.0005295858718454,still
1783086722078013400,7.183013427734375,-0.0057108679104945,0.0070245922740083,0.0515121605724096,0.0009933144319802,-0.0004009255208075,-0.0005196318961679,still
1783086722088057600,7.1930576171875,-0.0014856194648542,0.0067759147425647,0.054204468396306,0.0002652062103152,0.0006334464997053,-0.000226684147492,still
1783086722098101500,7.2031015625,-0.0001213567907689,0.0100653664757031,0.0699164167910814,-0.0009264016989618,-0.0001889639534056,0.0006789022590965,still
1783086722108146400,7.213146484375,-0.0065102997760521,-0.0012024528586305,0.0516617981761693,0.0004525831900537,0.0005149096250534,0.000194739550352,still
1783086722118190600,7.223190673828125,-0.0018835921067628,-0.0044296347442083,0.0498649778872728,0.0009564813226461,-0.0007628458552062,-0.0002088602632284,still
1783086722128234500,7.233234375,-0.012913926590525,-0.0056598341262899,0.0504641128242015,-0.0016033491119742,0.0006214650347828,0.0007972818566486,still
1783086722138279400,7.243279541015625,-0.0060822950387722,-0.0006580437836237,0.0527104304462671,-0.0004394755233079,-0.0004228414036333,0.0004845762159675,still
1783086722148323600,7.253323486328125,0.0092169946016161,-0.003584078165004,0.058098553225398,-0.0001539848744869,-0.0005016708746552,-0.0004081153310835,still
1783086722158367500,7.263367431640625,0.0037876927120145,0.0081866674564778,0.0503179823517799,0.0008197375573217,0.0013724109157919,0.0001940655056387,still
1783086722168411400,7.273411376953125,-0.0061708181390189,0.0093361662851646,0.0619897154450416,-0.0015576663427054,0.0003383057191967,-0.0010983664542436,still
1783086722178456600,7.28345654296875,0.0163285208069835,0.0054628045836929,0.0639350042939186,0.0002250266261398,-0.0005453685298562,-0.0018215638119727,still
1783086722188500500,7.29350048828125,-0.0064961159870726,0.005350402850937,0.04388356539011,0.000130484579131,-0.0005642771720886,0.0001145540736615,still
1783086722198544400,7.30354443359375,-0.0048692888200865,0.0029249384028371,0.0598953735142946,-0.0011055418290197,0.0004723891615867,0.0010689981281757,still
1783086722208589600,7.313589599609375,-0.0071068203474977,0.0044899226972367,0.057951253709197,-0.000548142241314,-0.0004253620281815,0.0004668573383241,still
1783086722218634000,7.323634033203125,-0.0089663854079903,-0.004179139715014,0.0486731377542018,0.0008528477046638,0.0004896041937172,-0.0001084576360881,still
1783086722228678000,7.333677978515625,-0.0069106744376011,-0.0113373409065883,0.0539098693639039,-0.0005583614110946,-0.0003833803348243,0.000722448574379,still
1783086722238723000,7.34372314453125,3.65075019304e-05,0.001627701666532,0.06258943490386,0.000111163360998,3.53204086422e-05,-0.0002620120067149,still
1783086722248767000,7.35376708984375,-0.0063049955954542,0.015187988452753,0.0545101733446121,5.71012496948e-05,-0.0010627005249261,0.0007438639877364,still
1783086722258811000,7.363810791015625,-0.0065047559512546,0.0099401783266104,0.0563058245897293,0.0001865494996309,0.0015015858225524,-5.30714169144e-05,still
1783086722268856000,7.37385595703125,-0.0121775226243538,-0.0002373341535218,0.0607949527025222,8.72137024998e-05,-0.0003770077601075,-0.0004472192376852,still
1783086722278900000,7.38389990234375,-0.0070124132124474,0.0065910231623332,0.0702232907831668,0.0001667216420173,-0.0002361643128097,-0.0007345713675022,still
1783086722288944000,7.393944091796875,-0.0009651986202108,0.0161490063714794,0.0590004705011844,0.0001494111493229,-0.0015016985125839,0.0016031513223424,still
1783086722303381000,7.408381103515625,-0.0149105209349538,-7.39328858908e-05,0.0576525630235671,0.0010485218372195,-1.34673900902e-05,0.0009200446074828,still
1783086722313426000,7.418426025390625,0.0025183143803034,-0.0053744504468049,0.0600461801618337,-0.0001943418756127,-0.0004176553338766,-0.001183106098324,still
1783086722323469800,7.4284697265625,0.0018136595425545,-0.0029555162041913,0.0461292984902858,-0.000168775441125,-0.00011698435992,-0.0002328902482986,still
1783086722333514000,7.438513916015625,-0.0137313210877473,-0.0129898573539685,0.0612432809919118,-0.0004892577417194,0.0015293047763407,0.0012225615791976,still
1783086722343559000,7.448558837890625,-0.0029383230407955,-0.0115685375802684,0.0640875645071268,-0.0003723450936377,-0.0001471550203859,-0.0006267374847084,still
1783086722353602800,7.458602783203125,0.0045217700070701,-0.0109885366020724,0.0575035099416971,0.0005165718030184,-0.0001792130060493,-0.0012167550157755,still
1783086722363647000,7.46864697265625,0.0100584892103448,-0.0002498100426048,0.054810617595911,0.0004105779808014,-8.68011265993e-05,0.0007736915722489,still
1783086722373692200,7.478692138671875,-0.002808081973961,0.0094766890007071,0.0510696775019168,-0.0006745927967131,0.0015806867741048,0.0003021920565515,still
1783086722383735800,7.48873583984375,-0.0014291720033041,-0.0059752658841665,0.0593003302305936,0.0006271603051573,0.0001204754225909,-0.0004376340657472,still
1783086722393780000,7.498780029296875,0.0077965036616893,-0.0041045127093791,0.0631897388845682,0.0013218766544014,0.0012726825661957,0.0003547328524291,still
1783086722403825200,7.5088251953125,-0.0046416723429807,0.0031125881957355,0.0527145220994949,-4.56566922366e-05,0.0002955687232315,-0.0013148027937859,still
1783086722413868800,7.518868896484375,-0.0013516178216435,0.0023958182285074,0.0595972673505544,-0.000815543346107,-0.0006294660270214,-0.0026310035027563,still
1783086722423913000,7.528912841796875,-0.0019935256045078,-0.0008933412436861,0.0522650247663259,0.0009493334218859,0.0010299496352672,-0.0002879542298614,still
1783086722433958100,7.538958251953125,-0.0128974549463368,-0.0020450776952318,0.0540600914895534,-0.0007618062663823,0.0001766444183886,7.02675897628e-05,still
1783086722444001800,7.549001708984375,-0.0023642243637121,0.0161720310540404,0.0721668260663747,-8.93580727279e-05,-9.44654457271e-05,-0.0003449190407991,still
1783086722454046000,7.5590458984375,-0.0167100925866514,0.0042655302236787,0.0759089352041482,-0.0001130637247115,0.0007778885774314,0.0011643045581877,still
1783086722464090000,7.569090087890625,-0.0163042951146024,0.006211951583717,0.0575035099416971,0.0001673670485615,0.0001392625272274,0.0007030450506135,still
1783086722474135000,7.579135009765625,0.0001146850213874,9.776128605e-05,0.0534627101182937,0.0005875688511878,0.0001747710630297,-0.001786712789908,still
1783086722484179000,7.589178955078125,-0.0047903121496085,-0.0073718439422547,0.0494219102948904,-0.0003107155207544,0.0009622676298022,-5.59245236217e-05,still
1783086722494222800,7.599222900390625,-0.0129369489897973,-0.0004709602463059,0.0554068299233913,-0.0003911582753062,0.0003722691908478,-0.0020174924284219,still
1783086722504268000,7.60926806640625,-0.0219766530790366,0.001138502510637,0.0589987169355154,-0.0006092712283134,0.0007099579088389,0.000615308759734,still
1783086722514312000,7.61931201171875,0.0001753771165036,0.0081360423809383,0.0548094485521316,-0.0011986936442553,-0.0004522497765719,0.0008864644914865,still
1783086722524355800,7.62935595703125,-0.0038254742890014,-0.0085425864883698,0.0503209049612283,0.0010580690577626,-0.0002269465476274,-0.0004746771883219,still
1783086722534401000,7.639401123046875,0.0070005423948518,0.0098589023844804,0.0507704022943973,0.0005270650144666,3.28943133354e-05,-6.76969066262e-05,still
1783086722544445000,7.64944482421875,-0.0076981624203268,-0.0060269960714038,0.059898296123743,-0.0010492601431906,0.0015120143070816,0.0002444256097078,still
1783086722554488800,7.65948876953125,0.0003663764938246,-0.0016519045260269,0.0604962620168924,-0.0001788937952369,0.0005619442090392,-0.0010789546649903,still
1783086722564534000,7.669533935546875,0.0001075817104545,0.0058803998081013,0.0600467646837234,0.0011063478887081,-0.0003251545131206,-0.0005537793040275,still
1783086722574578000,7.679577880859375,-0.0074581180031993,-0.0053276795624755,0.0519663340806961,-0.0002363526728004,-0.0002717287279665,0.0004554111510515,still
1783086722584621800,7.689621826171875,-0.0016347250623628,0.0001773293282836,0.0587006107717752,-6.45788386464e-05,0.0002142982557415,-0.0016948250122368,still
1783086722594667000,7.6996669921875,-0.0083749771197908,0.0130360345832537,0.0552589458853006,0.0007821368053555,7.79046677052e-05,-0.0007501589134335,still
1783086722604711200,7.709711181640625,-0.002541818553477,0.0036492432225495,0.0610942279100418,-0.0003758056554943,-0.0006174463778734,-0.0003195255994796,still
1783086722614754800,7.7197548828125,-0.0016444769881083,0.0011259900889359,0.0533130725145339,0.0007901936769485,0.0007295426912605,-0.0018540457822382,still
1783086722624799000,7.729799072265625,3.2041389367e-05,0.0065529287748038,0.0557066896528005,-0.0002910497132688,-0.0022223051637411,3.36025841534e-05,still
1783086722634844200,7.73984423828125,0.0030605885804397,0.0064137760324403,0.0607943681806325,-0.0005584261380136,0.0015295436605811,-0.0007942812517285,still
1783086722644887800,7.7498876953125,-0.0049115022603073,0.0025529541521333,0.0563046555459499,-0.0003006323240697,0.0001343134790658,-0.0015306454151868,still
1783086722654932000,7.759931884765625,-0.0139248868814902,-0.0013600180405192,0.0717173287332057,-0.0001137792132794,0.0004158811643719,-0.0004399882163852,still
1783086722665605000,7.770605224609375,0.0006949645607965,0.0101762612379621,0.0578016161054372,0.0006058069411665,-0.000409432221204,-1.28170941025e-05,still
1783086722675649000,7.78064892578125,0.0052691588748479,-0.0068719407292548,0.0405927071511745,0.0006375208031386,0.0011688414961099,0.000463118776679,still
1783086722685693000,7.79069287109375,-0.0094825890185311,-0.0044864612316712,0.0548082795083522,0.00034617097117,-0.0001654024235904,0.0005648515652865,still
1783086722695738000,7.800738037109375,-0.0047906455097487,-0.0049076275194995,0.0530120437413454,-0.0001793801784515,-0.0006082388572394,0.0009680698858574,still
1783086722705782000,7.810781982421875,-0.0039682757265982,0.0127285121371969,0.0573521187722682,0.0001966580748558,0.0001635449007153,-0.001045013545081,still
1783086722715826000,7.820825927734375,-0.000918256489234,0.0099665731431916,0.0697726244062185,-0.0016496516764163,0.0003977683372795,0.0002510489430278,still
1783086722725871000,7.83087109375,-0.0028583965222467,-0.0058428716761525,0.0461316365778446,-0.0002387089189141,0.0008739414624869,-0.0019268842879682,still
1783086722735915000,7.8409150390625,0.0010073252954636,0.014831722360989,0.0627408260732889,0.0005090741906315,0.0006797262467443,0.0002302923239767,still
1783086722745959200,7.850959228515625,-0.0109519400518853,0.0073406085537746,0.0567553219228982,-0.0001937339548021,-0.0003248178400099,-0.0013295209500938,still
1783086722756004000,7.861004150390625,-0.0065885320944362,-0.0046317149212583,0.0654343029409647,0.0005953004583716,-0.0003593028523027,-0.0013152428437024,still
1783086722766048000,7.871048095703125,-0.0046584339648252,0.0099056915351189,0.0591495235830545,-0.0003591764252632,0.0002628117799758,0.0010065010283142,still
1783086722776092200,7.881092041015625,-0.0013630890637286,0.0042168779095169,0.0581020603567361,-5.13019040226e-05,-0.0001886906102299,0.0005785929970443,still
1783086722786135800,7.8911357421875,-0.0024122350737685,0.0034858693543821,0.0579518382310867,-0.0017775628948584,0.0001998646184802,-0.0006688316352665,still
1783086722796181000,7.901180908203125,-0.0079521988301887,-0.0015550930880475,0.0601981558531522,-0.0011158449342474,-0.0002712737768888,-0.0006109517998993,still
1783086722806225200,7.91122509765625,0.0033780524651985,-0.0060841696187388,0.0516693969607353,-0.0009568543173372,-0.0005351928994059,-3.54426447302e-05,still
1783086722816268800,7.921268798828125,0.0012794225184014,-0.0012148282830137,0.0569072976142168,0.0008524868171662,0.0003448040224611,-0.0013953307643532,still
1783086722826314000,7.93131396484375,-0.006330134603288,-0.0070621295391116,0.0557107813060283,-0.0008239729795604,-5.9996265918e-05,8.85827466845e-05,still
1783086722836358100,7.941358154296875,-0.0157939275898039,0.0102868911387398,0.0524187540233135,-0.001143442117609,-0.0006036963313817,-0.0011850839946419,still
1783086722846402000,7.951402099609375,-0.0031062155371648,0.00744193177009,0.0596007744818925,0.0005655083805322,0.0002415906637907,-0.0002772123552858,still
1783086722856447000,7.961447021484375,0.0057178707567276,-0.0022235395346768,0.0531657729983329,0.0004474427551031,0.0017624185420572,0.0007119812071323,still
1783086722866491100,7.9714912109375,-0.0087779547303798,0.0006342153834644,0.050770986816287,0.0010399958118796,0.0007807775400578,-1.18659809231e-05,still
1783086722876535000,7.98153515625,-0.0077848223570501,-0.0020200163192115,0.0625911884695291,-0.0019710331689566,0.0008555012755095,-0.0002658197190612,still
1783086722886580000,7.991580078125,-0.0079208903764723,-0.0012745043146889,0.0570551816523075,0.0003808045294135,0.00015375809744,0.0004993064794689,still
1783086722896624000,8.0016240234375,-0.0052341469269711,0.0066467080054804,0.0465805493891239,0.0007580094970762,0.0015985216014087,-0.0005288277752697,still
1783086722906668000,8.01166796875,-0.0034338309231796,0.0089245258775074,0.06842705501616,0.0008722590282559,-0.0007213577628135,-0.0006145816296339,still
1783086722916713000,8.021712890625,-0.0076242523673223,0.0084783256131224,0.0679781422048807,-0.0005723943468183,0.0014264145866036,-0.0001437992323189,still
1783086722926757000,8.031757080078124,-0.0173359009013744,7.59695793502e-05,0.0567553219228982,-0.0002653317060321,0.0008783359080553,0.00013556657359,still
1783086722936801000,8.041801025390624,-0.0164577617933973,0.0003504756717942,0.0667810413748025,0.0001931800507009,0.0001671314239501,0.001245969091542,still
1783086722946845000,8.051844970703126,0.00229024352876,0.0051359198500402,0.0548100330740213,-0.0004742080345749,-0.0006129085086286,0.0009791203774511,still
1783086722956890000,8.06189013671875,-0.0066808066379046,0.0084253715831786,0.070970894280076,-0.0003873237874358,0.0001660725101828,-0.0001382327172905,still
1783086722966934000,8.07193408203125,-0.0065227345659397,-0.0131597431613132,0.0612450345575809,-0.0008933243807405,-0.0009737606160342,0.0006244964897632,still
1783086722976978200,8.081978271484376,0.0006751684483606,0.0001353350837714,0.0610959814757108,0.0003673194441944,0.00042968057096,-0.0005770430434495,still
1783086722987022800,8.09202294921875,-0.0031567195984069,-0.0045393239300698,0.0534650482058525,-0.001009534811601,-0.0005349162966012,-0.0010207258164882,still
1783086722997067000,8.10206689453125,-0.0017522596279624,0.0061709711193572,0.0525683916270732,0.0003980039618909,-0.0001902556978166,-0.0002351072616875,still
1783086723007111200,8.112111083984376,-0.0045593049888848,0.0108191439850721,0.0528676668345928,0.0001956035848706,-0.0010856105946004,0.0003931324463337,still
1783086723017155800,8.12215576171875,0.0038014152766903,-0.0063884680612478,0.062294835871458,0.00097376992926,0.0004143379628658,0.0014187745982781,still
1783086723027200000,8.132199951171875,-0.0139816380204283,-0.0052003633883781,0.0619955606639385,-0.0001522144302725,0.0003898367285728,-0.000170067185536,still
1783086723037244200,8.142244140625,-0.0048411221715272,0.0110826172268483,0.0584048426955938,-0.0005575160030275,-0.0008628503419458,0.0007074810564517,still
1783086723047288800,8.152288818359375,-0.000601915982482,0.0062555258639622,0.0588543400287628,0.0006936371792107,0.0007779230363667,-0.0004925392568111,still
1783086723057333000,8.1623330078125,-0.0150357844325713,-0.000579672184633,0.0500251368850469,0.0007958312053233,0.0002494039945304,-0.0001398350577801,still
1783086723067377200,8.172377197265625,0.0100159401266952,-0.0149287621278315,0.0575070170730352,-0.0002790205180644,-0.0011628703214228,-0.0003211963921785,still
1783086723077421800,8.182421875,0.0030073514227056,0.0042205037718638,0.0628939708083868,-0.0004962957464158,-0.0016994308680295,-0.0006377210374921,still
1783086723087466000,8.192466064453125,-0.0142100353822461,0.0048597789229359,0.0661877516567707,-0.0005199979059398,0.0018540248274803,0.0003159567713737,still
1783086723097510100,8.20251025390625,-0.0022048827832681,0.0041894875790923,0.044189270338416,0.0003713886253535,-6.94226473569e-05,-0.0013098679482936,still
1783086723107554000,8.212553955078125,-0.0015153455995488,0.0080167725159786,0.0483779541999101,-9.06698405742e-05,0.0010602907277643,0.0002147918567061,still
1783086723117599000,8.222598876953125,-0.0139808000535005,-0.0023171269691083,0.0555599746584892,-0.0004788308870047,0.0003718086518347,0.0014500467805191,still
1783086723127643100,8.23264306640625,-0.0005356229803524,-0.0022269370681606,0.0703752664744853,9.05529595911e-05,0.0005824649706482,-0.0002519793342798,still
1783086723137687000,8.24268701171875,-0.0115903795193182,0.002282174386736,0.0649877282172441,0.0007186939474195,-0.00149313127622,0.0009168466785922,still
1783086723147732000,8.25273193359375,-0.0041104492598213,0.0027750450707506,0.0596001899600028,2.8402544558e-05,-6.9404952228e-05,-0.000334572745487,still
1783086723157776000,8.26277587890625,-0.0037203402639599,-0.0036704047415871,0.059301499274373,0.001418913481757,-0.0007608029991388,-0.000167938414961,still
1783086723167820000,8.272820068359374,0.000536369615735,-0.0039194841318298,0.0572059882998466,-7.75165390223e-05,-0.0007229861803352,-0.0003817903343588,still
1783086723177865000,8.282864990234375,-0.00890738522975,0.005708212445816,0.0470300467222929,0.0003157476894557,0.0004827654920518,-0.0026081402320414,still
1783086723187908900,8.292908935546874,-0.0138556598534691,-0.0125040648647118,0.0539127919733524,0.0008097640238702,-0.0007635937072336,0.0007865910883992,still
1783086723197953000,8.302953125,-0.0139608349777059,0.0011436627429444,0.064387424236536,-0.0008159631397575,0.0001437873579561,0.0011049632448703,still
1783086723207998000,8.312998046875,0.0035657958729309,0.0004896101478487,0.0450847578734159,-0.0005491145420819,-0.000612816773355,0.0016341333976015,still
1783086723218042000,8.3230419921875,-0.006964706179779,0.0013649682102724,0.0572059882998466,0.0003325073048472,-0.0005534444935619,-0.0002798761706799,still
1783086723228086300,8.333086181640626,-0.0167619369383202,0.0087408307405188,0.0521183097720146,-0.0002195660490542,-0.0013689044862985,0.0004631457850337,still
1783086723238130400,8.34313037109375,-0.000381192753755,-0.0016057272967416,0.0549620087653398,0.0006594359874725,-0.0004105023108422,0.0001805373467504,still
1783086723248175000,8.353175048828126,-0.0120809463651035,-0.005465288801724,0.0657353317141532,0.0001704795286059,0.0001357118599116,5.078036338090897e-07,still
1783086723258219300,8.36321923828125,0.0030067943002795,-0.0060747442032676,0.0609475129157304,0.0007329522632062,-0.0026514925993978,-0.0006954045966267,still
1783086723268263400,8.373263427734376,-0.0090311440401594,0.0122827593973837,0.0555593901365995,0.0010442759376019,-0.0005505252629518,0.0013634852366521,still
1783086723278308000,8.38330810546875,-0.0034379043100983,-0.0019269768740516,0.0606470686644315,9.80903860181e-05,-0.0003137933090329,-0.0008608666248619,still
1783086723288352300,8.393352294921876,-0.0104228632600395,0.010505803719582,0.0618441694945096,0.0004887760151177,-0.0004136618226766,0.0012022842420265,still
1783086723298396400,8.403396484375,-0.0118446077254251,0.0035343390054535,0.059898296123743,-0.0010168418521061,0.0002594259567558,-0.0009543541818857,still
1783086723308441000,8.413441162109375,0.0022342253254726,-0.0017489808254875,0.0461322210997343,0.0011056975927203,0.0008740834891796,0.0009860249701887,still
1783086723318485200,8.4234853515625,-0.0148375584467314,-0.0006351926309987,0.0536135167658329,-0.0003281068056821,0.0002249684184789,4.47283964604e-05,still
1783086723328529400,8.433529296875,-0.0056527582148206,0.0013437975580804,0.0679781422048807,0.0013659300748258,-0.0015510935336351,0.0005547236651182,still
1783086723338574000,8.443573974609375,-0.0050165883362875,-0.0028168840516358,0.0462783515721559,0.0012589984107762,6.89444132149e-05,0.0002864743582904,still
1783086723348618200,8.4536181640625,-0.0132593927270616,0.0029741021736524,0.0589981324136257,-0.0003993520513176,-0.000289783347398,-0.0010730694048106,still
1783086723358662100,8.463662109375,0.0080680095128715,0.0010617748794611,0.0648339989602565,-0.0004290556535124,-0.0011143800802528,-0.0005514014046639,still
1783086723368707000,8.47370703125,0.0040882602608995,-0.003150509053329,0.0581008913129568,0.001194940181449,-0.0001436579041182,-0.0005934792570769,still
1783086723378751200,8.483751220703125,-0.0063573011714266,-0.00074932052996,0.0664805971235036,-0.0001851418055593,0.0007218983955681,0.0009627039544284,still
1783086723388795100,8.493795166015625,-0.00080738684315,0.0029036124870181,0.0583995819985866,0.0001224533189088,0.0005762237124145,0.0003408559132367,still
1783086723398839300,8.50383935546875,-0.0001984543147031,0.0115859545059502,0.0618412468850612,-0.0001772830728441,-0.0008133137598633,0.0002700437325984,still
1783086723408884200,8.51388427734375,-0.0262462566896341,-0.0093141919153742,0.0613911650300025,0.0001417635940015,0.0013020350597798,0.0010295772226527,still
1783086723418928000,8.52392822265625,-0.0022365086141042,0.0038574334799777,0.0444827003270387,-0.000489582074806,0.0005410178564488,-0.0009293046314269,still
1783086723428972300,8.53397216796875,-0.0092552259864634,0.0002704053060617,0.0582493598729372,0.0011365441605448,7.62962736189e-05,0.000507737044245,still
1783086723439017200,8.544017333984375,0.0047353556755348,-2.19013045541e-05,0.0575011718541383,0.0001989556476473,-0.0007586749270558,0.0021694202441722,still
1783086723449061000,8.55406103515625,-0.003335713444103,0.0064398877212312,0.0627384879857301,-0.0002045133151113,8.28839838504e-05,-0.0006103871855884,still
1783086723459105300,8.564105224609374,0.0008633274146239,-0.0128305386064108,0.0551069701939821,-0.0001971246674656,0.0001595988869667,0.0007398808375,still
1783086723469150200,8.574150146484374,0.0082024061650154,0.0049655134528875,0.0280225639134645,0.000613807933405,0.0003822389990091,0.000199259025976,still
1783086723479194000,8.584194091796874,-0.00484236884712,0.0019219262395985,0.0597445668667554,-5.76151069253e-05,-0.0004978035576641,0.0001425931695848,still
1783086723489238300,8.59423828125,-0.0058662799512036,-0.004866738386685,0.0672246934890747,0.0006246867123991,0.0005450905300676,-0.0003905717749148,still
1783086723499283200,8.604283203125,-0.0126467772540519,-0.0017731288860552,0.059741644257307,0.0004361050669103,-0.0010887864045798,0.0008765775710344,still
1783086723509327000,8.6143271484375,-0.0080972082078922,0.0020189934059046,0.0579454084903001,-0.000628626672551,-0.0003289864398539,0.0002906820736825,still
1783086723519371300,8.624371337890626,-0.0091480986504466,0.0030021774906665,0.0621358459174633,-0.00064014387317,0.0001364322379231,0.0014328595716506,still
1783086723529415200,8.634415283203126,-0.0105780332721536,0.0059338013626169,0.0636333909988403,-0.0008249673992395,-0.0009831604547798,0.0003095380961894,still
1783086723539460000,8.644460205078126,-0.0053237271898542,-0.0035184107839595,0.0600426730304956,-0.0001086026895791,-0.0003022123128175,0.0010417137527838,still
1783086723549504300,8.654504150390625,0.0069178165644407,-0.0053600657284259,0.066627312117815,-0.0009837173856794,0.0005875495262444,0.0008486345177516,still
1783086723559548200,8.664548095703125,-0.0042203667745459,-0.0010757212064228,0.0597445668667554,0.0003140631597489,-0.0007961173541843,-0.0001377721782773,still
1783086723569593000,8.674593017578125,-0.0067361832370865,-0.0085975589454639,0.0557049360871315,-0.0002398742362856,-0.0004104916006326,-0.0004589492455124,still
1783086723579637200,8.68463720703125,-0.0054669921350432,0.0005368559562135,0.0518143583893775,0.000507007818669,0.0003638812340795,-0.0004441977944225,still
1783086723589681200,8.69468115234375,-0.0005707308263517,-0.0006352291636168,0.072763038393855,0.0004119328223168,0.0002341852523386,0.0002391692250967,still
1783086723599726000,8.70472607421875,-0.0014092000776436,-0.0009340751128736,0.0577992780178785,-0.0007421120535582,0.0007456527091562,-0.0006315391510725,still
1783086723609770200,8.714770263671875,0.0008797305601532,0.0092542692885268,0.0491202969998121,0.0004147652070969,3.00612300634e-05,-0.0016334203537553,still
1783086723619814100,8.724814208984375,-0.0029693072675261,0.0055346277108881,0.0557043515652418,0.0005301446653902,-0.0001018065959215,-0.0009898729622364,still
1783086723629859300,8.734859375,-0.0064023847054573,-0.0030675617439206,0.047024201503396,0.0015104543417692,0.0007815640419721,0.0009414514061063,still
1783086723639903200,8.7449033203125,-0.0093800031436025,-0.0012174768978264,0.0423848512649536,-0.0003453593235462,0.000288285780698,-0.0018344053532928,still
1783086723649947100,8.754947021484375,0.0042523670647176,0.0124079658127855,0.0600415039867162,-9.58212185651e-05,-0.0011594085954129,-0.0003164035733789,still
1783086723659991300,8.7649912109375,-0.0048049023639643,-0.0053931642804294,0.0563011484146118,0.0007724924944341,0.0005656504072248,-0.0016790118534117,still
1783086723670036200,8.7750361328125,-0.0182857946378877,-0.0095682214753702,0.0534574494212865,3.90578061342e-05,-0.0003211819566786,-0.0005951055791229,still
1783086723680080100,8.785080078125,-0.0058159357201657,0.000603235723311,0.0594435380935668,-0.0003612264990806,6.67991116642e-05,0.0005471010226756,still
1783086723690124300,8.795124267578124,0.0007225124381366,-0.0008948390810284,0.0551040475845336,-9.62419435381e-05,0.0011770711280405,0.0004882451612502,still
1783086723700169200,8.805169189453125,-2.34722071327e-05,0.009440110716829,0.0519610733836889,-9.50226094573e-05,0.0008269171230494,-0.0002089706249535,still
1783086723710213000,8.815213134765624,-0.002361169323523,0.0045334330454003,0.0729103379100561,0.0008024626877158,-0.0007542017847299,-0.000279810745269,still
1783086723720257300,8.82525732421875,-0.0006695766745018,0.0023222141361795,0.0530079520881175,0.000210634432733,-0.0006700819358229,0.0008948588510975,still
1783086723730302200,8.83530224609375,-0.0026238434142782,0.0084629362477455,0.0512128853648901,-0.0011435828637331,-0.0013039144687354,0.0013619773089885,still
1783086723740346000,8.84534619140625,-0.0093052802398451,-0.0035300646891351,0.0489689058303833,-0.000491292681545,-0.000690633431077,-0.000367862638086,still
1783086723750390300,8.855390380859374,-0.0013267025760957,0.0042629090083297,0.0437315896987915,0.0011252462863922,-0.0008176662959158,-0.0002986204344779,still
1783086723760435500,8.865435546875,0.0097561132968636,0.0024463245730381,0.0606412234455347,-0.0002767501864582,0.0011892891488969,0.0003801628481596,still
1783086723770479000,8.87547900390625,-0.000652296746138,0.0068792563860304,0.0542068064838647,-0.0003007187042385,0.0008601224981248,0.0013138671638444,still
1783086723780523300,8.885523193359376,-0.0179484592921682,0.0027191866976674,0.0579477465778589,0.0010672877542674,-0.0006726547144353,-0.0004774914123117,still
1783086723790567200,8.895567138671876,0.0034629542696755,0.0029084713252261,0.0583960748672485,-0.0004464527592062,0.0006543984636664,0.0004394350107759,still
1783086723800612000,8.905612060546876,0.0004856212426093,0.0041082207701168,0.0488192682266235,0.0005489448085427,0.0004643285647034,-9.47611406445e-05,still
1783086723810656300,8.91565625,-0.0037303684676298,-0.0110856950999237,0.0670744713634252,0.0005934196524322,-5.60535117983e-05,-0.0002170002553611,still
1783086723820700200,8.9257001953125,-0.0078334038892644,0.0026950843028724,0.0600415039867162,-0.0002954131923615,1.91540457308e-05,-0.0020610769279301,still
1783086723830745300,8.935745361328125,0.0055766493548639,0.0073011807256843,0.0604904167979955,-0.0004317669663578,0.0007736273109912,-0.0002187022473663,still
1783086723840789200,8.945789306640625,-0.0001273184573859,-0.0027438005491159,0.0598918663829565,-0.0004054724704474,-0.0004566665738821,-0.000321672996506,still
1783086723850833200,8.955833251953125,-0.0030792042326531,0.0054727779884357,0.0591436783641576,-6.11257273703e-05,-0.0005682529881596,-0.0003456415142863,still
1783086723860878300,8.96587841796875,-0.0047054240448633,-0.0002498648415319,0.0678232439041137,-0.000409607309848,0.0002882294356822,0.0001790439710021,still
1783086723870922200,8.975922119140625,-0.0119489106334047,-0.0019491704395506,0.0573491961628198,-0.0008106792811304,-0.0006484044715762,0.0019553722813725,still
1783086723880966100,8.985966064453125,-0.0043262816842994,0.0051973494473844,0.0501671757042408,-0.0002159075811505,0.0004827533848583,-0.0006202005315572,still
1783086723891011300,8.99601123046875,-0.001224940968363,0.0134751931854989,0.0528594835281372,-4.41337469965e-05,-0.0005566785112023,0.00100512674544,still
1783086723901055200,9.00605517578125,0.0033238860089913,0.0072768226025626,0.0582476063072681,-0.002360267098993,-0.0010847826488316,-0.0013278592377901,still
1783086723911099100,9.01609912109375,0.0068561289554811,-0.0010619484093971,0.0604939239293336,-0.0003109646495431,-0.0011532260105013,0.0005723061040043,still
1783086723921143300,9.026143310546876,0.0003724546081619,-0.006371553459065,0.0519657495588064,-0.0009664802346378,-0.0003349366597831,0.0006555560976266,still
1783086723931188200,9.036188232421877,0.0025871966317412,-0.0023765016066841,0.0434369906663894,0.0003400666173547,0.0010539018549025,-0.0002629682421684,still
1783086723941232000,9.046232177734376,0.0028239325636415,0.0055278600433841,0.0657329936265945,9.68838576227e-05,0.0009780782274901,-0.0005734823644161,still
1783086723951276300,9.0562763671875,-0.0117654780746088,0.0102098621134646,0.061990884488821,-0.0001244249287992,0.0001924457028508,0.001212966046296,still
1783086723961321500,9.066321533203125,-0.0147759073703899,-0.0007232453737873,0.0518161119550466,-0.0003780894912779,0.0004340005107223,-0.0001057218760251,still
1783086723971365000,9.076365234375,0.0019788075259886,-0.0025450174408499,0.052863575181365,0.0003044786863029,-0.0005252701230347,0.0003555377479642,still
1783086723981409300,9.0864091796875,-0.0067046829871251,0.0062913095633964,0.0510679239362478,4.23775054514e-05,0.0011321110650897,-0.0006637757178395,still
1783086723991454500,9.096454345703124,0.0037271672969684,0.0004415058229584,0.0598965425580739,0.000458363443613,0.0008114664815366,-0.0005961314309388,still
1783086724001498000,9.106498046875,-0.0104876766911358,-0.0092930212631821,0.0515168367475271,-0.001383812399581,-7.67577439546e-05,0.0007521563675254,still
1783086724011542300,9.116542236328126,-0.0049126119385822,-0.0053953471043612,0.0479255342572927,0.0001882517244666,0.0002627954818308,-0.0004103134851902,still
1783086724021587200,9.126587158203124,-0.0061235517810564,1.4229454752e-05,0.0578010315835475,4.00193966925e-05,0.0021545044146478,-0.0003923315089195,still
1783086724031631000,9.136631103515626,0.0030991350591182,0.0008694945772178,0.0615419716775417,0.0003414892125874,0.0001747105270624,0.0005411063320934,still
1783086724041675300,9.14667529296875,-0.011098454116797,0.0095056045679375,0.0715682756513357,-0.0002653843257576,0.0001602116972208,-0.0005778206977993,still
1783086724051719200,9.15671923828125,0.0129060675110551,0.0020225827356334,0.053609425112605,0.0005836314521729,0.0013405247591435,0.0010096895275637,still
1783086724061764400,9.166764404296876,0.00010496962826,0.0093573004047386,0.0470253705471754,-0.0008847606368362,0.0007813381962478,0.0007698752451688,still
1783086724071808300,9.176808349609376,0.0051807887549395,0.0103691717278677,0.0589969633698463,0.0007733234670013,0.0002375207841396,0.0006883824244141,still
1783086724081852200,9.18685205078125,-0.0070524004462524,-0.0074521609031595,0.0607908610492944,0.001274493522942,0.0002056211233139,0.0002945323940366,still
1783086724091897300,9.1968974609375,-0.0049168725551688,0.000636498672096,0.0595937602192163,-0.000721279066056,-0.0003858669660985,0.001161391264759,still
1783086724101941200,9.206941162109375,0.0026190393749973,-0.0101347510506398,0.0598930354267358,0.0008775810711085,-0.0005979961715638,-0.0013232687488198,still
1783086724111985200,9.216985107421875,-0.0107450284360907,-0.003928041897621,0.0631838936656713,0.000995825510472,0.0008379803039133,-0.0001900936476886,still
1783086724122030300,9.2270302734375,-0.0024412168563692,0.0032532113759778,0.0603407791942358,-0.0004687297623604,0.000174450688064,-0.0012676105834543,still
1783086724132074200,9.23707421875,-0.005443597559724,0.0053535811887122,0.0589940407603979,-0.0002266485244035,0.0007454324513673,-0.0002529462799429,still
1783086724142118100,9.2471181640625,-0.0051724342018365,0.0087512060040608,0.0546551347732543,-9.28563531488e-05,-9.61073674261e-05,0.0008237926522269,still
1783086724152163300,9.257163330078123,-0.0052632565737352,-0.0045863140101078,0.0543564440876245,0.0003154061269015,-0.001048453617841,-0.0014646616764366,still
1783086724162207200,9.267207275390623,-0.0072882458955864,-0.0015713866357225,0.0726122317463159,-0.0005880577955394,0.000359620898962,0.000971951871179,still
1783086724172251100,9.277251220703125,-0.0015910046516451,0.0063364364799112,0.0678238284260034,-0.0004072291776537,-0.0001019048504531,-0.0001926484983414,still
1783086724182295300,9.28729541015625,0.011428051397344,0.0091173815684858,0.0470230324596166,0.0004698988050222,-0.000671106390655,0.0013527580304071,still
1783086724192340200,9.29734033203125,-0.0088934320529224,-0.0059614656876772,0.0603407791942358,-0.0002925640437752,-0.0003781588748097,-0.0001857501920312,still
1783086724202384100,9.307384033203125,-0.0095178018958074,0.0086432612507138,0.0458265161514282,-0.0008878142107278,0.0001513953320682,0.0016265718732029,still
1783086724212428300,9.31742822265625,0.0072404475313727,0.0029491321291774,0.049118543434143,0.0008770627900958,0.0002248985692858,-0.0011215440463274,still
1783086724222473500,9.327473388671876,0.0038285019297269,-0.0038975645609665,0.0658779550552368,0.0002180787269026,0.0001890989951789,0.0002028723247349,still
1783086724232517400,9.337517333984374,0.009512995573238,0.0105735717261675,0.0694698420673608,-0.0012746229767799,-0.0006708358414471,-0.0006639866624027,still
1783086724242561300,9.347561279296874,-0.0167971361158648,0.0129530872738454,0.0564513705402612,7.64622818678e-05,-0.0004851967096328,-0.0003331815823912,still
1783086724252606500,9.3576064453125,-0.009415270819806,0.0052810548086185,0.0558534046471118,0.0003939110320061,-0.0002606925554573,-0.0003086803480982,still
1783086724262650400,9.367650390625,-0.0037356086150393,-0.0023038382292725,0.0557031825214624,-0.0004778921138495,9.2064961791e-05,0.0004807116929441,still
1783086724272694300,9.3776943359375,0.0007895452257827,-0.0010774473726283,0.0542068064838647,-0.0010643200948834,-0.0009505627676844,-0.001479108352214,still
1783086724282739500,9.387739501953124,-0.0035198629555292,-0.0065121949056163,0.0558534046471118,-0.0005957433022558,0.0005459273234009,-0.0011664007324725,still
1783086724292783400,9.397783447265626,-0.0022272841280326,-0.004260936246952,0.0489700748741626,0.0006884329486638,0.0002359352074563,0.0014722590567544,still
1783086724302827300,9.4078271484375,0.007791032902128,-0.000648435705062,0.0386444956928491,0.0001158495433628,0.0001944177784025,-0.0003079858142882,still
1783086724312871400,9.417871337890626,-4.29258262738e-05,0.0149141125479713,0.0615390490680932,0.0004982794634997,-0.0010527409613132,-0.0027200109325349,still
1783086724322916400,9.427916259765626,-0.017485874148563,0.0057707745543215,0.0609404986530542,-0.0004303464666008,-0.0003737667575478,-0.0004427300300449,still
1783086724332960300,9.437960205078124,-0.0022220097312936,-0.0028003530419431,0.0652805736839771,3.73045913875e-05,0.0009373072534799,-0.0013306280598044,still
1783086724343004400,9.44800439453125,0.0038987861203844,0.0046810978877823,0.0639338352501392,-0.0005226051434874,0.0001121340319514,0.0003784548025578,still
1783086724353049300,9.45804931640625,0.0065759283411898,0.0084794398579746,0.0628857875019311,-6.77371863275e-05,3.88971529901e-05,-0.0015824309084564,still
1783086724363093500,9.468093505859375,-0.0034228346051299,0.0009198091255035,0.0612409429043531,-0.0002470738254487,-0.0001265299506485,0.0007002768106758,still
1783086724373137400,9.478137451171875,-0.0061136948240338,0.0100116361276246,0.0506172575592994,0.0005156556144356,1.24871730804e-05,0.0006539376918226,still
1783086724383182300,9.488182373046875,-0.0019386147962068,0.0008368709492497,0.0462760134845972,-0.0007998151704668,0.000935526099056,-0.0004539624787867,still
1783086724393226500,9.4982265625,0.0083593411592417,-0.0051916412258055,0.0509153637230396,0.0002571933437138,-0.0010746279731392,0.0007252851501107,still
1783086724403270400,9.5082705078125,0.0100215204841108,-0.0079813632758799,0.0682744948029518,-0.0001518081407994,0.0002062148414552,-0.0003318022936582,still
1783086724413315300,9.5183154296875,-0.0054080627387505,-0.0051735484466888,0.0536105941563844,-0.0003028092905879,0.0015005110763013,-0.0014372805599123,still
1783086724423359500,9.528359375,0.0016267175691318,0.0052730906978715,0.0603448708474636,-0.0007515174802392,0.0005769119597971,0.0015593341086059,still
1783086724433403100,9.538403076171877,-0.006787267253641,-0.001350766154984,0.064984221085906,-0.0008556472603231,-0.0001301574520766,9.859027341e-05,still
1783086724443447300,9.548447265625,0.0037485731278895,-0.0164438154664356,0.0586994417279958,0.0006464989855885,-0.0009081400930881,-0.0007045399397611,still
1783086724453492500,9.558492431640625,-0.0042922880831523,-0.0066174819109961,0.0516670588731765,-0.001199870603159,0.0005581965669989,0.0004187813028693,still
1783086724463536400,9.568536376953125,-0.0019690533169545,0.008566898945719,0.0583995819985866,0.0009442882146686,0.0004442483186721,-0.000207535456866,still
1783086724473580300,9.578580322265625,0.0048282078910269,0.0054903684440534,0.0507668951630592,0.0003759698010981,-0.0009906627237796,-0.0014477695804089,still
1783086724483625500,9.58862548828125,0.001857994157914,-0.0072149454806465,0.0735118109345436,-0.0002912902273237,-0.0006430759094655,-0.0026266034692525,still
1783086724493669400,9.59866943359375,-0.0012589596856851,0.0030222704306244,0.0600432575523853,0.0009007405024021,0.0004253843799233,7.0379814133e-05,still
1783086724503713300,9.60871337890625,0.006957280925149,0.0033648641900625,0.0459767382770776,0.0004261012654751,-0.0001500225625932,-0.0002546082250773,still
1783086724513758500,9.618758544921874,0.0060430361740407,0.0107920093829743,0.0495686252892017,-7.8301411122e-05,0.0014835600741207,-0.0006564792711287,still
1783086724523802400,9.62880224609375,-0.0063609704162576,0.0009474734505638,0.0558534046471118,-0.0003206918481737,-0.0013160905800759,3.0263327062e-06,still
1783086724533846300,9.63884619140625,0.0083577314407564,-0.0038387379126623,0.0533095653831958,6.06728717684e-05,0.0003726198337972,0.000750575447455,still
1783086724543891500,9.648891357421874,0.0074251450320705,-0.0026391437313985,0.0561526798546314,-7.61884730309e-05,-0.0001226309686899,0.0005069281905889,still
1783086724553935400,9.658935302734376,-0.0083046244304743,-0.0064638531187083,0.0585457124710082,-0.0002442339900881,-0.0008741752244532,-0.0003585992380976,still
1783086724563979300,9.668979248046876,-0.0079540094780735,0.0003984521325211,0.0524111552387475,-0.0007032074499875,-0.0002710460685193,0.0007436962332576,still
1783086724574023400,9.6790234375,0.0027908522779471,0.0087743676839396,0.0570499209553003,-0.0005021388642489,-0.0009815776720643,0.0018188144313171,still
1783086724584068400,9.689068359375,-0.0072707170887617,-0.0036227753407321,0.0464250665664672,-9.92941204458e-05,0.0010799318552017,0.0002317160833626,still
1783086724594112500,9.699112548828126,-0.0048640030069043,-0.0123314208447001,0.0585462969928979,9.43175982683e-05,-0.0003059771843254,-0.0010758959688246,still
1783086724604156200,9.70915625,0.0018009393415879,0.0118009763629641,0.0630348405838012,-0.0003929932136088,-0.001935243140906,0.0006559381727129,still
1783086724614201300,9.719201416015624,-0.0053863692134618,0.0105437976424116,0.0580979687035083,0.0003276581410318,0.0011191368103027,0.0001350240781903,still
1783086724624245500,9.72924560546875,-0.0054526279662619,0.0031027609214652,0.0570493364334106,-0.0006678074132651,-0.0008904100395739,0.0014564602170139,still
1783086724634289200,9.7392890625,0.0041190115921897,0.0011196425465401,0.0560024577289819,0.0001915947068482,0.0005974979139864,0.0006074444390833,still
1783086724644334300,9.749334228515623,0.0008833130400162,0.0073986588839441,0.0589957943260669,0.0006141101475805,-0.0001820856705307,-0.0005322326906025,still
1783086724654378500,9.75937841796875,-0.0063239514576736,-0.008774148488231,0.0664776745140552,-0.0002655319403856,0.0012717340141534,-0.0005103948060423,still
1783086724664422400,9.76942236328125,-0.0099643400869099,0.0104985793943516,0.0534592029869556,-0.0008157899137586,0.0002530538477003,-0.000415988266468,still
1783086724674467300,9.77946728515625,-0.0063249766542692,-0.0003321454306598,0.0625859277725219,0.0010588089935481,-0.0014542983844876,0.0006841635331511,still
1783086724684511500,9.789511474609377,0.001901390341646,0.0053404294461943,0.0633347003132104,-9.1410242021e-05,-0.0008900966495275,0.000355213182047,still
1783086724694555400,9.799555419921877,0.0063556229542824,0.0018602865797001,0.0673749156147241,-0.0003452093806117,0.0006516072899103,-0.0004597140941768,still
1783086724704599300,9.809599365234376,-0.00244758951494,0.0058500594687648,0.0627367344200611,6.07105903327e-05,0.0007280972786247,-0.0002729676198214,still
1783086724714644500,9.81964453125,-0.010575037597469,-0.0107382242359686,0.0534586184650659,8.46788752824e-05,-0.0002761809155344,0.0001262403093278,still
1783086724724688400,9.8296884765625,-0.0024941617531585,-0.0008678414762485,0.0615390490680932,-0.0013058726908639,-0.0002187294885516,-9.8722288385e-05,still
1783086724734732300,9.839732177734374,-0.0054939189578755,3.38931364472e-05,0.0501665911823511,0.0007136024069041,0.0006915391422808,0.0009953042026609,still
1783086724744777500,9.849777587890625,0.0046533239648677,-0.0118991760404314,0.0435819520950317,-0.0004755451809614,0.0003247349523007,-0.0012202148791402,still
1783086724754821400,9.8598212890625,-0.0021168505900772,-0.0020399631286971,0.0531587587356567,-0.0009253530297428,0.0008589648641645,-0.0012862614821642,still
1783086724764865300,9.869865234375,-0.0031303247818257,-0.0090156108275987,0.0630360096275806,-0.0001347374636679,-0.0009449860081076,-0.0013707457110285,still
1783086724774910500,9.879910400390624,0.0058402436109376,-9.4966540765e-05,0.0575005873322486,-0.000339534599334,0.0015237643383443,0.0007174389902502,still
1783086724784954400,9.889954345703124,0.0130984665443073,-0.0027541118805762,0.0467255108177661,-0.0006633265875279,0.0005476558580994,-0.0005115622188895,still
1783086724794998500,9.89999853515625,0.0020496077398769,0.006041956178518,0.055554713961482,-0.0010643987916409,-5.7490542531e-06,0.0005156188271939,still
1783086724805042200,9.910042236328126,0.0035324712753528,0.0141016819202341,0.0700701460480689,0.0005406730342656,-0.0002534282393753,0.0017607188783586,still
1783086724815087400,9.92008740234375,-0.007895637204207,0.0017174714423716,0.0618394933193922,0.0008725028019398,-0.0005604908801615,0.0001686811447143,still
1783086724825131500,9.930131591796876,0.0069267373731243,-0.011099997619912,0.0485211620628833,0.000290481140837,-0.0004728115163743,-0.001190326642245,still
1783086724835175200,9.940175048828126,-0.0011527799144503,0.0091902458752971,0.0557049360871315,-0.0012112754629924,-2.3003667593e-05,-0.0012755477800965,still
1783086724845220400,9.950220458984376,0.0067782071643508,-0.0026913579758256,0.0557055206090211,-0.0009347582235932,0.0005465880967676,-0.00071835773997,still
1783086724855264500,9.960264404296876,-0.0002781707706977,-0.0002741864320356,0.0594458761811256,0.0009089482482522,0.0002605644986033,0.000134119996801,still
1783086724865308200,9.97030810546875,-0.0030687696036067,0.0029503651050385,0.0625870968163013,0.001011217245832,0.0015347730368375,-9.23052430152e-05,still
1783086724875353300,9.980353271484375,-7.3937452468e-05,0.000825217044074,0.0642336949795484,0.0002327754627913,7.58930109441e-05,-0.0010169548913836,still
1783086724885397500,9.9903974609375,-0.0009569353986531,0.0030314583840779,0.0631868162751197,2.8449576348e-05,-0.0011477265506982,0.0013327294727787,still
1783086724895441400,10.00044140625,-0.005557956070837,-0.0111394528474658,0.060043842074275,0.0005413745529949,0.0002480358816683,0.0001694606617093,still
1783086724905486300,10.010486328125,0.0004834110192139,0.00670080367974,0.0501665911823511,-0.0008239587768912,0.001114540733397,0.0016562942182645,still
1783086724915530500,10.020530517578123,-0.0126919635360711,0.0015540153758134,0.0598942044705152,-0.0008649714291095,-0.0004609851166605,-0.0001051204744726,still
1783086724925574400,10.030574462890623,0.0037639967425959,0.0083051701364573,0.0615396335899829,-0.0004628917668014,9.09809023141e-05,-0.0010655128862708,still
1783086724935618300,10.040618408203123,0.0033696613794774,-0.0003550422490574,0.0524111552387475,0.0005134230013936,4.86364588141e-05,0.0003321140538901,still
1783086724945663500,10.05066357421875,-0.0150601471222704,0.0030978655506391,0.0615390490680932,0.0003335606306791,-0.000382809434086,-0.0007882972713559,still
1783086724955707400,10.060707275390625,-0.0105311619231244,0.0089794252693653,0.0621370149612426,0.001027313992381,0.0011969776824116,0.0010721869766712,still
1783086724965751300,10.070751220703125,0.0004499357245862,0.0048735973857343,0.0685726009666919,-0.0019227623706683,-0.0008998475968837,-0.0014984323643147,still
1783086724975796500,10.08079638671875,-0.0118036889098584,0.009207891129842,0.0600432575523853,-0.0007413842249661,0.0002943137660622,2.06348486244e-05,still
1783086724985840400,10.09084033203125,-0.0081577244897838,0.0027078798523638,0.057500002810359,-0.0012045605108141,0.0002278555184602,-0.0008698864839971,still
1783086724995884500,10.100884521484376,-0.0028176192705752,-0.0050999626206699,0.0616898557156324,0.0005094499792903,0.0007884507067501,0.0002670169342309,still
1783086725005929500,10.110929443359376,-0.011567758978845,-0.0030768410289194,0.0579500846654176,-0.000592227326706,-0.0007792422547936,-0.0002006469294428,still
1783086725015973400,10.120973388671874,-0.0012342111202073,-0.0099256200782954,0.0441828405976295,0.0005324254743754,0.0008753794245421,-0.0012089195661246,still
1783086725026017500,10.131017578125,-0.0041705887990887,-0.0178172044451814,0.0670762249290943,0.00052977562882,0.0012604719959199,0.0019260951085016,still
1783086725036062500,10.1410625,-0.0103647101818816,0.004890320191672,0.0510632477611303,0.0018557633738964,-0.0005616629496216,-0.0008989861235022,still
1783086725046106400,10.1511064453125,-0.0089649697690387,0.0046442730087321,0.0729097533881664,0.0008612177334725,-0.0001349793747067,-0.0005819902289658,still
1783086725056150500,10.161150634765624,-0.0085979402546654,0.005165657401178,0.0589928717166185,-4.13274392485e-05,-1.2889504432e-06,0.0020366960670799,still
1783086725066194200,10.171194091796876,-0.0011694205219973,0.0147424914412666,0.0444780241519212,0.0003718151710927,0.00054343463853,-0.0002639249432832,still
1783086725076239400,10.1812392578125,0.0002263035861426,-0.0043078532617539,0.0613870733767747,-0.0007586968131363,1.7476268112e-06,-0.0008833762258291,still
1783086725086283500,10.191283447265626,0.0005231151252286,0.0034300657802261,0.0582452682197093,-0.0002906597219407,0.0005611786618828,-0.0010735325049608,still
1783086725096327400,10.201327392578126,0.0015546364303212,0.0067576940992847,0.0636316374331712,-0.0009085130877792,0.0005169701762497,0.0003272902686148,still
1783086725106372400,10.211372314453126,0.006356431238458,0.0097390205981675,0.0609387450873851,-0.0006742207333445,0.0010489295236766,-0.0005377470515668,still
1783086725116416500,10.22141650390625,0.0039835714771412,0.0064321428061928,0.0519604888617992,-9.55157447606e-05,-0.0004424406215548,-0.0011910204775631,still
1783086725126460400,10.23146044921875,-0.0012485615892568,-0.0037336518366821,0.0545043281257152,4.47928905487e-05,0.0009187115356326,-0.0010358993895351,still
1783086725136505300,10.24150537109375,-0.0056123074734234,0.0178569975994527,0.0684200407534837,-0.0004649362526834,-0.0009308541193604,0.0005896938964724,still
1783086725146549500,10.251549560546875,-0.0073210499033564,-0.000742899922328,0.0536065025031566,-0.0003278497606515,4.89535741508e-05,0.0021082318853586,still
1783086725156593400,10.261593505859375,0.0016428809693548,-0.0025806276103481,0.0503150597423315,-0.0008897767402231,0.0011525675654411,0.0009529526578262,still
1783086725166638300,10.271638427734375,7.24350485485e-05,-0.0093484869106207,0.0735094728469848,-4.72145620733e-05,0.0004878346808254,-0.0006544375792145,still
1783086725176682500,10.2816826171875,0.0088606280451524,0.0076932761826552,0.0518120203018188,0.0011469468008726,0.0009866449981927,-0.0005846628919243,still
1783086725186726400,10.291726318359377,0.00124244922559,-0.0041014896352309,0.0690197602123022,0.0001373449340462,-0.0001644953154027,0.0009257444180548,still
1783086725196770300,10.301770263671877,-0.0030442516502807,-0.000208984841872,0.0661772302627563,0.0003818231634795,-0.0006198957562446,0.0018085823394358,still
1783086725206815500,10.3118154296875,0.0032929360315902,0.0055060500703752,0.0453770188182592,0.0002053510397672,-0.0003203102387487,0.0005324820522218,still
1783086725216859100,10.321859130859377,-0.000755400927586,-0.014258836110169,0.0781476540416479,0.0014855326153337,0.0011372379958629,-0.0001953600440174,still
1783086725226903300,10.3319033203125,0.0035692071061464,0.0021977292399853,0.0485194084972143,-0.000167042016983,-0.0016216728836297,-0.0008038312662392,still
1783086725236948000,10.341947998046876,0.002272102800582,0.013029358247295,0.0483691863715648,0.0011344449594616,-0.0007042135111987,-0.0004336519632488,still
1783086725246992100,10.3519921875,0.0016857976624742,0.0016974789671134,0.0618365707099437,-0.0003716214559972,-0.0012976466678082,0.0001881981734186,still
1783086725257036300,10.362036376953125,-0.0072280127414851,-0.0136898040505591,0.0362479559451341,0.0013357310090214,-0.0016150954179465,0.0021267130505293,still
1783086725267081000,10.3720810546875,-0.002411376557243,-0.0011423293023835,0.0519604888617992,-0.0005405589472502,-5.05889765918e-05,-0.0003108035307377,still
1783086725277125000,10.382125,0.0015376145135727,-0.0053379360950086,0.0485194084972143,0.0005382874514907,-0.0005456707440316,-0.0008932368364185,still
1783086725287169300,10.392169189453124,-0.0007916915170964,-0.0070056501115206,0.0528588990062475,0.0009244543034583,0.0006195548921823,-0.0002078616525977,still
1783086725297213200,10.402213134765624,-0.0002451749666826,0.0170164185894653,0.0555506223082542,0.0007481530774384,0.0009346068836748,0.0004358242731541,still
1783086725307258000,10.412258056640624,-0.00522510510399,0.0087357892392203,0.0676718527346849,-0.0005548056215047,-0.0009093196131289,-0.0005916142836213,still
1783086725317302300,10.42230224609375,-0.0075420060275238,0.008268847580906,0.0462742599189281,-0.0004240444395691,-0.0007021254859864,0.0005154616665095,still
1783086725327346200,10.43234619140625,-0.0007529258427093,-0.0004274224986787,0.0543552750438451,2.22155358642e-05,-0.0009603966027498,-0.0002958334516733,still
1783086725337391000,10.44239111328125,0.0004001782987266,2.89247003849e-05,0.0565992545783519,0.0004376687575131,0.0001932848244905,0.0008093784563243,still
1783086725347435300,10.452435302734376,-0.0099002344752894,0.0053210762917529,0.0574964956790208,-0.0004079060163348,-0.0012144106440246,-0.001258092932403,still
1783086725357479200,10.462479248046876,-0.0058186939328326,0.003994951387681,0.0631827246218919,0.0005265970248728,-0.0004399633035063,4.87200450152e-05,still
1783086725367524000,10.472524169921876,-0.0076741148244589,0.0020634718684479,0.0624345366030931,-1.31807755678e-05,-0.0004213391803205,0.001152626122348,still
1783086725377568000,10.482568115234375,0.0005667464876896,-0.002771720602503,0.0524099861949682,-0.0004813645500689,0.0004465850070118,-0.0009579290635883,still
1783086725387612200,10.492612060546875,0.0017905503783142,0.0014589118377305,0.0576484713703393,-0.001113569480367,0.0010256264358758,0.0021403806749731,still
1783086725397657000,10.502656982421875,0.0005310746693983,0.0048645190301351,0.0519628269493579,9.97667666524e-05,0.0002264115028083,-0.0008804430253803,still
1783086725407701000,10.512700927734375,-0.0111285295946523,0.002738110593846,0.0476239209622144,0.0010288103949278,-9.70712862908e-05,-0.0007013257127255,still
1783086725417745200,10.5227451171875,-0.0147364681258564,0.0101209325878415,0.0482213023334741,-7.10750464349e-05,0.000856873113662,0.0004259904380887,still
1783086725427789300,10.532789306640623,-0.0074098858141456,0.0107046690262388,0.0589957943260669,0.0006465355399996,-3.57334502041e-05,0.0010349847143515,still
1783086725437834000,10.542833984375,-0.0062171985809924,0.0156417327027767,0.0470247860252857,0.0002830140292644,0.0004649409092962,-0.0006332192569971,still
1783086725447878100,10.552878173828123,0.0027860756381298,-0.0096573427972383,0.0456780475914478,0.0010954407043755,0.000161780975759,0.0004467251710593,still
1783086725457922300,10.56292236328125,-0.0062455067934468,0.003998421986401,0.061688686671853,0.0010371175594627,0.0004352875985205,-0.0009828598704189,still
1783086725467967000,10.572967041015623,-0.002035563231504,0.0071621284480206,0.0579471620559692,0.0008974454831331,0.000170006416738,0.0006109792739152,still
1783086725478011100,10.58301123046875,-0.0119174674656591,0.0091776603883598,0.0691693978160619,0.0002425741404294,8.26544128358e-05,0.000123620731756,still
1783086725488055300,10.59305517578125,-0.0050904276073444,-0.0030875359528698,0.0425339043468236,0.0010637831874191,-0.0006080800667405,0.0012327317381277,still
1783086725498100000,10.603099853515625,0.0059791223586653,0.0017544972508214,0.0573474425971508,0.0009607188403606,0.001654275227338,-0.0005955283995717,still
1783086725508144000,10.61314404296875,-0.0791840935504529,0.0722966903905849,-0.1746884583860635,0.1425178796052932,0.2762234508991241,0.0009391602361574,still
1783086725518188300,10.623188232421874,-0.72194627388753,0.3403926691971719,-2.0776824723690748,0.4598132967948913,0.909275472164154,-0.0268890094012022,still
1783086725528232200,10.633232177734374,0.027686902218312,-0.3623789486210793,1.0434943226873874,-0.0133535712957382,0.0204264763742685,-0.0339467450976371,still
1783086725538277000,10.643277099609374,1.2558769903041422,-0.0171467852371744,3.5118151120215653,-0.1187076866626739,-0.2342641353607177,0.0532496757805347,still
1783086725548321000,10.653321044921874,-0.482037812898308,0.0895269983259029,-2.500342652016878,0.0379990488290786,0.0906716957688331,-0.0294708162546157,still
1783086725558365200,10.663365234375,-0.0503386780799366,-0.1428996190079487,0.8676227919965982,-0.0780588462948799,-0.1706017106771469,0.0125283002853393,still
1783086725568410000,10.67341015625,0.410571682447195,-0.1348301116577349,1.0061106407105922,-0.2005336135625839,-0.3935011625289917,0.0154199805110692,still
1783086725578454000,10.6834541015625,-0.0328115517556667,-0.1741283402852713,0.6855909851104021,-0.2915530204772949,-0.5589263439178467,0.0107437362894415,still
1783086725588498200,10.693498291015626,0.0711140519106993,0.1895320629810914,-1.5887714127004149,0.0959527418017387,0.1518184840679168,0.0144006041809916,still
1783086725598543000,10.703543212890626,-0.7784262129351496,0.1352220153184607,-1.04388127617836,0.1451035141944885,0.2661951184272766,-0.0242826081812381,still
