time,seconds_elapsed,accel_x,accel_y,accel_z,gyro_x,gyro_y,gyro_z,label
1783087246538089700,0.05708984375,0.0165594001035438,0.0061007554273586,0.1121796875029802,-0.0017380395438522,-0.0046007242053747,-1.69188715517e-05,still
1783087246548135000,0.067135009765625,-0.0459013303867308,0.0109338290064595,0.0325724823027849,-0.0014381676446646,0.0012180162593722,0.0011229140218347,still
1783087246558178800,0.0771787109375,-0.0457604971439344,0.0228061786887585,0.0078816931605339,0.0004068072885274,0.0018998347222805,-0.0004915676545351,still
1783087246568223700,0.0872236328125,-0.0161180381277692,0.0134259997319313,0.0791091925501823,0.0013077547773718,0.0018220706842839,0.0002208279911428,still
1783087246578268000,0.097267822265625,0.011577458388952,-0.010925186758989,0.0767155754119157,-0.0010642936686053,-0.0001787822693586,0.0011828531278297,still
1783087246588311800,0.107311767578125,0.0183375168336147,-0.0289792002013069,0.0412508787989616,-0.0017151702195405,-0.0015132925473153,0.0005748535040766,still
1783087246598356700,0.117356689453125,0.009632610214781,-0.0129676181226968,0.0795575208395719,-0.0010853512212634,-0.0025156177580356,0.0024592222180217,still
1783087246608401000,0.12740087890625,0.0058541682466573,-0.0028313509684056,0.0765647687643766,-5.4175266996e-05,-0.0011733849532902,-0.0013030255213379,still
1783087246618444800,0.13744482421875,-0.0106031962545181,-0.0140168623141478,0.0381073200762271,-0.0025231547188013,-0.0007479903288185,-0.0004855345468968,still
1783087246628489700,0.14748974609375,-0.0238691728443489,0.0102297518407343,0.0422965884596109,-0.0007774524856358,-0.0005972553044557,-0.0005015137139707,still
1783087246638534000,0.157533935546875,-0.0209268015328096,0.0120804189254296,0.0583078120619058,-0.000427329679951,0.0008010519668459,-0.0003384123556315,still
1783087246648578800,0.167578857421875,-0.0122742404474993,0.0013304243365651,0.0593552752882242,0.0005103694275021,-0.0001968345604836,-0.0005743682850152,still
1783087246658622700,0.177622802734375,-0.0134652643048844,-0.0097829967372119,0.0433440516859292,-0.0013226614100858,0.0029507719445973,0.0002136537805199,still
1783087246668667000,0.1876669921875,0.0070314832390984,-0.0044118570589227,0.0728226596266031,0.001659280154854,-0.0006964271888136,-0.0006132575217634,still
1783087246678711300,0.197711181640625,-0.0009519506941593,-0.0088194831840111,0.0621983897596597,0.0006497539579868,0.0002612564712762,-0.0010146230924874,still
1783087246688755200,0.207755126953125,-0.0019492774687052,-0.0104917318117455,0.0586070872694253,-0.0005635821726173,-0.0009843041189014,-0.0012971844989806,still
1783087246698800400,0.21780029296875,-0.0097977810311014,-0.0153213416419923,0.0672860682874918,0.0004192756023257,-0.0018922775052487,-0.0005497764796018,still
1783087246708844500,0.227844482421875,-0.0139555811305646,-0.00809609396304,0.0629459932565689,-0.0015850195195525,-0.0013945326209068,-0.0010901319328695,still
1783087246718888200,0.23788818359375,-0.0259335306287859,-0.0030883054211386,0.0457376688241958,1.20550394058e-05,0.0001918994821608,0.0017794341547414,still
1783087246728933400,0.247933349609375,-0.0190918252075905,-0.0070314398566144,0.0434925202459096,-0.0002342872321605,0.000951166730374,0.0020002101082354,still
1783087246738977300,0.257977294921875,-0.0209779220819822,-0.0016019644370768,0.06219780523777,-0.0002890245523303,0.0008060680702328,0.0002270354889333,still
1783087246749022200,0.268022216796875,0.0020535227236468,0.0004365876192459,0.0629454087346792,-0.0007819756865501,0.000410056207329,0.0006472822278738,still
1783087246759066400,0.27806640625,0.0053641025827266,-0.0032759346644394,0.0547159250497817,0.000466059660539,0.0004502856172621,-0.0015224195085465,still
1783087246769110300,0.2881103515625,0.0038299495347193,-0.0132142018784652,0.0595043283700943,0.0005861683748662,-0.0029396526515483,-9.84275247901e-05,still
1783087246779155200,0.2981552734375,-0.0021635986415203,-0.0163094781797961,0.0554641130685806,-0.0003236457705497,-0.0009811790660023,-0.0002086577005684,still
1783087246789199400,0.308199462890625,-0.0051736095246596,0.001017344365979,0.0642927316904067,-0.0008474893402308,-0.0005846344865858,-1.90406572073e-05,still
1783087246799243300,0.3182431640625,-0.0042569941491296,0.004588754845655,0.0550152002573013,-0.0002502293791621,0.0011629755608737,0.0001705177128314,still
1783087246809288200,0.3282880859375,-0.0045085848714559,-0.0049083969877683,0.0554641130685806,-0.0004504991229623,0.0009914678521454,0.0003872991073876,still
1783087246819332400,0.338332275390625,-0.0105981147956685,-0.0079174563103704,0.0560626634836196,-0.0006107110530138,-0.0005990033969283,-0.0003404945600777,still
1783087246829377500,0.34837744140625,0.0033831790189986,-0.0134342994861071,0.0521720857858657,0.0002151350490748,-0.00099235214293,-0.0004257156979292,still
1783087246839421200,0.358421142578125,-0.0067805555267084,-0.0145930068178451,0.0382557886362075,-0.0002411932218819,0.001404880080372,-0.0005691240075975,still
1783087246849465300,0.36846533203125,-0.003493876562202,-0.0132629295411519,0.0607014292001724,-0.0001269436907023,-0.0005600000731647,-0.0006817758549004,still
1783087246859510500,0.378510498046875,-0.0056837059089331,-0.0100132549792644,0.0595043283700943,-0.0009508840739727,0.000155784189701,0.0012328455923125,still
1783087246869554200,0.38855419921875,-0.0021818355532319,0.0032613261837745,0.047533320069313,-0.0002451464533805,-0.0015622209757566,-0.0001685097813606,still
1783087246879599400,0.398599365234375,-0.0072031385951326,-0.0014387184330727,0.0657885232061147,-0.0003756454680114,0.000806818716228,0.0013514448655769,still
1783087246889643300,0.408643310546875,-0.0130501087743788,-0.005138666646264,0.0568102669805288,-0.0003298390656709,-0.0009902822785079,0.000585519708693,still
1783087246899687200,0.418687255859375,-0.0134754272225836,-0.009195867331908,0.0578577302068471,3.49313486367e-05,0.0010834014974534,0.0001547269057482,still
1783087246909732400,0.428732421875,-0.0165816895671654,-0.0018042455435264,0.0574088173955678,9.93798021227e-05,0.0012069721706211,0.0008141255239024,still
1783087246919776300,0.4387763671875,-0.0061139402775617,-0.0105375711143133,0.0608510668039321,0.0002247588708996,-0.0013778861612081,-0.0002971999347209,still
1783087246929820400,0.4488203125,-0.0090883735280658,-0.0088632013114402,0.0569604891061782,-0.0008349127601832,0.0006698183715343,0.000234633218497,still
1783087246939865300,0.458865234375,0.0074457368705945,-0.0188571328190155,0.0587561403512954,0.000520076835528,0.0011147069744765,-0.00011548679322,still
1783087246949909200,0.4689091796875,0.0059923597245069,-0.0031201641474151,0.0569604891061782,-0.0007353371474891,-0.000943383667618,-0.0011589131318032,still
1783087246959954200,0.4789541015625,-0.0067855165420827,-0.0094283312307787,0.054566287446022,-0.0009498188737779,-0.0021814061328768,-0.0003618916962295,still
1783087246969998300,0.488998291015625,-0.0123258610368822,-0.0074715734231052,0.0671358461618423,-0.0003732445184141,0.0013214498758316,0.0002594236284494,still
1783087246980042200,0.499042236328125,-0.0047063219481176,-0.0086528579128324,0.0608510668039321,0.0008956876117736,0.0008890097960829,0.0004758615978062,still
1783087246990087200,0.509087158203125,-0.0035981326627646,-0.0055579058384872,0.0565115762948989,-0.0009911619126796,-0.0012321979738771,-0.0005398681387305,still
1783087247000131300,0.51913134765625,-0.0013724576823951,-0.011835157193779,0.0638438188791275,-2.4820677936e-05,0.0005314089357852,-0.0003471130039542,still
1783087247010176500,0.529176513671875,-0.0034836260233016,0.0006304959062836,0.0623474428415298,0.0010202038101851,0.0007769525982439,-0.0002941160928457,still
1783087247020220200,0.53922021484375,-0.0058014385498216,-0.0090441679185139,0.0482815080881118,2.89753079414e-05,-0.0006747366860508,-0.0005710928235203,still
1783087247030264300,0.549264404296875,-0.0015634744697919,-0.008329640140722,0.0523217233896255,-9.37965232878e-05,-0.0007839263416826,-0.0001987828873097,still
1783087247040309500,0.5593095703125,-0.0004459388278366,-0.0141546793326619,0.0620481676340103,0.000874942401424,0.0006132242269814,0.0001477929763495,still
1783087247050353400,0.569353515625,-0.0044532265385831,-0.0112269735840032,0.0509755694776773,-0.000811104895547,-0.0005606971681118,0.0007547272834926,still
1783087247060398300,0.5793984375,-0.0206868187644751,-6.19479038636e-05,0.0563625232130289,0.0002212969120591,-0.0006183525547385,-0.0009712420869618,still
1783087247070442200,0.589442138671875,-0.0137488270616857,-0.0072535741577157,0.0509755694776773,0.0004095823969691,0.0013723601587116,0.0007622095290571,still
1783087247080486400,0.599486328125,0.003178638883859,5.40157591574e-05,0.0654904170423746,-0.0013734039384871,-6.36163167655e-05,-0.0021145371720194,still
1783087247090531300,0.60953125,-0.0077776870800764,-0.0126157131122192,0.067734981098771,0.0010518913622945,-0.0008678073063492,1.04235950857e-05,still
1783087247100575200,0.6195751953125,-0.0205987043728935,-0.0262075229812879,0.0539683215528726,0.0007838236633688,-0.0011194208636879,0.0004389856476336,still
1783087247110619400,0.629619384765625,-0.003521734966796,-0.0088967588044586,0.053519993263483,0.0004293569363653,0.0005836705677211,-0.0001945805270224,still
1783087247120664300,0.639664306640625,-0.0194001513712457,-0.0065369868535781,0.0645931759417057,-0.0009319989476352,0.000520053319633,-0.001578411553055,still
1783087247130708200,0.649708251953125,-0.0125059371613897,0.0001559394803829,0.0503776035845279,-0.0004164110869169,-0.000274633988738,0.0010173717746511,still
1783087247140753200,0.659753173828125,-0.0093320061332779,0.0004522509792586,0.0499281062513589,-1.19863543659e-05,4.94150444865e-05,-0.0011375043541193,still
1783087247150797300,0.66979736328125,-0.0181525156555289,0.0008681337371934,0.0607020137220621,0.0001600538380444,0.0001860354095697,0.0003972754348069,still
1783087247160841200,0.67984130859375,-0.0168509109880717,0.0040607238000025,0.0723743313372135,-0.0007882507052272,-0.0002277111634612,0.0003819852136075,still
1783087247170886400,0.689886474609375,-0.0063136686673213,-0.0130977039259043,0.0499286907732486,-5.0151720643e-06,0.0004524602554738,-0.0003413294907659,still
1783087247180930300,0.699930419921875,-0.0044471458555461,-0.0121285620662267,0.0542681812822818,0.0010452487040311,-0.0005882382392883,0.0002156989648938,still
1783087247190975500,0.7099755859375,-0.005775342273229,-0.0130145168711896,0.0595054974138736,9.58319287747e-05,0.0001127053983509,-0.0021542480681091,still
1783087247201019400,0.720019287109375,-0.0073614447041822,-0.0008847994609153,0.0478337643206119,-0.0007997686043381,-0.0006148205138742,-8.37936531752e-05,still
1783087247211063300,0.730063232421875,-0.0128683909653453,-0.0071566028895322,0.0575602085649967,-0.0002958984114229,0.0010531172156333,0.0007708147168159,still
1783087247221108200,0.740108154296875,-0.0048569910275167,-0.0098703599268337,0.0565127453386783,-0.0001646268647164,0.0003735935315489,-0.0008223420009016,still
1783087247231152400,0.75015234375,-0.0085621257308346,-0.0084323904124321,0.0620493366777896,0.0001200649421662,-8.42036679387e-05,0.0007478578481823,still
1783087247241196300,0.7601962890625,-0.0022222557556437,-0.0108640380061464,0.053969490596652,0.00097815413028,0.0008991560898721,-0.0003963513299822,still
1783087247251241200,0.7702412109375,0.0013246444768054,0.0078844879058189,0.0484328992575407,-0.0004479687195271,0.0009146025404334,-0.000348680652678,still
1783087247261285400,0.780285400390625,-0.0019847831777486,-0.0058291354117449,0.0562140546530485,-4.44748438894e-05,-0.0002140323631465,-0.0006180971395224,still
1783087247271330300,0.790330322265625,0.0103095619115629,-0.013286598111107,0.041848844692111,0.0001129179727286,-0.0001330720260739,0.0003246618434786,still
1783087247281374200,0.800374267578125,-0.0040486243681327,-0.0055436946500441,0.0596557195395231,-5.54004218429e-05,0.0009391433559358,-0.0008798912167549,still
1783087247291418400,0.81041845703125,0.0011481240035194,0.0082063608209253,0.0527723897665739,-7.16457143425e-05,0.0008824183605611,0.0007390442769974,still
1783087247301463300,0.82046337890625,0.0026681255139992,0.0026305083337938,0.0602548544764518,0.0005628084763884,-0.0009102602489292,0.0004325807094573,still
1783087247311507200,0.830507080078125,-0.0082718261309259,0.0033951976795331,0.0624994185328483,-0.0001381353940814,-0.0002948041073977,8.42392910271e-05,still
1783087247321552400,0.840552490234375,-0.0086260189966124,-0.0100150290945312,0.0589081160426139,0.000195943750441,-0.0013564168475568,-0.0010533479508012,still
1783087247331596300,0.85059619140625,0.0117735711911635,-0.0011200763713801,0.0622001433253288,-0.000877842772752,0.000865458510816,0.0011011494789272,still
1783087247341640200,0.86064013671875,-0.0028942958131679,-0.0145865702271927,0.0708791243433952,-0.0001562931574881,-0.0001412401907145,0.0009724257979542,still
1783087247351685400,0.870685302734375,-0.0082680986622348,-0.0009537022619508,0.0587584784388542,-0.0003405839670449,-0.0006014346145093,-0.000618812860921,still
1783087247361729300,0.880729248046875,-0.0028651150990452,0.0058280166003154,0.0633978286772966,0.001053900225088,-0.0004021604545414,0.0003930649254471,still
1783087247371773200,0.890773193359375,-0.0103305453340872,1.05716263642e-05,0.0578612373381853,-0.0002779467031359,-0.0004421076737344,-0.0002138693816959,still
1783087247381818400,0.900818359375,-0.0001795832195741,-0.0104906358332023,0.0677367346644401,-3.30717302858e-05,-0.000367862638086,0.0010173330083489,still
1783087247391862300,0.9108623046875,0.0086704221106308,-0.0006626879927003,0.0601052168726921,-0.0005726281087845,9.79243777692e-05,0.0010586120188236,still
1783087247401907200,0.9209072265625,0.0036981815186125,-0.0050656721920007,0.0506786323577165,7.43721611797e-05,0.000515756662935,-0.0013750772923231,still
1783087247411951400,0.930951416015625,0.0023920048510815,-0.0020405271009891,0.0551677604705095,-0.000158387934789,-0.000474939122796,-0.0006903787143528,still
1783087247421995500,0.94099560546875,-0.0075465988626063,-0.0070767814022605,0.0645949295073747,0.0009137983433902,-0.0016137356869876,-0.0004340794403105,still
1783087247432040200,0.951040283203125,-0.0050726813172776,-0.0057375664044637,0.0565144989043474,-0.0004361579194664,-0.0004611192271113,-0.0001483222004026,still
1783087247442084400,0.96108447265625,0.0023734691139703,-0.0036447154611931,0.0559159484893083,-0.0004328703507781,0.0015318011865019,0.0019948971457779,still
1783087247452129300,0.97112939453125,-0.0080901311547786,0.000286287861783,0.0604050766021013,0.0003775297664105,-0.0012466749176383,-0.001993985613808,still
1783087247462173200,0.981173095703125,-0.0070662149132956,-0.0074630795893957,0.0659416679412126,6.636371836e-06,9.91262495517e-05,1.48327089846e-05,still
1783087247472217300,0.99121728515625,0.000246040333074,-0.0042805656793178,0.0687853669345378,0.0007051834836602,-0.0003155278973281,-0.0013122204691171,still
1783087247482262300,1.00126220703125,-0.0130984345782664,-0.0123308728554286,0.0545697945773601,0.0003589608240872,0.0002504792064428,0.0013642528792843,still
1783087247492306200,1.01130615234375,-0.0125213607760961,-0.0211317792031331,0.0590589226901531,-0.0008381300140172,-0.0012787077575922,-0.0007961033843457,still
1783087247502351400,1.021351318359375,0.0047929710392199,-0.0042253534769173,0.0693839173495769,0.0001651113852858,-0.0003213472664356,-0.000259457854554,still
1783087247512395300,1.031395263671875,-0.0113258057324215,0.0019457249570055,0.0690846421420574,0.0001928082201629,0.0008288719691336,0.0007994149345904,still
1783087247522439200,1.041439208984375,-0.0006764174072421,0.0090328724896535,0.0613034867465496,0.0003042621538043,-0.0010207551531493,0.000156553229317,still
1783087247532484400,1.051484375,-0.0049781514554633,0.0010640125023201,0.0566647210299968,-0.0014915072824805,-0.0018106484785676,-0.0002349312417209,still
1783087247542528500,1.061528564453125,-0.0151066143292118,0.0064060676500201,0.062949500387907,9.07678622752e-05,0.0002935412339866,0.0001663900911808,still
1783087247552572200,1.071572265625,-0.0119520912544685,-0.0113637722557876,0.0526245057284832,0.0002484270371496,0.0004037958569824,0.0006425633328035,still
1783087247562617300,1.081617431640625,0.0073564637100324,-0.008328598961106,0.0578618218600749,-0.0001907169353216,0.0012847417965531,0.0003482459578663,still
1783087247572661500,1.09166162109375,-0.0065188895078841,-0.0003674062569974,0.0538216065585613,0.0002761352807283,-0.0015754932537674,0.0004305376205593,still
1783087247582706200,1.1017060546875,-0.010475317249773,-0.0237939750165562,0.0587596474826335,0.0005260473117232,0.000543953385204,8.49773641675e-05,still
1783087247592750300,1.111750244140625,0.0049350389703438,-0.0077422070580301,0.0630997225135564,-0.0003914118278771,6.59162178635e-05,0.0005243988707661,still
1783087247602794500,1.12179443359375,-0.0081393040587485,-0.0041044076781021,0.053822191080451,-5.20541798323e-05,0.0004074769094586,0.0003700405359268,still
1783087247612839200,1.131839111328125,-0.0081391636364976,-0.0078367557569756,0.0420008203834295,0.0004648654721677,-0.0001491233706474,0.0013341048033908,still
1783087247622883300,1.14188330078125,-0.0020754654128075,-0.0032409866486443,0.0604062456458806,-0.0004815845750272,0.0002811606973409,0.0002774356398731,still
1783087247632928300,1.15192822265625,-0.008319843120026,-0.0039403214238816,0.0575631311744451,8.30055214464e-05,-0.0003694496117532,-0.0006059349980205,still
1783087247642972200,1.16197216796875,-0.0065020970616431,-0.0160068237051018,0.0613040712684392,-7.21749383956e-05,-0.00018374575302,0.0005227769725024,still
1783087247653016300,1.172016357421875,0.0006862960555066,-0.0114173039577552,0.0584609567970037,-0.0010333097307011,-0.0014082673005759,0.0013323780149221,still
1783087247663061500,1.1820615234375,-0.0096229005298751,-0.0112349285615957,0.0626508097022771,0.0009359510149806,0.000759822782129,0.00148823519703,still
1783087247673105200,1.192105224609375,0.0009367014656221,-0.0021469854334369,0.054870238828659,0.0009466037154197,0.0005339863710105,-0.0016292612999677,still
1783087247683149600,1.202149658203125,-0.0062585472256439,-0.0083851240544696,0.0475379962444305,0.0009294894989579,-0.0003104424104094,-0.0008426434360444,still
1783087247693194800,1.21219482421875,-0.014062308891071,0.0010813814789406,0.0515782115459442,0.0009233641903847,0.0004733256064355,-0.0011984417214989,still
1783087247703238700,1.22223876953125,-0.0059677612852567,0.0053115298619843,0.0720785632610321,-5.23671042174e-05,0.0003568800166249,-0.0006423874292522,still
1783087247713283600,1.23228369140625,-0.0084173195658193,-0.0009705529320519,0.0563666148662567,0.0015958631411194,0.0006857803091406,-0.0009736844804137,still
1783087247723327700,1.24232763671875,0.0096842125378549,-0.005329926318489,0.0671405223369598,-0.0011960081756114,0.000561075285077,0.0006688674911856,still
1783087247733371600,1.25237158203125,0.0055849422591738,0.0052797761669848,0.0617535686016082,-0.0012665819376707,0.0006204633973538,-0.0009545956272631,still
1783087247743416600,1.26241650390625,-0.0100408656470419,0.0076691281220875,0.0584615413188934,0.000699778785929,0.0003164922818541,-0.0008329427801072,still
1783087247753460700,1.272460693359375,-0.0006481796913241,-0.0056168101186049,0.062951253953576,-0.0007377956062555,-3.9039645344e-05,-0.0003727485891431,still
1783087247763505700,1.282505615234375,-0.0048284579111321,0.0017801317322882,0.0634001667648553,0.0005168165080249,-2.8316862881e-06,-0.0003397820983082,still
1783087247773549600,1.292549560546875,-0.0016148438974254,-0.0030393699791864,0.0610059651046991,-0.0002294012811034,0.0002525658346712,-0.0009768102318048,still
1783087247783593700,1.30259375,-0.012501600054634,-0.0070038668630993,0.0684878452926874,0.0012491119559854,0.0002183299511671,0.0009350047912448,still
1783087247793638700,1.312638671875,0.0017279020756628,-0.0068173267484758,0.0542722729355096,0.0003806550521403,0.0003032851964235,-0.0011361355427652,still
1783087247803682600,1.3226826171875,-0.0207234860966098,-0.0098738213923992,0.0610065496265888,-9.48156230151e-05,-0.0004542740061879,-0.0017749425023794,still
1783087247813726700,1.332726806640625,0.0027803080510464,-0.0028783364818664,0.0535240849167108,-0.0005635318811982,0.0003859535790979,-0.0008841149974614,still
1783087247823771600,1.342771728515625,0.0016106335131888,-0.0147037919822498,0.0515787960678338,0.000532042235136,2.19657085835e-05,0.0008862280519679,still
1783087247833815600,1.352815673828125,-0.0004595540779468,-0.0126019334653276,0.0698345837265253,8.56965780258e-05,0.000237681902945,-1.338776201e-05,still
1783087247843860700,1.36286083984375,0.0084445300872641,-0.0039492262495448,0.0601081394821405,0.0002035230863839,-0.0001234663650393,-0.0005810018628835,still
1783087247853904600,1.372904541015625,0.0032949087929679,-0.0142437983712414,0.0666921940475702,-0.0002830363810062,-0.0003202739171683,-0.0026934212073683,still
1783087247863948500,1.382948486328125,0.0027194458509271,0.0007283919063629,0.0551700985580682,-0.0003972502890974,-6.14998862147e-05,0.000670050503686,still
1783087247873993700,1.39299365234375,-0.0014754388516681,0.0119249566523707,0.0593599514633417,7.99880363047e-05,2.79825180768e-05,0.0005669861566275,still
1783087247884037600,1.40303759765625,0.0015368267789948,0.0001304488460998,0.0684878452926874,-0.0005781280342489,0.000210665166378,0.0002642690669745,still
1783087247894082600,1.41308251953125,-0.0037149248741479,0.0021139211307629,0.0657949529469013,0.0008232272230088,-0.000942749902606,-5.07829245179e-05,still
1783087247904126700,1.423126708984375,0.00410042333944,-0.0049893783856648,0.0595101735889911,-0.0001391139812767,-0.0010030888952314,-0.0005704204086214,still
1783087247914170600,1.433170654296875,-0.0104540141668403,-0.0142315827770624,0.0622036504566669,0.0004228129982948,0.0005790954455733,0.0010823373449966,still
1783087247924215600,1.443215576171875,-0.0028249115236423,-0.017341524641274,0.0554699582874774,6.47702254354e-05,-0.0004176376387476,-0.0005563453305512,still
1783087247934259700,1.453259765625,-0.0033468741589342,0.0005183681681635,0.0533756163567304,0.0004333516117185,-0.0018115360289812,1.5168916434e-05,still
1783087247944304600,1.4633046875,-0.0161261712018749,0.0016591790836071,0.062802200871706,-0.0003083827905356,-0.0004404503852128,-1.21886841952e-05,still
1783087247954348500,1.4733486328125,0.0075560636648064,-0.0047955500137293,0.0530757566273212,0.0002969535999,0.0011981925927102,0.0005281667690724,still
1783087247964392700,1.483392822265625,-0.0014154425887623,-0.0002930189966689,0.0631014760792255,0.0004942419473081,-0.0012828162871301,0.0007870660629123,still
1783087247974437600,1.493437744140625,-0.0029845858934044,-0.0067982658549793,0.0589116231739521,-0.0005438581574708,0.0001784604974091,-0.0005836628843098,still
1783087247984481500,1.5034814453125,-0.0014080430211295,-0.0089408308416255,0.0584627103626728,0.000875498401001,0.0005308515392243,0.0007215028163045,still
1783087247994525700,1.513525634765625,-0.0054517312046518,-0.0054669213530956,0.067889879399538,-0.0006984299980103,0.0009260647930204,-0.0001544109545648,still
1783087248004570600,1.523570556640625,0.0036907088857435,-0.0158499709092662,0.0722287853866815,-0.000573102151975,-0.000360301695764,0.0003695613704621,still
1783087248014614500,1.533614501953125,-0.0060625331756658,-0.0088285341401468,0.0592103138595819,-0.0005616506095975,-4.9777328968e-05,0.0009269609581679,still
1783087248024659700,1.54365966796875,-0.0049422016467811,0.0013403452256694,0.0520277088791131,0.0005323586519807,-0.0004493300803005,-0.0011155763640999,still
1783087248034703600,1.55370361328125,-0.001064211148431,-0.0027118733241804,0.0690863957077264,0.0003195719327777,0.0009874450042843,0.0007984375115483,still
1783087248044747500,1.56374755859375,0.0079208823849621,0.0059787182165775,0.0660936436325311,-0.0002032879274338,-0.0008019325323402,5.58283645659e-05,still
1783087248054792700,1.573792724609375,0.0003202671923761,-0.004170065925992,0.0589110386520624,0.0008790206629782,8.17039981484e-05,-0.0003188785631209,still
1783087248064836900,1.5838369140625,-0.0124817137522972,-0.013524178859801,0.0695358930408954,0.0011423414107412,-0.0003529042005538,-0.0007047492545098,still
1783087248074881500,1.593881591796875,-0.0122701350945397,-0.0088716586125316,0.060856912022829,0.0010307549964636,-0.0007664929144084,0.0004278931301087,still
1783087248084925700,1.60392578125,-0.0044947975184652,0.0001860218081041,0.0587619855701923,-0.0003865282051265,-0.0004403633065521,-0.000282228924334,still
1783087248094969900,1.613969970703125,-0.0040754983899154,-0.0046655532587785,0.0550210454761981,0.0008316016755998,0.0004568556323647,-0.0001488046254962,still
1783087248105014500,1.6240146484375,-0.0113096217826008,-0.0024147489745519,0.0455938764393329,-0.0006930788513273,-0.00044532911852,0.0012744299601763,still
1783087248115058700,1.63405859375,-0.0013319033367763,-0.0048042150940862,0.0529261190235614,-0.000491477549076,0.0004572160542011,-0.0006606229580938,still
1783087248125102800,1.644102783203125,-0.0063587253727106,-0.0120122741762199,0.0548714078724384,0.0003158785402774,-0.0005813003517687,5.65398950129e-05,still
1783087248135147500,1.6541474609375,-0.0024934350965515,-0.0084281777449068,0.0551706830799579,-0.0016324900789186,-0.0002579921856522,0.0011106191668659,still
1783087248145191700,1.664191650390625,-0.0017911634413118,-0.0108250143201439,0.0586123479664325,0.0004492085427045,0.0001860945485532,0.0001434388104826,still
1783087248155236600,1.674236572265625,-0.0138376732472737,-0.0069010891919257,0.0554699582874774,-0.0005489441100507,-0.0006474750116467,0.0001623472198843,still
1783087248165280500,1.684280517578125,0.005069895705147,-0.0019885708681773,0.0610065496265888,0.0009837651159614,-0.0003053089603781,0.0007945359684526,still
1783087248175324700,1.69432470703125,-0.0053524903475685,-0.0055669362450251,0.0716308194935321,-0.0007065432146191,0.0001828484237194,0.0003013187088072,still
1783087248185369900,1.704369873046875,-0.0023207077365048,-0.0042535201254766,0.0553203206837177,0.0002159094437956,-0.0014572232030332,-0.0008621558081358,still
1783087248195413500,1.71441357421875,-0.0048383057350001,-0.0073696771013434,0.0506809704452753,-0.000603545224294,-6.43897801637e-05,-0.0001902403309941,still
1783087248205458700,1.724458740234375,0.0009227802548353,0.0026756284004426,0.0632511136829853,0.0001985526178032,0.0008285380899906,-0.0021762009710073,still
1783087248215502800,1.7345029296875,-0.0058149344981007,-0.0030569581515155,0.0539729977279901,0.000309073831886,-0.0018125185742974,0.0007625971920788,still
1783087248225546500,1.74454638671875,-0.0053373624187399,-0.0035385859223082,0.0494838696151971,3.55232041329e-05,0.0013047247193753,-0.0001499964855611,still
1783087248235591700,1.754591796875,-0.0040726351459714,-0.0099541611861903,0.050830608049035,-9.63034108281e-05,-0.001894530840218,0.0007360372692346,still
1783087248245635800,1.7646357421875,-0.0056362877122766,-0.004361802805541,0.0613052403122186,0.0010302253067493,-0.0004325243644416,-0.0004072966985404,still
1783087248255680500,1.774680419921875,0.0027519262025336,-0.0019264745505526,0.0527764814198017,-0.0007873822469264,0.0001344624906778,3.15923243761e-05,still
1783087248265724700,1.784724609375,0.0031315400621999,-0.0043834209823049,0.0449947415024042,-0.0001838011667132,0.0005407594144344,0.0003367748577147,still
1783087248275768800,1.794768798828125,0.0085749817874748,-0.0019725558817153,0.0520282934010028,0.0012042382732033,0.0001665852032601,-0.0002523162402212,still
1783087248285813500,1.8048134765625,-0.0031524920895055,-0.0071460449628997,0.051280105382204,-0.0013394729467108,0.0002420553937554,-0.0001893558073788,still
1783087248295857700,1.814857666015625,-0.0143476537546492,-0.0032750373320071,0.0550210454761981,-0.0004792718682438,0.0008029169403016,-0.0006335710640996,still
1783087248305901600,1.824901611328125,0.002354246392392,-0.0111909181732218,0.0613058248341083,-0.0003523640334606,0.0004454869776964,0.0007958535570651,still
1783087248315946500,1.834946533203125,-0.0004603218337491,-0.0088406584027805,0.0686380674183368,-0.0004570262972265,0.0003839679993689,0.0004714804235845,still
1783087248325990700,1.84499072265625,0.0115402190930151,-0.0043796056070015,0.0654956777393817,1.2370292097e-06,-0.0022603347897529,0.0001694674137979,still
1783087248336035800,1.855035888671875,0.0001735265110677,-0.0084175810023676,0.0644476299911737,0.0003322679549455,-0.0008400711230933,0.0003556224983185,still
1783087248346079500,1.86507958984375,-0.01190768814045,0.0021280935032991,0.0605576368153095,0.000625841319561,0.0002355510368943,0.0010495859896764,still
1783087248356123600,1.87512353515625,-0.0031848223148845,-0.0017840475722914,0.0611561872303485,-0.0005973486695438,0.0006752391345798,0.0005659558810293,still
1783087248366168800,1.8851689453125,-0.0089621025293396,-0.0010492145086987,0.0656453153431415,-0.0009371384512633,-0.0002265875227749,0.0002950320485979,still
1783087248376212500,1.89521240234375,-0.0050508947479771,0.0001375110578374,0.043648587590456,6.31448347121e-05,-0.0007003638893365,-0.0001928592100739,still
1783087248386257700,1.905257568359375,-0.005273848178875,-0.0134987955400836,0.0577145223438739,0.0011519936379045,2.96835787594e-05,0.0009265756234526,still
1783087248396301800,1.9153017578125,0.0011800560804433,-0.0057506153989932,0.0625035101860761,0.0016326939221471,-0.0013546277768909,-0.0005445545539259,still
1783087248406345700,1.925345703125,-0.0014278865118045,0.0069275319575681,0.0536748915642499,0.0006782112177461,0.0004290048964321,0.0005035633221268,still
1783087248416390700,1.935390625,-0.0009564045340463,0.0001203589936369,0.0482885223507881,-0.0002483024727553,-0.0003888518549501,-0.0004919262137264,still
1783087248426434800,1.945434814453125,0.0110716894074575,-0.0062829572935821,0.0625040947079658,0.0002901069819927,0.0020832808222621,0.0007200937252491,still
1783087248436478700,1.955478759765625,0.0039155209135875,0.0019463163287611,0.0683399612545967,0.0001359099987894,8.11163336038e-05,0.000593593576923,still
1783087248446523600,1.965523681640625,-0.006356008259239,0.008726587586035,0.0488870727658271,0.0002390032168477,0.0004951180890202,0.0007832411210983,still
1783087248456567600,1.975567626953125,-0.00317218202902,-0.0094432479554088,0.0586135170102119,0.0005332825239747,-0.0001000985503196,-0.0004189098253846,still
1783087248466612500,1.985612548828125,0.0021529191297682,-0.0151374889580882,0.0681903236508369,-0.000863813329488,-0.000247508753091,-0.0001455161254853,still
1783087248476656600,1.99565673828125,-0.0046991866711439,-0.0108142645972664,0.0557704025387763,0.0022036153823137,-0.0006176885217428,-0.0002680215984582,still
1783087248486700500,2.005700439453125,0.0032659652554517,-0.008019980536506,0.0574170007020235,0.000410427339375,0.0004018661566078,-0.0006207944825291,still
1783087248496745500,2.015745361328125,0.0091889449715992,-0.0008890212615951,0.05322714779675,-0.0007794729899615,0.0008761752396821,0.0003802876453846,still
1783087248506789600,2.02578955078125,0.0063264248300838,0.0031751160549116,0.0529278725892305,0.0002744202502071,0.0002336069010198,-0.0001099200453609,still
1783087248516834800,2.035834716796875,-0.0020614962529594,-0.0079054964445182,0.0560702622681856,-0.0002670004032552,-0.0006678728386759,-0.0003235056065022,still
1783087248526878700,2.045878662109375,-0.0074115663145785,-0.0042657128867693,0.0647486587643623,0.0002514508087188,0.0015003369189798,0.0015519469743594,still
1783087248536922600,2.055922607421875,-0.0143372020009381,-0.0051503388177487,0.0575660537838935,-0.0007227335590869,-0.0009606899693608,0.0001095789484679,still
1783087248546967800,2.0659677734375,0.0015209898890461,-0.0158975751939462,0.0674421356320381,0.0007194080390036,0.0008190837688744,-0.0001548386644572,still
1783087248557011700,2.07601171875,-0.0109921738808625,-0.0032690277163288,0.0538256982117891,-0.0010545236291363,0.0007266718894243,0.0023067211732268,still
1783087248567055600,2.0860556640625,0.0078984416534687,0.0146604916966403,0.0457452676087617,0.0002801716327667,0.0009527392685413,0.000770250102505,still
1783087248577100800,2.096100830078125,0.0011721701723319,0.0044095897533115,0.0488876572877168,-0.0001387435477226,0.0009745769202709,0.0011098032118752,still
1783087248587144700,2.106144775390625,-0.0099713566328748,-0.0024230395955732,0.0524795442998409,-1.6079749912e-05,-0.0001205308362841,0.0013848607195541,still
1783087248597189600,2.116189697265625,-0.0025136838709586,0.0041205733616137,0.0626543168336153,-0.0010107703274115,-0.0005993675440549,-0.0001174283679574,still
1783087248607233800,2.12623388671875,-0.0002311064837791,0.00273316499067,0.0713332978516817,-9.6429139375e-06,0.0001235995441675,0.0015785179566591,still
1783087248617277700,2.136277587890625,-0.0099082054359023,-0.0039816580812679,0.0614572160035371,0.0002947563771158,-0.0007291445508599,0.0012602702481672,still
1783087248627322600,2.146322509765625,0.0009770003683253,0.0046512530220788,0.0645996056824922,-0.0011962576536461,0.0014203200116753,-0.0001498481724411,still
1783087248637366500,2.156366455078125,0.0048026938530354,0.0017594314375543,0.052628597381711,-0.0007014423608779,-0.0001354990527033,-0.0010193700436502,still
1783087248647411700,2.16641162109375,-0.0084936247885983,-0.0090692155948025,0.0469423684388399,-0.0002918466925621,0.0007855747826397,9.24449414014e-05,still
1783087248657455600,2.17645556640625,-0.0088750458712165,0.0007393950742785,0.0515805496335029,-0.0019888130482286,0.0015176776796579,-0.0012087756767868,still
1783087248667499500,2.18649951171875,-0.0031946124857146,-6.78113890695e-05,0.0500841735959053,0.0001012741122394,0.0019457670859992,0.0004677660763263,still
1783087248677544700,2.196544677734375,0.0055758947279711,-0.0022693879703991,0.0654968467831611,0.0004328377544879,0.0004067267291247,0.0014150524511933,still
1783087248687588400,2.20658837890625,-0.0101653334185713,-0.0076338261965545,0.0593622895509004,-0.0013925899984315,0.0009506945498287,-0.0005750970449298,still
1783087248697633500,2.216633544921875,-0.0102661451782332,-0.0131780848188907,0.0719318482667207,0.0004785468336194,0.0003221887163817,0.0005263863131403,still
1783087248707677700,2.226677734375,-0.0070694126590242,-0.0148691249120631,0.0629530075192451,0.0001151876058429,-0.0002922853454947,-0.0009545043576508,still
1783087248717721300,2.236721435546875,0.0087850021007412,-0.0107123865418136,0.0584638794064521,-0.0001687053591012,-0.0015218667685985,0.0001033029984682,still
1783087248727766500,2.2467666015625,0.0044005524969077,-0.0003533206494292,0.0574164161801338,0.0004774916451424,0.0005412399768829,-0.0004113903269171,still
1783087248737810700,2.256810791015625,-0.0133389151035225,0.0009561819134047,0.0587631546139717,-0.0012098872102797,0.0006930399686098,0.0005699845496565,still
1783087248747854600,2.2668544921875,-0.0063235119246121,0.0023750882510212,0.0604091682553291,-0.0005643612239509,-0.0003418577834963,0.0015096431598067,still
1783087248757899500,2.2768994140625,-0.0031548535807727,-0.0084223530756076,0.0611573562741279,-0.0002828652504831,-0.0004409272223711,-0.0002387219574302,still
1783087248767943700,2.286943603515625,0.0037120479304721,0.0065144416616298,0.0518798248410224,0.0002646602224558,-0.0016601555980741,0.0006550857797265,still
1783087248777988400,2.29698828125,-0.0074285225867788,0.0058773082352941,0.0728290893673896,-0.0004938079509884,-0.0001799706369638,-0.0008653129916638,still
1783087248788032500,2.307032470703125,-0.0016370614374551,-0.0031108917122823,0.0611573562741279,-7.61235132813e-05,-0.0011974857188761,-9.2537375167e-05,still
1783087248798076700,2.31707666015625,-0.0091054171360563,0.0049524987076874,0.0529272880673408,-0.0008851918391883,-0.0007751085795462,0.0003122631460428,still
1783087248808121300,2.327121337890625,0.0034529728734225,-0.010611684380006,0.0635515579342842,9.6590258181e-05,0.0014644414186477,0.0003029205836355,still
1783087248818165500,2.33716552734375,0.0059291520161408,-0.0051528938177274,0.0626537323117256,-0.0003606746904551,4.4964253902e-06,-0.0018739472143352,still
1783087248828210700,2.347210693359375,0.0050609052561601,0.0014217010829015,0.0654968467831611,0.0001240710262209,-5.44711947441e-05,-0.0005738954059779,still
1783087248838254300,2.35725439453125,0.0006977370440174,-0.0138301760690519,0.0520294624447822,-0.0009483839385211,0.0002699019387364,0.0006748610176146,still
1783087248848298500,2.367298583984375,-0.009076469602785,-0.0038903425190248,0.0711830757260322,-0.0003647136036306,0.0007439604960381,-0.0001260759308934,still
1783087248858343700,2.37734375,0.0021563452043599,0.0025996063054539,0.0608580810666084,0.0003998798783868,0.0001628589816391,-0.0001162223052233,still
1783087248868387600,2.3873876953125,0.0076958660027856,0.003364197469782,0.0595113426327705,0.0006103534251451,-0.0001364634372293,0.0004869229160249,still
1783087248878432500,2.3974326171875,-0.0060717479577608,0.001609586054529,0.0568184502869844,0.0001299190334975,-0.0008557830005884,0.0001713384408503,still
1783087248888476700,2.4074765625,-0.0132681765384273,-0.0056939601581776,0.0424532403260469,0.0004361351020634,4.58820722997e-05,-0.0014565628953278,still
1783087248898520600,2.4175205078125,-0.0004902120798142,-0.0025720150456298,0.0629535920411348,-0.0001529562287032,-6.3307583332e-05,-0.0007713313680142,still
1783087248908565500,2.4275654296875,0.0056430953373317,-0.0036241772799519,0.0545738862305879,-0.0004715204704552,-0.0009555276483297,0.0001438600011169,still
1783087248918609700,2.437609619140625,-0.0046316549849318,0.0012702254317933,0.0568184502869844,0.0008960128761827,0.0006418363191187,0.0001055104658007,still
1783087248928653600,2.447653564453125,-0.0009104288049828,-0.0073652520879753,0.0568184502869844,0.0008661241736263,0.0001300852745771,-0.0008427079301327,still
1783087248938698500,2.457698486328125,-0.0089007265892782,-0.0116613738127402,0.0550233835637569,0.0003002022858709,0.0005990681238472,0.0006827507168054,still
1783087248948742700,2.46774267578125,-0.0055083835913566,-0.0251022583032608,0.055621933978796,0.0008575809188187,0.0014763250946998,-0.0005910578183829,still
1783087248958787300,2.477787353515625,-0.0040670173997044,0.0037734198747784,0.0623556261479854,0.0005790141876786,-0.0001748348586261,0.0010728851193562,still
1783087248968831500,2.48783154296875,-0.0006645069175065,0.0023974576297448,0.0640016397893428,0.0004191964399069,0.0017001498490571,0.0003916069399565,still
1783087248978875600,2.497875732421875,-0.0097951632406853,-0.0148520892955828,0.0665454790532588,-0.0001555136404931,0.0007962728850543,-0.0017040346283465,still
1783087248988920600,2.507920654296875,-0.0013310431077843,-0.0021526274396455,0.0669943918645381,-0.0005014764610677,-0.0001465277746319,-0.0011790313292294,still
1783087248998964500,2.517964599609375,0.0014033166136621,-0.0039265942926285,0.0626549013555049,-0.0002966793254017,-0.0021910364739596,-0.000122821656987,still
1783087249009009700,2.528009765625,-0.0122323489509755,0.0025065531605621,0.0719324327886104,-0.0002273831050843,-0.0011376161128282,9.78254247456e-05,still
1783087249019053600,2.538053466796875,0.0005858376347605,0.0040212685724487,0.056220484393835,-0.0013259369879961,-0.0001983190886676,3.5366974771022797e-07,still
1783087249029097500,2.548097412109375,-0.0037964916501674,-0.0081903138684225,0.0542757800668478,0.0005871788598597,0.0012498120777308,-0.0009970583487302,still
1783087249039142700,2.558142578125,-0.0029223257498204,-0.0101537000629934,0.063702949103713,0.0005759934429079,0.0009850938804447,-0.0023211820516735,still
1783087249049186600,2.5681865234375,-0.0010129981260688,0.0035343572717625,0.056669981727004,0.0008619069121778,0.0004215873777866,0.0003032167442142,still
1783087249059230500,2.57823046875,-0.0038551165128388,-0.0011891412859084,0.0654986003488302,0.0010302187874913,-0.0004926756955683,0.0006097466684877,still
1783087249069275600,2.588275634765625,-0.0142124922008137,0.0051272091039107,0.0632546208143234,-0.0002214764244854,0.000323808286339,0.0001665658783167,still
1783087249079319600,2.598319580078125,-0.0099589401092962,-0.0107497639767127,0.0580173046827316,-0.0010755520779639,0.0009648310951888,-0.000850495416671,still
1783087249089364500,2.608364501953125,-0.0093552357409935,-0.0053179207868641,0.0599625935316085,-0.0004403290804475,-0.0010780510492622,0.0013396262656897,still
1783087249099408600,2.61840869140625,0.0024306312448621,0.0023984805430518,0.0637035336256027,9.09715890884e-05,0.0009504789486527,0.0005992674268782,still
1783087249109452500,2.62845263671875,-0.0085384103534626,-0.0045603964008507,0.066696285700798,0.0004053129814565,-0.0003785318695008,0.0019227196462452,still
1783087249119497500,2.63849755859375,-0.0060073226857319,-0.0070960135424043,0.0520323850542306,-0.0006881810259073,-0.0007114270702004,0.0004382736515253,still
1783087249129541600,2.648541748046875,0.0053528962021227,-0.0029865027142106,0.0527799885511398,-0.0004682391881942,-6.06677494943e-05,-0.0012304030824452,still
1783087249139586600,2.658586669921875,-0.0025486795504039,0.0034561911687487,0.0590647679090499,0.0006138030439615,-0.0012380513362586,-0.0014708864036947,still
1783087249149630500,2.66863037109375,-0.0213428623872576,-0.0101759004783583,0.0637035336256027,-2.57536303251e-05,0.0003417073749005,0.0007628254825249,still
1783087249159674400,2.67867431640625,-0.0086750617531302,-0.0046668729996075,0.0749263539075851,-0.0002949992194771,0.0016573090106248,0.0003138165920972,still
1783087249169719600,2.688719482421875,-0.0064015027852234,-0.0009508070519659,0.0680430241346359,-0.0003323715645819,0.0016884710639715,0.0001624398864805,still
1783087249179763500,2.698763427734375,-0.0011438285667813,-0.0093016201281687,0.0643020840406417,-0.0012349168537184,-0.0008375369943678,-0.001822147751227,still
1783087249189808600,2.70880859375,-0.0056160703330882,0.0060008250171085,0.0568202038526535,-0.0005058904644101,0.0016719647683203,0.0003311734180897,still
1783087249199852500,2.7188525390625,-0.0073669782541808,-0.0033578727602725,0.0590653524309396,0.0006587100215256,-0.0013275532983243,0.0003362335264682,still
1783087249209896400,2.728896484375,-0.0114073042951931,-0.0026380957019166,0.0625064327955245,-0.000121877528727,-0.0003867647610604,-0.0014977999962866,still
1783087249219941600,2.738941650390625,-0.0005808012708614,-0.0003005652655963,0.0589151303052902,-0.0005889958702027,0.0009496095590293,0.0003871854860335,still
1783087249229985500,2.748985595703125,-0.0011051596467499,0.0007402627239585,0.0514332501173019,-0.0001779501326382,0.0005768230184912,-0.0005642971955239,still
1783087249240029700,2.75902978515625,-0.011865011192637,0.0013782637999742,0.0634042584180831,0.0002348397392779,-1.99913047254e-05,-0.0003610979765653,still
1783087249250074600,2.76907470703125,-0.0023143119596366,0.0050809405430802,0.0687912121534347,0.0003349911421537,0.0010483469814062,0.0004574453923851,still
1783087249260118500,2.779118408203125,-0.0060537105483934,-0.014979871260561,0.0728314274549484,0.0008417908102273,0.0001836186274886,0.0002478545065969,still
1783087249270163500,2.78916357421875,-0.0087745269433216,0.0023334182334947,0.0605611439466476,-0.0004000898916274,-0.0005977521650493,0.000239785760641,still
1783087249280207600,2.79920751953125,0.0041428636814685,-0.0050293998687993,0.0638531712293624,-0.0002978246193379,-0.0016166777350008,-0.0011823421809822,still
1783087249290251500,2.80925146484375,0.0004538549895223,0.0005115137356915,0.0476923100233077,-0.0010875755688175,0.0003063292242586,-8.53317324072e-05,still
1783087249300296400,2.81929638671875,-0.0044388580886356,0.0006908774741459,0.0686415745496749,0.0006141844205558,0.0001212395727634,-0.0007455295417457,still
1783087249310340400,2.82934033203125,-0.0048668628259154,-0.0084759213101933,0.0538274517774581,-0.0005623516626656,-0.000376250129193,0.0007523552048951,still
1783087249320385500,2.839385498046875,-0.0174493392471689,-0.0039012703384156,0.0699877284616231,-0.0001439689658582,0.0009382860735058,-0.0002173017710447,still
1783087249330429400,2.849429443359375,-0.0078483708462445,-0.0032980346151045,0.0813601863473653,0.0010872017592191,-0.0004398012533783,-0.0013182712718844,still
1783087249340473300,2.859473388671875,-0.0058242674403823,-0.0120418701634625,0.0560720158338546,0.0012363390997052,-0.0008941367268562,-0.0004364987835288,still
1783087249350518500,2.8695185546875,-0.0072839007973205,0.0031146020563086,0.0548749150037765,0.0011418061330914,-0.0008523375727236,0.0010438625467941,still
1783087249360562700,2.879562744140625,-0.0076654879891866,0.0028522727421368,0.052031800532341,0.0005649654194712,-0.0006515351124107,0.0002603605389595,still
1783087249370606300,2.8896064453125,-0.0061473259531107,-0.0044857488456182,0.064152446436882,-0.0007957343477755,0.001026120968163,-0.000872511183843,still
1783087249380651500,2.899651611328125,0.0036655359139913,0.0011108450354426,0.0499368740797042,-0.0004308812785893,0.0006380984559655,-0.0010946188122034,still
1783087249390695700,2.90969580078125,0.0035015792364007,-0.0130986811734386,0.0488894108533859,0.0002722239587455,-0.0006832657381892,6.44987449049e-05,still
1783087249400740600,2.91974072265625,0.0014224502869838,-0.0116270925172255,0.064750996851921,-0.0003304493147879,0.000107426661998,-0.0005424357950687,still
1783087249410784500,2.929784423828125,-0.0162542499943752,0.0099681897115428,0.0674450582414865,-0.0001357120927423,0.000130723696202,-0.0001263781450688,still
1783087249420828700,2.93982861328125,-0.0129361578302865,-0.002443077736604,0.0666968702226877,-0.0008015022613108,0.0014306125231087,-0.0010267929174005,still
1783087249430873600,2.94987353515625,-0.0004450657553461,-0.0057738798268605,0.0696890377759933,2.44402326643e-05,0.0009763520210981,0.0007641685660928,still
1783087249440917500,2.95991748046875,-0.0093082171198475,-0.0028767610127106,0.0628062925249338,0.0011325816158205,5.35664148628e-05,-4.96932771056e-05,still
1783087249450962400,2.96996240234375,-0.0045241546166347,0.0026656732620089,0.0481418073564767,-0.0003196445759385,-0.0002890224568545,-0.000654152361676,still
1783087249461006300,2.98000634765625,-0.0113934390249778,-0.001927661860641,0.0445505048662424,-0.0003992731217294,0.0007610619068145,0.0005218996666371,still
1783087249471050500,2.990050537109375,-0.0009102581291575,0.0020782310461625,0.0729816495805978,-0.000253225909546,-0.0004883501678705,-0.0001696930266916,still
1783087249481095700,3.000095703125,-0.019319548999262,0.0077775477994699,0.0593646276384592,-0.0003192722797393,0.0005838382057845,-0.0009971370454877,still
1783087249491139300,3.010139404296875,-0.002169819175986,-0.0039007314822985,0.050536009016633,0.0007686428725719,0.0015506707131862,0.0007189188618212,still
1783087249501184500,3.0201845703125,-0.0062198015300324,0.004327523793315,0.0529302106767892,-0.001969353063032,-0.0004978328943252,0.0001474043820053,still
1783087249511228700,3.030228759765625,-0.0023022088174227,0.0040303903105319,0.0640033933550119,0.0003640849608927,-7.44443386793e-05,0.0003739877138286,still
1783087249521272300,3.040272216796875,-0.0093537407577619,-0.0160211992903263,0.0656494069963693,-9.85062215477e-05,-4.96772117912e-05,-0.0010526676196604,still
1783087249531317500,3.0503173828125,-0.0008055333836033,-0.0016745889985817,0.0527805730730295,-0.0002777574118226,-0.0007015941664576,-0.0008344168309122,still
1783087249541361700,3.060361572265625,-0.0038978993481621,0.0011960596504621,0.0693903470903635,0.0007387711666524,-0.0007492643781006,0.0012332615442574,still
1783087249551405300,3.0704052734375,-0.0019700779427279,-0.0038911234037368,0.0637041181474924,0.00067919655703,7.89035111665e-05,-7.08661973476e-05,still
1783087249561450500,3.080450439453125,-0.0055029858970316,-0.0038640892663388,0.0654997693926096,-0.0002337351907044,0.0014224685728549,0.0003128952812403,still
1783087249571494700,3.09049462890625,-0.0012905935080314,-0.0133571722794207,0.0523316602617502,0.0010131478775292,0.000391430221498,-0.0006287661381065,still
1783087249581539600,3.10053955078125,0.0029329727247095,-0.0090889112425385,0.070139119631052,-0.0002404020633548,-0.0002021887339651,-0.0004284963943064,still
1783087249591583500,3.11058349609375,-0.0027385935093916,-0.0105905388439889,0.073281509310007,0.0004693460650742,-7.66585581004e-05,-9.68440435826e-05,still
1783087249601627600,3.120627685546875,-0.0061503861306991,-0.0040460217045038,0.0650514411032199,0.0007130254525691,-0.0002202028408646,-0.0023557373788207,still
1783087249611672300,3.13067236328125,-0.0146723259816179,0.0010517649421002,0.05861702414155,0.0003729504533112,-0.0004060277715325,-0.0006374367512762,still
1783087249621716500,3.140716552734375,-0.0099256189366511,0.0038323173050303,0.0649023880213499,-0.0007019015029072,3.07303853332e-05,0.0013924246886745,still
1783087249631761700,3.15076171875,-0.0047105037912464,0.0030603191523812,0.066099488851428,-0.0011105840094387,-0.000111911445856,-4.12601511925e-05,still
1783087249641805300,3.160805419921875,0.0085702405386313,-0.00228113320712,0.0669973144739866,0.0013602969702333,0.0006300448440015,0.0014130920171737,still
1783087249651849500,3.170849365234375,-0.0082397345092089,0.0020837977038463,0.0622089111536741,0.000207947101444,0.0004707882180809,-0.0014860252849757,still
1783087249661894700,3.180894775390625,-0.0087698325018951,-0.0045873780226102,0.0562234070032834,0.0002764242235571,0.0012170025147497,-0.0017550056800246,still
1783087249671938300,3.190938232421875,-0.0002577410456666,-0.0042607102013775,0.0515852258086204,-0.0009086509235203,0.0006714174523949,0.0009800824336707,still
1783087249681982700,3.200982666015625,-0.006876604917107,-0.0011783527471241,0.0559241317957639,-0.0007696337997913,-0.0013078437186777,0.0014682399341836,still
1783087249692028000,3.21102783203125,-0.017458858277474,0.0029505751675926,0.0559241317957639,0.0009264617692679,0.0009702453389763,-0.0010141043458133,still
1783087249702071800,3.22107177734375,-0.0147561877481231,-0.0018127188276383,0.0643038376063108,0.0001091377343982,-0.0001224493607878,0.000672209309414,still
1783087249712116700,3.23111669921875,-0.0106668337919691,-0.0001535876930924,0.0668476768702268,5.00767491757e-05,-1.0919757187e-06,0.0013713969383388,still
1783087249722161000,3.241160888671875,-0.0086749624300748,0.0059092856925795,0.0675964494109153,4.60820738226e-05,0.001113707665354,0.0001024007797241,still
1783087249732204800,3.251204833984375,-0.0089531080845976,-0.0028522270763642,0.059516018807888,0.0009924434125423,-0.0011405507102608,-0.0014023773837834,still
1783087249742249700,3.261249755859375,-0.0028864738371383,-0.0014762054658262,0.0641547845244407,0.0007413073908537,0.000108472071588,-0.0010380567982792,still
1783087249752294000,3.2712939453125,0.0052715312117361,-0.0016017109920387,0.0527823266386985,0.0005061279516667,-1.12489797174e-05,0.0012865548487752,still
1783087249762338800,3.2813388671875,-0.0040830252508894,-0.0070041773903532,0.0663993485808372,9.44032799452e-05,-0.000400070566684,-0.0012583620846271,still
1783087249772382700,3.2913828125,-0.0002550010993087,-0.0089191647158004,0.054428340280056,0.0006675089243799,0.0004817619919776,0.0002371740993112,still
1783087249782427000,3.301427001953125,0.0024610449348459,0.0021928772516432,0.0605634820342063,0.0010190461762249,-0.0001800335012376,-2.78104562312e-05,still
1783087249792471800,3.311471923828125,-0.0117082702779443,-0.0035104215570376,0.060564066556096,0.0010177153162658,-0.0013442183844745,-0.0009670066647231,still
1783087249802515700,3.321515625,-0.006736145562824,-0.0003880152201862,0.0491916086703538,0.0009764363057911,0.0004946943372488,0.0019861725158989,still
1783087249812560000,3.331559814453125,-0.0006227886655076,-0.0054052497271564,0.0589180529147386,0.0004336824640631,0.0002237586304545,0.0005026310682296,still
1783087249822604800,3.341604736328125,-0.0081218100720754,-0.0054072932704817,0.0536807367831468,-0.0007833822164684,0.0003036535345017,0.0007138198707252,still
1783087249832648700,3.351648681640625,0.0062515871910727,0.0077513356459792,0.0559253008395433,0.0004460534546524,-0.0004167445003986,0.0001858319155871,still
1783087249842694000,3.36169384765625,-0.0054364805490593,0.0157487595740938,0.0593675502479076,0.0014921431429684,9.67131927609e-05,0.0011650761589407,still
1783087249852737800,3.37173779296875,-0.0125075628628954,0.0040828260339563,0.0613128390967845,-0.0004130154848098,-0.0001071151345968,0.0005537439137697,still
1783087249862781700,3.38178173828125,-0.0014410790681067,-0.0140403276714147,0.0692436320960521,0.0001222800929099,-0.0008581266738474,-6.46421685814e-05,still
1783087249872827000,3.391826904296875,-0.0117459548151644,-0.0039188425277243,0.0626589930087327,-2.91755422949e-05,0.0010954360477626,0.0011073533678427,still
1783087249882871000,3.40187109375,-0.0136470117966702,-0.0062620241034077,0.0689437723666429,0.0006810897029936,-0.0003677047789096,-0.0004774937406182,still
1783087249892915700,3.411915771484375,-0.0124687789221992,0.0079376497150282,0.0515858103305101,0.0002757410984486,8.67708586156e-05,0.0017700550379231,still
1783087249902959900,3.4219599609375,-0.0064511226429429,0.0005126667964505,0.061013563889265,-0.0006180156487971,-0.0011454736813902,0.0001868058461695,still
1783087249913004000,3.432004150390625,-0.010319142590661,-0.0058623093122732,0.0637064562350511,-0.0007127786520868,-0.0003148829564452,-0.0001789494417607,still
1783087249923048700,3.442048583984375,0.0026898218933987,0.0019020342290401,0.0571224016696214,0.0013509048148989,-6.98720104992e-05,0.0016919212648645,still
1783087249933092900,3.4520927734375,0.0026994693586893,0.0004654598039924,0.059965516141057,-0.0007952786982059,-0.0019037430174648,0.0004671907518059,still
1783087249943137000,3.462136962890625,0.006719157895405,0.0044343771346961,0.0575718990027904,-0.0003049906808882,-0.0002893349155783,-0.0005259020254015,still
1783087249953181700,3.472181640625,-0.0069250431729597,-0.0054303567689494,0.0447030650794506,1.00014731287e-05,0.0006961566396057,-0.0011769253760576,still
1783087249963225900,3.482225830078125,-0.0169832789382664,-0.0080346849152934,0.0602653758704662,0.0011873848270624,-0.0008897557854652,0.0006603894289582,still
1783087249973270800,3.492270751953125,-0.005871169042986,0.0063170011270791,0.0647545039832592,0.0006316069047898,0.0012861657887697,0.0010043809888884,still
1783087249983314700,3.502314697265625,-0.0157706722950912,0.002896436110849,0.0568237109839916,-0.0005188786890357,-0.000270718242973,-0.0007977802306413,still
1783087249993358800,3.51235888671875,-0.0094657212237652,0.0118837980914977,0.0640063159644603,0.0008796241600066,-0.0002534054219722,-0.0011271052062511,still
1783087250003403800,3.52240380859375,0.0001711678739113,-0.000968724017858,0.061013563889265,0.0009251644369214,-0.0004920247010886,-0.0008219068404287,still
1783087250013447700,3.53244775390625,-0.0045723328629945,0.0022515006872592,0.0637070407569408,0.0005238968878984,-4.26834449172e-05,0.0008691688999533,still
1783087250023492900,3.542492919921875,-0.0138178417438641,-0.0005541518675978,0.0664011021465063,0.0008243015035986,-0.0007636011578142,-7.03944824635e-05,still
1783087250033537000,3.552537109375,-0.0070808479393133,-0.0018722966779023,0.0554775570720434,-4.80881426483e-05,-0.0012112194672226,0.0007050186395645,still
1783087250043580700,3.56258056640625,0.0025058967150805,-0.0018764294303255,0.0523351673930883,0.0001460562925785,0.0004865457303822,-0.0007235009688884,still
1783087250053625900,3.5726259765625,0.0018116214220397,-0.0018562748415744,0.0631090748637914,0.0017302453052252,0.0006669401191174,0.0009932757820934,still
1783087250063670000,3.582669921875,-0.0004339547020426,-0.0085495482354075,0.0515869793742895,-0.0002298410981893,0.0010951762087643,0.0003663676325231,still
1783087250073713700,3.592713623046875,-0.0068608667793916,0.007720255521126,0.0500906033366918,-0.0005140963476151,0.0003375094383955,-0.0007808469235897,still
1783087250083758800,3.6027587890625,-0.0232382590962457,0.0008489472628221,0.0669996525615453,0.0002347845584154,0.0014576353132724,0.0020069500897079,still
1783087250093803000,3.612802978515625,-0.0042097389221991,0.0052192073694546,0.0488935025066137,0.0012037844862788,-0.001743447035551,-0.0003039580769836,still
1783087250103847700,3.62284765625,-0.0054722887938463,-0.0118670364696532,0.0472480733871459,0.0015401418786495,-0.0006813779473304,-0.0009865264873951,still
1783087250113891800,3.632891845703125,-0.0085507383996067,-0.0007290860261069,0.0628103841781616,0.0017212440725415,0.0002326969988644,-0.0007376635912805,still
1783087250123935700,3.642935791015625,-0.00065013875297,6.95626714499e-05,0.0647556730270385,0.0004863361828029,0.0001053977757692,-0.0009267481509596,still
1783087250133980700,3.652980712890625,-0.0155158744084706,-0.0047327664262265,0.0577227056503295,-6.75939954817e-05,-0.0010044719092547,0.000902408035472,still
1783087250144024800,3.66302490234375,-0.0016980928863442,-0.0008477051538066,0.0550292287826538,0.0003033843822777,-0.0006886208429932,0.0007862942293286,still
1783087250154070000,3.673070068359375,-0.0032197235232626,-0.0051975206940318,0.0565256048202514,-0.0006729285232722,-0.000179654918611,2.69752927124e-05,still
1783087250164113700,3.68311376953125,-0.0048005041792377,0.0058841649510548,0.0578723432540893,0.000103382859379,0.0003953212872147,0.0005026159342378,still
1783087250174157800,3.69315771484375,-0.0035045894670503,0.0073952864666352,0.0563759672164917,-0.0001043165102601,0.0002048388123512,-5.77999744564e-05,still
1783087250184203000,3.703203125,-0.0043593790946586,-0.0018889669682015,0.0521861143112182,-0.0008273646235466,-0.0014638975262641,-0.0005153310485184,still
1783087250194246700,3.71324658203125,0.0053928537531755,0.0017936762004508,0.0687958883285522,8.7150838226e-06,-0.0012639951892197,0.0010550911538302,still
1783087250204291800,3.723291748046875,-0.0020217938594112,0.0040170650380779,0.0632587124675512,-0.000980649376288,-5.75832091271e-05,0.0012039619032293,still
1783087250214336000,3.7333359375,-0.0043894505767588,-0.006958477368392,0.0623608868449926,-0.0009437375701963,-0.0003155781887471,-0.0007105767726898,still
1783087250224380000,3.7433798828125,-0.004767101379024,0.0021302443611901,0.0527840802043676,0.001176138408482,0.0020708802621811,-0.0007220283150672,still
1783087250234424800,3.7534248046875,-0.0069945356332842,0.0010870645843446,0.0675982029765844,0.0008419109508395,-0.0008263289928436,0.0004535797052085,still
1783087250244469000,3.763468994140625,0.0070580538689042,-0.0019393774146097,0.0592184971660375,-0.0001197564415633,0.0001633018255233,0.0011188373900949,still
1783087250254513000,3.773512939453125,-0.0024781102340784,-0.0018605742740677,0.0620610271155834,-5.34064602106e-05,-0.0002594660036265,0.0004155784845352,still
1783087250264557800,3.783557861328125,0.000752903009823,0.0020332548266975,0.0530827708899974,-0.0012891130754724,-0.0008879723027348,-0.0001167873851954,still
1783087250274601700,3.793601806640625,-0.0083293062097596,-0.0003886591075803,0.0479950923621654,-0.00064537092112,-0.0005531371571123,6.06616958975e-05,still
1783087250284646700,3.803646728515625,-0.0157954916425165,-0.009318048389873,0.0581704494178295,0.0004481230862438,-0.000136352609843,0.0009389722254127,still
1783087250294690800,3.81369091796875,0.0068127030889969,-0.0088020114594022,0.0578717587321996,0.0001885453239083,0.0006103194318711,0.0003454356919974,still
1783087250304734700,3.823734619140625,-0.0007806289836764,0.00493323916808,0.0705909550517797,-0.0005478186067193,-0.0005367039702832,0.0015598371392115,still
1783087250314779600,3.833779541015625,-0.0016960079584125,-0.0076102147088153,0.0557768322795629,0.0009804149158298,9.95337031781e-05,-0.0003218834754079,still
1783087250324823800,3.84382373046875,-0.0070392532703117,-0.0065139142219559,0.06400690048635,0.0003327340818941,7.9213641583e-06,0.000675470335409,still
1783087250334869000,3.853868896484375,-0.0104412186173489,0.0076854102533194,0.0692442166179418,-0.0002117801923304,-4.65111806988e-05,-0.0006438512355089,still
1783087250344912600,3.86391259765625,-0.0060867069232306,-0.0169930148809915,0.0686456662029027,-0.0004344205372035,-0.0011631743982434,-0.000844120979309,still
1783087250354956800,3.873956787109375,0.0013127516825567,-0.0015034542323555,0.0545797314494848,0.0004307555500417,-8.71759839355e-05,0.0002416467759758,still
1783087250365002000,3.884001953125,-0.0140626080018817,-0.0083435271021793,0.0562257450908422,0.0003532576374709,-0.0005162111483514,-0.0006611649878323,still
1783087250375046000,3.8940458984375,-0.0058587445278972,-0.0117842170244082,0.0605652355998754,-0.0003794545773416,0.0006942087784409,0.0002734446898102,still
1783087250385089800,3.90408984375,-0.0084934295674203,-0.0013146285458118,0.0635579876750707,0.0017649226356297,-0.0013380497694015,-0.0014349734410643,still
1783087250395135000,3.914135009765625,0.0044682794042979,0.0018774386439006,0.0643061756938696,-0.0010192994959652,-0.0002744472585618,-0.0008008119184523,still
1783087250405179000,3.924178955078125,0.0012955157074989,-0.0083914167979382,0.0610141484111547,-0.000360167119652,0.000206253491342,0.0008961542043834,still
1783087250415223800,3.934223876953125,-0.0082842603499913,-0.0094820775618776,0.0629594372600317,-0.001011922257021,-0.0002098218537867,-0.0001334238331764,still
1783087250425267700,3.944267822265625,-0.0098177906310244,0.0040024679738562,0.065952189335227,0.000306875212118,0.0005811369046568,0.0010317091364413,still
1783087250435311900,3.954311767578125,-0.0146001649277051,-0.0064360654960619,0.0831605137676,0.0013024718500673,-0.00134804751724,-0.0004942228551954,still
1783087250445356800,3.964356689453125,-0.0087125025492889,-0.0182242485928232,0.0565250202983617,-0.0004224574659019,0.0005164318718016,0.000178225338459,still
1783087250455400700,3.974400634765625,-0.01581123720092,-0.0050445061063859,0.0664011021465063,-0.0002222748007625,0.0013096234761178,-0.000199276022613,still
1783087250466073900,3.985073974609375,-0.0024036179424729,0.0064912320326897,0.0551782818645238,0.0013644364662468,-0.000534082762897,0.0003858203999698,still
1783087250476117800,3.99511767578125,-0.0068359834998846,-0.0016961660761502,0.0659527738571166,0.0001878233160823,6.09890557825e-05,-0.0003417893312871,still
1783087250486161700,4.00516162109375,-0.0067537451515963,0.0038768711160984,0.0515875638961791,0.0002032697666436,0.0006010779179632,0.0004422452766448,still
1783087250496206800,4.015206787109375,-0.0001565297104942,0.0005757837440934,0.0569745176315307,-0.0005659398157149,0.000319663900882,-0.0001991365570574,still
1783087250506250800,4.025250732421875,-0.0090933961922331,0.0019815360559034,0.0566752424240112,0.0007169048767536,-0.000890742521733,-0.0004550663288682,still
1783087250516296000,4.0352958984375,-0.0074315821935451,-0.0056536121647688,0.0536824903488159,0.001250029541552,-0.0003120894543826,-0.000420152908191,still
1783087250526339800,4.04533984375,-0.0113939870142494,-0.0040571504532941,0.0578723432540893,0.0005887667648494,-0.0004870593547821,0.0018890739884227,still
1783087250536383700,4.0553837890625,-0.000568479503761,-0.0015854311440954,0.0664016866683959,-0.0014888762962073,-0.0010223789140582,0.0006137040909379,still
1783087250546429000,4.065428955078125,-0.0047755661008035,0.0022134405490593,0.0753799428939819,-0.0005549057386815,0.0022234818898141,0.0002453890629112,still
1783087250556472800,4.075472900390625,0.0001610511928069,-0.0072987261904054,0.0562257450908422,0.0009014543611556,0.0009964206255972,0.0005057398229837,still
1783087250566517000,4.08551708984375,0.003127701283188,-0.0158675864810589,0.0538315434306859,-0.0008556991815567,0.0002195765264332,7.59055837988e-05,still
1783087250576562000,4.09556201171875,-0.0030667106480832,-0.0027282947360188,0.0692442166179418,0.001272665336728,0.0004364755004644,0.0002008788287639,still
1783087250586605800,4.105605712890625,-0.0042079297013697,-0.0024652028034441,0.0702922643661499,0.0001133910845965,-0.0002471576444804,-0.0007701097056269,still
1783087250596650800,4.115650634765625,-0.0022830585902585,0.0043093442492303,0.0650549482345581,-0.0008775338064879,0.0012179077602922,-0.0002412844914942,still
1783087250606694700,4.125694580078125,0.0015571828679676,8.59429840929e-05,0.0684966131210327,3.6729266867e-05,0.0005364045500755,-0.0006801735144108,still
1783087250616738800,4.13573876953125,-0.0067316800210828,-0.0037026904428377,0.0605652355998754,-0.0002964383456856,0.0005905786529183,-0.0004304144531488,still
1783087250626783700,4.14578369140625,0.0046659031727613,0.004587608634762,0.0659527738571166,0.0010609747841954,-0.0006099743768572,0.0002963622100651,still
1783087250636827600,4.15582763671875,-0.0100873887945548,0.0015549378244206,0.0661024114608764,-2.59461812674e-05,0.0003703981637954,0.0012737606884911,still
1783087250646872800,4.165872802734375,-0.0029293331626307,0.0084056142866495,0.0589198064804077,-0.0002557770349085,-0.0002107033506035,-1.0945368558e-06,still
1783087250656916700,4.175916748046875,0.0055794024301314,0.0047102235175669,0.069544076347351,0.0003075844142585,0.000166798941791,-0.0001772213727235,still
1783087250666960600,4.185960693359375,0.0052843735686445,-0.0026265194285544,0.0589198064804077,0.000466575147584,0.0008562915027141,-0.0011340952478349,still
1783087250677005800,4.196005859375,-0.0019129072495037,-0.0036958245939225,0.0587701688766479,-0.0004554372280836,0.0003477470017969,0.0009268757421523,still
1783087250687049500,4.206049560546875,-0.0023372347504424,-0.0035885328611242,0.0702922643661499,0.0003983722999691,-0.0003041946329176,-0.0008760844357311,still
1783087250697093400,4.21609326171875,0.0002383993076684,0.0001708767546107,0.0544306783676147,0.0006246184930205,-0.0009180372580885,1.88313424587e-05,still
1783087250707138300,4.22613818359375,-0.0056001763609237,0.0087072732475004,0.0628103841781616,0.0002355305477976,-0.0001659602858126,-0.0011798574123531,still
1783087250717182200,4.23618212890625,0.0084522510277718,0.003702192685916,0.0571241552352905,-0.0003605752717703,-0.0019135037437081,0.0013815431157127,still
1783087250727227100,4.24622705078125,-0.002725009083678,-0.0027880894987029,0.0592184971660375,-0.0018269118154421,-0.0002298532053828,0.0014129685005173,still
1783087250737271300,4.256271240234375,-0.0094445208888209,0.003695902225736,0.0705909550517797,0.0004417540039867,-0.0002620667219161,0.0008521911222487,still
1783087250747315200,4.266315185546875,-0.0083940060472465,5.87764159543e-05,0.0373714070171117,0.0006494806148111,0.0001150369644165,0.000572559190914,still
1783087250757360000,4.276360107421875,-0.0097760783726582,0.0017356852357857,0.0475467640727758,0.0001685000024735,0.0005845371633768,-3.92557121813e-05,still
1783087250767404300,4.286404296875,-0.0061593737255752,0.0034120597660774,0.0508387913554906,-0.0017606939654797,-0.0005587581545114,-0.0001492442097514,still
1783087250777449500,4.296449462890625,0.0049639956367696,-0.0072238617227529,0.0539811810344457,0.0002241174224764,-0.00170817412436,-0.0006489197257906,still
1783087250787493000,4.3064931640625,-0.0005380027379287,-0.0021355530072585,0.0734340695232153,0.0003080070018768,0.0008314163424074,1.63377262651e-05,still
1783087250797537300,4.316537353515625,0.0047228923445392,-0.0171301514794933,0.0675982029765844,0.0007385739590972,-0.0005254549905657,0.0007968888385221,still
1783087250807582500,4.32658251953125,0.0091812605637096,0.0102704377608606,0.0521855297893285,-0.0004726317711174,-0.0006327801384031,-0.0001770292874425,still
1783087250817626000,4.336626220703125,0.0077147910406085,-0.0105539879595744,0.0553279194682836,0.0005281455814838,-0.0011283722706139,0.0015990479150786,still
1783087250828299300,4.34729931640625,-0.0065149622514378,-0.0043800439984188,0.0496416905254125,-0.000580528518185,0.0011158739216625,-0.0002419953234493,still
1783087250838343400,4.357343505859375,-0.0051902061789005,-0.0012704103781725,0.0596674099773168,0.0002091012429445,-0.0015620896592736,-0.0004049083217978,still
1783087250848387300,4.36738720703125,0.0020082008713652,-0.0036537390178651,0.0689449414104223,-0.0004628142341971,-0.0005865739658474,0.0007711435901001,still
1783087250858432300,4.377432373046875,-0.0055176748636207,0.0011792203968041,0.0632587124675512,0.0003500061575323,0.0009200400672852,-0.0002762381918728,still
1783087250868476200,4.38747607421875,-0.0080801063760416,-0.0018480002035736,0.0494920529216527,0.0002884871792048,-0.0007090158760547,-0.0008461547549813,still
1783087250878521000,4.39752099609375,-0.0069054708228097,0.0032188981144223,0.0551782818645238,-0.0018616168526932,7.37966038286e-05,-0.0012691647280007,still
1783087250888565200,4.407565185546875,-0.0029629540169087,-0.0022550854504108,0.0530827708899974,0.0001349549274891,-0.0012383428402245,-0.000719754723832,still
1783087250898609200,4.417609130859375,0.0090006952446128,-0.0006368091993499,0.0553273349463939,-0.0001417298335582,-0.0021153320558369,0.0005087645258754,still
1783087250908654300,4.427654296875,0.0109058906867634,-0.0021771522428374,0.0521849452674388,0.0012444457970559,-0.0006559202447533,-0.0008521107956767,still
1783087250918698200,4.4376982421875,-0.0044609511894348,0.0053462221494526,0.0403635745704174,-0.0009905695915222,0.0001937649212777,0.0014088574098423,still
1783087250928742100,4.4477421875,-0.011045427021617,-0.0065196498429984,0.0566740733802318,0.0001117126084864,-0.0002147639170289,0.0017180503346025,still
1783087250938787300,4.457787353515625,-0.0022960756187472,-0.0087398078272119,0.0544295093238353,0.001675167819485,-0.0003624213859438,-0.000744221964851,still
1783087250948831200,4.467831298828125,-0.0060004985068342,0.0075724376984057,0.053382046097517,-0.000585057074204,-3.75155359506e-05,-0.0003756405785679,still
1783087250958876400,4.47787646484375,-0.0107626577076152,-0.0029000300071551,0.0529331332862377,-0.0008715754374861,-0.0005725384689867,-0.001800030702725,still
1783087250968920300,4.48792041015625,0.0091208047889667,0.0021428161483956,0.0755284114539623,-1.59018673002e-05,-0.0005581574514508,0.0006306362338364,still
1783087250978964200,4.497964111328125,-0.0017810741596709,0.0034983772095059,0.0649041415870189,-0.0002211916726082,0.0001019965857267,-0.0003535724245011,still
1783087250989009400,4.508009521484375,-0.0099076814211613,0.0057252366458531,0.0638566783607006,0.0002155667170882,-0.0001435466110706,0.0002698735333979,still
1783087250999053300,4.51805322265625,-0.0120917303373105,0.0007766218121279,0.0658019672095775,7.6486961916e-05,0.0004848083481192,0.0006210551364347,still
1783087251009098200,4.52809814453125,0.0030559278175205,0.0039885513296467,0.0690939944922924,-0.0008793214801698,9.59867611527e-05,-0.0007360917516052,still
1783087251019142100,4.53814208984375,0.0114502506710647,0.0031890167161007,0.0611632014930248,0.0007389616221189,-0.0005917400121688,-0.0012463212478905,still
1783087251029186300,4.548186279296875,-0.0064921641852735,-0.0046038359670666,0.0560755229651927,-0.0007545389235019,-0.0007483339868485,-0.0001906442921608,still
1783087251039231200,4.558231201171875,-0.017643021488632,0.0056115083224023,0.0578711742103099,-2.58334912359e-05,8.39540734887e-05,-2.18495260924e-05,still
1783087251049275100,4.568275146484375,-0.0007534761152695,0.0069553172969259,0.0631084903419017,-0.0005566016770899,-0.0009831744246184,0.0001363423652946,still
1783087251059320300,4.5783203125,-0.007023351306637,-0.0134013858804828,0.0686450816810131,0.0002158563584089,3.16319055855e-05,1.09614338725e-05,still
1783087251069364200,4.5883642578125,0.0034701443455764,0.0105620822177734,0.0496411060035228,8.66930931806e-05,0.0012228637933731,-0.0006071582902222,still
1783087251079408000,4.598408203125,-0.0003236869879241,-0.0031833358939853,0.0542798717200756,5.68695832043e-05,-0.0002777022309601,-0.0014407483395189,still
1783087251089453300,4.608453369140625,-0.0055180790057085,-0.0049875106555642,0.0574222613990306,-0.0013322352897375,0.0003547985106706,-0.0002995838876813,still
1783087251099497200,4.618497314453125,-0.0088259209163079,0.0006805958254379,0.0638566783607006,0.0007269317284226,-0.0001925020478665,0.0004213971551507,still
1783087251109541000,4.628541015625,-0.0072021487895108,-0.0018286470491322,0.0640063159644603,0.0004390438552945,-0.0007387166842818,0.0012278023641556,still
1783087251119586300,4.63858642578125,-0.0155505061887903,0.0001448792302515,0.0518856700599193,0.0007051993161439,0.0012529361993074,-0.002090913709253,still
1783087251129630200,4.648630126953125,-0.0226333565722336,-0.0011845107765635,0.0574222613990306,-0.0005355675239115,0.0006257616914808,-0.0005103275179862,still
1783087251139675400,4.65867529296875,0.0029405686551646,0.0084299746930599,0.0638572628825902,0.0014368107076734,-0.0006818645633757,0.000718631199561,still
1783087251149719300,4.66871923828125,-0.0024022565316263,0.0071290915448102,0.0689449414104223,0.0012210949789732,0.0004459843039512,-0.0005538270343095,still
1783087251159763500,4.678763427734375,0.0042606668188935,0.0043667575418716,0.058919221958518,0.0007355969864875,-0.0012565949000418,-0.0003165861126035,still
1783087251169808400,4.688808349609375,-0.0004443234011298,-0.0013669112888979,0.0631096593856811,4.50392253696e-05,-0.0004131719470024,0.0005105917807668,still
1783087251179852300,4.698852294921875,-0.0107364946448302,0.0019246661859564,0.0617629209518432,0.0004869408439844,-0.0003832750953733,-0.0007489209529012,still
1783087251189897200,4.708897216796875,0.0100669282451272,0.0058542264705174,0.0563759672164917,0.0010994677431881,0.0002260562032461,-9.35171265155e-05,still
1783087251199941000,4.718941162109375,-0.0129906176890828,0.0051614835495594,0.0571241552352905,1.24480575323e-05,-0.0003328057937324,-5.16260042786e-05,still
1783087251209985300,4.7289853515625,-0.0042932510601327,-0.0067089390371344,0.0502408254623413,-0.0002437480725347,0.0005383142270147,-0.0001589513849467,still
1783087251220030200,4.7390302734375,-0.0088134587269567,0.0054722962145344,0.0559270544052124,0.0015413605142384,0.0003926432691514,-0.0001931469887495,still
1783087251230074000,4.74907421875,-0.0037283443322579,-0.0077789885545964,0.0628103841781616,-0.000285834306851,0.0014722887426614,0.0001831576228141,still
1783087251240118300,4.7591181640625,-0.0111958888925728,-0.00855923851236,0.069544076347351,-0.0006278739310801,0.0004311143420636,0.0011132189538329,still
1783087251250163200,4.7691630859375,-0.0078934800672723,-0.0001829827509354,0.054879591178894,-0.0004353274125605,-0.0010738377459347,5.54113648831e-05,still
1783087251260207000,4.77920703125,-0.0018012435897981,-0.0030932966900872,0.0628103841781616,-7.59323593229e-05,-0.0010670558549463,0.0004775337874889,still
1783087251270252300,4.789252197265625,-0.0057016394286678,0.0053189322837279,0.059967269706726,0.0005642916075885,0.0005641300231218,-0.0013398071750998,still
1783087251280296400,4.79929638671875,0.0061756256032327,0.0001332298916531,0.0577232901722192,0.001391852274537,0.0006788130849599,-0.0001175776124,still
1783087251290340000,4.809340087890625,-0.0055023363014159,-0.0122639313993277,0.0608656798511743,-0.0002803464885801,0.0011898735538125,0.0006390264024958,still
1783087251300385300,4.81938525390625,-0.0035035922407405,-0.0087972028535441,0.045752281871438,0.0004979285877197,0.0008073318749666,-0.0001243019942194,still
1783087251310429400,4.829429443359375,-0.0037930795607186,0.0126153318030177,0.048296121135354,-0.0007132771424949,6.99022784829e-05,0.0014283208874985,still
1783087251320474400,4.839474365234375,-5.89990365959e-05,-0.0005035245087696,0.0524859740406274,0.0004067551344633,-0.0005510319024324,0.0005511015187948,still
1783087251330518300,4.849518310546875,0.0011308791807183,0.0081580418669036,0.0502414099842309,2.21945811063e-05,-3.4112483263e-05,-0.0010553172323852,still
1783087251340562400,4.8595625,0.0001462977233139,-0.0105747658861218,0.0610153174549341,-0.0006418644916266,0.0005479473620653,-0.0006403615698218,still
1783087251350607000,4.869607177734375,-0.0033929731855838,-0.0155592146516311,0.0628109687000513,0.0005949074402451,-0.0001585893332958,-0.0005535425152629,still
1783087251360651300,4.8796513671875,-0.0051682563544629,-0.0079169128876761,0.0571247397571802,-2.31734011322e-05,0.0003673429600894,-0.001367038115859,still
1783087251370695400,4.8896953125,0.0013666275902854,-0.0092315437167766,0.062362055888772,-0.0014394425088539,0.0013428586535155,0.0011057069059461,still
1783087251380740000,4.899739990234375,-0.0048580362028878,-0.0168808620266965,0.0634095191150903,0.000720998737961,-0.0002245847135782,3.39779071509e-05,still
1783087251390784300,4.9097841796875,-0.0096231756661552,0.0052757689954363,0.0756798026233911,0.0006980954203754,-0.0001739845611155,-0.0009995948057621,still
1783087251400829400,4.919829345703125,0.0080117458560562,-0.0016126547944499,0.0479968459278345,0.0003026048652827,0.0016432437114417,-0.0006025137845426,still
1783087251410873000,4.929873046875,-0.0189478981086984,-0.0022357094630831,0.057872927775979,-0.0005314971785992,-4.38690185546e-05,-0.0013551232405006,still
1783087251420917200,4.939917236328125,-0.0156158287932514,-0.0048950123498099,0.0687964728504419,-0.0002701799385249,-0.0012712352909147,-0.0010249372571706,still
1783087251430962400,4.94996240234375,-0.0022427853745524,-0.0125419720225734,0.0502414099842309,9.99993644654e-05,0.0006646164692938,-0.0008598212152719,still
1783087251441006000,4.960006103515625,-0.0086831674277724,0.0085395679807988,0.0538327124744653,-0.0003612509462982,-0.0008985958993434,0.0002906336449086,still
1783087251451051300,4.97005126953125,-0.0033704205729474,-0.0019052605158765,0.0563765517383813,-0.0007274355739355,0.0014963848516345,0.0003444293979555,still
1783087251461095400,4.980095458984375,0.0057911357806937,-0.0150930881273583,0.0565261893421411,0.0003925452474504,8.10269266366e-05,0.0005552223883569,still
1783087251471139000,4.99013916015625,-0.0093539262749633,-0.001144210732216,0.043208442607522,0.001125713577494,0.0004434827715158,0.0007983690593391,still
1783087251481184300,5.000184326171875,-0.0024478212687361,-0.0046818787724943,0.0592196662098169,0.0004220572300255,-0.0012743147090077,0.0002622045576572,still
1783087251491228400,5.010228515625,-0.0071941778288979,0.0080966967512387,0.0661035805046558,6.38621859252e-05,-0.0002047894522547,-0.0006568522658199,still
1783087251501273000,5.020273193359375,-0.0029897364217351,0.011909032997454,0.0614648147881031,0.0001688033808022,0.0003377622924745,0.0011083692079409,still
1783087251511317200,5.030317138671875,0.004077116670733,-0.0010314824891858,0.0655050300896167,0.0014881331007927,-9.65995714068e-05,-2.9678922146e-06,still
1783087251521361400,5.040361328125,-0.008177272294581,0.0064447853753459,0.0439572151482105,0.0003293519839644,5.19887544214e-05,7.73228239268e-05,still
1783087251531406000,5.050406005859375,-0.0138781902040413,-0.0029413027324597,0.0574245994865894,-7.09211453795e-05,-0.000826321542263,-0.0003354670479893,still
1783087251541450200,5.0604501953125,-0.0045021594118356,-0.005028144060052,0.0622135873287916,0.0001307555940002,0.0009261439554393,-0.0006716726347804,still
1783087251551494400,5.070494384765625,0.0050347655970836,0.0022951822820701,0.0602682984799146,0.0005794982425868,0.0004086918197572,-0.0001765911001712,still
1783087251561539000,5.0805390625,-0.0039376037395879,0.0001874831128283,0.0659545274227857,0.0002185418270528,0.0001093382015824,-0.0003625948447734,still
1783087251571583200,5.090583251953125,-0.0018930626171844,0.0018527380274841,0.0589215600460767,0.0006148202810436,-0.0002805483527481,0.0006464768666774,still
1783087251581628400,5.10062841796875,-0.0079913749257073,-0.0033834981085848,0.0619137275993824,0.0007832574192434,-0.0004853582940995,-0.0001705565955489,still
1783087251591672000,5.110672119140625,-0.0035790789045451,-0.0018326405209489,0.0623632249325513,-0.0003965229261666,0.0010116049088537,0.000990581465885,still
1783087251601716200,5.12071630859375,-0.000470226739833,-0.0043941204728325,0.0493447534054517,-0.0002088544424623,0.0007400186732411,0.0005178870633244,still
1783087251611761400,5.130761474609375,-0.0055796056428196,-0.0038414573094225,0.063859600970149,-0.0002405461855232,-0.0005367007106542,-0.00049091828987,still
1783087251621805300,5.140805419921875,-0.004033821522523,-4.60676314309e-05,0.0468009141415357,6.8028457462e-06,-0.0009032594971358,-0.0006529141683131,still
1783087251631850200,5.150850341796875,-0.0077329597390722,-0.0082769075897755,0.0707429307430982,0.0007916365284472,-0.0004172325134277,0.0010030394187197,still
1783087251641894400,5.160894287109375,-0.0151808166431612,0.0020221740269684,0.0695458299130201,0.0002458696253597,0.0008763088844716,0.001035479363054,still
1783087251651938300,5.170938232421875,0.0094335725198325,-0.0091614239229005,0.0598193856686353,0.0007177817169576,-4.22149896621e-05,0.0005989873316138,still
1783087251661983200,5.180983154296875,0.0017357143477158,-0.0049032458886154,0.0749327836483716,0.0012589425314217,-0.0003279712982475,-0.0008571415673941,still
1783087251672027400,5.19102734375,-0.0040336537008086,0.0011408520146389,0.0711918435543775,-5.00010792165e-05,-0.000290154479444,-0.0005527422763407,still
1783087251682071800,5.20107177734375,-0.0031010461717029,0.0032503800980746,0.0584726472347974,0.0003989404067397,-0.0015900232829153,0.0006025650072842,still
1783087251692117000,5.211116943359375,-0.0049679434428137,-0.0018420111374929,0.0529360558956861,-0.000321710947901,0.0002872389741241,0.0006459744181483,still
1783087251702161000,5.221160888671875,-0.001134695697666,0.0049568666388397,0.0566775805115699,0.001555731287226,0.001281586010009,-0.000145289581269,still
1783087251712205800,5.231205810546875,-0.004433285151908,-0.0005727424036362,0.0423123705506324,0.0006790186744183,-0.0008159196004271,0.0010182455880567,still
1783087251722250000,5.24125,0.0036707506598148,-0.0008949189961305,0.0683493136048317,-0.0014454870251938,-0.0005975766107439,0.0004329478833824,still
1783087251732294000,5.2512939453125,0.0030512156806071,0.0017927491852664,0.0653565615296363,0.0014797293115407,0.0009606392122805,0.0001823443453758,still
1783087251742338800,5.2613388671875,0.0092762037007662,-0.004320495830907,0.0571264933228492,-0.0001817969605326,-0.0002204957418143,0.000592750031501,still
1783087251752383000,5.271383056640625,-0.0116547545589972,0.002139299883903,0.0599696077942848,-0.0003106938675045,0.0002559437416493,0.0004534665495157,still
1783087251762428000,5.281427978515625,-0.0150862770773703,-0.0152109948690049,0.0563788898259401,0.0007565435953438,-0.0001761154271662,0.0009173076832666,still
1783087251772471800,5.291471923828125,-0.0043521798856032,-0.0060331198515137,0.060868017938733,0.0005876992363482,5.42481429874e-05,-0.00076021743007,still
1783087251782516000,5.301515869140625,0.0012318370708526,-0.0012765273084165,0.0625140315800905,-0.0009155131410807,-0.0007548099383711,0.0008399556390941,still
1783087251792561000,5.311560791015625,0.0009516844056226,-0.0033537354412721,0.0536854129582643,0.0005377738270908,0.000745614990592,-1.97128392755e-05,still
1783087251802604800,5.321604736328125,-0.0145660343292402,0.0056249340595561,0.0677513477116823,0.0008771668653935,0.0001327660866081,-0.0022492704447358,still
1783087251812650000,5.33164990234375,-0.0046890522945526,0.001940813603159,0.0798719936162233,4.49288636445e-05,-0.0001205005683004,0.000626144465059,still
1783087251822694000,5.34169384765625,-0.0057148516783345,0.0089726872846134,0.058324178674817,0.0002430276945233,-0.000140004325658,0.0016793081304058,still
1783087251832738000,5.351738037109375,-0.0094227520150074,0.0042718275337247,0.0580249034672975,7.12538603693e-05,0.0006861081346869,-0.0001185918226838,still
1783087251842783000,5.361782958984375,0.001130679392963,0.0008092317403643,0.0563783053040504,8.20534769445e-05,-0.0009328061714768,-0.000292362878099,still
1783087251852827000,5.371826904296875,-0.0060367537053709,0.0039504615086945,0.066852937567234,-0.0010260879062116,0.001058439258486,0.0003089788369834,still
1783087251862871000,5.38187109375,0.0021270283491525,0.0017996173174702,0.0515899019837379,-0.0007977134082466,0.000497241038829,-0.0021169376559555,still
1783087251872916000,5.391916015625,0.0043657586030953,0.0055102307718596,0.0499438883423805,0.000772220082581,-0.0003933203406631,0.0001946862321346,still
1783087251882960000,5.4019599609375,-0.0017479105339414,-0.006291795903875,0.0629623598694801,0.0001253809314221,0.0008119363337755,-0.0004406441003084,still
1783087251893004800,5.4120048828125,-0.005096094729728,0.0015742384632234,0.0497942507386207,-0.0011135216336697,0.0004361644387245,0.0005298117175698,still
1783087251903049000,5.422049072265625,0.0062842833134549,0.0001992694487445,0.0586228693604469,1.1448282748e-06,0.000762625131756,-0.0001078755594789,still
1783087251913092900,5.4320927734375,-0.004088001678462,0.0062950427403091,0.0562286677002906,-0.0002182996831834,0.0006877905689179,0.0014170504873618,still
1783087251923137800,5.4421376953125,-0.0053104818325024,0.0097611228321213,0.0526373652100563,-0.0001732006203383,0.0003775996156036,0.0016616370994597,still
1783087251933182000,5.452181884765625,-0.0095207678877399,0.0001159088640939,0.0479980149716138,0.0002704821527004,0.0002628173679113,0.0020424691028892,still
1783087251943227000,5.462226806640625,-0.0083332163415412,0.0014831146972253,0.0566775805115699,1.0234536603e-05,0.0012319865636527,-0.0003638491034507,still
1783087251953271000,5.47227099609375,-0.0044305063896434,0.0019103796489886,0.0566769959896802,-0.0002693973947316,-0.0004098522476851,-0.0006743737030774,still
1783087251963315000,5.48231494140625,-0.005260981847436,-0.0072329103955999,0.0456038133114576,-0.0008136050309985,-0.0006727701984345,-0.000398704316467,still
1783087251973359900,5.49235986328125,-0.0014129486667545,-0.0017363428229116,0.0563777207821607,-0.0004839056637138,0.0008140727877616,1.11560802906e-05,still
1783087251983404000,5.502404052734375,-0.0153387060520355,-0.0100531463149469,0.0381219331234693,-0.0005398641806095,-0.0005253120325505,-0.0001131659373641,still
1783087251993447700,5.51244775390625,0.0009871244701178,0.0001256927558802,0.0578740968197584,0.0016439280007034,-0.0006187888793647,0.0009837900288403,still
1783087252003492900,5.522492919921875,-0.0076412440304964,-0.0018830418342025,0.0490460627198219,-0.0009476661216467,-0.000679989811033,-0.0012892275117337,still
1783087252013537000,5.532537109375,-0.0099993303435447,-0.0039709517408744,0.0580243189454078,0.0011288006789982,-0.0001108720898628,-0.0010074649471789,still
1783087252023582000,5.54258203125,0.0035229682280682,0.0039277313703671,0.057874681341648,-0.0009380732662975,-0.0001686229370534,-0.0001495396718382,still
1783087252033625900,5.5526259765625,-0.0065190236510912,-0.0013603285677731,0.061914312121272,6.11448194831e-05,-0.0001723514869809,0.00026032095775,still
1783087252043670000,5.562669921875,0.0106602739037305,0.0106484932760358,0.0607177958130836,-0.0010213369969278,0.001118279993534,-0.0002137741539627,still
1783087252053715000,5.57271484375,-0.0036041317182331,0.0021798830560408,0.0539841036438941,0.0007462031207978,-0.0004868074320256,-0.0013187199365347,still
1783087252063758800,5.5827587890625,0.0026394302841217,-0.0006126086231437,0.0637105478882789,-0.0001977768260985,-0.0005886852741241,-0.0010919424239546,still
1783087252073803800,5.5928037109375,0.0055577111881313,0.0092077130333287,0.0593710573792457,6.72077294439e-05,0.0011365101672708,0.0009139504982158,still
1783087252083848000,5.602847900390625,-0.0091073487982386,0.0072571452211355,0.0506920763611793,-0.0001509103458374,-0.0005363514646887,-1.42694916576e-05,still
1783087252093891800,5.612891845703125,-0.0030836189712223,-0.0071175951865501,0.0577250437378883,-0.000198048306629,-0.0005536624230444,0.000452316366136,still
1783087252103937000,5.62293701171875,0.0052553672406909,-0.0020470527398982,0.0484475123047828,-0.0003289075102657,-0.0010643606074154,0.001226277090609,still
1783087252113981000,5.63298095703125,-0.0030703530642727,0.0002958708241698,0.0619148966431617,0.0010490119457244,0.0004874635487794,-0.0004824069328606,still
1783087252124025900,5.64302587890625,0.0023307781810144,-0.0065992909504682,0.0544330164551734,-0.0009995272848755,-0.0002078260295093,-0.0014356828760355,still
1783087252134070000,5.653070068359375,-0.0046884820432169,-0.0008890920435427,0.0626630846619605,4.09698113799e-05,0.0005074990913271,-0.00153768225573,still
1783087252144113700,5.66311376953125,-0.0007011243027023,-0.0065623930061818,0.0580243189454078,0.0001885211095213,9.34614799916e-05,-0.0015060324221849,still
1783087252154158800,5.673158935546875,0.0078543890242552,-0.0107486223323969,0.0674514879822731,-0.0006415862590074,-0.0006620776839554,1.14366412162e-05,still
1783087252164203000,5.683203125,-0.009593031689641,0.0049459913350874,0.061765259039402,-0.0013722066069021,0.0001711505465209,-0.0015517459250986,still
1783087252174247000,5.693246826171875,0.0006563039176864,-0.0067035870085819,0.0605681582093238,-0.0009165396913886,-0.0001351125538349,-0.0003466652706265,still
1783087252184291800,5.703291748046875,-0.0034149778089486,-0.0003030540502048,0.0720902536988258,-0.0002796433400362,-0.0012825815938413,0.0008077580714598,still
1783087252194336000,5.7133359375,0.0043129033253848,0.0077818700648494,0.0541337412476539,0.0005920091643929,-0.0022543687373399,0.0003198669292032,still
1783087252204381000,5.723380859375,0.0025120085079252,0.0009788252867641,0.0487467875123023,0.0019554649479687,0.0007481114007532,-0.0024346562568098,still
1783087252214424800,5.7334248046875,-0.0014115644230216,0.0056755591350956,0.0574263530522584,-8.05216841399e-05,0.0003560939803719,-0.0019507601391524,still
1783087252224469000,5.743468994140625,0.0101198229095665,0.012839288168447,0.0544330164551734,-0.0011180893052369,-0.0008545792661607,-0.0006271689198911,still
1783087252234514000,5.753513916015625,-0.0078321229643421,0.0060790459190495,0.0655061991333961,-0.0014036516658961,4.53982502222e-05,-0.0008876752108335,still
1783087252244557800,5.763557861328125,-0.0004721920805226,0.0051709409310715,0.0622141718506813,8.73855315148e-05,-3.51634807884e-05,-0.0012803068384528,still
1783087252254603000,5.77360302734375,-0.0058615255734504,0.0015573033114429,0.0634118572026491,8.39233398437e-05,-4.44846227765e-05,-0.0004131814930588,still
1783087252264647000,5.78364697265625,0.0003012913513812,0.0077936061684158,0.0571270778447389,0.0002984118182212,-0.0008874931372702,0.0001350298989564,still
1783087252274690800,5.79369091796875,0.0061869809684198,0.0011094659291091,0.06281330678761,0.0002755085006356,0.0010297168046236,0.0005406292621046,still
1783087252284736000,5.803736083984375,-0.0015362668024579,-0.0077395858426811,0.0619154811650514,0.0002215825952589,-0.0002090292982757,0.0008251558756455,still
1783087252294780000,5.81377978515625,-0.0120410641625756,0.0106253201797138,0.0605687427312135,-0.0003166422247886,-0.0002156873233616,-0.0010957822669297,still
1783087252304824800,5.823824951171875,-0.0066808922612282,0.0020052845409605,0.0592220042973756,0.00044184201397,-0.000627941917628,-3.27022280544e-05,still
1783087252314869000,5.833868896484375,-0.0047913093759183,0.000516034647182,0.0646089580327272,-0.0008045174181461,0.0001009651459753,0.0002376085612922,still
1783087252324913000,5.843912841796875,0.0014147159321553,-0.0048671196958865,0.0687988109380006,0.0003834639210253,-0.0010962132364511,-0.0009441436268389,still
1783087252334957800,5.853957763671875,0.0005101757285534,-0.0024881361544597,0.0524883121281862,-6.92734029144e-05,-0.0010629235766828,0.0003307114820927,still
1783087252345002000,5.864001953125,-0.0027340611814579,0.0069646308312541,0.0601198299199342,0.0002254485152661,-0.000622353516519,-0.0014380328357219,still
1783087252355046000,5.8740458984375,0.0075007447186624,0.011216532105091,0.0641600452214479,0.0007269217167049,0.0006189458072185,-0.0012313714250922,still
1783087252365090800,5.8840908203125,-0.0132606519607419,0.0041681548134074,0.0614665683537721,-0.0004325720947235,-0.0011747851967811,0.00045763887465,still
1783087252375135000,5.894135009765625,0.0008200750780757,0.0128849174084607,0.065357146051526,0.0003029929939657,-6.61113299429e-05,-0.0009378576651215,still
1783087252385180000,5.904179931640625,-0.0066468313030665,0.0107299792807199,0.0547328761845827,-0.0009498035069555,0.0007150671444833,-0.000371956732124,still
1783087252395223800,5.914223876953125,-0.0101220708072243,0.0055344518976635,0.0494955600529909,-0.0001900037750601,-0.00085513247177,0.0001481585204601,still
1783087252405268000,5.92426806640625,-0.0067838383249385,0.0019706950014806,0.0568278026372194,-0.0004031797870993,-0.0007190136238932,0.0002272624988108,still
1783087252415313000,5.93431298828125,0.0034501575785398,0.0109768963966285,0.0644593204289674,7.53900967538e-05,-0.0007453789003193,-7.68704339861e-05,still
1783087252425356800,5.944356689453125,-0.0041273695702257,-0.0072683584516053,0.0526379497319459,-0.0002765937242656,-0.0004804730415344,0.0012494574766606,still
1783087252435402000,5.954402099609375,0.0046169546018994,0.0096603658713866,0.0656564212590456,0.0003894628025591,-5.27696684002e-05,-0.0003021000884473,still
1783087252445446000,5.96444580078125,-0.0038660877147136,0.0096726476809359,0.0689484485417604,-0.0005649216473102,-0.0001391093246638,-0.0008703027851879,still
1783087252455489800,5.97448974609375,0.0027153804555186,-0.006940014696517,0.0584738162785768,5.7937577366e-06,-0.001712504774332,6.52656890451e-05,still
1783087252465535000,5.984534912109375,-0.0007826788060454,0.0055117331757792,0.058324178674817,-0.0004229540936648,-0.0010074218735098,-0.000618674326688,still
1783087252475579000,5.994578857421875,-0.0044226729971705,0.0068395477134385,0.0596709171086549,0.0004521606024354,0.0002309479750692,-0.0001089454162865,still
1783087252485622800,6.004622802734375,-0.0037957133341551,-0.0068086730845621,0.058324178674817,-0.0002245788928121,0.0014056838117539,2.27983109652e-05,still
1783087252495668000,6.01466796875,-0.0012563898443302,-0.0012796508472645,0.0539846881657838,0.0005053936038166,0.0005966154858469,0.0017748919781297,still
1783087252505711900,6.0247119140625,-0.0081336238074552,0.001938340801571,0.0580249034672975,0.0007838164456188,0.0001653926447033,-0.0006187451072037,still
1783087252515756800,6.0347568359375,-0.0074430762685165,-0.0067364069993724,0.048747372034192,-8.35750252008e-05,-0.0012290384620428,0.0005069728940725,still
1783087252525801000,6.044801025390625,-0.0032558080459741,0.0061008079429971,0.0535357753545045,-0.0003294746857136,0.0006843339651823,-0.0012404711451381,still
1783087252535844900,6.054844970703125,-0.0098949029963347,0.0067135421470156,0.0586234538823366,0.0002604154869914,-0.0008243471384048,-0.0001658857800066,still
1783087252545889800,6.064889892578125,-0.0017713844535406,-0.0066766670356155,0.0580254879891872,0.0001916817855089,0.0005672350525856,-0.0009391929488629,still
1783087252555934000,6.074933837890625,0.0012360594423545,0.0135060929305502,0.0548825137883424,0.0005261749029159,0.0002708248794078,-0.000926143489778,still
1783087252565979000,6.084978759765625,0.0003109399583161,0.0009619495004881,0.0590729512155056,-0.0006732400506734,0.0001379861496388,-0.0001745929475873,still
1783087252576022800,6.095022705078125,-0.0045451891277421,0.0155888494547805,0.0699964962899684,0.0003598001785576,0.0005853972397744,-0.0003269256558269,still
1783087252586067000,6.10506689453125,-0.0089921106501802,0.0046114438847871,0.0581745410710573,-0.0004581157118082,0.0001818733289837,-0.0008275159634649,still
1783087252596112100,6.115112060546875,-0.0011639354918821,-0.0084059225306147,0.0590723666936159,0.0003813127987086,-0.0011805999092757,-0.0012930366210639,still
1783087252606155800,6.12515576171875,-0.0116001154620433,-0.0110889259533374,0.0590723666936159,0.0002375287003815,5.42188063263e-05,0.0001231583300977,still
1783087252616201000,6.135200927734375,0.0009256252324703,-0.0057836294693173,0.0566787495553493,0.000756578752771,0.0006486363708972,0.0006896127015352,still
1783087252626244900,6.145244873046875,0.005563588373069,0.0068230189870344,0.0595218640267848,-0.000172812025994,0.0006741094402968,-0.001462232787162,still
1783087252636288800,6.155288818359375,0.0067727626626088,0.0134231296381214,0.041565351575613,0.0002690064720809,9.5936935395e-05,-0.0008105575107038,still
1783087252646334000,6.165333984375,-0.0029784564050729,0.0196118259271257,0.0506932454049587,-0.001156355603598,0.0001351595856249,-0.0018170599360018,still
1783087252656377900,6.1753779296875,0.0032674819299252,-0.0148248336791875,0.0616167904794216,-1.49246770888e-05,-0.0008315676823258,-0.0011283664498478,still
1783087252666422000,6.185422119140625,0.0059546135384938,0.0066321497571654,0.0586240384042263,0.001099286135286,0.0015326654538512,0.0004071660805493,still
1783087252676467000,6.195467041015625,-0.0120067280681338,-0.0018114105032524,0.0523398435682058,0.0001722394954413,-0.0007504625245928,-0.000315349549055,still
1783087252686511000,6.205510986328125,0.0007804337624984,9.76494049071e-05,0.0604196896493434,-0.0004531752783805,-0.0015655122697353,0.0004113214090466,still
1783087252696556000,6.21555615234375,-0.0032215267504594,0.0086797185202944,0.0447083257764577,0.00029570562765,0.0001932391896843,-0.00106912991032,still
1783087252706600000,6.225599853515625,-0.0056970311813871,0.0022742627916275,0.0716430944532156,0.0009177010506391,0.0009917309507727,0.0017512827180325,still
1783087252716644000,6.23564404296875,0.0160222667277615,0.0067500427990802,0.0550333204358816,0.0005603048484772,-0.0007417206652462,-3.62310092896e-05,still
1783087252726689000,6.24568896484375,0.0022615705609467,0.0021288880877429,0.0646101270765066,-0.0003072158433496,9.10945236682e-05,-0.0002287332899868,still
1783087252736733000,6.25573291015625,-0.0080310544863692,0.0028473180058063,0.0625152006238699,-1.13388523459e-05,-0.0003592460416257,0.0012517180293798,still
1783087252746778000,6.265778076171875,-0.0074749327115045,-0.0034062122638919,0.0556318708509206,0.0005597053095698,0.0012006382457911,0.0011878324439749,still
1783087252756822000,6.275822021484375,-0.0050336918806046,0.0012343983498751,0.0626648382276296,-0.000411283224821,0.0002498896792531,-0.0006351012270897,still
1783087252766866000,6.285865966796875,-0.0133615767431911,-0.0138999602194991,0.0667050535291433,-2.90218740701e-05,0.0006394451484084,-0.0023208383936434,still
1783087252776911000,6.2959111328125,0.0039430870572366,-0.007815160413098,0.063712301453948,-0.0005512677598744,0.0003385078161954,0.000756976660341,still
1783087252786955000,6.305955078125,-0.0123734436303202,0.0041688808991922,0.0620662878125906,-0.0003805940505117,0.0001900228671729,-0.0011982112191617,still
1783087252797000000,6.316,-0.0040586968105199,-0.0064930312641314,0.0554822332471609,0.0009696285706013,0.0019189468584954,-0.0014900937676429,still
1783087252807044000,6.326044189453125,-0.004787815944312,-0.0004915372434537,0.0490478162854909,-0.0004081255756318,0.0012615248560905,0.0007148247677832,still
1783087252817088000,6.336087890625,-0.003436149602785,-0.008832381481491,0.0571282468885183,0.0007410284597426,-0.0001736525446176,-9.34444833546e-05,still
1783087252827133000,6.3461328125,-0.0084214083649363,-0.0023828765485435,0.0554822332471609,0.000543498666957,0.0005671209655702,-0.0020999086555093,still
1783087252837177000,6.356177001953125,-0.0170401305419043,0.0038074111926369,0.0571282468885183,0.0010993005707859,-0.0004557990469038,-0.0003869633655995,still
1783087252847221200,6.36622119140625,-0.0107547575289499,0.0090507985887001,0.0533873067945241,0.000609578564763,0.0016366620548069,-0.0016975961625576,still
1783087252857266000,6.376265869140625,-0.0017052044741983,0.0023822258112835,0.0638625235795974,0.0004617732483893,-0.000865910667926,-0.000352167058736,still
1783087252867310000,6.38631005859375,0.0131524948615522,0.001942592285003,0.052639703297615,-0.0009404246229678,0.0007640239782631,0.001140217995271,still
1783087252877355000,6.39635498046875,-0.0063608208608522,-0.0021973182480316,0.0631143355607986,0.0011184650938957,0.0008356627076864,-0.0012129510287195,still
1783087252887399000,6.40639892578125,-0.0225319488742388,0.0133632229942944,0.0677531012773513,-0.0005059309769421,0.0004060855135321,8.45626927912e-05,still
1783087252897443000,6.416443115234375,-0.0011848218746396,0.0054779724700725,0.071793316578865,0.0007518799975514,-0.0003073755651712,0.0007876370800659,still
1783087252907488000,6.426488037109375,-0.0022101634590508,-0.0025881556129665,0.0638625235795974,-0.0015095120761543,-0.0007445886731147,-0.0008813447784632,still
1783087252917532000,6.436531982421875,0.0039410029855382,0.0044303448469727,0.0484498503923416,0.0005802705418318,0.0001632827334105,0.000434256857261,still
1783087252927577000,6.4465771484375,-0.0194465295299305,0.0104132871475187,0.0664063628435134,0.0003607894759625,0.0013069356791675,0.000514066312462,still
1783087252937621000,6.45662109375,-0.00618387284177,-0.0030484666010946,0.0625157851457595,0.001027911202982,-0.0010025575757026,-0.0009506721980869,still
1783087252947665000,6.466664794921875,-0.0078013607874308,0.0044579201237764,0.050694414448738,-0.0006728728767484,-0.0009338865056633,-8.20725690573e-05,still
1783087252957710000,6.4767099609375,0.0044783424281195,-0.0114358396948664,0.0557820929765701,0.0005766823887825,0.0009265979751944,-1.62925571203e-05,still
1783087252967754200,6.486754150390625,0.0017867001828592,0.0072774984559975,0.0640121611833572,0.0002780091017484,0.000165075995028,0.0017224864568561,still
1783087252977799000,6.496798828125,-0.0070751357219793,0.0083823544253595,0.0511433272600173,0.0006881360895931,-0.0003481153398752,0.0004369786474853,still
1783087252987843000,6.506843017578125,-0.0070472630468313,0.0066937551677343,0.0560813681840896,-0.0011855992488563,0.0002329307608306,0.0009561633924022,still
1783087252997887200,6.51688720703125,-0.0037523000257584,0.0131357549309497,0.064760349202156,-4.52336389571e-05,1.13560818135e-05,-0.0005117708351463,still
1783087253007932000,6.526931884765625,0.0034396869876974,0.0176728024222538,0.0566805031210184,0.0005893304478377,-8.8377855718e-06,2.17526685446e-05,still
1783087253017976000,6.53697607421875,-0.0042724959664716,-0.0033829044535406,0.0373772522360086,0.001031947787851,-0.0012248372659087,-0.000640309182927,still
1783087253028020000,6.54702001953125,-0.0099912908842728,-0.0079541236425051,0.0493482605367898,-0.0001852605491876,0.0003026677295565,0.0009271389571949,still
1783087253038065000,6.55706494140625,0.0010916220284532,0.0035518541125464,0.0593739799886941,-0.000415357761085,-7.57672823965e-05,-0.0012273583561182,still
1783087253048109000,6.567109130859375,-0.0085309108919522,-0.0007026112944236,0.0548842673540115,-0.0004243929870426,-0.0005460935644805,0.0002046131994575,still
1783087253058154000,6.577154052734375,0.0093256597325264,0.0012928642385755,0.0527893409013748,-0.0011642191093415,-0.0001514130271971,-0.0007131120655685,still
1783087253068198000,6.587197998046875,-0.0008368532537628,-0.0022710981535841,0.0608697715044021,-0.0011844744440168,-0.0001082345843315,0.0004796583671122,still
1783087253078242000,6.597241943359375,-0.0101049039016477,-0.0055862802663119,0.0744867934465408,-0.0011120364069938,-0.00089892745018,-1.54231674969e-05,still
1783087253088287200,6.607287353515625,0.0018319349847617,-0.000114358511113,0.0599719458818435,0.0002391561865806,-0.0005231853574514,0.0011124331504106,still
1783087253098331000,6.617330810546875,-0.002380206813311,0.0070506445972947,0.0463549239397048,-0.0001408769749104,0.0008424837142229,-0.0004074329044669,still
1783087253108376000,6.6273759765625,-0.0004932708303473,0.0017013970904052,0.0509936896562576,0.0007034537848085,0.0001546023413538,0.0005850114393979,still
1783087253118420200,6.637420166015625,-0.006298888940009,0.0117489561980706,0.0598223082780838,-2.73177865892e-05,-0.0001066536642611,6.5695028752e-05,still
1783087253128464000,6.6474638671875,-0.0046647986318857,-0.0071480839396477,0.0502455016374588,-0.000697165261954,-0.0001217788085341,-0.000572387361899,still
1783087253138509000,6.657509033203125,-0.0070484532110305,0.0027330394097953,0.0538368041276931,0.0009963389020413,-0.0003657243214547,0.0005898161325603,still
1783087253148553200,6.66755322265625,-0.0033995142366911,0.0082558122861082,0.0521907904863357,-0.0006600418128073,-0.0005339980125427,-0.0017527849413454,still
1783087253158598000,6.677597900390625,-0.0016133477725496,-0.0017749167010537,0.055183542561531,-0.0007226259913295,0.0010537784546613,0.0003665587864816,still
1783087253168642000,6.68764208984375,-0.0027227868730173,0.0060901838009944,0.0647597646802663,-0.0001858356408774,0.0003428095951676,-0.0005655041895806,still
1783087253178686000,6.69768603515625,-0.0033035573194822,-0.0023032126081874,0.0605699117749929,-0.0002548114862293,-0.000550681259483,0.0012683485401794,still
1783087253188731000,6.70773095703125,-0.0010975420250528,-0.0040834927542367,0.0469528898328542,-0.0004085123073309,0.0013359324075281,0.0008435094496235,still
1783087253198775000,6.717775146484375,0.0078025566598516,-0.00019036690637,0.0634136107683181,0.000457813963294,-0.0010191011242568,0.0010198107920587,still
1783087253208819000,6.72781884765625,0.0009582791140128,0.0068146142015815,0.060271221089363,2.1195737645e-05,-0.0004993793554604,0.0001414667349308,still
1783087253218863900,6.73786376953125,-0.0091766277710761,-0.0011493937974097,0.0581762946367263,0.0011130918283015,0.0009107640944421,0.0005726325325667,still
1783087253228908000,6.747907958984375,0.0068474912745878,-0.0006543996549677,0.0569791938066482,0.0004825296346098,-0.0008665076456964,1.331558451e-06,still
1783087253238953200,6.757953125,0.007284387137799,0.008158386643487,0.0556324553728103,-0.0004762082826346,-2.97427177429e-05,0.000900681130588,still
1783087253248996900,6.767996826171875,-0.0074540314873709,-0.0016709220370394,0.0629646979570388,0.0005405233241617,-0.0006705201230943,-7.1376562118e-06,still
1783087253259041000,6.778041015625,-0.0053214067977824,-0.0104940539162838,0.0604208586931228,0.0003349273465573,0.0002341559156775,-0.0005307151004672,still
1783087253269086200,6.788086181640625,-0.0017262192919413,0.0049057323899352,0.0665560004472732,0.0003715495113283,-0.0004577524960041,0.0005931302439421,still
1783087253279129900,6.7981298828125,-0.0125841295222227,0.0116179616459878,0.0628150603532791,0.0002213472034782,-0.0014497800730168,-0.0017576420214027,still
1783087253289175000,6.808175048828125,-0.0076952072740154,0.0056630741128581,0.0562310057878494,-0.0001248195767402,0.001481260638684,0.0007081041112542,still
1783087253299219200,6.81821923828125,-0.01475758626241,0.0039308686089469,0.0686509268999099,0.0007609478197991,0.0001805732026696,-0.0019230989273637,still
1783087253309263000,6.82826318359375,-0.0099957033395534,0.0133813134901225,0.0608703560262918,-0.0002891959156841,-0.0005976632237434,-0.0002352294977754,still
1783087253319308000,6.83830810546875,0.0027468053569551,0.0059090276809642,0.0568301407247781,0.0002761932555586,0.0003568138927221,-0.0005140625871717,still
1783087253329352000,6.84835205078125,-0.0080788077556324,0.0061726173704606,0.0705968002706766,0.0015836975071579,0.0011902409605681,0.0001110024750232,still
1783087253339396900,6.85839697265625,0.0031273816227796,-0.0058555507779237,0.0465051460653543,1.24326907098e-05,-0.000956533011049,0.0001075402833521,still
1783087253349441000,6.86844091796875,-0.0042519178276794,-0.0048128824577317,0.0590752893030643,-0.0004345246125012,0.0007563959807157,-0.0005764989182353,still
1783087253359485000,6.87848486328125,-0.0150809821310336,-0.0026349538967595,0.0708960754781961,-0.0001258640550076,0.0007345578633248,-0.0007096568588167,still
1783087253369529900,6.88852978515625,-0.0067042868365475,0.0086056440705084,0.0450087700277566,0.0017784021329134,0.0008866377174854,0.0005502628628164,still
1783087253379574000,6.898573974609375,-0.0010925741598126,0.0096998325153836,0.0665571694910526,0.0007613410707563,0.0015510967932641,0.0008224379271268,still
1783087253389619200,6.908619140625,-0.0084373765439813,0.0125921313072321,0.0685024583399295,-0.0001422625500708,-0.0005448590964078,-1.67225953191e-05,still
1783087253399662800,6.918662841796875,-0.0073297891905938,0.0101687926008482,0.0696995591700077,-0.0004732934758067,-0.000352312810719,0.0012743778061121,still
1783087253409707000,6.92870703125,0.0049295094161003,0.0085011858989018,0.0557832620203495,-0.0002372367307543,-0.0004285518079996,-0.0014113709330558,still
1783087253419752200,6.938752197265625,-0.0086855009487539,0.0110810120749403,0.0668564446985721,0.0008136467076838,-0.000170225277543,0.0010512541048228,still
1783087253429796000,6.948796142578125,-0.0116206696263048,-0.0018923302523558,0.0626665917932987,0.0009527318179607,-0.0007602437399327,-0.0009227984119206,still
1783087253439840000,6.958840087890625,-0.0132787938305642,-0.0013627009046613,0.0526408723413944,0.0004137079231441,-0.0001850007101893,0.0004700347781181,still
1783087253449885200,6.96888525390625,0.0033853059023589,0.0113591600127518,0.0565314500391483,-0.0005351065192371,-0.0001940610818564,-0.0008344962261617,still
1783087253459929000,6.97892919921875,0.0047704458260472,-0.00364812441112,0.063115504604578,-0.0012347190640866,-0.0007748967036604,0.0002989450003951,still
1783087253469974000,6.98897412109375,-0.0082094700892193,-0.0012253770764917,0.0692506463587284,-0.0002833881881088,0.0004097055643796,0.0003273249603807,still
1783087253480018200,6.99901806640625,-0.0014964736481866,0.0088908542200573,0.051593409115076,-0.0006032339297235,-0.0001836470328271,0.0001954985782504,still
1783087253490062000,7.00906201171875,-0.0008881947111105,0.0129516236858326,0.0542868859827518,0.0002203062176704,-0.000256901141256,0.0004737332928925,still
1783087253500107000,7.01910693359375,-0.0039432805659482,0.0117433552910573,0.0469546433985233,2.45638657361e-05,0.0007609594613313,0.0003203351516276,still
1783087253510151000,7.02915087890625,0.003373495591912,0.0096604092538706,0.0723930360376834,0.0014242439065128,0.0002580764703452,0.0012296641943976,still
1783087253520195800,7.03919580078125,-0.009052215369296,0.0055042006065836,0.0604220277369022,-0.0007771253585815,-0.0004636403173208,0.0006850475911051,still
1783087253530240000,7.049239990234375,-0.0072235529079654,0.0099593214184977,0.0562321748316287,-0.0008027316071093,-0.000822311732918,0.0006197658367455,still
1783087253540284000,7.059283935546875,-0.0058876389747078,0.0107078542138799,0.0523415971338748,-0.0013886269880458,0.0002157883718609,0.0001659633126109,still
1783087253550329000,7.0693291015625,-0.001081513338859,-0.0002650624106638,0.0628162293970584,-0.0006938688457012,0.0006539188325405,-0.0008578477427363,still
1783087253560373000,7.079373046875,-0.0051373040937731,0.0049248092664522,0.0533884758383035,-0.0004102422390133,-0.0002832473255693,-0.0002200205344706,still
1783087253570418200,7.089418212890625,-0.0153282143407734,-0.0013996878972044,0.0728413643270731,0.0001396399457007,-0.0007048994302749,-0.0004818267188966,still
1783087253580462000,7.099462158203125,-0.0168755956214678,0.0018491692473529,0.057578328743577,-0.0003429248463362,0.0001555681228637,-0.0002986011095345,still
1783087253590506000,7.109506103515625,-0.0004417786759498,-0.0041459612479084,0.0604214432150125,0.0013139571528881,-0.0001697321422398,-0.0008509643375873,still
1783087253600551200,7.11955126953125,0.0018699888439179,-0.0036995920201647,0.0622170944601297,0.0004734634421765,-0.0011497754603624,0.0006422700826078,still
1783087253610595000,7.129594970703125,-0.0004387744389328,-0.0044660897305002,0.0483007973104715,-0.0009662336669862,-0.0004442338831722,0.0006250173319131,still
1783087253620639000,7.139638916015625,0.0038108920661557,0.002559673870576,0.0553337646871805,-0.0008671639952808,-0.0004855128936469,-0.0005102881696075,still
1783087253630684200,7.14968408203125,-0.0005463253249909,0.0058116773868678,0.0626654227495193,0.0005161452572792,0.0013219430111348,0.0004267888143658,still
1783087253640728000,7.15972802734375,0.010215629700548,-0.0021337766087031,0.0620668723344802,-0.000473751919344,0.0007879789918661,0.00209925416857,still
1783087253650773000,7.16977294921875,-0.0162271736161375,-0.0069079596074181,0.0628150603532791,0.0008832314051687,-0.0002699811011552,-0.0007877207826822,still
1783087253660817000,7.17981689453125,-0.0053424649980093,-0.0194980770540772,0.0515922400712966,6.59073702991e-05,-0.0012782542034983,0.00050258054398,still
1783087253670861000,7.189861083984375,-0.0096250274132355,-0.006900591435004,0.0515922400712966,-0.0001687214244157,-0.0015100082382559,-0.0008463999256491,still
1783087253680905200,7.1999052734375,-0.0040641493037721,-0.0066116389753879,0.0485994879961013,-0.0003277121577411,-0.000481229275465,0.0004159384407103,still
1783087253690949000,7.20994921875,-0.0139333179247623,-0.0003278094655484,0.0821183112382888,-1.81880313903e-05,-0.0004334500990808,0.0018505655461922,still
1783087253700994300,7.219994384765625,-0.0082039462431974,0.0101379910372081,0.0553331801652908,-0.0006914350669831,0.0003769500181078,-0.0004392203409224,still
1783087253711038500,7.23003857421875,0.001002504131518,0.0053422423773678,0.0658078124284744,-0.0003434894606471,0.0009883306920528,0.0001326198689639,still
1783087253721082000,7.24008203125,0.011314343623491,-0.0057306800059508,0.0619172347307205,-0.0003102000337094,-0.0014647068455815,0.0008436839561909,still
1783087253731127300,7.250127197265625,-0.0034523358358943,0.0070710868804133,0.0629646979570388,0.0001673228107392,-0.0007974463514983,-2.83175613731e-05,still
1783087253741171500,7.26017138671875,-0.0060811608151445,0.0065007693293038,0.0683516516923904,0.0005345728714019,-0.0005862577818334,0.0002798100467771,still
1783087253751216000,7.270216064453125,0.0062691394016059,-0.0016087754870648,0.0607201339006423,-0.0001016985625028,-0.0009618843905627,-5.43487258255e-05,still
1783087253761260300,7.28026025390625,-0.0079055050068505,0.0014811442191363,0.0729898328870534,-0.0006497772410511,-0.0006521586328744,-0.0011896544601768,still
1783087253771304400,7.290304443359375,-0.0141301499628927,-0.0160689268725924,0.061168462190032,0.0004270274657756,0.0009738402441143,0.0009786485461518,still
1783087253781349000,7.30034912109375,-0.0003783820254495,-0.0003520191749092,0.0595224485486745,0.001158331753686,0.0001647719182074,0.001057478133589,still
1783087253791393300,7.310393310546875,0.0056956024135259,0.0028298759639495,0.0574275220960378,-0.000592527212575,0.0006684162653982,-0.0008376359473913,still
1783087253801437400,7.3204375,0.0031255698332504,0.0047724682489526,0.0514420179456472,-0.0003437879495322,-0.0019665150903165,-0.0025665601715445,still
1783087253811482000,7.330482177734375,-0.0032408370932389,0.0013287301364005,0.0562304212659597,0.0013721133582293,-0.0010129841975867,0.0006253046449273,still
1783087253821526300,7.3405263671875,0.0045457765037426,-0.0004650670783477,0.0580260725110769,0.0008559925481677,0.0013140859082341,0.0006681815721094,still
1783087253831571500,7.350571533203125,0.0017939992857922,-0.0043530692265252,0.0512923803418874,-0.0002538645640015,-0.0001435256563127,-0.0010037762112915,still
1783087253841615000,7.360614990234375,-0.0018192998362967,-8.19563621422e-05,0.0641612142652273,-0.0017015589401125,0.0001411666162312,0.0011515200603753,still
1783087253851659300,7.3706591796875,-0.000332554710147,0.0072233799488516,0.0542851324170827,0.0005569302011281,0.0001896689645946,0.0004955262411385,still
1783087253861704400,7.380704345703125,-0.007081218973716,0.0182898429086315,0.0527887563794851,-0.0011131379287689,-0.0007110121659934,-0.0003068840596824,still
1783087253871748000,7.390748046875,-0.0006291048126848,0.0006124807589803,0.0664057783216238,0.0010049315169453,-0.0006831963546574,0.0001955707557499,still
1783087253881793300,7.400793212890625,-0.0117902631727047,-0.0087808225409011,0.0535369443982839,-2.03854870051e-05,-0.0011015790514647,0.0010405918583273,still
1783087253891837400,7.41083740234375,0.0013104872310563,0.0066207995293778,0.059223173341155,-0.0005045298021286,-0.0004610121250152,0.0007313515525311,still
1783087253901881300,7.42088134765625,0.0001459797753719,0.0033177553790155,0.0481499906629323,0.0010646048467606,-0.0004277224652469,0.0012477384880185,still
1783087253911926300,7.43092626953125,0.009706923268229,-0.0011502797133987,0.0583253477185964,0.0003030241932719,-0.0004772846587002,-0.0008797019254416,still
1783087253921970400,7.440970458984375,-0.0028034748683247,0.0037057249334291,0.0584744008004665,-0.0006168317049741,0.0006138123571872,0.000378109049052,still
1783087253932015000,7.45101513671875,-0.0149270256868272,0.0248182902627275,0.046653030103445,0.0004795929417014,8.53673554956e-05,0.0002328173723071,still
1783087253942059300,7.461059326171875,-0.0065608483614225,0.004434836075711,0.0560801991403102,-0.0005377347115427,0.000427583232522,-0.0007325785700231,still
1783087253952103400,7.471103515625,0.0028280704534641,0.007164140025305,0.0792746122449636,0.0001410350669175,-0.0009861174039542,-0.0010645571164786,still
1783087253962148000,7.481148193359375,0.0016424357280717,0.0105057991530047,0.0517412931531667,0.0006294588092714,2.34870240092e-05,-0.0020850801374763,still
1783087253972192300,7.491192138671875,0.0005865991115191,0.0115822190457489,0.0659568655103445,0.0001694806851446,0.0006400560960173,-0.0010387112852185,still
1783087253982237400,7.501237548828125,-0.0055525201314274,0.0045010400295839,0.0649094022840261,-0.0003333243075758,0.0008070366457104,0.0013067346299067,still
1783087253992281000,7.511281005859375,0.0004399212206481,0.0090940806080005,0.0601204144418239,-0.000476625515148,0.0003763390704989,-0.0010756461415439,still
1783087254002325200,7.5213251953125,-3.72992322634e-05,0.0020216283209854,0.063262804120779,-0.0007157772779464,-0.0002905162982642,5.99257182329e-05,still
1783087254012370400,7.531370361328125,-0.0110045824129309,-0.0006944485375657,0.0566787495553493,-6.02640211582e-05,-0.0003615687601268,-0.0002381056547164,still
1783087254022414000,7.5414140625,-0.0005347130898328,0.0048873930156463,0.0521896214425563,-0.0014190089423209,-0.0001748809590935,-0.0020645014010369,still
1783087254032458200,7.551458251953125,-0.0059771433182439,0.0090713847190025,0.0599707768380641,0.0010862783528864,0.0013767117634415,-0.0017099694814532,still
1783087254042503400,7.56150341796875,-0.0001526675277738,0.0040188277369015,0.0725403355538845,0.0011376775801181,0.0002936040982604,0.0001023118384182,still
1783087254052547300,7.57154736328125,0.0034273549457982,0.0137486717980587,0.0664051937997341,0.0003401883877813,0.0010734400711953,-0.0005658532027155,still
1783087254062592300,7.58159228515625,-0.005639249708454,0.0023719053466687,0.0589233136117458,9.4911083579e-05,0.0020252538379281,0.0012592111015692,still
1783087254072636400,7.591636474609375,0.0001545398244517,0.0016629008440766,0.0379740490853786,0.0002703838981688,0.0011689164675772,-0.0004026179667562,still
1783087254082680300,7.601680419921875,-0.0196113213203381,0.0086286664697807,0.0577267973035573,-0.0003565242514014,0.0004338840954005,-8.83650500327e-05,still
1783087254092725200,7.611725341796875,0.000242548043112,0.0095160049476544,0.0523398435682058,-0.0004828327801078,0.0003894260153174,0.0004232202190905,still
1783087254102769400,7.621769287109375,0.0003392955490096,0.0017005317240138,0.0625146161019802,-0.0002854925114661,0.0014954367652535,-0.0012577672023326,still
1783087254112814000,7.63181396484375,-0.0101265768773388,-0.0014541032318724,0.0595218640267848,0.0001942471135407,-2.58213840425e-05,-0.0024864454753696,still
1783087254122858200,7.641858154296875,0.0027472015075327,-0.0009231176107306,0.0676022946298122,-0.0008049709722399,-0.0001283530145883,-2.86139547824e-05,still
1783087254132902400,7.65190234375,-0.002208172431364,-0.0054814476353698,0.0662555561959743,-0.0008596854750066,0.0005005677230656,-0.0014908208977431,still
1783087254142947000,7.661947021484375,0.0033358909697941,-0.0107919568673358,0.0686497578561306,-0.0009694078471511,-0.0009942641481757,0.0009941747412085,still
1783087254152991200,7.6719912109375,-0.0090782939504017,0.0056817810966167,0.070894321912527,0.0005198242142796,-0.0008954051882028,0.0001325497869402,still
1783087254163036400,7.682036376953125,-0.0143069244520389,0.0010669510947889,0.0602700520455837,0.0005160958971828,0.0011176783591508,-0.0007718596607446,still
1783087254173080300,7.692080322265625,-0.0013912231754249,0.0046577900774311,0.0463537548959255,-0.0002254319842904,0.0009141792543232,0.0001641849521547,still
1783087254183124200,7.702124267578125,-0.0167483879035804,-0.0079316720653907,0.0679015698373317,0.0005349004641175,-0.0020355377346277,0.0008637973805889,still
1783087254193169400,7.71216943359375,-0.0024231657472701,0.0118085271984688,0.0710439595162868,0.0001957528293132,0.000206927768886,0.0001226980239152,still
1783087254203213300,7.72221337890625,-0.0005405428965314,-0.0064042067697853,0.0662555561959743,0.0009345135185867,0.0002519348636269,1.77696347236e-05,still
1783087254213257200,7.73225732421875,-0.0007651026209816,-0.0070987626219168,0.0539852726876735,0.00092871976085,-0.0001315041445195,3.59339173883e-05,still
1783087254223302400,7.742302490234375,0.0013587656567047,0.0136304705121787,0.0587742605298757,0.0005931614432483,-0.000215127132833,-0.0016170900780707,still
1783087254233346300,7.75234619140625,-0.0047849955120298,0.0046930714533664,0.0701467184156179,0.0006278096698224,-0.0001797801814973,-0.000242601847276,still
1783087254243391200,7.76239111328125,0.0015216029520437,0.0133482514707371,0.0542851324170827,-0.0012009831843897,0.001062317751348,-0.0006735015194863,still
1783087254253435400,7.772435302734375,-0.0028445061358564,0.0012198127020965,0.0562304212659597,0.0013206591829657,-0.0002088528126478,-5.21023757755e-05,still
1783087254263479300,7.782479248046875,0.0049925881186587,0.0009501471815514,0.076431497773528,3.32868658006e-05,-0.000541481655091,-0.0001043004449456,still
1783087254273524200,7.792524169921875,-0.0079377079388883,0.0088480562579468,0.0539858572095632,-3.11832409352e-05,0.0010173516348004,0.0006367252208292,still
1783087254283568400,7.802568359375,-0.0083054304313613,-0.0003302411679411,0.061767012605071,0.0003235496114939,0.0014937911182641,-0.001071159960702,still
1783087254293613300,7.81261328125,-0.0133205574629246,0.0007782931794063,0.0596720861524343,0.0006950490642338,-0.0007525868713855,0.001263516023755,still
1783087254303657200,7.8226572265625,-0.0125063527199206,-0.0086151242849067,0.0565296964734792,-0.0001148183364421,-0.0005214246921241,0.0005154339596629,still
1783087254313701000,7.832701171875,-0.0014889433622796,0.0063038493845611,0.064310851868987,-0.0014211831148713,-0.0004820460453629,0.0011125613236799,still
1783087254323746300,7.842746337890625,0.0041732625300763,0.0003059789429418,0.0562304212659597,-0.0002584469038993,0.0001848093234002,-0.0001548370346426,still
1783087254333790200,7.852790283203125,-0.0082318217724561,-0.0056943620169768,0.0650590398877859,0.000413914443925,0.0002493713982403,-0.0011777984909713,still
1783087254343835400,7.86283544921875,0.0034415421597106,0.0034595613027689,0.0602706365674734,0.0010229793842881,0.0013854759745299,-0.0008049558382481,still
1783087254353879300,7.87287939453125,-9.54157778032e-05,0.008122061804647,0.0520405683606862,0.0003655336331576,-0.0002074865624308,-0.0015145097859203,still
1783087254363923200,7.882923095703125,-0.0022085497448104,-0.0028538048288086,0.0595224485486745,-0.0008203720208257,0.001007713843137,-0.0001003711950033,still
1783087254373968400,7.892968505859375,-0.0048943553335062,-0.0173878776837838,0.0506938299268484,0.0001353812403976,-0.0015357541851699,-0.0012376871891319,still
1783087254384012300,7.90301220703125,-0.0027850116256275,-0.008420026404492,0.0508434675306081,-0.0015767650911584,-0.000624154228717,-0.0002613724209368,still
1783087254394057200,7.91305712890625,-0.0027602373731526,0.0077385652126627,0.0608691869825124,0.0011930209584534,-0.0010893042199313,-0.0018073916435241,still
1783087254404101400,7.923101318359375,0.001442739304353,0.0068063760961988,0.0616173750013113,0.0016795806586742,0.0017877086065709,-0.0001248067710548,still
1783087254414145300,7.933145263671875,-0.0038654267026548,0.0118968448027386,0.0686503423780202,0.0008792532607913,0.0018803840503096,-0.0005275693256407,still
1783087254424190200,7.943190185546875,-0.0091155634999129,0.0120676462088245,0.0628144758313894,-0.0009061300661414,0.000344006344676,0.0003805686719715,still
1783087254434234400,7.953234375,0.001970410732046,0.0065192137348698,0.0676028791517019,-3.66230960935e-05,-0.0003121700137853,-0.0001667330507189,still
1783087254444278300,7.9632783203125,-0.0007966605239809,0.0042988525379681,0.0641612142652273,-0.0011016211938112,-0.001153995282948,0.0007677701069042,still
1783087254454323200,7.9733232421875,0.0043370005827804,0.0060741140156053,0.0665554159253835,-0.0004554227925837,-0.0001894780434668,0.0003023068420588,still
1783087254464367000,7.9833671875,0.0009068937033589,-0.0007981623570783,0.0559311460584402,-0.0005273281130939,-0.0006193122826516,-0.0012636317405849,still
1783087254475039200,7.994039306640625,0.000991427327544,-0.000856354251143,0.0559311460584402,0.0001531096640974,-0.0007820315659046,-0.0007698819972574,still
1783087254485083400,8.00408349609375,0.0029196805599407,0.0028740028000436,0.0613180997937917,0.0016590943560004,0.0010927463881671,-0.0007937166374176,still
1783087254495128000,8.014128173828125,-0.0044201688003638,0.0070561244900105,0.0661065031141042,-4.71919775009e-05,-0.0006892359815537,-0.0010196964722126,still
1783087254505172200,8.024172119140625,0.0017051622333587,0.0056928687462117,0.0524894811719656,-0.0008685109205543,0.0002796221524477,-0.0012865450698882,still
1783087254515217400,8.034217529296875,-0.0117866921092849,-0.0081359967151656,0.0508428830087184,-0.0001000154297798,0.000542608089745,0.0007064640522003,still
1783087254525261000,8.044260986328124,0.0018151065767247,-0.0039716230277321,0.0589233136117458,0.0001673658844083,0.000786819960922,0.0010103307431563,still
1783087254535305200,8.05430517578125,-0.0120004558742628,0.0061520723393536,0.0551829580396413,4.58341091871e-05,0.0003727753646671,-0.0004210923798382,still
1783087254545350400,8.064350341796874,-0.0077602827124821,0.0071718484077253,0.0503945547193288,0.0012738178484141,-0.0004030033014714,0.0009038302814587,still
1783087254555394000,8.07439404296875,-0.0019318071711517,0.0068850559391546,0.0659568655103445,-0.0002730137202888,0.0002700760960578,-0.000525166047737,still
1783087254565439200,8.084439208984374,0.0029432789187703,-0.0002640714633977,0.0482996282666921,0.0001637446694076,0.000100698787719,0.0016647513257339,still
1783087254575483400,8.0944833984375,-0.0031509765566763,-0.005227516256785,0.0584749853223562,0.0002995617687702,-0.0001918808557093,0.0004194448702037,still
1783087254585527300,8.10452734375,-0.002543944295193,-0.0038821660624351,0.0629641134351491,0.0006122167687863,-0.0004360927268862,-0.0014748617541044,still
1783087254595572200,8.114572265625,-0.0043006529110542,0.0089957667661015,0.0571282468885183,0.0001246177125722,-4.7381035983e-06,0.001582245575264,still
1783087254605616400,8.124616455078124,0.0047955500137293,0.0135164088285877,0.0626648382276296,0.0013177138753235,5.06555661559e-05,0.0002679754979908,still
1783087254615661300,8.134661376953124,0.004014715534076,0.0067448551673092,0.0607195493787527,0.001602936303243,0.0001029525883495,0.0017837926279753,still
1783087254625705200,8.144705322265626,0.0055014755016018,-0.0098838769955327,0.061168462190032,-0.0004410399124026,0.0006353184580802,-0.0008604601025581,still
1783087254635749400,8.154749267578126,-0.0057322320713981,0.0071547671254724,0.0661065031141042,0.0008766083046793,-0.0008230828680098,0.0004115153569728,still
1783087254645794000,8.1647939453125,-0.0047865846809174,-0.002100719155895,0.0686503423780202,0.0008696839213371,-0.0012326771393418,-0.000754949171096,still
1783087254655838200,8.174838134765626,-0.0004118396245903,0.0032645045215496,0.0512923803418874,0.0006586282979696,-0.000744042918086,-0.0008863438852131,still
1783087254665883400,8.18488330078125,0.0056190734284609,0.0158620449395501,0.0536865820020437,0.00027566566132,-0.000138440169394,-0.0018528047949075,still
1783087254675927000,8.194927001953126,-0.0038717394248989,-0.0017987473845016,0.0583253477185964,0.00076998420991,0.0020100644323974,-0.0008912272751331,still
1783087254685971500,8.204971435546875,-0.0022717922733281,0.0069956607237574,0.0626648382276296,0.0003249698784202,-0.0001217960380017,0.002398575656116,still
1783087254696016600,8.2150166015625,0.0020214205417199,-0.0017275042126188,0.0520405683606862,-0.0008426664862781,-0.0002852957695722,-0.001778865000233,still
1783087254706060500,8.225060546875,-0.0015149403158167,0.0031685881327139,0.0653583150953054,-0.0003345354925841,0.0008654561825096,0.0001647099852561,still
1783087254716104400,8.2351044921875,-0.0089307489806727,0.0090530202285386,0.0705956312268972,0.0001705733593553,0.0016291588544845,0.0008242670446634,still
1783087254726149600,8.245149658203125,-0.0070070377801865,0.0059501519925077,0.0625152006238699,9.60049219429e-05,0.0004690857604146,0.0001001534983515,still
1783087254736193500,8.255193603515625,0.0001550381521956,0.008219941821706,0.0679021543592214,0.0002811148297041,-0.0002188091166317,0.0009649193380028,still
1783087254746238500,8.265238525390625,0.0074957306168274,0.0003895244739716,0.0553325956434011,0.0006832520011812,0.0003535044379532,0.0016608033329248,still
1783087254756282600,8.27528271484375,-0.0046759387971193,-0.003464289993525,0.0523398435682058,0.0002028120215982,-0.0010902807116508,-0.0004433507565408,still
1783087254766326800,8.285326904296875,-0.0022396698272146,0.0201468347028363,0.04964636670053,-0.0001804169733077,-0.0011581913568079,-0.0005237783771008,still
1783087254776371500,8.295371337890625,-0.0002734306634985,0.0064453333646175,0.0789747525155544,7.1829650551e-05,0.0010225307196378,0.0009120581671595,still
1783087254786415600,8.30541552734375,-0.004139658800463,-0.01365589721438,0.0711935971200466,-0.0001638601534068,0.0014387830160558,-0.000313528580591,still
1783087254796460500,8.31546044921875,0.0072250005129579,0.0023826482196804,0.0646095425546169,0.0001452995929867,-0.0009093023836612,-0.0003913799300789,still
1783087254806504400,8.32550439453125,-0.0069359852629044,-0.0025304980084416,0.0580254879891872,-0.0005825422704219,-3.655441105365753e-07,-0.0005341251380741,still
1783087254816548600,8.335548583984375,-0.0144301718057948,-0.0003623350729467,0.0500946949899196,-0.0016295919194817,-0.0001942301169037,-0.0014445898123085,still
1783087254827221800,8.3462216796875,0.0033860919244703,0.0021875229398021,0.0584744008004665,0.0011792441364377,-0.0002983598969876,-0.0002999629359692,still
1783087254837265400,8.356265380859375,0.0033608216275402,0.0021389140081242,0.0584744008004665,-0.0011686825891956,-0.0005370285362005,-0.0003325862344354,still
1783087254847309600,8.3663095703125,-0.0082116506298625,0.0067017215617699,0.0734375766545534,-0.0005228661466389,0.0006036031991243,-0.0008883881382644,still
1783087254857353500,8.376353515625,0.0043154343508329,0.0034196220180252,0.0524888966500759,-0.0005645735654979,-0.0014016116037964,-0.000796127365902,still
1783087254867398400,8.3863984375,-0.0038247139538871,0.0073461660783039,0.053685997480154,0.0013470433186739,-0.0001531215384602,-0.0002914583310484,still
1783087254877442600,8.396442626953124,-0.008638613045882,-0.0016040650626178,0.061317515271902,-0.0002944427542388,-0.0001457398757338,0.0002955009695142,still
1783087254887487700,8.40648779296875,0.0112953032795921,-0.002976974550751,0.054284547895193,0.0002978441771119,-0.0003987401723861,0.0001911050640046,still
1783087254897531400,8.416531494140624,-0.002100361250402,0.0002615278798621,0.0719412006169557,0.0003459700383245,-2.89878807961e-05,-0.0009409645572304,still
1783087254907575600,8.426575439453124,0.0016862463286903,0.0020138377401744,0.0626636691838502,-0.0007283492013812,-0.0003799926489591,0.0009722503600642,still
1783087254917620700,8.436620849609374,0.008703414489713,-0.0017546365314279,0.0589227290898561,0.0004575520288199,0.0008470509201288,0.000288103474304,still
1783087254927664600,8.44666455078125,0.0067293927366961,0.0095124270343687,0.0710433749943971,-8.30697827041e-05,-0.0005590985529124,0.0007163397967815,still
1783087254937709600,8.45670947265625,-0.0105837734597735,-0.000158926021913,0.065357146051526,0.0013817974831908,-0.0008840435184538,-0.0004693251103162,still
1783087254947753700,8.466753662109374,-0.0013316008010326,-0.0044557327332673,0.0610182400643825,2.09223944693e-05,0.0009809681214392,-0.0016632201150059,still
1783087254957797600,8.476797607421876,-0.0028152161092904,-0.0070235122784855,0.0575759906560182,0.0006852182559669,-0.001858068164438,-5.58753963559e-05,still
1783087254967842600,8.486842529296876,0.0002082342107343,-0.0024847500374191,0.0572767154484987,-0.0020746155641973,7.53868371248e-05,-0.0011802620720118,still
1783087254977886700,8.49688671875,-0.0063962472256156,0.0145351597003638,0.0680506229192018,0.0002207485958933,0.0001964806579053,-0.0008428792934864,still
1783087254987931400,8.506931396484376,-0.0014061067923699,0.0115172868836438,0.0652075084477663,-0.0002511634957045,-0.000180622562766,-0.0006942749023437,still
1783087254997975600,8.5169755859375,-0.0029141224645893,-0.0031838131013093,0.0511415736943483,-0.0006681578233838,0.0006600888445973,0.0002960113342851,still
1783087255008019500,8.52701953125,-0.0019927355866413,0.0036734620650648,0.0643096828252077,0.0007427849341183,0.0010776724666357,-0.0002637850120663,still
1783087255018064400,8.537064453125,0.0060640983700228,-0.0047680295358528,0.0604191051274538,-0.000192328589037,0.0005732872523367,-0.0004118895158171,still
1783087255028108500,8.547108642578126,-0.0006487479447823,-0.0024036476252251,0.0569774402409791,0.0001959602814167,-0.000541778281331,0.0008770803688094,still
1783087255038153700,8.55715380859375,0.0024210679758398,0.0079998099647345,0.0593716419011354,0.0002248133532702,-0.0011690738610923,0.0005240070167928,still
1783087255048197600,8.56719775390625,0.0005245256267808,-0.0011420872737886,0.0571270778447389,-0.0003642779774963,0.0003670374862849,0.0008656906429678,still
1783087255058241500,8.577241455078125,0.0038121027799526,0.0034688474376336,0.0684995357304811,-0.0006217211484909,0.0013003288768231,-0.0010281167924404,still
1783087255068286700,8.58728662109375,-0.0005709928337222,0.0067459557124297,0.0693973613530397,6.45755790174e-05,-0.0003529614768922,-0.002172210952267,still
1783087255078330600,8.59733056640625,0.0118468362151295,0.0131131366737652,0.0646089580327272,-0.0013751115184277,-0.0013842722401022,-0.0002374160103499,still
1783087255088375600,8.60737548828125,0.0162768534101836,-0.0069494629448745,0.0590717821717262,7.47132580727e-05,-0.0010428549721837,-0.000155656831339,still
1783087255098419700,8.617419677734375,0.0059252572965575,-0.0105262460027006,0.0664040247559547,0.000739692011848,8.10767523944e-05,-0.0004808770027011,still
1783087255108463600,8.627463623046875,-0.0043120042804861,0.0036997313007712,0.0468014986634254,0.0013972264714539,-6.45979307591e-05,-0.0004539790097624,still
1783087255118508500,8.637508544921875,-0.0110303230673191,0.012148417544167,0.0593716419011354,0.0010607482399791,-0.000739871058613,-0.0004729940555989,still
1783087255128552700,8.647552734375,0.0054688381739018,-0.0043194706343114,0.0658060588628053,0.0007318477146327,-0.0008977963589131,0.002191764768213,still
1783087255138596600,8.6575966796875,0.0057313250349892,0.0097669109688024,0.0560796146184206,-0.0008417221251875,-7.22124241292e-05,-0.0007164911366999,still
1783087255148641500,8.6676416015625,0.0010941947239189,0.003878113225114,0.0584738162785768,-0.000454498687759,0.0004319241270422,0.0004816649015992,still
1783087255158685400,8.677685546875,-0.0043527210250089,0.0037349966936861,0.0595212795048952,0.0002591155935078,6.90501183271e-05,0.0006871019722893,still
1783087255168730600,8.687730712890625,-0.002630115037327,0.0046431359309935,0.0607183803349733,-0.0005118695553392,0.0001787724904716,-0.0006809637416154,still
1783087255178774500,8.6977744140625,-1.17395284993e-05,0.0041933052376843,0.0472509959965944,-0.0007561384700238,0.0014336528256535,0.0008083342108875,still
1783087255188818400,8.707818359375,0.0025276222064101,0.0018437555700074,0.0499444728642702,0.0016188686713576,-0.0002651773393154,-0.0018066237680613,still
1783087255198863600,8.717863525390625,-0.0003273687908425,0.0078302095684688,0.0690980861455202,5.97666949033e-05,-0.0001076408661901,-0.0020939067471772,still
1783087255208907500,8.727907470703125,0.0036568813938443,0.0147255996719701,0.053236500146985,-0.0003658065106719,-0.0004312149249017,-0.0014219915028661,still
1783087255218952700,8.73795263671875,-0.0071591356274468,0.004674412418669,0.0632622195988893,-0.0002810421865433,0.0002066548913717,-0.0005313120782375,still
1783087255228996600,8.74799658203125,0.0028250645039806,-0.0037891129175433,0.0584738162785768,0.000545603223145,-0.0001070657745003,0.000130217289552,still
1783087255239040500,8.75804052734375,0.0046202545247942,-0.0025080487146158,0.0605687427312135,0.0009081598836928,0.0001918100751936,3.23355197906e-05,still
1783087255249085700,8.768085693359374,-0.0010462839077401,0.0065003355044638,0.0550321513921022,-0.0003645648248493,0.001900760224089,-0.0011905881110578,still
1783087255259129600,8.778129638671874,-0.0099317849576007,-0.0062388761232607,0.0524883121281862,0.0014869587030261,0.000808990560472,-0.0013017640449106,still
1783087255269174500,8.788174560546874,-0.0099301113070338,0.0062134745372342,0.0471013583928346,0.001247540814802,0.0004055215977132,-0.0007632728666067,still
1783087255279218700,8.79821875,-0.0005939935417525,0.0034119615846662,0.0533861377507448,0.0001713861711323,-0.0010833004489541,-0.0002261823974549,still
1783087255289262600,8.8082626953125,-0.0164121782191563,-0.0073755748358787,0.0514408489018678,-0.000892014009878,0.0010613431222736,-0.0002858373336493,still
1783087255299307500,8.8183076171875,-0.017080268472759,-0.0015798051209072,0.0548825137883424,-0.001038166694343,0.0001656129024922,0.0006181374192237,still
1783087255309351400,8.828351318359376,0.0048916096789267,-0.0098946358515648,0.0786748927861452,6.46484550088e-05,-0.0003971131518483,-0.0004625734873116,still
1783087255319396600,8.838396728515624,0.0033632299262244,-0.0042903084719087,0.06281330678761,-0.0007055893074721,0.0002372623421251,-0.0004141186363995,still
1783087255329440500,8.8484404296875,-0.0018792276005435,0.0124866593554732,0.0667038844853639,0.0007759272120893,0.0001579001545906,0.000130764208734,still
1783087255339484400,8.858484375,-0.0057524774208723,-0.006623153599957,0.0517401241093873,0.000490941805765,0.0006875162944197,0.0007213409990072,still
1783087255349529600,8.868529541015626,-0.0071403218999446,-0.0031572219219058,0.0500946949899196,-0.0007729944773018,0.0003836494870483,-0.0004531131125986,still
1783087255359573500,8.878573486328126,0.0059768636153865,0.0102741070056916,0.0524883121281862,0.0004999043885618,0.0010477150790393,0.0011411962332203,still
1783087255369617400,8.888617431640625,-0.0014547334195347,0.0142948390053119,0.06281330678761,-0.0009097068104892,-0.0011781547218561,-0.0004188835155218,still
1783087255379662600,8.89866259765625,-0.0008680406931816,-0.0038298970190808,0.057725628259778,-0.0001583332195878,-0.0009723748080432,-0.0004594007041305,still
1783087255389706500,8.90870654296875,0.0009885372549586,-0.0111172295992146,0.0782259799748659,1.9890721887e-06,-0.0011950153857469,0.0010572695173323,still
1783087255399751700,8.918751708984376,-0.0085819378262909,0.0084600615873583,0.0587730914860963,0.0003511926624923,-0.0010839370079338,4.62303869426e-05,still
1783087255409795600,8.928795654296875,0.0010449830040422,0.0023516365934861,0.0620651187688112,-0.0001569385640323,-0.0002698088064789,6.08777627348e-05,still
1783087255419839700,8.93883984375,-0.0005099194294045,0.006419523069926,0.0584738162785768,5.88770490139e-05,-0.0003023357130587,0.0006124505307525,still
1783087255429884700,8.948884765625,-0.0039174719837232,0.0027592629797291,0.0616162059575319,0.0013278734404593,0.0007645264267921,3.918306902e-06,still
1783087255439928600,8.958928466796875,-0.0141114441207784,-0.0022635336183477,0.0584744008004665,0.0007218627724796,-0.0004128036089241,-9.58370510488e-05,still
1783087255449973500,8.968973388671875,-0.0099957170392852,-0.0027057632438023,0.0524883121281862,-5.49810938537e-05,-0.0020186896435916,0.0004210826009511,still
1783087255460017400,8.979017333984375,0.0064277423381776,-0.0082646508964011,0.0482984592229127,-0.0004214763175696,-0.0005380692891776,0.000894168857485,still
1783087255470061600,8.9890615234375,-0.0137897961096023,-0.0043865102718234,0.0453057071477174,-0.0012561109615489,-0.0016411505639553,-0.0005119801498949,still
1783087255480106500,8.9991064453125,-0.0042566368144587,2.50590927316e-05,0.0539841036438941,-0.0004334645345807,-0.0013739834539592,-0.0016769911162555,still
1783087255490150400,9.009150390625,-0.0022342036342306,0.0033448945476906,0.0619154811650514,0.0009985170327126,-0.000634423457086,4.47425991296e-05,still
1783087255500195600,9.019195556640623,-0.0058545181606401,0.0027849134442163,0.0725397510319948,-0.0001379286404699,0.0011215857230126,-0.0013487937394529,still
1783087255510239500,9.029239501953125,-0.00230518137381,-0.0077229566515772,0.0625140315800905,-0.0005488544702529,0.0005322280339896,0.0010621659457683,still
1783087255520283400,9.039283447265625,-0.0036783437361591,0.0002495223482372,0.0626630846619605,-0.0012124938657507,-0.0002893176861107,-9.49141103774e-05,still
1783087255530328600,9.04932861328125,0.0011636141190072,0.0053882620597374,0.0640098230957984,-0.0004859836772084,9.20468010008e-05,0.0001956368796527,still
1783087255540372700,9.059372802734377,-3.56038904545e-05,0.0086306963133742,0.0607172112911939,0.000134416623041,-0.0006327461451292,-0.0005138833075761,still
1783087255550417700,9.069417724609377,-0.013929672654462,0.0038520129527663,0.0677501786679029,4.09397762268e-05,-0.0003083730116486,-0.0011003115214407,still
1783087255560461600,9.079461669921876,0.0018965765983884,-5.55661121383e-05,0.0547317071408033,-0.0002805087715387,0.0008088611066341,0.0002991501241922,still
1783087255570505700,9.089505615234376,-0.0043850175718805,-0.001367927352339,0.0613163462281227,-0.0001047402620315,0.0001827520318329,-0.0001120418310165,still
1783087255580550700,9.099550537109376,-0.0026329172033001,0.0068429817795404,0.0566775805115699,-0.000492749735713,0.0002969610504806,9.55201685428e-05,still
1783087255590594600,9.109594482421874,-0.0092128607075486,0.0061727749173762,0.0665530778378248,4.68068756163e-05,-0.0001163617707788,-0.0007236683741211,still
1783087255600639500,9.119639404296874,-0.0114667873889789,-0.0007150438010226,0.0509907670468091,0.0009696413762867,-0.0012738336808979,0.000561015214771,still
1783087255610683600,9.12968359375,-0.0108728617750632,0.0005316751743084,0.0592208352535963,5.05843199789e-05,0.0006732032634317,-0.0003705585841089,still
1783087255620727600,9.1397275390625,-0.0167256863063608,0.003309608605178,0.0625128625363111,-0.000931583577767,5.14136627316e-05,0.0006069226656109,still
1783087255630772500,9.1497724609375,0.0002192065542534,0.0132996288393274,0.0610164864987134,0.0001384746283292,-0.0009525977075099,-0.0003025468904525,still
1783087255640816400,9.15981640625,-0.006040629587823,-0.0110845420391648,0.0620639497250318,-0.0002699778415262,-0.0001747775822877,-0.0010451027192175,still
1783087255650860500,9.169860595703126,-0.0153275567536475,-0.0033616972687304,0.0605675736874341,-0.0011514843208715,0.0002073859795928,-0.0004999535158276,still
1783087255660905500,9.179905517578124,-0.0087119459976849,0.0141161671033129,0.0643085137814283,0.0007309804204851,0.0001282882876694,-8.27850308269e-05,still
1783087255670949400,9.189949462890626,-0.0058155070327251,0.0212838667755946,0.0521872833549976,-0.0003915419802069,-0.0004307092167437,-6.36102631688e-05,still
1783087255680994600,9.19999462890625,-0.007792413720928,0.0002319318926194,0.0702940179318189,0.0007312716916203,-0.0002802405506372,-4.60294540971e-05,still
1783087255691040000,9.2100400390625,0.0068506684707186,0.0038275566482334,0.0538338815182447,-0.0012783497804775,0.0005839555524289,5.9022568166e-06,still
1783087255701084200,9.220084228515624,-0.0051541096689237,0.0051512315836036,0.0508411294430494,2.61426903307e-05,6.08982518315e-05,6.19662459939e-05,still
1783087255711128800,9.23012890625,0.0047790464035002,-0.0080544627614202,0.0632604660332202,-0.0010732100345194,-0.0015303404070436,-0.0009441759902983,still
1783087255721173000,9.240173095703126,0.00800476070531,-0.0007019970897817,0.058920975524187,-0.0005589448846876,5.43133355677e-05,0.0006046316120773,still
1783087255731218200,9.25021826171875,-0.0018033093951875,-0.0014705588930402,0.0518880081474781,-5.77380415052e-05,0.0006705690175294,-0.0003037725109606,still
1783087255741262000,9.260261962890626,0.0030040492165222,0.0031886422567651,0.0541325722038745,-0.0002831532619893,-0.0008044163696467,-0.0003414873499423,still
1783087255751306000,9.270305908203126,0.0045861564631923,0.0128208871453651,0.0643079292595386,0.0001376261934638,-0.0020651570521295,0.0004468082915991,still
1783087255761351200,9.28035107421875,0.0039180684928782,0.0036111077358247,0.0635597412407398,0.0006704446859657,0.0005652662366628,0.0005060518160462,still
1783087255771395000,9.29039501953125,-0.0103420850748312,0.0077906789923901,0.0596691635429859,-0.0012206661049276,-0.0005375486798584,-0.0002715913578867,still
1783087255781440000,9.30043994140625,-0.0013380750659474,-0.010191910898243,0.058322425109148,0.0006662178784608,0.0004553492181003,0.000516360392794,still
1783087255791484200,9.310484130859376,0.0007539516101271,-0.0010006580926594,0.0658043052971363,0.0004345229826867,-0.0001715589314699,0.0009746904252097,still
1783087255801528000,9.320528076171875,0.0092544645097048,-0.0062526991526363,0.053833296996355,0.000155150424689,-0.0005694623105227,-0.0003057494759559,still
1783087255811573000,9.330572998046875,0.0031877934442163,0.0023728049623896,0.0481470680534839,-0.0005039819516241,0.0007780971936881,-0.0021960611920803,still
1783087255821617200,9.3406171875,-0.011412151716958,-0.0042575638296431,0.0610153174549341,-0.0003252504393458,0.0004363935440778,0.0018659386551007,still
1783087255831661000,9.3506611328125,-0.0097901228810311,0.0029948915166431,0.0547305380970239,-0.0013673453358933,0.0004292028024792,0.0006784352008253,still
1783087255841706000,9.3607060546875,0.0036363837409764,-0.0009392969939741,0.0406646033436059,-0.0004857599269598,0.0009243031963706,0.0007581990212202,still
1783087255851750100,9.370750244140623,-0.0074390862216328,-0.0094947909129783,0.062960606303811,-7.988885045e-06,-0.0002964898012578,-0.0004860297776758,still
1783087255861795000,9.380795166015623,-0.0038651920947479,-0.0087956273843883,0.0658037207752466,-0.0003172687720507,0.0004650074988603,-0.0002432202454656,still
1783087255871839000,9.3908388671875,0.0026981924295221,0.0079153168689226,0.0607154577255249,-0.0007143460679799,0.0004919054917991,-0.0010626749135553,still
1783087255881883100,9.400883056640623,0.0051229781700763,-0.0036493596702697,0.0608650953292846,-0.0007455514278262,-0.000937764532864,-0.0012948082294315,still
1783087255891928000,9.410927978515623,-0.0020242894938855,0.0080239694417454,0.0632592969894409,-0.0002643184270709,-0.0001638499088585,0.0017068404704332,still
1783087255901972000,9.420971923828125,-0.0033039763029461,0.0072344904313329,0.05742343044281,0.0006368395406752,-0.0001492341980338,-0.0001458006445318,still
1783087255912017200,9.43101708984375,0.0026136251268297,0.0066346453916397,0.0590694440841674,-0.0005685072392225,-0.0002235365100204,-0.0004187745507806,still
1783087255922061000,9.44106103515625,-0.0027545708215911,0.0113831025773426,0.0614636457443237,-0.0005337740294635,-4.53968532383e-05,0.0007406487129628,still
1783087255932105000,9.45110498046875,-0.0073629197086382,-0.0016443034581723,0.0542810407638549,-0.0004714559763669,0.0003980193287134,0.0004277273546904,still
1783087255942150100,9.461150146484377,-0.0018700990125944,0.0008957501131924,0.0628103841781616,0.0001373759005218,-0.0006907982751727,0.0002956364769488,still
1783087255952194000,9.471194091796876,0.000372585326436,0.0079480478114564,0.0613140081405639,0.0002606802154332,0.0007132198661565,-0.0007925312966108,still
1783087255962239000,9.481239013671876,-9.97808548447e-05,0.0019321645058225,0.052934302330017,-0.0003998305182904,1.33072026073e-05,0.0003556115552783,still
1783087255972283100,9.491283203125,-0.0020240543151565,0.0011366530468454,0.0596674099773168,-0.0003127451054751,0.0006956090219318,0.0010799913434311,still
1783087255982327000,9.5013271484375,0.004155869008103,0.0094598702966468,0.0535322682231664,-0.0003131155390292,-0.0001400923356413,0.000494074774906,still
1783087255992372000,9.5113720703125,-0.0006171717754739,-0.0078714366280008,0.0658025517314672,0.0008152658119797,-0.0013587549328804,0.0003792925272136,still
1783087256002416000,9.521416015625,-0.004775882336279,-0.0045341317317215,0.0553279194682836,0.0012349262833595,-0.000915247015655,-0.0004917415790259,still
1783087256012461000,9.5314609375,-0.0052758529062935,0.0107607831276487,0.0494920529216527,-0.0003443283494561,0.0006205979734659,7.92401842772e-05,still
1783087256022505000,9.5415048828125,0.0014497301633207,-0.003372682170337,0.0538315434306859,-0.0006794859655201,-0.0003392794169485,-0.0011735348962247,still
1783087256032549000,9.551549072265624,-0.0023806891580345,0.0057273327048169,0.0611637860149145,0.0001873727887868,0.0004604677669703,0.0004139754455536,still
1783087256042594000,9.561593994140624,0.0052635379890591,-0.001440570180153,0.0541308186382055,7.09304586052e-05,-0.0012898477725684,9.66393854469e-05,still
1783087256052638000,9.571637939453124,-0.0047086309237463,0.0041115087057463,0.0539811810344457,-3.87919135391e-05,-0.000952158588916,0.0010393984848633,still
1783087256062683100,9.58168310546875,-0.0082918100438517,0.0013046049087191,0.0485942272990942,-0.0003680838271975,-0.0008673430420458,0.0007440203335136,still
1783087256072727000,9.59172705078125,-0.0013847420606442,-0.005978535553487,0.0714887806743383,0.0002827926073223,0.0008850172162055,-0.0010661303531378,still
1783087256082771000,9.60177099609375,-0.0088393032709776,0.0038991765627404,0.058919221958518,-0.0002533132210373,-0.0006714523769915,0.0005630506202578,still
1783087256092816100,9.611816162109376,0.0076915774159133,0.0086503257457399,0.0568242955058813,-0.0005582452286034,0.0011293771676719,-0.0010441672056913,still
1783087256102860000,9.621860107421876,-0.0053918919178395,-0.0071038338059675,0.059517772373557,0.0003001596778631,-0.0005012876354157,0.0006934036500751,still
1783087256112904200,9.631904296875,0.0018057348185364,0.0031748900093371,0.059517772373557,-0.0011600515572354,-7.35842622816e-05,0.0006547879893332,still
1783087256122949000,9.64194921875,-0.0062116250734427,-0.009291466343624,0.0617617519080638,3.55031806975e-05,-0.000157059635967,-0.0007071602158248,still
1783087256132993000,9.651992919921875,0.0012911917296529,0.006249787959631,0.0578711742103099,0.000661079538986,-0.0005264403298497,0.0002933894284069,still
1783087256143038000,9.662037841796876,0.0023162393406528,0.0097933446012903,0.0532329930156469,-0.0002704293001443,-0.0010414100252091,0.0007595866918563,still
1783087256153082000,9.67208203125,0.0023557585002883,-0.0086940210402826,0.0447030650794506,0.0003516850993037,-0.0002025142312049,-0.00051074125804,still
1783087256163126000,9.6821259765625,0.007932508319852,-0.0072089723975863,0.0545791469275951,0.0001108725555241,-0.0014170445501804,-0.0008173645474016,still
1783087256173171000,9.6921708984375,0.006203976627349,-0.0036252458590315,0.0544295093238353,-0.0012846238678321,-0.0008396711200475,9.13061667233e-05,still
1783087256183215000,9.702215087890623,-0.0031977891110233,6.5372836811e-05,0.0439548770606517,-0.0003071103710681,0.0005186875350773,-0.0010593617334961,still
1783087256193260000,9.712260009765624,0.0075794194242189,-0.0050780521829612,0.0523339983493089,0.0003925019409507,-0.0006083622574806,0.0003430589567869,still
1783087256203304000,9.722303955078123,0.0006988278851611,-0.0033785273892339,0.0683458064734935,0.0008519529365003,-0.0009512887336313,0.0002579626161605,still
1783087256213348000,9.73234814453125,0.0062433793392643,0.0018375336084864,0.0601151537448167,-0.0006487381178885,0.0004348866641521,-0.0008784083183854,still
1783087256223393000,9.74239306640625,-0.0114086137612233,0.0089257908194093,0.0632581279456615,0.0007712906226515,-0.00056465389207,-0.0011070296168327,still
1783087256233437200,9.752437255859377,0.0131808864140417,0.0174591688047279,0.0464987163245677,-0.0008782711811363,-0.0004623886197805,-0.0002843793481588,still
1783087256243482000,9.762482177734377,-0.0007067183598497,0.0011992288550827,0.0581704494178295,0.0001379668246954,-0.000814969651401,-0.0005529853515326,still
1783087256253526000,9.772526123046877,-0.010450000145426,0.0087377985332161,0.0563747981727123,-0.0007826881483197,-0.0010711657814681,0.0001074785832315,still
1783087256263570200,9.782570068359377,0.0057259741480811,-0.0002723438181099,0.0580208118140697,-0.0011859564110636,0.0015889895148575,0.0004055711906403,still
1783087256273615000,9.792614990234377,0.007498180014707,0.002245762782928,0.0632581279456615,-0.00123522488866,0.0004116059280931,0.0011869426816701,still
1783087256283659000,9.802658935546877,-0.0084178755466011,0.0119418735378421,0.0557762477576732,-0.0001618566457182,-0.0009597670286893,-0.0011011762544512,still
1783087256293704000,9.812703857421877,-0.0094730500094505,0.0077868088181596,0.046947629135847,0.0007396233268082,-0.0003112871199846,0.0014860846567898,still
1783087256303748000,9.822748046875,0.0084997828180377,0.0042912560366909,0.0617617519080638,0.0010984451510012,-0.0009219795465469,0.0005761405918747,still
1783087256313792000,9.8327919921875,0.0027217234313371,-0.0013734643272706,0.0611637860149145,-0.0002310047857463,0.0013209348544478,0.0010323402239009,still
1783087256323837000,9.8428369140625,0.0100534043265623,0.0069765176318702,0.0644552287757396,-0.0010842530755326,-0.0004787528887391,-0.0004996708594262,still
1783087256333881000,9.852881103515625,0.000645522228768,0.001709046107321,0.0538309589087963,0.0015200520865619,-0.0007573198527097,0.0002702490892261,still
1783087256343925000,9.862925048828124,0.0037286497221124,-0.0026989247943507,0.0622112492412328,0.0009040711447596,0.0012072678655385,0.000865395180881,still
1783087256353970200,9.87297021484375,-0.0006170393447333,-0.006651966419199,0.0581704494178295,-0.0010112740565091,0.001227241475135,0.0015500939916819,still
1783087256364014000,9.88301416015625,0.0069091189472208,-0.002664513351384,0.0553273349463939,-0.0012680029030889,0.0003735441714525,0.0011956718517467,still
1783087256374059000,9.89305908203125,0.0037664826730935,-0.0022400020457105,0.0753787738502025,-0.0004498797934502,2.60015949606e-05,-0.0002293856814503,still
1783087256384103200,9.903103271484374,-0.0007355317499139,0.0040638427722733,0.0722363841712474,4.7797570005e-05,0.0001012557186186,-0.0002455972135066,still
1783087256394147000,9.91314697265625,-0.0050515357812604,0.0004342084324918,0.058469724625349,-7.8626908361e-06,-0.0006217923946678,0.0010218010284006,still
1783087256404192000,9.92319189453125,0.0070637198496435,0.0025284110826323,0.0505389316260814,-0.0003358796238899,0.0006469478830695,-0.0004865450318902,still
1783087256414236200,9.933236083984376,-0.0073735586920171,0.0010167689772439,0.0652034167945384,-0.0007745022885501,0.0008658599108457,0.0008679386228322,still
1783087256424281000,9.943281005859374,0.008054089443729,0.0067926169989048,0.0417103130042552,6.78203068673e-05,-0.0012518223375082,-1.01216137409e-05,still
1783087256434325000,9.953324951171876,-0.0010710199151304,0.0084169371149735,0.0563747981727123,-0.0001028883270919,0.0007111937738955,0.000594948651269,still
1783087256444369200,9.963369140625,0.0029931436591956,0.0084004905869602,0.0511374820411205,0.0014399858191609,-0.000768959056586,-0.0004592726472765,still
1783087256454414000,9.9734140625,0.0014918003271799,-0.002979143674951,0.0678968936622142,-0.0001310128718614,0.00042520230636,0.0002552536316215,still
1783087256464458000,9.9834580078125,0.0040501087911543,-0.0090787962739006,0.0701414577186107,0.0001331744715571,-0.001603374723345,-0.0003935107961297,still
1783087256474503200,9.993503173828126,0.0042220729619759,0.0018517493635066,0.0592179126441478,0.0002197271678596,0.0001378003507852,0.0013314186362549,still
1783087256484547000,10.003547119140626,0.0100572596594167,0.0038287622246309,0.0622106647193431,0.0019350005313754,0.000808666460216,-4.91372775286e-05,still
1783087256494591000,10.013591064453124,-0.0055559650431503,0.0025088181828847,0.0502396564185619,-0.0001699621789157,-0.0005495455116033,0.0005383559036999,still
1783087256504636200,10.02363623046875,-0.0074469681339891,0.0023336054631625,0.0459001659095287,-0.0004914463497698,-0.0001233434304594,0.0006120556499809,still
1783087256514680000,10.03368017578125,0.0100978508230648,0.0058734152281773,0.061013563889265,0.0011972638312727,-0.0001976452767848,6.770552136e-05,still
1783087256524725000,10.04372509765625,0.0008406612083781,-0.0008746411097934,0.0669990680396556,-7.26240687072e-05,-0.0009476286359131,-0.0001056268811225,still
1783087256534769200,10.05376904296875,0.0031491699045465,-0.0022025903614819,0.0611632014930248,0.0010421751067042,-0.0003217859193682,0.0006847993936389,still
1783087256544813000,10.06381298828125,0.0012728997336031,0.0072647257393924,0.0617617519080638,-0.000194308348,0.000403590966016,0.0002647819928824,still
1783087256554858000,10.07385791015625,0.0065364285895077,-0.0041039396039326,0.065502692002058,-0.0001077556516975,-0.0012150784023106,-0.0012127396184951,still
1783087256564902100,10.083902099609375,0.0149450511089293,0.0061167338812025,0.0553273349463939,0.0011155973188579,0.0004544872790575,3.60282137989e-05,still
1783087256574946000,10.093946044921877,0.0064479294637916,-0.0081119491192977,0.0581704494178295,-0.0010697927791625,-0.0003918656148016,0.0005377677734941,still
1783087256584991000,10.103990966796877,-0.0007416361220704,-0.0008016489388188,0.0607142886817455,0.0014152724761515,0.0007041562348604,-0.0002099969424307,still
1783087256595035100,10.11403515625,-0.0016312573177536,-0.0054107319031609,0.0526338580787181,0.0007667928002774,-0.0002319444902241,-8.85569024831e-05,still
1783087256605080000,10.124080078125,0.008424805327598,0.0069850479981978,0.0720867465674877,-0.0002738290932029,0.0005994546227157,0.0009628584375604,still
1783087256615124000,10.1341240234375,0.0020601239964918,-0.0003380408819066,0.0583200870215892,-0.000552928308025,-0.0002684695646166,0.0011378281051293,still
1783087256625168100,10.144168212890625,-0.0020022837288765,-0.0098967113609309,0.0604150134742259,-0.000570039730519,-0.0007513067685067,0.0004100988153368,still
1783087256635213000,10.154213134765625,0.0055382849684538,-0.0005252294505015,0.0587689998328685,-0.0005053249187767,-0.0016506565734744,0.0004665579181164,still
1783087256645257000,10.164257080078125,-0.004150995899341,-0.0041063461901503,0.0674479808509349,2.96442303806e-05,-0.0002291514538228,0.0014732836280018,still
1783087256655302100,10.17430224609375,0.0095077417260967,-0.0012902909722877,0.0457505283057689,0.0007652093190699,5.55403530597e-05,0.0019918009638786,still
1783087256665346000,10.184345947265625,0.0036468383487983,0.0139458634541486,0.0755284114539623,0.0009340327233076,-0.0006705159321427,-0.0003502839244902,still
1783087256675390000,10.194389892578124,-0.0067560387150268,0.0079417756175855,0.0472469043433666,-0.0008122022263705,2.08406709134e-05,0.0002854126505553,still
1783087256685433600,10.20443359375,0.004483980438573,0.0058247286646859,0.0599661006629467,-0.0005581923760473,-0.0008166120387613,-0.0001283374149352,still
1783087256695477800,10.214477783203124,0.0010333507901086,0.0015969731681281,0.0550280597388744,-0.0002189057413488,7.55470246076e-05,-0.0007483214139938,still
1783087256705522700,10.224522705078124,0.0014989538704627,0.0024983949702815,0.0545791469275951,-0.0004683516453951,-0.0008807997219264,0.0014189555076882,still
1783087256715566600,10.234566650390626,0.0027615748094685,0.0075716522471164,0.0907908625155687,0.0001159459352493,-0.0006698775105178,-0.0002431233879178,still
1783087256725610800,10.24461083984375,0.009048860647474,0.0017781452711788,0.0655021074801683,-0.0008969963528215,-0.0006936034187674,-0.0012742078397423,still
1783087256735655700,10.25465576171875,-0.0040903580323298,-0.0011131739898468,0.0614618921786546,0.0006146137602627,-0.0003756219521164,0.0001955907791852,still
1783087256745699600,10.264699462890626,-0.0047956733113154,-0.0091805441819014,0.0587684153109788,-4.46406193077e-05,0.0001997775398194,0.0008489447645843,still
1783087256755744800,10.274744873046876,0.0046285365834832,-0.015282546284853,0.0538303743869066,0.0012925325427204,0.0001616943627595,0.0013751853257417,still
1783087256765788700,10.28478857421875,-0.0074352731296181,0.0072376801855512,0.0511374820411205,0.0014188268687576,-0.000903473701328,0.0003114663995802,still
1783087256775832600,10.29483251953125,-0.0033825653851788,-0.0008365535721299,0.0337795200049877,-0.0001407200470566,0.0010664667934179,0.0001141261309385,still
1783087256785877800,10.304877685546876,0.0024314112733409,0.005302346475108,0.058469724625349,-0.0005239041056483,-0.0003851233050227,-0.0006757301744073,still
1783087256795922000,10.314921875,-0.0023020886593585,0.0028143998336046,0.0565238512545824,-5.89161645621e-05,8.2794111222e-05,0.0002555772662162,still
1783087256805966600,10.324966552734375,-0.0046809934273274,0.0140128734089084,0.05802022729218,0.0003230150323361,-0.0003077699802815,-0.0018036614637821,still
1783087256816010800,10.3350107421875,-0.0023325049180421,-0.0111134370567975,0.0394651644259691,0.0007168964948505,-0.0004324060864746,-7.12750479578e-05,still
1783087256826054700,10.3450546875,0.0113342504754255,0.0051829510292736,0.0638560938388109,-0.0001713561359792,-0.001937064807862,0.0007692172657698,still
1783087256836099600,10.355099609375,-0.0015396106786589,0.0119215020366711,0.079717679837346,-0.0003636362962424,0.0003188988193869,0.0006120905745774,still
1783087256846143700,10.365143798828123,0.0057049347849853,0.0063779946162947,0.0454506685763597,0.0008228032384067,-0.0002024983987212,0.0001918002963066,still
1783087256856187600,10.375187744140623,0.006292663553555,0.0074870175874093,0.0438046549350023,-6.96219503879e-05,-0.0006664209067821,2.02928204089e-05,still
1783087256866232600,10.385232666015623,-0.0062201497315487,-0.0043845923093729,0.0578705896884202,-0.000825026538223,-4.63784672319e-05,-0.0015987355727702,still
1783087256876276700,10.39527685546875,-0.0066397337003552,-0.0083086681346409,0.0659510202914476,-0.0005632378160953,-0.000586733687669,4.84294723719e-05,still
1783087256886321700,10.40532177734375,7.93693961226e-05,0.0019800838843337,0.054428340280056,0.0004977842327207,0.0003644074313342,-0.0013172349426895,still
1783087256896365600,10.415365478515625,0.003185699097719,-0.0099640934917377,0.0687935502409935,-0.0006721424870193,-0.0019038068130612,0.0007464482914656,still
1783087256906409700,10.42540966796875,0.0029579638896044,-0.0028114566745585,0.0484428361296653,-0.0011422631796449,-0.001715840306133,-0.0010325219482183,still
1783087256916455000,10.435454833984377,0.0012893753735464,0.0059597897538216,0.0402127679228782,-0.0007811386603862,-0.0006708158180117,-0.000191495520994,still
1783087256926498600,10.44549853515625,0.00823777202263,-0.0086033379489905,0.059516018807888,-0.0002197949215769,0.0004372717812657,8.14944505691e-05,still
1783087256936543700,10.455543701171877,0.0082914635548018,0.0117678686778061,0.0610123948454856,-0.0006360469851642,0.0015033353120088,0.0001246375031769,still
1783087256946588000,10.465587890625,0.0047243330996658,0.002737962180085,0.0653518853545188,-0.0005434982012957,0.0003779237158596,-0.0013885865919291,still
1783087256956631600,10.475631591796876,0.0121410767712164,0.0060774955660686,0.0484428361296653,0.0006221674848347,-0.0013842899352312,-0.0002847064752131,still
1783087256966676700,10.4856767578125,0.0092681916409579,-0.0144561464972677,0.0587678307890892,-0.0012417078251019,-7.86208547651e-05,0.0005310464184731,still
1783087256976720600,10.495720703125,0.0047898543502378,0.0066548707623383,0.0587678307890892,0.0005937428213655,-0.0003398768603801,4.60848677903e-05,still
1783087256986765600,10.505765625,-0.0056496278261067,-0.0006560207898961,0.0592167436003684,0.0003810382913798,0.0003374721854925,0.0006328020244836,still
1783087256996809700,10.515809814453124,0.0017570682338206,-0.0055358515535946,0.0590671059966087,0.0005461543332785,0.0016602640971541,-0.0005448479205369,still
1783087257006853600,10.525853515625,0.00629654286094,0.0096229564704466,0.0562239915251731,0.0003844867460429,0.0004150881431996,-0.0003420785069465,still
1783087257016898600,10.535898681640624,0.0135834119334816,0.0063210197150707,0.0592167436003684,-1.7117941752e-05,0.0001647509634494,0.0017892493633553,still
1783087257026942700,10.545942626953124,-0.0090519162584852,-0.0032833896018215,0.0605634820342063,7.26112630218e-05,-0.0007283175364136,0.0004934754688292,still
1783087257036988000,10.55598779296875,0.0085997908601013,0.0158543365571298,0.0584685555815696,-0.00112501217518,0.000172097235918,-0.0002293065190315,still
1783087257047031600,10.566031494140624,-9.9218024197e-05,-0.0127092114983941,0.0560743539214134,-0.0003420668654143,-0.0008577448315918,-0.0005631886888295,still
1783087257057075700,10.57607568359375,-0.010382176198269,0.0016562747404677,0.06460369733572,0.0001231874339282,-0.0003424230962991,-0.0020771957933902,still
1783087257067121000,10.586120849609374,0.0020597740825091,0.0057086736701196,0.0503881249785423,-9.31529793888e-05,-0.0006930981762707,8.81466548889e-05,still
1783087257077164500,10.59616455078125,0.0046270729954703,0.0007822158692753,0.050537762582302,0.0001201662234961,0.0001788209192454,-0.0005121298599988,still
1783087257087209700,10.606209716796876,0.0041425682810018,0.0095096985044539,0.0689437723666429,0.0003180084750056,-0.000323028769344,0.0022285021841526,still
1783087257097254000,10.61625390625,0.0047606910461909,0.0065310229036724,0.0613122545748949,0.0001198691315948,-1.2504402548e-05,-0.0013611726462841,still
1783087257107297500,10.626297607421876,0.0078379704665276,0.00673317386267,0.0744803637057542,0.0010163590777665,-0.0001621400006115,-0.0003912183456122,still
1783087257117342700,10.6363427734375,-0.0063493416272569,0.0084869906934793,0.0643050066500902,0.0006272711325436,-0.0011533685028553,-0.0008050736505538,still
1783087257127386600,10.64638671875,0.002041900499101,0.0024023164679529,0.0647539194613695,0.0002807707060128,-0.0005575022660195,0.0004074312746524,still
1783087257137430800,10.6564306640625,0.0077707858401874,-0.0004988643166725,0.0659504357695579,-0.0017253884579986,-0.0012408690527081,0.0004029038827866,still
1783087257147475700,10.666475830078124,-0.0030078035138547,0.0015578376009827,0.04545008405447,0.0001084173563867,0.0011425726115703,0.0002113014925271,still
1783087257157519600,10.67651953125,-0.007993333416531,-0.0042777275515487,0.0631073212981224,-2.580601722e-05,-0.0002574510872364,0.0013966745464131,still
1783087257167564500,10.686564453125,0.0111646124048973,0.0124104317645076,0.0698410134673118,-0.0002670038957148,3.51117923855e-05,0.0001132381148636,still
1783087257177608700,10.696608642578123,-0.0022868882361159,-0.0012062568174907,0.0677460870146751,-0.000132248038426,0.0007267347536981,-0.0012779973912984,still
1783087257187652600,10.706652587890623,-0.0200757627776009,-0.0134981493694009,0.055026890695095,0.0002799518406391,-0.0005343682132661,-0.0006246694829314,still
1783087257197697500,10.716697509765623,0.008650018643419,-0.0057063698318903,0.0672971742033958,-0.0003879687283188,0.0003066579811275,-0.0007415823638439,still
1783087257207741700,10.72674169921875,0.0019637195547111,-0.0052394943889463,0.069092825448513,0.001321367919445,-0.0005135927349328,-0.0006014131940901,still
1783087257217787000,10.736786865234375,-0.0012202328272047,-0.0107945666662417,0.0617611673861741,0.0006068418733775,-0.0016899108886718,0.0005144514143466,still
1783087257227830500,10.74683056640625,-0.0113177034827123,-0.0002829085946083,0.0632575434237718,0.0012456714175641,-0.0007296130061149,-0.0003814776428043,still
1783087257237874700,10.756874755859377,-0.0134915826312964,-0.0002758212666958,0.0560743539214134,-0.0006560918409377,0.0002435059286653,0.0009085575584322,still
1783087257247919900,10.766919921875,-0.0027876568155072,-0.0042573948662844,0.0556254411101341,3.82212456315e-05,-0.0002141576260328,7.48655293136e-05,still
1783087257257963800,10.7769638671875,0.007550563793315,-0.0010801530696568,0.0502384873747825,-0.0005290322005748,-0.0005611679516732,-0.0010737557895481,still
1783087257268008700,10.7870087890625,0.0041703684617357,0.0112550580341718,0.0741810884982347,0.0006326078437268,0.0004722410812973,1.688930206e-05,still
1783087257278052600,10.797052490234377,0.0026523057487152,0.0083669490769621,0.0502384873747825,-0.0015591736882925,-0.0001064641401171,-0.0016268137842416,still
1783087257288096800,10.8070966796875,0.0039941248371964,-0.0078290724907303,0.060114569222927,-0.0014009667793288,-5.13424165546e-05,-0.0005301174242049,still
1783087257298141700,10.8171416015625,-0.0036478230170207,-0.0009864834368345,0.0577203675627708,-2.78409570455e-05,-0.0001349658705294,0.0006259607616811,still
1783087257308185600,10.827185546875,0.0039535713478107,0.005365184861538,0.0586181931853294,0.0013263775035738,0.0003796713426709,0.0018288330174982,still
1783087257318230500,10.83723046875,0.0005746626493753,0.0084048379685147,0.0575713144809007,-0.0008856442291289,0.0004124282859265,-0.0024567255750298,still
1783087257328274700,10.847274658203125,-0.0066319214283023,-0.0011940115405595,0.0738812287688255,7.91798811405e-05,-0.0007224692963063,0.0001930799335241,still
1783087257338318600,10.857318603515624,-0.0135895197305711,-0.0082103771256282,0.0617611673861741,0.0007337848655879,0.0027721305377781,-0.0002263679634779,still
1783087257348363500,10.867363525390624,-0.028300401324022,0.0571525410795584,0.1090799679219722,0.2739678025245666,0.2126600742340088,-0.0021362260449677,still
1783087257358407700,10.87740771484375,-0.238958211059682,0.6031313130885362,0.7656880196541548,0.0470507703721523,0.0724228098988533,-0.0035040255170315,still
1783087257368452900,10.887452880859374,0.2296566776964813,-0.7119647589035332,-0.8454676588118076,-0.0685389414429664,-0.0387670993804931,-0.0038800637703388,still
1783087257378496800,10.897496826171874,0.1357558573336806,-0.1602724863522686,0.30285832670331,-0.0283172633498907,-0.0137522174045443,0.0077413637191057,still
1783087257388540700,10.907540771484374,-0.1219411208623554,0.1371790494040586,-0.1547328810721635,-0.0717167556285858,-0.0510244518518447,0.0032805074006319,still
1783087257398585900,10.9175859375,-0.0670374135889345,0.0309040878662606,-0.1152338143765926,-0.0763083100318908,-0.0656025931239128,-0.000896660843864,still
1783087257408629800,10.927629638671876,0.1787092383347451,0.0372836419686907,0.1859779141634702,-0.0175911225378513,-0.0635048151016235,0.0038362774066627,still
1783087257418674700,10.9376748046875,-0.0043891851444554,0.0981645696213468,0.2176987480729818,0.0028805970214307,-0.0056622880510985,0.0014197248965501,still
