time,seconds_elapsed,accel_x,accel_y,accel_z,gyro_x,gyro_y,gyro_z,label
1783086921691903200,0.0679033203125,-0.0338353669616277,-0.0142139146896312,0.0415986693233251,-0.0026022794190794,-0.0029188641346991,0.0010819325689226,still
1783086921701948200,0.0779482421875,-0.0697412839864613,-0.0062691388307837,0.0074807111442089,0.0002184163313359,0.0064293551258742,0.0001702052541077,still
1783086921711992300,0.087992431640625,0.0003238068605773,-0.0170638835935387,0.0694318481445312,0.0017713056877255,0.003856475232169,0.0007182838162407,still
1783086921722036200,0.0980361328125,0.0316407886599539,-0.0275883874470135,0.0854436562687158,0.0005992141086608,-0.0013973740860819,0.0003161206841468,still
1783086921732080000,0.108080078125,0.002750619019792,-0.0407706438342342,0.0638958413273096,-0.0006764400750398,-0.0029438720084726,0.0006764464778825,still
1783086921742125300,0.118125244140625,-0.0042704455732804,-0.0334446985600516,0.0585077185481786,-0.0026134103536605,-0.0013820119202136,0.0004830155521631,still
1783086921752169200,0.128169189453125,-0.0068501364644675,-0.0261838498447556,0.0781096601188182,0.0001695929095149,-0.0001148800365626,-0.0010371168609708,still
1783086921762213000,0.138213134765625,-0.0101185705257521,-0.0209264225068967,0.06419336296916,0.0001375214196741,-0.0027783690020442,-0.0003826110623776,still
1783086921772258000,0.148258056640625,-0.0232892106820596,-0.0215448010004125,0.0579085836112499,-0.0009543746709823,0.0001873271539807,-0.0003021836746484,still
1783086921782302200,0.15830224609375,-0.0110562463847978,-0.0083852633350761,0.0612006108939647,0.00032430421561,0.0006835563108325,0.0010361465392634,still
1783086921792346000,0.16834619140625,-0.0183801846482732,-0.017834393042,0.0617991613090038,-0.000355867203325,4.49302606284e-05,0.0015639850171282,still
1783086921802391000,0.17839111328125,-0.0124504463977762,-0.0380166004523169,0.0528209050834178,-0.0001519166398793,0.0007627443410456,-7.36385118216e-05,still
1783086921812435200,0.188435302734375,-0.0101571569619816,-0.0294786764393327,0.042495910423994,-9.19955782592e-05,-0.0005944026634097,0.0007181192049756,still
1783086921822479400,0.198479248046875,0.0097928308613481,-0.0413746010767528,0.0739203917354345,-0.0001120690722018,-0.0019410168752074,-0.0007320528384298,still
1783086921832523000,0.20852294921875,0.0060527321592147,-0.0324846487557049,0.069730538830161,-3.82994767278e-05,-0.0019956119358539,-0.000876396195963,still
1783086921842568200,0.218568115234375,-0.0027551484936149,-0.0318481363838771,0.0612011954158544,0.0005083580035716,-0.0009240000508725,0.0013874544529244,still
1783086921852612400,0.2286123046875,-0.0020076340449624,-0.0130522687654243,0.0504267034232616,-0.0012357461964711,-0.0008403770625591,-0.0013015393633395,still
1783086921862656000,0.238656005859375,-0.0067798437114775,-0.0228086149577284,0.0580582212150096,0.0008217350114136,0.0008807224221527,0.0002222387120127,still
1783086921872701200,0.248701171875,-0.0051712177798181,-0.0146963050788268,0.0597048193782567,-0.0010110524017363,-0.0008274293504655,0.0018270595464855,still
1783086921882745300,0.258745361328125,-0.0175254618068574,-0.0212658059625187,0.0478852022469043,0.0011187437921762,-0.0006088963709771,0.0003594448789954,still
1783086921892789200,0.268789306640625,-0.0003553088230051,-0.027119153366913,0.0540215130448341,0.0003094088751822,0.000629473477602,0.0001357393339276,still
1783086921902834200,0.278834228515625,-0.0003121683675999,-0.0349879779127193,0.0594108048677444,0.0005697347223758,-0.0009085442870855,3.415625542402268e-07,still
1783086921912878300,0.28887841796875,0.0068912299516145,-0.0252606660186545,0.0592629208296537,-0.0008558554109185,-0.0007586083374917,-0.0003003291785717,still
1783086921922922200,0.298922119140625,0.0056905671912711,-0.0199526273049879,0.0621066198229789,-0.0003858550917357,-0.0004360079765319,0.0007124248659238,still
1783086921932967200,0.30896728515625,-0.0124451194853987,-0.0214709914121078,0.0618079291373491,-0.000255626393482,-0.0007129763253033,0.0002037610393017,still
1783086921943011000,0.319010986328125,-0.0174063997211633,-0.0146263040159596,0.0502864181697368,-0.0007603899575769,0.0002563316375017,0.0002318979240953,still
1783086921953055200,0.32905517578125,-0.0160388902106438,-0.0163569865663535,0.0535790299743413,0.0001085994299501,-4.8067420721e-05,-0.0006032693199813,still
1783086921963099100,0.33909912109375,-0.0056505639744456,-0.029043029535003,0.0773719934940338,0.0001911707222461,-0.0013512102887034,-2.00173817574e-05,still
1783086921973144000,0.34914404296875,-0.0078329672103136,-0.0202576655330136,0.0604641133129596,0.001602646196261,-0.000743743032217,0.0016457898309454,still
1783086921983188200,0.359188232421875,-0.0004067444660089,-0.0128211771230213,0.0516378327786922,0.0002396709751337,-0.0003773677162826,0.0018527487991377,still
1783086921993232100,0.369232177734375,-0.0074760971887066,-0.0211030531488591,0.0607668956518173,-5.80705236643e-05,0.0005584671162068,-0.0004106718115508,still
1783086922003277000,0.379277099609375,0.0087597974483593,-0.023619282886642,0.0695966833174228,-0.0006288702134042,-0.0004479489289224,-0.0003897482529282,still
1783086922013321200,0.3893212890625,0.0005599571289436,-0.0160339605904882,0.0636111791670322,-0.0003902509342879,-0.0009747222065925,-0.0006014695391058,still
1783086922023365400,0.399365478515625,-0.0076077396239386,-0.0239911255734507,0.0573269843310117,0.0006737583316862,-0.0011706282384693,-0.0012440064456313,still
1783086922033410000,0.40941015625,-0.0080552619124413,-0.0257635603397618,0.0609188713431358,-0.0004982990212738,0.0001255320385098,-0.0005603728350251,still
1783086922043454200,0.4194541015625,-0.0105918745678383,-0.0206369015084113,0.0504454081237316,-0.0003015273250639,0.0006720512174069,4.41449228674e-05,still
1783086922053498400,0.429498291015625,-0.0067207561974471,-0.0210704249543137,0.0496978046268224,4.60152514278e-05,0.0012952308170497,-0.0001340203452855,still
1783086922063542000,0.4395419921875,-0.0014979617815522,-0.0212921870793681,0.0624175854682922,2.51547899097e-05,0.0002142051234841,-0.0011677027214318,still
1783086922073587200,0.449587158203125,0.0103511679970077,-0.0218615798985818,0.0531412230789661,-0.000360470963642,0.0021649706177413,0.0007801331812515,still
1783086922083631400,0.45963134765625,-0.0029530045866966,-0.0341399508152157,0.0694523064106702,0.0008539238478988,-0.0003272495232522,0.0001164902932941,still
1783086922093675300,0.46967529296875,-0.000847826168104,-0.0216565816786605,0.0606248568326234,0.0009159753099083,0.0003459975123405,-0.0016819422598928,still
1783086922103720200,0.47972021484375,-0.0027941150974016,-0.017685568288993,0.0708013829320669,-0.0015134073328226,-0.0005292920395731,-0.0014148738700896,still
1783086922113764000,0.48976416015625,-0.0095788376258627,-0.0213758787408703,0.0696048666238784,0.0003324295394122,-0.0002224962227046,-0.0003655883483588,still
1783086922123808300,0.499808349609375,-0.0179722397432662,-0.019849299361254,0.0612257453352212,0.0002259858883917,-0.0010676463134586,0.0003071934916079,still
1783086922133853200,0.509853271484375,-0.0006575494516349,-0.0171623892316827,0.0583832153856754,-0.0007748301140964,-0.0011270348913967,0.0011423608520999,still
1783086922143897000,0.51989697265625,-0.0057833292168623,-0.0250789801756618,0.0520996050715446,-1.7745885998e-05,-0.0013096728362143,0.0010733507806435,still
1783086922153941200,0.529941162109375,-0.0042156300922797,-0.0264935779476305,0.0604804799258708,0.001045387936756,2.9988586902e-06,-0.0001828621607273,still
1783086922163985200,0.539985107421875,-0.0085206509344861,-0.0178038517732638,0.0562917960643768,-0.000469293212518,0.0006477585993707,0.0008313951548188,still
1783086922174030000,0.550030029296875,-0.0089291506786306,-0.018603199157142,0.0613800591140985,-0.0005356059409677,-0.0003530574031174,0.0007419129833579,still
1783086922184074200,0.56007421875,-0.0029553049999929,-0.0143956005326239,0.0585375291645526,0.0002424686681479,0.0005614813417196,0.0008919859537854,still
1783086922194118100,0.5701181640625,0.0029131920244719,-0.0224539882672019,0.0485129787564277,-0.0001333034597337,0.0003036870621144,2.91217584162e-05,still
1783086922204163000,0.5801630859375,-0.0099672900958219,-0.0075413872563047,0.0588379734158515,-3.48140019923e-05,-0.0002291188575327,0.0002509173937141,still
1783086922214207200,0.590207275390625,-0.0166855415256402,-0.0237138704014942,0.047466100051999,-0.0008609264623373,-0.0008019651286303,0.0018038067501038,still
1783086922224251400,0.60025146484375,0.0040511248545954,-0.0169898502429481,0.0688648619115352,0.0012095940764993,0.0002703131176531,-0.0007824490312486,still
1783086922234296000,0.610296142578125,-0.0145621276223915,-0.0241042899246094,0.051358431315422,-0.0005821806844323,-0.0017361128702759,6.1129685491e-06,still
1783086922244340200,0.62034033203125,-0.0040017727124679,-0.0263738559915218,0.063330024138093,-0.0006586271338164,-0.0009514866396784,-0.0001656780950725,still
1783086922254384000,0.630384033203125,-0.0114226548446633,-0.0095161898940335,0.0634802462637424,0.000195448519662,5.30579127371e-05,-0.0003819267731159,still
1783086922264428000,0.640427978515625,0.0050486388588091,-0.0167788789399666,0.0468704722464084,-0.0002160326112061,0.000231597572565,0.0007384126074612,still
1783086922274473200,0.65047314453125,0.0011274331273511,-0.0120067509010201,0.0522580105036497,-0.0009510652162134,-0.0010749492794275,-0.0003798487596213,still
1783086922284517000,0.66051708984375,0.0001294499073235,-0.0213869389910018,0.0652764820307493,0.0006626916583627,-0.0012659970670938,-0.0017448063008487,still
1783086922294561000,0.67056103515625,-0.0055719788879679,-0.0137926890362985,0.0549520718932151,-0.0001423817593604,0.0008557434193789,0.0006528376834467,still
1783086922304606200,0.680606201171875,-0.0115098639123025,-0.0186355350907426,0.0646791006594896,0.0003125329967588,0.001354195177555,-0.0010147872380912,still
1783086922314650000,0.690650146484375,0.0008375547941948,-0.0199611257052747,0.0513619384467601,0.0005309123080223,-0.0003518257290124,0.0002659268211573,still
1783086922324694300,0.7006943359375,-0.0192561945896013,0.0041405612702947,0.0542056374400854,4.60625160485e-05,-6.49378634989e-05,0.001480167848058,still
1783086922334739200,0.7107392578125,-0.0022228328568453,-0.0179723128085024,0.0510632477611303,-0.000688969856128,0.0002652942202985,-0.0006628779228776,still
1783086922344783000,0.720783203125,-0.0069239688856585,-0.0313064763883827,0.0462754289627075,0.0002470498438924,0.0004313345998525,-0.0015804104041308,still
1783086922354827300,0.7308271484375,-0.0101830974041251,-0.0141423518573399,0.0670756404072046,-0.0003356498200446,0.0012236251495778,-0.0006006334442645,still
1783086922364872200,0.7408720703125,-0.0120271600764535,-0.0086652447536587,0.0735106418907642,-0.0003442494198679,0.0003151213750243,0.0003745374269783,still
1783086922374916000,0.750916015625,-0.0094473099258844,-0.0022396412861067,0.0591460164517164,0.000156158581376,0.0004807701334357,-0.0013666371814906,still
1783086922384960300,0.760960205078125,-0.0030885508746665,-0.0149338401617482,0.0563034865021705,0.0016010806430131,-0.0004075518809258,-0.0006672700401395,still
1783086922395004200,0.771004150390625,-0.0059594826515007,-0.0175392642866354,0.0548082795083522,0.0008098552934825,0.0005586431361734,0.0008829559665173,still
1783086922405049000,0.781049072265625,-0.0088875423098972,-0.0179894283400848,0.0554062454015016,-0.0006072947289794,2.06376425921e-05,0.0018837589304894,still
1783086922415093200,0.79109326171875,-0.004575476380618,-0.0156464591102441,0.0622901596963405,0.0005402613896876,0.0009426241740584,0.0001479105558246,still
1783086922425137200,0.80113720703125,-0.0045266128622577,-0.0131335721070179,0.0661819064378738,0.0014206217601895,-0.0007340000011026,-0.0003802743740379,still
1783086922435182000,0.81118212890625,-0.0124073013757937,-0.0111345757429488,0.0601964022874832,-0.0010822170879691,0.0004950487054884,-0.0010138405486941,still
1783086922445226200,0.821226318359375,-0.0063860968660039,-0.0131628575670067,0.065433718419075,0.0002107270993292,0.0003890786319971,1.10496766865e-05,still
1783086922455270100,0.831270263671875,-0.0012582861155387,-0.0083678509759716,0.0636380671739578,0.0001960797235369,-0.0003451546654105,0.000808666460216,still
1783086922465315000,0.841315185546875,-0.0095227280910301,-0.0103620661336462,0.0495727169424295,7.30147585272e-05,-0.0009369715116918,0.0005427754949778,still
1783086922475359200,0.851359130859375,-0.0005874330826918,-0.0046755905956029,0.0625917729914188,0.0003683592658489,-0.0005124635063111,-0.000386934261769,still
1783086922485403100,0.861403076171875,-0.0132205608373042,-0.0100920900858473,0.0582528670042753,-0.0009414018131792,-0.0004321192391216,0.0008787310216575,still
1783086922495447000,0.871447021484375,-0.0160946298527182,-0.0186553312031785,0.039248891326785,0.0003696721978485,0.0002035773359239,0.0006025612819939,still
1783086922505492200,0.8814921875,-0.0030932247664954,-0.0089804801487131,0.0552606994509696,-0.0014310176484286,0.0005664373748004,-0.0005413310136646,still
1783086922515536100,0.8915361328125,-0.0097131166886421,-0.0105363221554318,0.0648375060915947,0.0005604941397905,-0.0002072108909487,0.0009412508225068,still
1783086922525580300,0.901580322265625,-0.0040536707214196,-0.0219813520870404,0.056757660010457,0.0001573159825056,0.0007326179184019,-0.0007393399719148,still
1783086922535625200,0.911625244140625,0.0011088209000707,-0.0159085623788414,0.0537654924571514,0.0001360108144581,0.000482547096908,-0.0002916625235229,still
1783086922545669000,0.921669189453125,-0.0037666887398925,-0.005793826636346,0.0573567949473857,-0.0004835450090467,-0.0003829607740044,0.0008634426631033,still
1783086922555713300,0.93171337890625,-0.0122979478333611,-0.0181805624314351,0.0681312869399786,0.0004546865820884,-4.31411899626e-05,-0.0008644161280244,still
1783086922565758200,0.94175830078125,-0.0043854017351928,-0.0135729773044353,0.060200493940711,0.0011491952463984,-0.0014661606401205,0.0006204615347087,still
1783086922575802000,0.951802001953125,-0.0134816571756149,-0.02361806817709,0.0615478168964385,-0.0008721442427486,0.0004923283122479,0.0004252518992871,still
1783086922585846300,0.96184619140625,-0.0121464287997689,-0.0102959055622573,0.0605003536701202,-0.00105696846731,-0.0006584795191884,0.0011862535029649,still
1783086922595890000,0.971889892578125,-0.0059785983439243,-0.0099419318922795,0.0501753590106964,0.0001822004560381,0.0011210446245968,-0.0005490623880177,still
1783086922605935000,0.98193505859375,-0.0021478393833851,-0.0069012581552844,0.0539174681484699,0.0006242191884666,-2.28271819651e-05,-0.0002092437352985,still
1783086922615979300,0.991979248046875,-0.0091788705313345,-0.008424389769067,0.0569108047455549,-0.0004687421023845,0.0003337697125971,-0.0006225663237273,still
1783086922626023200,1.002023193359375,0.0024917711499612,-0.0058892224353738,0.0546662406891584,0.0006764919962733,0.0001000482589006,0.000420079100877,still
1783086922636068000,1.012068115234375,-0.0010260859365051,-0.0186148667620494,0.0730722504734993,-0.0004811841063201,0.0002427939325571,0.0005071645136922,still
1783086922646112300,1.0221123046875,-0.0030917417705291,-0.001324599667266,0.0552653756260871,5.62174245715e-05,0.0013919565826654,-0.0003594576846808,still
1783086922656156200,1.03215625,0.0004840902975818,-0.0135709451775532,0.0676858812600374,-0.0002910587936639,0.0008888854645192,-0.0003176459576934,still
1783086922666201000,1.042201171875,-0.0056772168026422,-0.0148550804036902,0.0631973376691341,0.0002255425788462,0.0009590913541615,0.001063481089659,still
1783086922676245200,1.052245361328125,-0.0084137496440438,-0.0014874529456254,0.0564636454999446,0.0007658977992832,-0.0002832734026014,-0.0003586469683796,still
1783086922686289200,1.0622890625,-0.0010598420756345,-0.0126524146936833,0.0570621959149837,0.0001221962738782,0.0018273722380399,-0.0008104084990918,still
1783086922696333000,1.0723330078125,0.0020415374562086,-0.0030224987594876,0.0748696552842855,0.0003107481170445,-0.0007503014057874,0.0011435527121648,still
1783086922706378200,1.082378173828125,-0.0013742372204724,-0.0099794645908055,0.0531722027391195,0.0005679836031049,0.0002675456926226,-0.000677504343912,still
1783086922716422100,1.092422119140625,-0.0111272383949311,-0.0059958748473552,0.0462894574880599,0.0001932769082486,0.0011826078407466,-0.0007760412991046,still
1783086922726466300,1.10246630859375,-0.0019669184420839,-0.0124319905757671,0.0455412694692611,-0.0010893852449953,-0.0013331337831914,0.0002724218647927,still
1783086922736511200,1.11251123046875,-0.006325250648905,-0.020694417549041,0.0530237341791391,0.0008153074886649,7.40801915526e-05,-0.0009193425066769,still
1783086922746555100,1.12255517578125,-0.0140732435603276,-0.0141172311158152,0.0516775802671909,0.0002358162309974,-0.0001099808141589,0.0004464003723114,still
1783086922756599300,1.132599365234375,-0.0078399946018995,-0.015689750262699,0.0473380897581577,-0.0003780424594879,0.0001230458728969,-0.0009893097449094,still
1783086922766644200,1.142644287109375,-0.0183337288577749,-0.0189454686895944,0.0603565612852573,-0.0001702383160591,0.0009664413519203,-0.0007273268420249,still
1783086922776688000,1.152688232421875,-0.0067599214473448,-0.0121839203990995,0.0534738160341978,0.0003863621968775,0.0009118467569351,0.0005001241806894,still
1783086922786732300,1.162732177734375,0.0005857365992385,-0.0177588253214489,0.0391091905951499,0.0004585655406117,-0.0003643776290118,-0.0010413427371531,still
1783086922796776000,1.17277587890625,-0.0072937189384363,0.0008237009404227,0.051229836499691,0.0002234082203358,0.0004063411615788,0.0004814525600522,still
1783086922806821000,1.182821044921875,-0.0083641760229191,-0.0187886661261087,0.0672416446238756,-0.0008111651986837,-0.0001416057348251,0.0001435109879821,still
1783086922816865300,1.192865234375,-0.0153719827005523,-0.0159235087862238,0.0531762943923473,0.0005971144419163,0.0007108720019459,2.73971818387e-05,still
1783086922826909200,1.2029091796875,0.0015921508625382,0.0027015368765452,0.0474900654494762,0.000460579060018,-0.0013836422003805,-0.0011036631185561,still
1783086922836954000,1.2129541015625,-0.0104908904198848,-0.0162293644315795,0.0450964483112096,-0.0003948281519114,0.0015112138353288,-6.174435839e-06,still
1783086922846998300,1.222998291015625,0.0001400854657695,-0.0088570135992486,0.0569178190082311,-0.0013700338313356,0.0008688862435519,-0.0005310997366905,still
1783086922857042200,1.233042236328125,0.0055234407382376,-0.001777220539283,0.0614069471210241,0.0011170923244208,0.0004529003053903,-0.0001550612505525,still
1783086922867087000,1.243087158203125,-0.0104954695552354,-0.0063089593845186,0.0600607932090759,-0.0004289699718356,0.000732384622097,-0.000609194394201,still
1783086922877131300,1.25313134765625,0.0027068980382522,-0.0084026574278716,0.0603600684165954,0.000348406843841,0.0012354557402431,-0.0003660477232187,still
1783086922887175200,1.263175048828125,0.0045075063029886,-0.0184472277107182,0.0647001434475183,-6.10903371125e-05,0.0004904479719698,-0.000808595912531,still
1783086922897219000,1.273218994140625,0.0039476165310596,-0.010942651633732,0.0582657264858484,-2.70018354058e-05,-0.0002038381062448,-0.0005803629755973,still
1783086922907264300,1.28326416015625,0.0033657683723606,-0.0094757665520999,0.0525794975429773,-0.000378290656954,-0.0007273964583873,-0.000530305551365,still
1783086922917308200,1.29330810546875,-0.0063711127843591,-0.0152680588184855,0.0548240615993738,-0.0002555190585553,-0.0010746726766228,0.0008910235483199,still
1783086922927352000,1.30335205078125,-0.0083282359182136,-0.0167363778053782,0.0711345604091882,-0.0005453829653561,0.0011684419587254,0.000149228144437,still
1783086922937397200,1.313397216796875,-0.0032284913516079,-0.0060176893869414,0.0552729744106531,-0.0002596257254481,-0.0003263903781771,-0.0007892698049545,still
1783086922947441200,1.323441162109375,-0.0058643117564031,-0.0089470299702603,0.0582657264858484,0.0001178639940917,0.0006936979480087,0.0008678333833813,still
1783086922957485300,1.3334853515625,-0.0079830746007093,-0.0173674559502629,0.0603612374603748,0.0003828485496342,0.001321405172348,-4.29677311331e-05,still
1783086922967530200,1.3435302734375,-0.0088313391602307,-0.0091531515681883,0.0483908136814832,-0.0002882629632949,0.001228904351592,0.0004031532444059,still
1783086922977574100,1.35357421875,-0.0042725090953812,-0.009891430114326,0.0629056612461805,-0.000321818748489,0.0008989386260509,0.0001256519462913,still
1783086922987618300,1.363618408203125,-0.0024762676201527,0.000882892914908,0.0597638560891151,-0.0006654560565948,-0.0007565263658761,-0.0001831110566854,still
1783086922997662000,1.373661865234375,0.003422654225328,-0.0127873296523466,0.0606616817116737,-0.0005464127752929,-0.0007562600076198,0.0013218412641435,still
1783086923007707100,1.38370703125,-0.0061848843386338,-0.0055353309637866,0.0638046559125185,-9.79243777692e-05,0.0006524962373077,0.0008438267977908,still
1783086923017751300,1.393751220703125,0.0076182781426177,-0.0044003949499921,0.0630558833718299,-0.0008768991101533,0.0005297246389091,0.0011953640496358,still
1783086923027795200,1.403795166015625,-0.005344242538209,0.0056938185942824,0.0756260266095399,0.0002903703134506,-0.0001251101493835,0.0018728580325841,still
1783086923037840100,1.413840087890625,-0.0265600810123141,-0.0084245130666531,0.0654506695538759,-0.0009173731086775,0.0016251192428171,-9.22884792089e-05,still
1783086923047884300,1.42388427734375,-0.0029334961686283,-0.0199340048029087,0.0573708234727382,-0.0003375736996531,-0.0006008236669003,0.0010382605250924,still
1783086923057928200,1.43392822265625,-0.0041129460359399,-0.0121791528924368,0.0584182866990566,0.0003535165451467,0.0004250258207321,0.0015495874686166,still
1783086923067973000,1.44397314453125,-0.0111545042861253,-0.0235140917793847,0.0581195960134267,0.0008545340970158,0.0005596172995865,0.0010870782425627,still
1783086923078017300,1.454017333984375,0.0040993205110309,-0.002458416869631,0.0641051001638174,0.0002798237837851,1.50008127093e-05,-0.0004716699477285,still
1783086923088061200,1.464061279296875,0.0064389447230263,-0.0036657148667378,0.0653022009938955,-0.0006261363159865,0.0004002680070698,0.0026924777776002,still
1783086923098105000,1.47410498046875,-0.0078372683552734,-0.0042433046921389,0.0576712677240371,0.0003501784522086,5.56549057364e-05,0.0008594241226091,still
1783086923108150300,1.484150390625,-0.0153136949083651,-0.0134694027655292,0.0572223549127578,-0.0006751560140401,0.0002490193583071,6.57909549772e-05,still
1783086923118194200,1.494194091796875,-0.0011283864003547,-0.013950998570281,0.054528878045082,-0.000403247307986,0.0006487597711384,0.0001360983587801,still
1783086923128238000,1.504238037109375,-0.0135422145567019,-0.0165286533388309,0.0612625702142715,-4.34662215411e-05,0.000157993286848,-0.0019382629543542,still
1783086923138283300,1.514283203125,-0.0163834567314595,-0.0110757673609536,0.0662011956602335,0.0001813045237213,0.0004512071609497,-0.0017595649696886,still
1783086923148327200,1.5243271484375,-0.0128025169466796,-0.0146678964016726,0.0552782351076602,-0.0003129360266029,-0.0003936765715479,0.0001457189209759,still
1783086923158371300,1.534371337890625,-0.0075690584312309,-0.0050748510122997,0.0437561396181583,0.000275622587651,0.0005719857290387,-0.0003264595288783,still
1783086923168416300,1.544416259765625,-0.0075173545018129,0.0015144048846326,0.0507891069948673,-0.0005185741465538,0.0006717168726027,-0.0011196071282029,still
1783086923178460200,1.554460205078125,-0.0188651551536226,-0.0094099256411194,0.0467488916933536,0.0013538945931941,0.0006951526738703,0.0006007947959005,still
1783086923188504300,1.56450439453125,-0.0114268355461477,0.0035958234017249,0.0537824435919523,-5.12367114424e-05,0.0001394432038068,0.0006798449903726,still
1783086923198549200,1.57454931640625,-0.0099562675199529,-0.0106881699825869,0.0552788196295499,-0.000416888622567,0.0014222878962755,-0.0010844992939382,still
1783086923208593200,1.58459326171875,-0.0051453852230624,-0.0145446901471121,0.0641080227732658,-0.0014368973206728,0.000182338990271,0.0005309642292559,still
1783086923218637300,1.59463720703125,-0.0098893740129133,-0.0121170565748121,0.0630605595469474,-0.000172961037606,-7.25253485143e-05,-0.0003337643574923,still
1783086923228681000,1.604680908203125,-0.0108037100955669,7.62572737177e-05,0.0576736058115959,0.000148985767737,-0.0007270574569702,0.0003676766064018,still
1783086923238726100,1.61472607421875,-0.0223189728438388,-0.0086905572914285,0.0654547612071037,0.0012518006842583,-0.0001310422085225,-0.0015513971447944,still
1783086923248770300,1.624770263671875,-0.0104945722228032,-0.0024381047339644,0.0597685322642326,-0.0007066584657877,0.0011573224328458,0.0011805091053247,still
1783086923258814200,1.634814208984375,-0.0032570929666515,-0.0014003180848667,0.0651554859995841,-0.000436347676441,-0.00033591222018,0.0004412156995385,still
1783086923268859100,1.644859130859375,-0.0180549484490125,-0.0094697615029988,0.054381578528881,0.0007830325048416,-0.0002484344877302,-0.0007442303467541,still
1783086923278903300,1.6549033203125,-0.0071914607154263,-0.0079445292636752,0.0506406384348869,-0.0003860953729599,-0.0008361940272152,0.0007202420383691,still
1783086923288947200,1.664947265625,-0.001313902460027,-0.0099307255116757,0.0448053564101457,0.0005143501330167,0.000966690480709,-0.0013785636983811,still
1783086923298992000,1.6749921875,-0.0108256604908267,-0.0114626706195762,0.0641086072951555,0.0005111542996019,-0.0003070994280278,0.0011943159624934,still
1783086923309036300,1.685036376953125,-0.0057277573965024,-0.00785703820989,0.0653057081252336,-6.46649859845e-05,0.0024541995953768,-0.000436122296378,still
1783086923319080200,1.695080078125,-0.0048007022545265,-0.0048158027838915,0.0666530310809612,0.0001891343854367,-0.000682471320033,-2.9457733035e-05,still
1783086923329124000,1.7051240234375,-0.014583769773686,-0.0166881090837065,0.0611158552199602,-0.0015602188650518,3.45511361956e-05,0.0004683677107095,still
1783086923339169300,1.715169189453125,-0.0115626170128467,-0.0034502637514611,0.0736854139357805,0.0010869631078094,-7.14426860213e-05,-0.0001548118889331,still
1783086923349213200,1.725213134765625,0.0004441921120334,-0.0083053254000842,0.0660544806659221,0.0002711596898734,0.0015386049635708,0.0013242271961644,still
1783086923359257300,1.73525732421875,0.0059096030696993,-0.0176844129449455,0.0558791236102581,-0.000215666135773,0.0004395181313157,-0.000298703322187,still
1783086923369302300,1.74530224609375,-0.014128936394985,-0.015256875270768,0.0594710106223821,0.0007665257435292,-0.0004558553919196,0.0006499257870018,still
1783086923379346200,1.75534619140625,0.0023190049740078,-0.0077758170666871,0.0590220978111028,-0.0012902336893603,0.000623523723334,-0.0008941751439124,still
1783086923389390000,1.76539013671875,-0.0081951395989453,-0.0052146567752119,0.0500438415855169,5.01351896673e-05,0.0004831752739846,0.0002067757304757,still
1783086923399435000,1.77543505859375,-0.0085180194443382,-0.0134810658038593,0.0579752191066741,0.00051752012223,0.0004525487311184,0.0009756303625181,still
1783086923409479200,1.785479248046875,-0.0155105497793818,-0.0126039039434166,0.0678513009548187,0.0005830286536365,0.0003529828973114,0.0008976692333817,still
1783086923419523000,1.795523193359375,-0.012679082363256,-0.0172994504816597,0.0611176087856292,-0.0003767744638025,0.0009399433620274,0.0006140426266938,still
1783086923429567000,1.80556689453125,-0.0026785555764683,-0.0133540144912432,0.0606692804962396,0.0015832395292818,0.0005359854549169,0.0013540652580559,still
1783086923439612200,1.815612060546875,-0.0025881795874971,-0.0085028412831597,0.0656073214203119,0.0004482001531869,0.0008009700104594,-7.17912334948e-05,still
1783086923449656000,1.825656005859375,-0.0068788636603858,-0.0105123179420479,0.0638122546970844,-0.001084363553673,-8.51079821586e-05,0.0001087193377315,still
1783086923459700200,1.8357001953125,-0.0160387315220839,-0.0127498334864387,0.0644108051121234,0.000209400197491,0.0001356680877506,-0.0006066057831048,still
1783086923469745000,1.845744873046875,-0.0050733086508291,-0.0183702763172565,0.0584253009617328,0.0012116944417357,0.0008854088373482,-0.0012481103185564,still
1783086923479789000,1.8557890625,0.0016228371201024,-0.007448630938935,0.065758128067851,0.0002026229631155,-0.0014291442930698,0.0003141001798212,still
1783086923489833200,1.865833251953125,-0.0040274311684654,-0.018947987156955,0.0627653759926557,0.0009310038294643,-2.37319618463e-05,0.0016253914218395,still
1783086923499878000,1.8758779296875,-0.0035163512576138,-0.0082665391760994,0.0630646512001752,0.00078532891348,0.000648982822895,0.0007603967096656,still
1783086923509922000,1.885922119140625,-0.0217927136301645,0.0016437714519212,0.0594745177537202,0.0024518745485693,0.0001484747044742,0.0005692848935723,still
1783086923519966200,1.89596630859375,-0.0035636461566842,-0.0063714963768492,0.0668067603379488,-0.0009311388712376,0.0006717857904732,0.0010092390002682,still
1783086923530010000,1.906010009765625,-0.0022521525661635,-0.0055405825276393,0.0551344427227973,-0.0007608656305819,-0.0005225841887295,0.001020438154228,still
1783086923540055000,1.916054931640625,-0.0060525483544799,0.0009635911850142,0.0590256049424409,0.001177383121103,0.000970649998635,0.0001722213346511,still
1783086923550099200,1.92609912109375,0.0082346758832456,0.0067529334424878,0.0473538718491792,-0.0004199740942567,-0.0008058291859924,0.0006704472471028,still
1783086923560143000,1.93614306640625,-0.002202760466485,-0.00359422966626,0.0715951636582613,-0.00108896009624,-0.0009629558771848,-0.0001769706141203,still
1783086923570188000,1.94618798828125,0.0027167287374555,0.0030389338710578,0.064113283470273,0.0005163713358342,0.0004668082110583,0.0003366526216268,still
1783086923580232200,1.956232177734375,-0.0068593050099676,-0.0028221926977043,0.0545370613515377,0.0016673894133418,0.0011666868813335,0.0014080422697588,still
1783086923590276000,1.966276123046875,-0.0083517047004133,0.0008223560834187,0.0461573555409908,0.0005094315856695,-0.0004414129070937,0.0010208585299551,still
1783086923600321000,1.976321044921875,-0.0025399679480411,-0.0106822128825471,0.0557341621816158,-0.0003499705344438,9.89427790045e-05,-0.0004119221121072,still
1783086923610365200,1.986365234375,-0.0020518761871324,-0.0162300265852827,0.0509457588613033,0.000358733581379,-0.0014907601289451,-4.73307445645e-05,still
1783086923620409000,1.9964091796875,-0.0069590824398794,-0.0084668726373463,0.0597743774831295,0.0011861776001751,-2.30921432375e-05,0.000497552100569,still
1783086923630453000,2.006452880859375,-0.0063241854947584,-0.0026408972970675,0.0567816254079341,-0.0007561356760561,-0.0013302285224199,-0.0008026957511901,still
1783086923640498000,2.016497802734375,-0.0113654333482671,-0.0035267151047126,0.0548363365590572,0.0001133864279836,-2.34153121709e-05,0.0005864091217517,still
1783086923650542000,2.0265419921875,-0.008005856113031,-0.0105644340050639,0.062617491954565,-0.000347695313394,-0.000154782552272,-0.0003510781098157,still
1783086923660586200,2.036586181640625,-0.0137427283977507,-0.0101035430616233,0.0558837997853755,-0.0018875349778681,0.0001717209815979,-0.0008757209870964,still
1783086923670631000,2.046630859375,-0.0026518593657878,-0.0151180421888129,0.0683031363755464,0.0003519381862133,0.0004858286119997,-0.001191999297589,still
1783086923680675000,2.056675048828125,-0.006514384579414,-0.0070332436546334,0.064113283470273,-0.0005980113055557,-7.15707428753e-05,0.0001238686963915,still
1783086923690719200,2.06671923828125,-0.0171481620602193,0.0019867556537152,0.052591187980771,0.0014899421948939,0.0003855936229228,0.0001557851210236,still
1783086923700764000,2.076763916015625,0.0024351501584751,-0.0215907773002982,0.0403214889943599,-0.0007063667289912,0.0001749377697706,0.0022173379547894,still
1783086923710808000,2.08680810546875,-0.0113683422579837,-0.0034601892071426,0.0569312630116939,-0.0003791791386902,0.0004220372065901,0.000247775344178,still
1783086923720852200,2.096852294921875,0.0080386909451975,-0.0063306506265187,0.0552852493703365,-0.0002305747475475,0.0013160603120923,0.000656570540741,still
1783086923730896000,2.106895751953125,0.001708739005,-0.0160361365645541,0.0469055435597896,0.0009101589675992,-0.0007599731907248,-0.0014565289020538,still
1783086923740941000,2.116941162109375,-0.011303642991319,-0.0044018950706231,0.0639648149102926,-0.0002520445268601,-7.63400457799e-05,-7.88758043199e-05,still
1783086923750985200,2.126985107421875,-0.0093426097256829,-0.002825163256214,0.0606727876275777,6.50698784738e-05,0.000842607114464,0.0008994860108941,still
1783086923761029000,2.137029052734375,0.0009920717857603,0.0063454942859127,0.041369536742568,0.0004959693178534,0.0009643137454986,0.0007008141838014,still
1783086923771074000,2.147073974609375,-0.0098030657026392,-0.0003066045640269,0.0530412698358297,-4.4502550736e-05,0.0007426203228533,0.0007937956834211,still
1783086923781118000,2.157117919921875,-0.007581856264011,-0.0082712838498759,0.0543885927915573,7.90681224316e-05,0.0001881499774754,0.0008824788965284,still
1783086923791162000,2.167162109375,-0.0126105026475619,-0.0105980006312369,0.0484030886411666,0.000372102484107,-0.00035878457129,0.001145263784565,still
1783086923801207000,2.17720703125,-0.0023110808208119,-0.0115352266824222,0.0524433039426803,-0.0012534910347312,0.0003658612258732,0.0005452537443488,still
1783086923811251000,2.1872509765625,-0.0078573978278494,-0.0090573310774751,0.0593266337156295,0.0013072844594717,0.0004390366375446,-0.0012153782881796,still
1783086923821295000,2.197295166015625,-0.0138195016946992,-0.0041795872395858,0.0602250438600778,0.0001946156844496,-0.0011798990890383,0.0021551183890551,still
1783086923831339000,2.207339111328125,-0.0106123830663273,-0.0021045276813325,0.0615717822939157,-0.0009013889357447,-0.0002325223758816,0.0007224187720566,still
1783086923841384000,2.217384033203125,-0.016583170279843,0.0039738697837456,0.0540893175840377,0.000704763457179,0.0005520447157323,-0.0006922525353729,still
1783086923851428000,2.227427978515625,-0.0207272078570793,0.0035186094300705,0.0466074373960494,0.0007712899241596,-0.000825950410217,-0.0013720493298023,still
1783086923861472300,2.23747216796875,0.000181860514573,-0.0087427829522988,0.0525929415464401,-0.0002913111820816,0.0012132320553064,-0.0011408869177103,still
1783086923871517000,2.247516845703125,0.0047930520959664,-0.0104783700066735,0.0521446132570505,0.0007842115592211,-0.0005018729716539,0.0009283957770094,still
1783086923881561000,2.25756103515625,-0.00194226349144,-0.0036913607646478,0.0648638095766305,-0.0006480365991592,-0.0004102601669728,-0.0010660456027835,still
1783086923891605200,2.267605224609375,-0.0104211519352102,-0.006268988133734,0.0614221446901559,0.0001154404599219,-0.0003165262751281,-0.0008158700075,still
1783086923901650000,2.27764990234375,0.0007174538121733,-0.0147108656104304,0.0629179362058639,-0.0001402231864631,-0.0015160143375396,-0.0002749820705503,still
1783086923911694000,2.287694091796875,-0.0001247657406958,0.0036713911222759,0.0587280833005905,-0.0010146290296688,0.0014522848650813,-0.0001761468593031,still
1783086923921738200,2.29773828125,-0.0047022217325575,-0.0009644748177146,0.0701005411863327,0.0001217417884618,-0.0008460232056677,0.0011857936624437,still
1783086923931782000,2.307781982421875,-0.0041520302290911,-0.0029101084431749,0.0581295328855514,0.0007197041995823,-0.0007850346155464,-0.0011410166043788,still
1783086923941827000,2.3178271484375,-0.0120561920914042,-0.0084601483523263,0.0573807603448629,0.0001905341632664,0.0001183096319437,-0.0017388961277902,still
1783086923951871000,2.32787109375,0.0025083957744878,-0.0166500717783928,0.0612719225645065,-0.0004025399684906,-0.0012272396124899,-7.24920537322e-05,still
1783086923961915100,2.3379150390625,-0.0195482249222928,-0.0050816711954423,0.0638157618284225,0.000560991698876,1.37933529913e-05,0.0006662688683718,still
1783086923971960000,2.3479599609375,-0.0018268832086643,0.0045680225848802,0.056483519244194,0.0006162789650261,0.0009743212722241,1.63752119988e-05,still
1783086923982004000,2.35800390625,-0.0070453793337102,-0.0065834175279014,0.0512467876344919,0.0009326625149697,0.0017090872861444,0.0004984072875231,still
1783086923992048000,2.368048095703125,-0.005478483926726,-0.0054734036095207,0.0642652591615915,1.6021076589e-06,0.00012545613572,0.0002133795060217,still
1783086924002093000,2.378093017578125,-0.0008200568117666,-0.0165641333608771,0.0641156215578317,-0.0004450099077075,-0.0018929536454379,0.0006195115856826,still
1783086924012137000,2.388136962890625,0.0075848405222524,-0.0029572172542219,0.0590279430299997,-0.0005390639416873,0.00045121088624,-0.0011243366170674,still
1783086924022181000,2.39818115234375,-0.0120241712516348,-0.0038348220726591,0.0557359157472848,0.000116340117529,0.0004256446845829,-0.0020207564812153,still
1783086924032225000,2.40822509765625,0.0001590938436274,-0.0053230787358828,0.0540899021059274,-0.0002879165112972,0.0014664372429251,0.0005073412321507,still
1783086924042270000,2.41827001953125,-0.0096703232931089,-0.0136048291808459,0.0594774403631687,0.0016407447401434,-0.00078553147614,-0.0003065206110477,still
1783086924052314000,2.428314208984375,-0.016261381846416,-0.0085392802864313,0.0582803395330905,-0.0005549620836973,-0.0001729885116219,-0.0001409493852406,still
1783086924062358000,2.43835791015625,0.0010444709765666,-0.006474744405481,0.0597761310487985,-0.0007658845279365,-0.0012955111451447,0.0005038019735366,still
1783086924072403000,2.44840283203125,-0.0171199668705521,-0.021706154158141,0.0621703327089548,-0.0004462094511836,-0.0008034342899918,-0.0006391813512891,still
1783086924082447000,2.458447021484375,-0.0032170680585841,-0.0144212167477817,0.0542401242315769,0.0008073402568697,-0.0007392517291009,0.000264162896201,still
1783086924092491300,2.4684912109375,0.0107330491622851,-0.0018045241047395,0.0507990438669919,0.0003148650284856,0.0021769653540104,-0.0002977736294269,still
1783086924102536000,2.478535888671875,-0.0121585679037787,-0.0038867965717799,0.0587298368662595,0.001412353478372,0.0001782630570232,0.0001147498842328,still
1783086924112580000,2.488580078125,-0.0130606084771512,0.0061606963205151,0.0608247633188962,-0.0007182313129305,0.0002422607503831,2.07163393497e-05,still
1783086924122624000,2.4986240234375,0.0034138978134258,-0.0017661534392856,0.0650146162241697,0.0003001615405082,0.0008926047012209,-0.0001995270140469,still
1783086924132669000,2.5086689453125,-0.0093127694265567,-0.0180193850869312,0.072496496412158,0.0004235610831528,-7.89151526987e-05,0.0004341546446084,still
1783086924142713000,2.518713134765625,-0.0109607935035543,-0.0142450039476389,0.0657628042429685,-0.000482978997752,0.0007117777131497,0.0008490751497447,still
1783086924152757000,2.528757080078125,-0.0061888698189402,-0.0057590544337756,0.0439162986159324,0.0011612786911427,-5.95622695982e-05,-0.0009046660270541,still
1783086924162801200,2.53880126953125,-0.0028509290267771,-0.0011586867821402,0.0555886162310838,-0.0011338334297761,-0.0016606547869741,0.0005222556646913,still
1783086924172846000,2.54884619140625,-0.0008233995463233,0.0014747875435859,0.0505003531813621,-0.0002451653126627,-0.0006373799405992,0.0002046583686023,still
1783086924182890000,2.558889892578125,0.0016331610096502,-0.0091861724883783,0.0653144759535789,0.0003985206130892,0.0007860795594751,0.0001050562132149,still
1783086924192934100,2.56893408203125,-0.0183045689786609,0.0021364206569385,0.0627700521677732,-0.0002217157743871,0.0001129754818975,-5.46034425497e-05,still
1783086924202979000,2.57897900390625,-0.0034249945961753,0.0019347446219762,0.051397594282031,4.75298147648e-05,0.0002935375086963,0.000666580395773,still
1783086924213023000,2.58902294921875,-0.0038626793356088,-0.0065288971619564,0.0657628042429685,0.0002582753077149,-0.0005105482414364,0.000304200919345,still
1783086924223067100,2.599067138671875,0.0008439285944099,-0.0071093570811673,0.0702519323557615,0.0009011623915284,-0.0005017598159611,0.0002951461356133,still
1783086924233112000,2.609112060546875,-0.008549951235851,-0.0123184357822523,0.0521457823008298,0.0010589787270873,-0.0015510553494095,0.0002721271011978,still
1783086924243156000,2.619156005859375,-0.0110205802747281,2.28374528931e-05,0.0540916556715965,0.0003428547643125,0.0007469863630831,-0.0001806102227419,still
1783086924253200100,2.6292001953125,0.0005129841735702,0.0014844755372498,0.0633686025828123,0.0003912737593054,0.0001474814489483,0.0019276450620964,still
1783086924263244000,2.639244140625,-0.0018569815194059,-0.0107416720018023,0.0518470916152,-0.0005653335247188,-0.0004591862671077,-0.000666806474328,still
1783086924273289000,2.6492890625,0.00557449507204,-0.0114283779076184,0.0579822333693504,0.0006086269859224,-0.0012164670042693,0.000471759121865,still
1783086924283333000,2.6593330078125,-0.0043864177986339,-0.0214076255860039,0.056934770143032,4.24389727413e-05,0.0003167148679494,-0.0006129462271928,still
1783086924293377000,2.669376953125,-0.008922811127745,-0.0139390021718107,0.0576829581618308,-0.0016882130876183,-1.03046186268e-05,-0.0006402668077498,still
1783086924303422000,2.679421875,-0.0102185842760372,-0.0044634502488421,0.0454120901316404,-8.7653286755e-05,-0.0001924647949635,0.000754697015509,still
1783086924313466000,2.689466064453125,-0.0021249425649875,-0.0009325361763359,0.0527449172377586,0.0014118894468992,-0.0007496341131627,0.0011509271571412,still
1783086924323510000,2.699510009765625,-0.0176092779075901,-0.0009405916186282,0.0689051939219236,-0.001833704765886,0.0009308205917477,-7.89205078035e-05,still
1783086924333555000,2.709554931640625,0.0005033133045712,-0.0079042155195958,0.0606751257151365,-0.0010651522316038,-0.0001643975265324,0.0012231239816173,still
1783086924343599000,2.71959912109375,-0.0114326465157151,-0.0027038384314859,0.0641167906016111,-0.0005596843548119,0.0005250950343906,0.0006484137848019,still
1783086924353643000,2.72964306640625,0.0023911591780546,-0.014690756687452,0.0639665684759616,0.0003629920538514,-0.0011710203252732,-0.001495637698099,still
1783086924363687000,2.73968701171875,0.0010950070038496,-0.0084683704746887,0.0585801992624998,0.0007534113246947,0.0005413922481238,0.0013930932618677,still
1783086924373732000,2.749732177734375,-0.0073343409264809,-0.0004433187541319,0.0416711500376462,0.0004479605704545,0.0015901695005595,-0.0006281258538365,still
1783086924383776000,2.75977587890625,-0.0113742616837611,0.0029611856098636,0.0699526571482419,-0.0010828243102878,0.0005379547365009,3.50011978298e-05,still
1783086924393819600,2.769819580078125,-0.0064497161371458,-0.0116095842599985,0.0576823736399412,0.0001545245759189,0.0004192236810922,-0.0004455049056559,still
1783086924403864600,2.779864501953125,-0.0090937278399069,-0.0084698500457219,0.0524450575083494,-0.0003269750159233,-0.000806629192084,0.0008655692217871,still
1783086924413908700,2.78990869140625,-0.0018024794197699,-0.0011404524391284,0.0455617277354001,-0.000205943128094,-0.000289088115096,0.0017759695183485,still
1783086924423952600,2.79995263671875,0.0039074580506072,-0.006989285781898,0.053342883130908,-0.0001188579481095,0.0008531417697668,-0.0007479081396013,still
1783086924433997600,2.80999755859375,0.0037614508757716,-0.002788838417374,0.0551385343760252,-0.0002056644298136,-0.0006956374272704,-0.0009547423105686,still
1783086924444041700,2.820041748046875,-0.0053439959430368,-0.0044268468487891,0.0612736761301755,-0.0007042081560939,0.0005643041804432,-0.0005565995816141,still
1783086924454085600,2.830085693359375,-0.0066305149225052,0.0012058161427848,0.0612736761301755,0.0006871069781482,0.0014284844510257,0.000335844233632,still
1783086924464129800,2.8401298828125,-0.0109170959257229,-0.0032719252096023,0.066062079450488,0.0001645947340875,-0.0001009688712656,-0.0005837453063577,still
1783086924474174700,2.8501748046875,-0.0101738774846307,-0.0144830276543274,0.0602262129038572,0.0008818907663226,0.0007478375919163,0.0005299935583025,still
1783086924484218600,2.860218505859375,-0.0097358262773719,0.0013612122004735,0.0545405684828758,0.0011074605863541,0.0003028232604265,-3.21995466947e-05,still
1783086924494262800,2.8702626953125,-0.0042825726900249,0.0073997297463123,0.0672597648024559,-0.0013003415660932,-0.0008540288545191,0.0009667024714872,still
1783086924504307700,2.8803076171875,-0.0068046955957659,0.0049948514285148,0.0666612143874168,-0.0003053846303373,-0.0002755904570221,-0.0011830010917037,still
1783086924514351600,2.8903515625,-0.0054105526650033,0.0048784493740764,0.0633691871047019,-0.0004014656879007,0.000887750647962,-0.0008176760748028,still
1783086924524395800,2.900395751953125,-0.0088216739994531,0.0050018382917274,0.0496019430369138,-0.0001444707158952,-0.0002235863357782,-0.0001297816634178,still
1783086924534440700,2.910440673828125,-0.0062386158283567,0.0051168361236574,0.0496019430369138,0.0004164231941103,-0.0005587846972048,0.0015071064699441,still
1783086924544484600,2.920484619140625,-0.002597321875178,-0.0027918021260178,0.0606751257151365,-0.0013567093992605,0.0014138189144432,0.0005896475631743,still
1783086924554528800,2.93052880859375,-0.0113448609176964,-0.0023545866023981,0.0536421583384275,-0.0002373619936406,0.0014339769259095,0.0001951705198734,still
1783086924564572700,2.94057275390625,-0.0014354293557989,-0.0049869877824676,0.0689051939219236,0.0004707723855972,-0.0008398299105465,-0.0007771495729684,still
1783086924574617600,2.95061767578125,-0.0054392478948808,-0.0205202711251098,0.056336219727993,0.0009726153220981,0.0002431413158774,8.22630245238e-05,still
1783086924584661800,2.960661865234375,0.0039811842988769,0.0049382692529354,0.0608253478407859,-2.26078554987e-05,-0.0006684586405754,-0.0002977701369673,still
1783086924594705700,2.97070556640625,-0.0091457982371503,0.0046611008459469,0.0641173751235008,0.0004276135005056,-0.0004912507720291,8.85881017893e-05,still
1783086924604750600,2.98075048828125,-0.0037263795623905,-0.0052619573825038,0.0602262129038572,2.20139045268e-05,0.0008821412920951,0.0020089936442673,still
1783086924614794800,2.990794677734375,-0.0069228032668121,0.0029517236617743,0.0572334608286619,0.001223545987159,0.0010419017635285,-0.0001776814460754,still
1783086924624838700,3.000838623046875,-0.0035813439268677,-0.0066730388899799,0.0629202742934227,0.0006760000251233,0.0001300354488193,0.0001618715468794,still
1783086924634883600,3.010883544921875,-0.0069979702702083,-0.0019922423962969,0.0481067360430955,0.0009151978883892,-0.0012601744383573,0.0003341014962643,still
1783086924644927700,3.020927734375,-0.0102941280220577,-0.0073551553856465,0.0615741203814744,0.0004520742222666,0.0002325270324945,0.0006062765605747,still
1783086924654971600,3.0309716796875,-0.0142236780318198,-0.0148567951534525,0.0590308656394481,0.0007006488740444,0.0016578519716858,-0.0002755597233772,still
1783086924665015800,3.041015869140625,-0.0051777268648846,-0.0078102079600561,0.0512497102439403,-0.0006527695804834,7.646670565e-05,0.001520476071164,still
1783086924675060700,3.051060791015625,-0.008302367399662,-0.0026070932088769,0.053344636696577,0.0003488089423626,0.000228738412261,0.0006069308146834,still
1783086924685104600,3.061104736328125,-0.0055849137180659,0.00175927160735,0.0579834024131298,-0.0001984706614166,-0.000923877581954,0.0002593882381916,still
1783086924695148800,3.071148681640625,-0.0027332677386584,-0.0039438468215288,0.0690565850913524,-0.0005278820171952,0.0005662254989147,-0.0008139433339238,still
1783086924705193700,3.08119384765625,-0.0072659507237432,0.0068344925124081,0.0534942743003368,0.0006633498705923,0.0001486418768763,-0.0008208674844354,still
1783086924715237600,3.091237548828125,-0.0021653385074576,-0.0044783509904518,0.0590308656394481,0.000516775297001,0.0008230311796069,0.0002479548566043,still
1783086924725281800,3.10128173828125,-0.0069001633183856,0.0014874597954913,0.0644184038966894,0.0007825589273124,0.0010014632716774,0.0004341097082942,still
1783086924735326700,3.11132666015625,-0.0131304599846131,-0.0092141930064652,0.0713017336696386,-0.0010505488608032,-3.80282290279e-05,0.0015156373847275,still
1783086924745370600,3.12137060546875,-0.011791587480111,-0.0007872733535943,0.0681593439906835,0.0017724020872265,0.0004709018394351,-0.0012436639517545,still
1783086924755414800,3.131414794921875,0.0091759536301076,-0.0153388864318374,0.0702548549652099,0.0004597303923219,0.0004196655936539,0.0011173232924193,still
1783086924765458700,3.141458740234375,0.0080306400694826,-0.0012112777691916,0.0549918193817138,0.000618454767391,-0.0007121777161955,-0.0002150561194866,still
1783086924775503600,3.151503662109375,-0.0013937844544474,-0.0042788988786167,0.0603793576389551,-0.0002719645854085,0.0008151247166097,0.0003398403059691,still
1783086924785547800,3.1615478515625,0.0028396415894269,0.0033158533995854,0.042122985458374,-1.31053384393e-05,-0.0016762623563408,0.0005020268727093,still
1783086924795591700,3.171591796875,0.0035267984447476,0.0032062304290942,0.0521487049102783,6.50000292807e-05,0.0003488142974674,0.0001882615033537,still
1783086924805636600,3.18163671875,-0.0138098536585865,-0.0056117549175745,0.0478092144012451,0.0003803183790296,-0.0007646530866622,0.0003286101855337,still
1783086924815680800,3.1916806640625,-0.0119777908096613,-0.0060070172958774,0.0680108754307031,0.0002160670701414,0.0003574509173631,-0.0003116580191999,still
1783086924825724700,3.201724609375,0.0116795876061543,0.0007130390736041,0.0551414569854736,8.85017216205e-05,0.0008322927169501,0.0001591888722032,still
1783086924835769600,3.21176953125,0.0011818747198383,-0.0026991165905958,0.0650181233555078,-0.0015694301109761,0.0001970850862562,-0.0002126430626958,still
1783086924845813800,3.221813720703125,0.005931925641006,-0.0032871638779295,0.0609779080539941,0.0008644326590001,-0.0008042636327445,-0.0004581864923238,still
1783086924855857700,3.231857666015625,-0.0072635190213506,-0.0065766133277793,0.059780807223916,-0.0004946591798216,-0.0003160405904054,-0.0001558344811201,still
1783086924865902600,3.241902587890625,-0.0021175230185792,-0.0027298770550405,0.0660655865818262,-0.0006672320887446,-0.0007751695811748,-0.0008956606034189,still
1783086924875946800,3.25194677734375,-0.0037879301740322,-0.006300212105771,0.0668126055568456,-0.0014932845951989,-0.0008494779467582,0.000344451284036,still
1783086924885990700,3.26199072265625,0.0014986170853895,-0.0023546094352845,0.0671124652862548,0.0001741205342113,5.86602836847e-05,0.0004714839160442,still
1783086924896034800,3.272034912109375,0.0046228728860325,-0.0122716055324184,0.0569371082305908,0.0002499413676559,0.0005745710805058,0.0007743614260107,still
1783086924906079700,3.282079833984375,-0.0009812809636874,-0.0123935742445406,0.0555909543186426,0.0003159877378493,-3.76896932721e-05,0.0014915508218109,still
1783086924916123600,3.29212353515625,-0.0168214828225434,0.0023102040379773,0.0725000035434961,0.0003522797487676,-0.0006458642892539,-0.0001120367087423,still
1783086924926167800,3.302167724609375,0.0103788117724703,0.0073345646887668,0.0657663113743066,0.000568528426811,-0.0015867589972913,0.0004592114128172,still
1783086924936212500,3.31221240234375,0.009106327026576,-0.0029580757707473,0.0669634122043848,-0.0007877687457948,0.000354160554707,0.0001461498904973,still
1783086924946256600,3.322256591796875,-0.001796156993549,0.0005089838518877,0.0578355183750391,0.0007251731585711,0.0008468450978398,-7.88872130215e-05,still
1783086924956300800,3.33230078125,-0.0002406894461659,-0.0024249552747351,0.0511018262058496,-0.0011245192727074,4.85265627503e-05,-6.06731045991e-05,still
1783086924966345500,3.342345458984375,-0.0012735441918193,-0.0130046165316831,0.0520002363502979,6.32505398243e-05,-0.0002678567543625,0.000294326338917,still
1783086924976389600,3.3523896484375,-0.0107175833067391,-0.0083378325803321,0.0644201574623584,-0.0008153168018907,0.0002664071507751,-0.0015096594579517,still
1783086924986433800,3.362433837890625,0.001980996058142,-0.0063228714621509,0.0660661711037158,0.000578315462917,-0.0003932579420506,-0.00068967230618,still
1783086924996477700,3.372477783203125,0.0078395505022606,0.0041516078206943,0.064719432669878,-0.0002667417284101,0.0001782546751201,-0.0007858532480895,still
1783086925006522600,3.382522705078125,-0.0071398070183582,-0.0032473113581538,0.0530476995766162,-0.0003562238998711,0.0002778568305075,-0.001181066269055,still
1783086925016566800,3.39256689453125,-0.0057370675058977,-0.0101481539549073,0.0522995115578174,0.0001957246568053,-0.0004063304513692,0.0009166544768959,still
1783086925026610700,3.402610595703125,-0.0048503101249807,0.0007815651320153,0.057686465293169,0.0004881396889686,-0.0009184563532471,0.0002063892316073,still
1783086925036655600,3.412655517578125,0.008341790661175,0.0139736876094131,0.0569382772743701,0.000462215160951,-5.3715892136e-05,0.0003375667147338,still
1783086925046699800,3.42269970703125,-0.003501562397147,0.0105782775840372,0.0594821165382862,-0.0004781470634043,-0.0006180396303534,-0.002177788875997,still
1783086925056743700,3.43274365234375,-0.0142110731369291,-0.0038169507725397,0.0530476995766162,-0.0008438685908913,-0.0007392093539237,0.0002653200644999,still
1783086925066788600,3.44278857421875,0.0001672406174649,-0.0051784392509376,0.0485585714638233,-0.0002931267954409,-1.2475065886e-06,-0.0002388164866715,still
1783086925076832800,3.452832763671875,0.0095856806418916,-0.0006978415044723,0.0540951628029346,-0.0004609653260558,-0.0001902086660265,0.0004109381698071,still
1783086925086876700,3.462876708984375,-0.0023921204425685,0.0024552910474943,0.0639712446510791,0.0010330679360777,0.0010601454414427,-0.0017233190592378,still
1783086925096920800,3.4729208984375,-0.0099668026136991,-0.000843773330783,0.0629237814247608,-0.0002776798792183,0.0010387348011136,0.0008840295486152,still
1783086925106965500,3.482965576171875,-0.0061440420132363,-0.006827576431143,0.067263271933794,-0.0004057777114212,-2.2002030164e-05,-5.92619180679e-05,still
1783086925117009700,3.493009765625,0.0060919487831066,0.0028981234611477,0.0757931998699903,0.0010679971892386,-0.0004501715302467,0.0011044478742405,still
1783086925127053800,3.5030537109375,0.0094486262417805,-0.0115941720617352,0.0485585714638233,4.21474687755e-05,-0.0004525682888925,0.0001949784345924,still
1783086925137098500,3.513098388671875,-0.0011670413352432,0.0003537773071555,0.0533469747841358,-0.0003684973344206,0.0011831540614366,0.0014752669958397,still
1783086925147142700,3.523142578125,-0.0052805707514286,-0.0034513049310771,0.048109658652544,0.0004347120411694,0.0001770118251442,0.0001458169426769,still
1783086925157186800,3.533186767578125,0.0063028698537382,-0.0058417893973411,0.0496060346901416,0.000248696655035,0.001581157092005,-0.0003530529793351,still
1783086925167231500,3.5432314453125,0.0014397196551377,-0.0103087901600054,0.0596323386639356,-0.0003385304007679,-0.0003688097931444,-3.48051544278e-05,still
1783086925177275600,3.553275634765625,-0.0031370479252014,-3.61969746765e-05,0.0588835661232471,-0.0003587803803384,0.000264371279627,2.15503387153e-05,still
1783086925187319800,3.56331982421875,-0.0099937123118666,-0.0038316734176361,0.0585842909157276,-0.0007124482654035,0.0002931333146989,-0.0003456997219473,still
1783086925197363700,3.57336376953125,0.0010211540330608,-0.0010015668415348,0.0570879148781299,0.0008383016102015,0.0003445264883339,0.0004326656926423,still
1783086925207408600,3.58340869140625,-0.0040999986477545,0.0025693961135693,0.0582856002300977,-0.0002493334468454,0.0010835537686944,-0.0010698898695409,still
1783086925217452800,3.593452880859375,-0.0045668512578122,-0.0012406773936119,0.0689092855751514,-0.0002572929952293,0.0015671835280954,0.0013475605519488,still
1783086925227496700,3.60349658203125,0.0044821834904199,-0.0008934691078495,0.072350950461626,-0.0009334695059806,0.0004830104298889,-0.0003320951946079,still
1783086925237541600,3.613541748046875,-0.0113304750576731,-0.0102240961347939,0.0823766699135303,-0.0016983039677143,0.0009209048002958,0.0003902486059814,still
1783086925247585800,3.623585693359375,-0.0108660073425911,-0.0069781684495508,0.0632230566322803,-0.0006093373522162,0.001557134091854,-0.0001863257493823,still
1783086925257629700,3.633629638671875,-0.002672347314679,-0.0124900226396275,0.0644201574623584,-0.0002806715201586,0.0007028602994978,0.0007116247434169,still
1783086925267674600,3.643674560546875,-0.0149757191001845,-0.0028104543108493,0.0654676206886768,-0.0012684380635619,0.0023367095272988,-0.0009211592841893,still
1783086925277718500,3.653718505859375,-0.0076861043730634,0.0076407651107059,0.0645697950661182,-0.0007696384564042,0.0018055001273751,0.0008493356872349,still
1783086925287762700,3.6637626953125,0.0204064720197115,-0.001872248728841,0.0689092855751514,0.00011932477355,0.0013660788536071,0.0007936754263937,still
1783086925297807600,3.6738076171875,0.0005743349974567,-0.0008867608058499,0.0671136343300342,-0.0004929080605506,0.0005442472174763,-4.32182569056e-05,still
1783086925307851500,3.6838515625,-0.0010238380388473,-0.004175470470183,0.043620530539751,-0.000862554879859,0.0007525067776441,0.000489946687594,still
1783086925317895700,3.693895751953125,-0.0149561650163435,-0.0099035657934029,0.0597813917458057,-0.0004425039514899,0.0015804138965904,-0.0003423672169446,still
1783086925327939800,3.70393994140625,-0.0106430921567778,-0.0018551811463199,0.0648690702736377,0.0004160990938544,0.0005500367842614,0.0007535235490649,still
1783086925337984500,3.713984619140625,-0.0014447885558998,-0.0106915949155343,0.0623252310097217,-0.0010692890500649,0.0010237782262265,0.0017245979979634,still
1783086925348028700,3.724028564453125,0.0105197146555699,-0.0030451307164039,0.0585842909157276,0.0008628342766314,-0.0001168535090982,-2.40334775298e-05,still
1783086925358072800,3.73407275390625,-0.0083181026832666,-0.008012753927987,0.0693581983864307,-6.852205842733383e-07,-0.0001202621497213,0.0012015558313578,still
1783086925368117500,3.744117431640625,-0.0034210559232858,-0.0037341747097787,0.0596311696201562,-0.0013285373570397,-0.0008909809403121,-0.0005358904600143,still
1783086925378161700,3.75416162109375,-0.0217082935995887,0.0043070472608669,0.0584334842681884,-0.0014977368991822,0.0010925363749265,0.0006692709866911,still
1783086925388205800,3.764205810546875,-0.014292355928925,-0.0083112733669695,0.0696563045501709,-0.0005555106326937,0.0003628302365541,0.0016146930865943,still
1783086925398250800,3.774250732421875,0.0072190850829356,-0.0169741914495127,0.0548421817779541,0.000216394662857,0.0010678698308765,0.0009270757436752,still
1783086925408294700,3.784294677734375,-0.0088338165283959,0.007443251510919,0.0659159489780664,-0.0002544522285461,0.0008031516335904,-0.0006979850586503,still
1783086925418338800,3.7943388671875,-0.0006268940184672,0.0116084494655486,0.0654670361667871,-0.0008736122399568,-0.0001559951342642,-9.9360477179e-06,still
1783086925428383000,3.804383056640625,-0.0088395532910828,-0.0033564183054142,0.0575362431675195,-0.0005556307733058,0.000308193732053,-0.0008336517494171,still
1783086925438427600,3.814427734375,-0.0141567502754507,0.0029808013424975,0.0659159489780664,0.0001456879545003,0.0008358280174434,-0.0013237006496638,still
1783086925448471800,3.824471923828125,0.0030599526845559,-0.0111722591385245,0.0609779080539941,0.0006855106912553,0.0008848304860293,-9.35867428779e-05,still
1783086925458516000,3.834515869140625,-0.0052897278804855,0.016873843197443,0.0467629202187061,-0.0003215807955712,0.0002348460257053,0.0008060343097895,still
1783086925468560600,3.844560546875,0.0025052083035581,0.0085140704966499,0.0567886396706104,0.0012307758443057,-0.0003782133571803,-0.0007082391530275,still
1783086925478604800,3.854604736328125,-0.0057555918265657,0.0050107317009475,0.0560404516518115,0.0007222471758723,0.0004752427339553,0.0004473654553294,still
1783086925488649000,3.86464892578125,0.0017592453495308,-0.0101218573197373,0.0500549475014209,0.000117709627375,-0.0010366337373852,0.0009483059402555,still
1783086925498693600,3.874693603515625,-0.002989967604709,-0.0053865062107797,0.046164369803667,-0.0002683214843273,4.24967147409e-05,-0.0001933320891112,still
1783086925508737800,3.88473779296875,0.0118851943224959,-0.0066704816067125,0.0496054501682519,-0.0011021572863683,9.52272675931e-05,0.0008652743417769,still
1783086925518782000,3.894781982421875,0.0006809657181962,-0.008377808397694,0.0588829816013574,3.09923198074e-05,0.0014579072594642,0.001212476985529,still
1783086925528825900,3.904825927734375,-0.004020513945556,-0.0007197861915105,0.0614268208652734,0.0009162269998341,-0.0005740849301218,0.0005544098094105,still
1783086925538870800,3.914870849609375,-0.0042755515774828,-0.0104302885146695,0.0629231969028711,0.0005220314487814,-0.0009464691393077,0.0001122958492487,still
1783086925548914700,3.924914794921875,0.0012400403560837,-0.0070328143963706,0.0692079762607812,-0.0001922282390296,0.0013065650127828,0.0004585068672895,still
1783086925558958800,3.934958740234375,-0.0033317416635283,0.0010633960143895,0.0611275456577539,0.0002845062408596,-0.0008545401506125,-0.0004998429212719,still
1783086925569003800,3.945003662109375,-0.0053696224329934,0.0021284930788096,0.0567880551487207,-0.0003871428780257,0.0004751761443912,0.0012842087307944,still
1783086925579047700,3.955047607421875,-0.0147662810255191,-0.009417718505219,0.0648679012298583,0.0005707636009901,-0.0004803421907126,-0.0007623850833624,still
1783086925589091800,3.965091796875,-0.0064553307438909,0.0040911851536366,0.0485579869419336,0.0009904778562486,0.0008792015723884,-0.0006710386369377,still
1783086925599136800,3.97513671875,0.0005881991260277,-0.003920312965603,0.0701058018833398,-0.0003877428825944,-0.0007175183854997,0.0008833066094666,still
1783086925609180700,3.9851806640625,-5.356937623e-05,0.0024149613203946,0.0669639967262744,-0.0004236954264342,0.0002638567239046,0.0005538736004382,still
1783086925619224800,3.995224853515625,-0.0043554198721714,0.001785221182648,0.0627735592991113,0.0009824996814131,0.0006827181205153,0.0010923314839601,still
1783086925629269000,4.00526904296875,-0.0024856599279388,-0.013209548536234,0.0561900892555713,-0.0001469468697905,0.000937582924962,0.0014771582791581,still
1783086925639312600,4.015312744140625,-0.0098701019152184,-0.0089368624859838,0.0570879148781299,-9.3804905191e-05,-0.0005115629173815,0.0003579468466341,still
1783086925649357800,4.02535791015625,-0.0018761976765294,-0.0067018722588196,0.0549929884254932,-0.0003691758029162,-0.000392519403249,-0.0009818894322961,still
1783086925659402000,4.035402099609375,-0.0141966964100603,0.0013087833269149,0.0651677609592676,-0.0012974995188415,0.0003282274119555,-0.0004242348950356,still
1783086925669445600,4.045445556640625,-0.0017719986581825,0.0056720405873144,0.0496054501682519,0.0012471508234739,-0.0001301025040447,0.0009254550095647,still
1783086925679489800,4.05548974609375,-0.00908300209156,-0.0127128099612775,0.0578355183750391,-0.0017888635629788,0.0011065509170293,0.0004666671156883,still
1783086925689535000,4.065534912109375,-0.0062471747357922,-0.0204989771753316,0.0783352855682373,-0.0010698101250454,0.0006793797947466,0.0006272555328905,still
1783086925699579000,4.075578857421875,0.0100079771575925,-0.0097668219205457,0.0626233371734619,0.0005145200993865,0.0009215343743562,-0.0008709193207323,still
1783086925709622800,4.085622802734375,-0.0078646986432489,-0.0031147162207402,0.073846741977334,0.0007206487935036,0.0002741198986768,0.0005639917217195,still
1783086925719667700,4.095667724609375,-0.0053976646423223,-0.0125133304499788,0.064868485751748,-0.0008864568080753,0.0001431037671864,0.0017217297572642,still
1783086925729711900,4.1057119140625,0.0193826590970391,-0.0072693699484691,0.0582844311863183,-0.0008345250971615,0.0001383102498948,0.0001203711144626,still
1783086925739755800,4.115755859375,0.0134383146491658,-0.0113374390879995,0.0479594365268945,-0.0001157403457909,0.0002490668557584,0.000713167944923,still
1783086925749800700,4.12580078125,-0.0138070794628991,3.8153753033e-06,0.0662152241855859,0.0003282085526734,-0.0004462846554815,-0.0011105644516646,still
1783086925759844900,4.135844970703125,-0.0086503280290286,-0.010725026827678,0.0511018262058496,0.0002888033632189,-0.0006124363280832,-0.0007360011804848,still
1783086925769888800,4.145888671875,0.0031673391738324,-0.0064567064252914,0.0558902295261621,0.0016840333119034,0.0007833261042833,-0.0006353335920721,still
1783086925779932700,4.1559326171875,-0.0046570822579553,-0.0059214647541404,0.0575368276894092,-0.000314871314913,-0.0001697912812232,-0.0019194690976291,still
1783086925789977900,4.165977783203125,0.0073756935668876,0.0034827321158023,0.0720516752541065,-0.0002642713952809,-0.001120273489505,0.0010957617778331,still
1783086925800021800,4.176021728515625,-0.0097282423341821,-0.0159344251891714,0.0558908140480518,0.0001612489577382,0.0017498373053967,0.0001596820075064,still
1783086925810065700,4.186065673828125,-0.0062506030936725,-0.009462961869454,0.0621755934059619,0.0003828241024166,0.0005554095841944,0.0002331852447241,still
1783086925820110800,4.19611083984375,0.0009474905752285,0.0019524812080664,0.0572381370037794,0.0008863031398504,-0.0014511495828628,0.0011060257675126,still
1783086925830155000,4.206155029296875,-0.0136086593975254,0.0027180519032175,0.0729500853985548,-0.0002766994293779,-0.0001454018056392,0.0001076066400855,still
1783086925840198700,4.21619873046875,-0.0071161121905839,-0.0063653794466052,0.0714537093609571,0.0010098409838974,-0.0005769650451838,-0.0003047520294785,still
1783086925850243800,4.226243896484375,0.0012404764642124,-0.013054743850301,0.0412269134014844,0.0006412593647837,0.0006451592780649,0.0005397363565862,still
1783086925860287700,4.236287841796875,-0.0039084524228062,-0.0007725255923229,0.0666653060406446,-0.001191183575429,0.0003470820374786,0.0011685828212648,still
1783086925870331600,4.24633154296875,-0.0136533490642672,-0.0100331949388841,0.0642711043804883,-1.5494879335e-06,6.79828226566e-05,-0.0008114774245768,still
1783086925880375800,4.256375732421875,-0.0028179001150769,0.0008111223033512,0.0608300240159034,0.0013931088615208,0.0010432270355522,-0.0004206784069538,still
1783086925890420700,4.266420654296875,0.0127867234392149,-0.0021892148566781,0.0665156684368848,-9.93264839053e-05,0.0001097889617085,-3.10577452182e-05,still
1783086925900465000,4.27646484375,-5.73938846879e-05,-0.0033698234929703,0.0493079285264015,0.0009769259486347,0.0011957818642258,0.0001142432447522,still
1783086925910508800,4.2865087890625,-0.0066081124360964,0.0155005592499743,0.0618774872422218,-0.0003722312394529,0.0002378425560891,0.0017046830616891,still
1783086925920553700,4.2965537109375,0.0022437591971538,0.0010837264163652,0.06322364115417,-0.0014318894827738,-0.0003818678669631,-0.0009487750940024,still
1783086925930598000,4.306597900390625,-0.0020840602820389,-0.0084131948049063,0.0626256752610206,0.0010198166128247,0.0006666188128292,-0.001591662177816,still
1783086925940641800,4.316641845703125,-0.0120743065617629,0.0023229288055212,0.0551437950730323,3.08838207274e-05,0.0001686033792793,-0.0001424334477633,still
1783086925950686700,4.326686767578125,0.0023634777283295,-0.0072461626028176,0.0512532173752784,-0.0003347680903971,-0.0005453899502754,-0.0004673390649259,still
1783086925960731000,4.33673095703125,-0.0013478309874481,0.0075434855985571,0.0509539421677589,0.0004405160434544,-6.14929012954e-05,0.0008602391462773,still
1783086925970774800,4.34677490234375,-0.0113631317933264,0.0020799937449861,0.0485597405076026,0.0010208189487457,-0.0003642942756414,0.0009691624436527,still
1783086925980819700,4.35681982421875,-0.0031284102443081,-0.0005328236684901,0.0552940171986818,0.0014114128425717,-0.0007394105195999,0.0001413703430444,still
1783086925990864000,4.36686376953125,0.0051570710942789,-0.0030331206182017,0.0614291589528322,-0.0006530694663524,-0.000734350644052,-0.0002136291004717,still
1783086926000908800,4.37690869140625,-0.0148812754325161,-0.0024596087462967,0.0723527040272951,-0.0004173945635557,-0.0004897317849099,-5.41431363672e-05,still
1783086926010952700,4.38695263671875,-0.0007663253220438,0.0013646987822139,0.0508048890858888,0.0004747642669826,-0.0023462213575839,-0.0004570796154439,still
1783086926020996900,4.396996826171875,-0.0033190374455822,0.0120520741803571,0.0482610498219728,0.000499288085848,-0.0003719814121723,0.0009230936411768,still
1783086926031041800,4.407041748046875,0.0024866451669833,-0.0097217612194013,0.0600824205189943,0.0002814414910972,-0.0013070171698927,0.0024304427206516,still
1783086926041085700,4.417085693359375,-0.0019160890122118,-0.0058806532531394,0.0502063386708497,-0.0007881303317844,-0.0007608598098158,0.0005128171760588,still
1783086926051129900,4.4271298828125,-0.0079102251352742,-0.0018582864188589,0.0503559762746095,0.0016923379153013,0.0007885671220719,0.0003074875567108,still
1783086926061173800,4.437173828125,-0.0018409402751247,-0.0037487009920529,0.0614291589528322,-3.06430738419e-05,-0.0010399199090898,-0.0006673880852758,still
1783086926071218700,4.44721875,-0.0069137899849389,0.0030844489466398,0.0537982256829738,-0.0002146675251424,-0.0005325875245034,-0.000263120047748,still
1783086926081262800,4.457262939453125,-0.0054293623967503,0.0035519340276485,0.0569406153619289,-0.0008305056253448,0.0011307653039693,0.0009772159392014,still
1783086926091306800,4.467306640625,0.0127744336381554,-0.0123231347902561,0.0493090975701808,0.0010510177817195,0.0003147725947201,-0.000700841890648,still
1783086926101351700,4.4773515625,0.0097714398718031,0.0037075173150049,0.0650210459649562,0.0004224269650876,-0.0008780895732343,0.0004872963763773,still
1783086926111395800,4.487395751953125,-0.010838658111362,0.0027392590880277,0.0582873537957668,0.0002802142407745,0.0010159504599869,-0.0004037974867969,still
1783086926121439700,4.497439697265625,-0.002882438409893,-0.0018573023214587,0.0564922870725393,0.0005451738834381,-0.0007651834748685,-0.0001011327840387,still
1783086926131484700,4.507484619140625,-0.0113387782367819,0.0004375306174508,0.060532502374053,0.0010351955424994,-0.0003489311784505,-0.001202083658427,still
1783086926141528800,4.51752880859375,-0.0114538605503912,-0.0050987867270247,0.0596346767514944,-0.000251920428127,-0.0005463627167046,0.000645661028102,still
1783086926151572700,4.52757275390625,-0.0026868587555771,0.002092147690372,0.0626268443048,0.000576322665438,-0.001555168069899,-0.0014931233599781,still
1783086926161617700,4.53761767578125,0.0062392597157508,0.0114660042209783,0.0517038837522268,0.0008012638427317,-0.0001852251589298,-0.0006505551282316,still
1783086926171661800,4.547661865234375,-0.0003975468085787,0.0055661439438699,0.0581383007138967,0.000973304035142,0.0008789738640189,-0.0006745234131813,still
1783086926181705700,4.557705810546875,-0.0096672374285233,-0.0048644345484557,0.0647229398012161,0.0004475801251828,-0.0004289001226425,-0.0013763415627181,still
1783086926191750000,4.56775,-0.0058693007420632,-0.0016486417065723,0.059036710858345,0.0001825955696403,-0.0002997368574142,-0.0006266618147492,still
1783086926201794800,4.577794921875,-0.0072639551294792,-0.00973369368579,0.0663689534425735,0.0003795633092522,0.0010666591115295,0.0007595000788569,still
1783086926211838700,4.587838623046875,-0.0014148215342545,0.0031993074979633,0.0599345364809036,0.0012663959059864,-0.0001485412940382,0.001089732046239,still
1783086926221883000,4.5978828125,0.0039619418839341,0.0071229220989276,0.0636760610967874,-0.000332485884428,0.0005716430023312,-1.62525102496e-05,still
1783086926231927800,4.607927734375,0.0001517599205428,0.0092280525684589,0.0511059178590774,0.0010366453789174,-0.0005700541660189,-0.0006442258600145,still
1783086926241971700,4.6179716796875,0.0037729677836294,-0.008589501219883,0.0669675038576126,-0.0002190019004046,-0.000726212747395,-0.0011975662782788,still
1783086926252015900,4.628015869140625,-0.0156693296708224,-0.0054530960404314,0.0533504819154739,0.0001820700708776,-0.0004950501024723,-0.0006825109012424,still
1783086926262060800,4.638060791015625,-0.0203250864797271,-0.0074041661761235,0.0588870732545852,0.0008735172450542,-0.0005775899626314,0.0007262458093464,still
1783086926272104700,4.648104736328125,-0.0117621924222679,-0.0044842053425032,0.0570920065313577,0.001547563355416,-0.0009472365491092,-0.0005826978012919,still
1783086926282148900,4.65814892578125,-0.003435278528172,-0.0037695542671252,0.067117725983262,-0.0001391542609781,-0.0009366027079522,-0.0003002767916768,still
1783086926292192800,4.66819287109375,-0.0077472086017776,-0.0087000900214654,0.0656213499456644,-6.5288040786e-06,-0.0009581744670867,-0.0008022827096283,still
1783086926302237700,4.67823779296875,-0.0017029679929837,0.0100271533571649,0.0557452680975198,0.0010557190980762,0.0003236127085983,0.0011252866825088,still
1783086926312281900,4.68828173828125,-0.004090507016913,-0.0053953676539589,0.0464677366644144,-0.0003014276735484,0.0006189574487507,0.0016912084538489,still
1783086926322325800,4.69832568359375,0.0018875775870692,0.0053946415681741,0.0476648374944925,0.0005094315856695,-0.0008482602424919,-0.0008560537826269,still
1783086926332370700,4.70837060546875,0.0022583220120461,0.0039795802886132,0.0626291823923587,0.0009392658248543,-0.0004706243053078,2.25228723138e-05,still
1783086926342414800,4.718414794921875,0.0001599980259255,0.0004196342011564,0.0472165092051029,1.50864943861e-05,0.000938125886023,0.0004602142143994,still
1783086926352458800,4.728458740234375,-0.0020964094486029,-0.0048003723193192,0.0488625228464603,0.0010936667677015,-6.1091966927e-05,-7.1704853326e-06,still
1783086926362503700,4.738503662109375,-0.0006469915250025,-0.0047546791472239,0.0645744712412357,0.0001584531273692,0.0004449258558452,0.0009939859155565,still
1783086926372547800,4.7485478515625,0.0014483801689173,0.0010047406127327,0.0620312164992094,0.0014740547630935,0.0004111039452254,-0.0005200211890041,still
1783086926382591700,4.758591796875,-0.0114664232044422,0.0001880333853885,0.0623304917067289,0.0009603113867342,-0.0014936882071197,-0.0013350341469049,still
1783086926392635600,4.7686357421875,-0.0033759917972085,0.0011296593337669,0.0605354249835014,0.0015312931500375,0.0008267238736152,-9.26696229726e-05,still
1783086926402680600,4.7786806640625,-9.0668249916e-05,-0.0021216386463376,0.0578419481158256,-0.0009877597913146,0.0009111543186008,0.0007917899638414,still
1783086926412724500,4.788724365234375,0.0013830632726778,-0.0112658876721514,0.0523053567767143,6.04602973908e-05,-0.0003722230903804,0.0002972409129142,still
1783086926422768600,4.7987685546875,-0.0124457873473234,-0.0001944106105365,0.0636778146624565,-0.0007680922280997,-0.0006292155012488,-0.0001217667013406,still
1783086926432813600,4.8088134765625,0.0040648108866531,0.0024003185904002,0.0581412233233451,0.0009629623964428,0.000356154050678,-1.81696377694e-05,still
1783086926442857500,4.818857421875,-0.0094814759153232,-0.0021678729578386,0.0615828882098197,0.0003646977711468,-0.0009081433527171,0.0018219090998172,still
1783086926452901600,4.828901611328125,0.0007344391963037,-0.0116281108639552,0.0488636918902397,-0.0001940333750098,-0.0002897572703659,-0.0007171486504375,still
1783086926462946300,4.8389462890625,0.0111507459930377,0.0088282829783973,0.0512578935503959,5.67019451409e-05,3.66955064237e-05,-0.0003303117118775,still
1783086926472990500,4.848990478515625,0.0071286520117486,2.00655404943e-05,0.0677180299639701,0.0005166300106793,-0.0003569195978343,-0.0005199287552386,still
1783086926483034600,4.85903466796875,0.0006115571687289,0.0011896732921595,0.0591886865496635,-0.0012368519091978,0.0002193269319832,0.0010784204350784,still
1783086926493078500,4.86907861328125,-0.0058136706978431,-0.0047451966495369,0.0549988336443901,0.0002167015336453,-0.0010914807207882,-0.0003527624066919,still
1783086926503123500,4.87912353515625,0.0009923183809325,-0.0049250261788722,0.0766962861895561,-0.000945602892898,0.0010776333510875,0.0011055635986849,still
1783086926513167600,4.889167724609375,-0.0014363974701787,0.003404166437278,0.0644254181593656,0.0015282074455171,-0.0004267860203981,0.0003585468512028,still
1783086926523211500,4.89921142578125,-0.0106397322975564,0.0065997704410809,0.063527592536807,-0.0003197179175913,0.0004907161928713,-0.0004432939458638,still
1783086926533256400,4.90925634765625,0.0078868396931095,-0.0062491669051232,0.0585901361346244,-0.0004954864270985,0.0002936422824859,-0.0004022812936455,still
1783086926543300600,4.919300537109375,-0.0046582022110291,0.0042988342716591,0.0455710800856351,-0.0003151162527501,-0.0004054503515362,0.0013284638989716,still
1783086926553344500,4.929344482421875,-0.0079929384075978,0.0091589534046011,0.058439914008975,0.0002316306345164,-0.000987084582448,-0.0009559956379234,still
1783086926563389400,4.939389404296875,0.0011143213423842,0.0113944094226462,0.0532025978773832,-0.0007126939017325,0.0008676028810441,2.86279246211e-05,still
1783086926573433600,4.94943359375,-0.0091977430535189,-0.0019532803590875,0.0524544098585844,0.0001347239594906,0.0014351224526762,0.0002675133291631,still
1783086926583477500,4.9594775390625,-0.0022810270341986,-0.0026253526680637,0.0548491960406303,0.0001141964457929,0.0005635754205286,-0.0005754211451858,still
1783086926593521700,4.969521728515625,0.0156071911123581,-0.0024116574017447,0.0612836130023002,0.0010745325125753,-0.0017389934509992,0.0018650996498763,still
1783086926603566600,4.979566650390625,0.0027218592870107,0.0026388720200513,0.0636772301405668,-0.000601626932621,-5.49834221601e-05,-8.24534799903e-05,still
1783086926613610500,4.989610595703125,0.0060232800191559,-0.0032645958530949,0.0627799890398979,0.0006077145226299,-0.0007186429575085,0.0008491202024742,still
1783086926623654700,4.999654541015625,-0.0097707080777967,-0.00140440060494,0.0409328988909721,0.0008968035690486,-0.0006985398940742,-0.0014757676981389,still
1783086926633699300,5.00969921875,0.005218681071425,-0.0023305138903553,0.073553896510601,0.0002382039092481,0.0018564970232546,0.00100097223185,still
1783086926643743500,5.019743408203125,-0.0015009951304993,0.0070808981716632,0.0600865121722221,0.0008101514540612,-0.0014958246611058,0.000568717950955,still
1783086926653787600,5.02978759765625,0.0023550181439495,0.0034124981574947,0.0699620094984769,-0.0008708359673619,0.0009612077847123,-0.0001561944372951,still
1783086926663832300,5.039832275390625,0.0048774892512068,0.0019383864673436,0.0506587586134672,-0.0002243164926767,0.0020728141535073,0.0001676161773502,still
1783086926673876500,5.04987646484375,-0.002138233588112,0.0032981510628247,0.0523053567767143,-0.0006629391573369,-0.0008068620227277,0.0002496414817869,still
1783086926683920600,5.059920654296875,-0.0139315152683877,0.0066555534656392,0.065472881385684,-0.0002949472982436,-0.0007667606696486,0.0008840757654979,still
1783086926693964500,5.069964599609375,0.0161532384469581,-0.0025897196656791,0.0491623825758695,-0.0008331721182912,9.55709256231e-05,7.6293945312e-06,still
1783086926704009500,5.080009521484375,-0.0119063946574402,0.0081814090427593,0.0570931755751371,-0.000488355057314,-0.0005737687461078,0.0005858843214809,still
1783086926714053600,5.0900537109375,-0.0046503260068944,-0.0056362934204982,0.0629284575998783,-0.000513921258971,0.0001466162502765,0.0013853652635589,still
1783086926724097500,5.10009765625,-0.0022833103228302,-0.0036845565645257,0.0578413635939359,0.0002497842069715,4.93442639708e-05,0.0008960715495049,still
1783086926734142500,5.110142578125,0.0001969256529642,-0.0098727436801651,0.0540998389780521,-0.000556354643777,-0.0010952823795378,0.0013030025875195,still
1783086926744186600,5.1201865234375,0.0044419051373144,-0.0041125864179804,0.0536503416448831,-9.44561325013e-05,0.0008042175322771,-9.79010947048e-05,still
1783086926754230500,5.13023046875,-0.0108038528011064,0.0159317286252975,0.0653220747381448,-0.0001932594459503,-0.0012469491921365,0.0009258179925382,still
1783086926764275500,5.140275390625,-0.0009177473158692,-0.0084562370789004,0.0663695379644632,0.0005523134022951,0.0009984225034713,-5.3682597354e-05,still
1783086926774319600,5.150319580078125,0.004749010883196,0.0010243289459031,0.0503588988840579,0.0006412628572434,-0.0006000068970024,-0.0002278531901538,still
1783086926784363500,5.160363525390625,-0.0057072066571738,-0.002436545247829,0.049909401550889,0.0003606115933507,-0.0001803077757358,0.0004721984732896,still
1783086926794407700,5.17040771484375,-0.0062196051672101,0.0112699564924929,0.0609831687510013,0.0013683517463505,-0.0006644707173109,0.0006916429847478,still
1783086926804452400,5.180452392578125,-0.0021989108418521,0.0085098395628156,0.0748994659006595,-0.0001463706139475,0.0003547156229615,0.0010218193056061,still
1783086926814496500,5.19049658203125,-0.0013050775494659,0.002378182107117,0.0615817191660404,-0.0002547611948102,-0.0005281222984194,0.0008489801548421,still
1783086926824540700,5.200540771484375,-0.0068446029144688,0.0035012564364704,0.0759469291269779,-0.0004604111891239,0.0001312266103923,-0.0016301246359944,still
1783086926834585300,5.21058544921875,0.0099018944261246,0.0036427061671973,0.0615817191660404,3.36051452904e-05,-0.0004722457379102,-0.0003030716907233,still
1783086926844629500,5.22062939453125,-0.0128357479294238,-0.0026198271095752,0.0491617980539798,-0.0005617139395326,0.0010440964251756,0.0002473609056323,still
1783086926854673700,5.230673583984375,-0.0008124968431075,-0.0071706565310596,0.0656213499456644,4.84162010252e-05,-0.0003098547458648,-0.0001734185498207,still
1783086926864718300,5.24071826171875,-0.0010799361572368,-0.0015467705009854,0.0590378799021244,0.0007805817294865,-0.00170708168298,0.0008046375587582,still
1783086926874762500,5.250762451171875,-0.0096195931862923,0.0018903118252055,0.0558949057012796,0.0007840439211577,-0.0002945410087704,-0.0006851346697658,still
1783086926884806700,5.260806640625,-0.0059647239405545,-0.002094880786864,0.0491617980539798,-0.0007171742618083,-0.0013683177530765,2.70465388894e-05,still
1783086926894850600,5.2708505859375,0.0057237182589131,0.0065227802317123,0.0615811346441507,-0.000610914081335,-0.0002921344712376,-0.0003503232728689,still
1783086926904895500,5.2808955078125,0.0093972237064619,-0.0078586684779729,0.0606827244997024,-0.0005960382986813,-0.0002685287036001,0.0007776953279972,still
1783086926914939600,5.290939697265625,-0.0045278367049642,-0.0017360117460601,0.0455693265199661,-0.0004596845246851,-0.0006943680346012,7.70175829529e-05,still
1783086926924983600,5.300983642578125,0.0045960933353169,-0.0069922152412123,0.0523030186891555,-0.0005035949870944,0.0007221004925668,-0.000546614639461,still
1783086926935028500,5.311028564453125,-0.0034249055479187,0.002737875415117,0.0527525160223245,-0.0002780251670628,0.0017836363986134,0.0006680530495941,still
1783086926945072600,5.32107275390625,-0.0023056922596413,-0.004517153197457,0.0558943211793899,1.03295315057e-05,-0.0007557841017842,0.0010746349580585,still
1783086926955116500,5.331116455078125,0.0068513431825092,0.0004375306174508,0.059635261273384,-0.0003952700644731,-0.0006255554035305,-0.0021137013100087,still
1783086926965161500,5.341161376953125,-0.0042549859967781,0.0061356349444948,0.0722048199892044,-0.0011384321842342,-0.000240824650973,0.000433406792581,still
1783086926975205400,5.351205322265625,-0.0059236030539439,-8.66097043734e-05,0.0623287381410598,-0.0007759758736938,0.00018767779693,-0.0007527649868279,still
1783086926985249500,5.36124951171875,-0.0023803980387339,-0.0048491798971081,0.0627776509523391,0.0001520412042737,-0.0012746825814247,0.0001252081710845,still
1783086926995293700,5.371293701171875,0.0110220484293182,0.0010148213320411,0.0629272885560989,0.0012926731724292,-0.0004717390984296,0.0008386690169572,still
1783086927005338400,5.38133837890625,-0.0086063952724682,-0.008498872927518,0.0506570050477981,0.0013196340296417,0.0002620066516101,-0.0005247436929494,still
1783086927015382500,5.391382568359375,-0.001565520867228,-0.0006900440737954,0.0560439587831497,-0.0011272781994193,0.000343233346939,-0.0007591019384562,still
1783086927025426700,5.4014267578125,-0.0016375414988899,0.0011136991462321,0.0539496168524026,0.000122552504763,0.000636076554656,0.0015281590167433,still
1783086927035471400,5.411471435546875,0.0027103891865699,0.0005632370730629,0.0488619383245706,-0.0006609493866562,-0.0002536857500672,-0.0009850661735981,still
1783086927045515500,5.421515625,0.001134941722016,-0.0106078347553731,0.0659206251531839,0.000508778495714,0.0007949671708047,-0.0002695324365049,still
1783086927055559700,5.4315595703125,-0.0051896593312732,-0.0061338242966099,0.0494610732614994,6.16337638348e-05,0.0010138787329196,-0.0009646173566579,still
1783086927065604400,5.441604248046875,0.0010917556008382,-0.0025928888702997,0.050507951965928,0.0001537583302706,2.16350890696e-05,-0.001424852060154,still
1783086927075648500,5.4516484375,-0.0071202426597184,0.0065514971528318,0.0635264234930276,-0.0010017871391028,-0.0004191184416413,-0.000590483425185,still
1783086927085692700,5.461692626953125,0.0032033831681706,0.0097294627519557,0.0644242491155862,0.0008331618737429,-0.0010565943084657,0.0002802310045808,still
1783086927095736600,5.471736572265625,-0.0003627791725855,0.0029153508738731,0.0545487517893314,0.0016984229441732,-0.0005500614643096,0.0011928961612284,still
1783086927105781500,5.481781494140625,-0.0005179103687929,-0.0022591200214228,0.0573918662607669,-0.0012082344619557,0.0002155010588467,0.0001015868037939,still
1783086927115825400,5.491825439453125,-0.0033833930773078,-0.002303153242683,0.0540998389780521,-0.0005083556752651,-2.23191455006e-05,0.0003532555419951,still
1783086927125869600,5.50186962890625,0.000990747478354,0.0080141307510319,0.0552969398081302,-0.0008716285228729,-0.0009031235240399,0.0003704794216901,still
1783086927135914500,5.51191455078125,0.0029162208068417,0.0089833000101731,0.0567933158457279,0.0008341260254383,-0.0019404245540499,-0.0010263486765325,still
1783086927145958400,5.52195849609375,-0.0046554257320531,-0.0028333054634742,0.0461690459787845,0.0004792776890099,-3.17343510687e-05,-0.000246409792453,still
1783086927156002600,5.53200244140625,-0.0073376391369092,-0.0040893288399791,0.0497597639471292,-0.0001873115543276,-0.0004716888070106,0.0003996731247752,still
1783086927166047500,5.542047607421875,-0.0013758001315407,0.0119862994847469,0.0579898321539163,-0.0009284589905291,0.0007951552979648,8.03268048912e-05,still
1783086927176091400,5.55209130859375,0.0117550537203613,0.0034260060930391,0.0599345364809036,0.0002228256780654,-0.0001446744427084,0.0004315979313105,still
1783086927186135600,5.562135498046875,-0.0035923961854889,0.0110197057751822,0.0642740269899368,-0.0002693904098123,-6.18076883256e-05,-0.0005317274481058,still
1783086927196179700,5.5721796875,-0.0047749912828905,0.0163567833536653,0.0561935963869094,1.68995466083e-05,-0.0004935064353048,6.64186663925e-05,still
1783086927206224400,5.582224365234375,0.004844906722434,-0.0004461591651896,0.053499534997344,-0.0006415164098143,-0.0006320402026176,-0.0010244757868349,still
1783086927216268500,5.5922685546875,-0.0067803523140202,0.0045817976651946,0.0674158321470022,-6.54745381325e-05,0.0014755851589143,-0.0001008913386613,still
1783086927226312700,5.602312744140625,0.0018188209165062,0.0168781951455748,0.060532502374053,0.0011462133843451,-0.0006366125307977,3.44195868819e-05,still
1783086927236357400,5.612357421875,-0.0008562777609738,-0.0021261595578282,0.063076341637969,7.66876619309e-05,0.001687794458121,0.0002543965820223,still
1783086927246401500,5.622401611328125,0.0075699614718847,0.0010678758266847,0.068164020165801,0.0007483577355742,0.0004312703385949,-0.0008065728470683,still
1783086927256445700,5.63244580078125,0.004621602235909,-0.0069247235125512,0.0469154804319143,0.0001837676391005,0.0023761768825352,0.0010848040692508,still
1783086927266490400,5.642490478515625,-0.0011542594854836,-0.0053274923328077,0.0413788890928029,-0.000201852992177,-0.0003259307704865,-0.0007119909860193,still
1783086927276534500,5.652534423828125,0.0008865381852083,0.0029068342072772,0.0615799656003713,0.0014804657548666,-8.01207497715e-05,-0.0008203815668821,still
1783086927286578400,5.662578369140625,0.0025543321168224,-0.0170698795094853,0.0657698185056448,-0.00016142684035,-0.0006077615544199,-0.0005208069924265,still
1783086927296623400,5.672623291015625,-0.0021839952588663,-0.0012291445027338,0.063674892053008,-0.0001880584750324,-0.0006927163340151,0.0002906580921262,still
1783086927306667500,5.68266748046875,-0.007234743876371,0.0020182490538107,0.0506558360040187,0.0001985987182706,-0.0008602798916399,0.0003662803210318,still
1783086927316711400,5.69271142578125,0.0006362612100783,-0.0030938423960702,0.0623275690972804,-0.0009321793913841,0.0003786226734519,5.38914464414e-05,still
1783086927326755600,5.702755615234375,0.0034889106948394,0.0018511602750397,0.0618786562860012,0.0007618381641805,-0.0002554622478783,-0.0001382522750645,still
1783086927336800500,5.712800537109375,0.0016867589269881,-0.0154654422708204,0.0662181467950344,-0.0005194088444113,2.09738500416e-05,-0.0006684877444058,still
1783086927346844400,5.722844482421875,0.0098180794670362,-0.0035626358014647,0.0711561877191066,0.0004557687789201,-0.00100655015558,-1.7399434e-06,still
1783086927356888600,5.732888671875,0.0121139227611653,0.0074554419889231,0.062177346971631,-0.0005285353399813,4.22024168074e-05,-0.0005175941623747,still
1783086927366933500,5.74293359375,-0.0067223522162006,0.0044723779073916,0.0638233606129884,-0.0008145936299115,0.0010911980643868,-0.0001785713247954,still
1783086927376977400,5.752977294921875,-0.0014637375682534,-0.0013818554129917,0.06921031434834,0.0004069984424859,0.0012483242899179,0.0008661868050694,still
1783086927387021600,5.763021484375,0.004232253575162,0.0111923680615029,0.0614291589528322,8.63422174006e-05,0.0003192881122231,0.0005518593825399,still
1783086927397066800,5.773066650390625,0.0045209605812502,-0.001705767304846,0.0624766221791505,0.0007196418009698,0.0003144941292703,9.88554675132e-05,still
1783086927407110700,5.783110595703125,0.0069365669306833,-0.0059925321127986,0.060681555455923,0.0011203070171177,-0.0001817443408071,-0.0006614120211452,still
1783086927417154800,5.79315478515625,-0.0041585809841752,-0.0035865281337057,0.0608306085377931,-0.0006949037779122,-0.0006312858313322,0.0003777532838284,still
1783086927427199000,5.803198974609375,0.0029504838360473,-0.0011944385155336,0.052600540331006,-4.55437693744e-05,8.2578510046e-05,-0.0002328576520085,still
1783086927437243600,5.81324365234375,0.0053741844436794,0.0048687271310831,0.0711561877191066,0.0010364984627813,-0.0006918688304722,0.000869691139087,still
1783086927447287800,5.823287841796875,-0.0121832023048249,-0.0059134481277549,0.083874799516797,0.0001613257918506,-6.48759305477e-05,0.0012296623317524,still
1783086927457332000,5.83333203125,0.006581644554279,-0.0023523055970552,0.0588853196889162,-4.98627778142e-05,-0.0001615486107766,0.0006584143266081,still
1783086927467376600,5.843376708984375,0.0049011269967653,0.0038598377829068,0.0549947419911623,-0.0013684090226888,-0.0010871961712837,-0.0012106942012906,still
1783086927477420800,5.8534208984375,-0.0124098278346646,-0.0095942212830181,0.0606809709340333,-0.000940705416724,-0.0002573551610112,0.0002513811923563,still
1783086927487464700,5.863464599609375,0.0007345533607352,0.0021245292897452,0.0701081399708986,0.0002214615233242,-0.0013318345881998,-0.0009554370772093,still
1783086927497509600,5.873509521484375,-0.0099665914095006,0.0048522897362243,0.0698088647633791,-0.0005993247032165,-0.0005331528373062,-9.76328738033e-05,still
1783086927507553800,5.8835537109375,0.0027921868601522,0.0080604038784396,0.0599321983933448,-0.0009954569395631,-0.0011399323120713,-0.0002144246827811,still
1783086927517597700,5.89359765625,-0.0050185302732686,-0.0088503989120828,0.0639724136948585,0.0002839255612343,-0.0003231409937143,-0.0009079119190573,still
1783086927527641900,5.903641845703125,0.0121072452835622,-0.0073305940498365,0.0552934326767921,0.00051089678891,-0.0005507720634341,-0.0015050077345222,still
1783086927537686800,5.913686767578125,0.0168647305925143,0.0067327857036027,0.0644213265061378,0.0011407344136387,0.0002519045956432,0.0006372388452291,still
1783086927547730700,5.923730712890625,-0.0049805021011095,0.0107665210319799,0.0665162529587745,-0.0004098343197256,-0.0004687327891588,-0.0003669525031,still
1783086927557774800,5.93377490234375,-0.0055187051976157,0.0014347546440083,0.0412274979233741,8.5481442511e-06,5.5762939155e-06,-0.0009895996190607,still
1783086927567819800,5.94381982421875,0.007530716306885,-0.0047249301796429,0.0665156684368848,0.0004083374515175,-0.000281133223325,0.0004856958985328,still
1783086927577863700,5.95386376953125,0.0042908735858451,-0.0045134771027602,0.0659171180218458,0.0011580171994864,0.0001902463845908,-0.0014762547798454,still
1783086927587907800,5.963907958984375,-0.002894050074229,0.0010549980788026,0.0575379967331886,-0.0001484409440308,-0.0008652787655591,-0.0005096730310469,still
1783086927597952800,5.973952880859375,0.0112148527463024,-0.02042192531717,0.0593336479783058,0.0009573036804795,-0.0003262548707425,-0.0001967516727745,still
1783086927607996700,5.98399658203125,0.0032775375330587,0.0047351707291556,0.0569394463181495,-0.0011790472781285,-2.16648913919e-05,-0.0008979281410574,still
1783086927618040800,5.994040771484375,0.0076972993372241,0.0050023497483809,0.0560416206955909,0.0009706562850624,0.0006931275129318,0.0005985021125525,still
1783086927628085000,6.0040849609375,0.0042624968747317,-0.0043070335611351,0.0502057541489601,-0.0003775467630475,-4.15691174566e-05,0.0010019479086622,still
1783086927638129700,6.014129638671875,0.0021874681408749,-0.0070259028816828,0.0579869095444679,-0.0007253554649651,-0.0006184098310768,0.0006647915579378,still
1783086927648173800,6.024173828125,-0.0004945922836428,0.0042360575340222,0.0576876343369483,0.0008390613365918,0.0001256428658962,6.19634520262e-05,still
1783086927658217700,6.0342177734375,0.0015106054923497,0.009035379540571,0.0638227760910987,-0.0005172865930944,-0.0005095209926366,-0.0010411178227514,still
1783086927668262700,6.0442626953125,0.0056881446220329,-0.0034064337428892,0.0585854599595069,0.0001972762402147,0.0009311204776167,0.0002228103112429,still
1783086927678306800,6.054306884765625,0.005934336793801,0.0055365890558226,0.0527495934128761,0.0005413566250354,-0.0003533218987286,-0.0015700298827141,still
1783086927688350700,6.064350830078125,-0.0049938011157442,-0.0081596561519661,0.0531990907460451,0.0007844986394047,0.0003471141681075,-0.0004551296588033,still
1783086927698395600,6.074395751953125,-0.0018175183003419,-0.0087236398604116,0.0528998155385255,0.0014167327899485,-0.0004973742179572,0.0011148038320243,still
1783086927708439800,6.084439697265625,0.0065525371908035,-0.0008643411947763,0.0560422052174806,0.0012696974445134,0.0002615866251289,-0.0008609523065388,still
1783086927718483700,6.094483642578125,0.0074158177980105,-0.0028872778401477,0.0499076479852199,0.0001032329164445,-0.0001381537877023,-7.71838240325e-05,still
1783086927728528000,6.10452783203125,-0.0019672255444049,-0.0014864688482251,0.0572398905694484,0.0012067740317434,-0.0003253216855227,0.0010730413487181,still
1783086927738572800,6.11457275390625,0.0024237017492763,-0.0019413615924306,0.0570902529656887,9.4637973234e-05,-0.0010491688735783,0.0005393440369516,still
1783086927748616700,6.12461669921875,-0.0024662359915499,0.0008087339834426,0.0641232203423976,0.0003960877656936,0.0002941968850791,-0.0013626557774841,still
1783086927758660900,6.134660888671875,0.0041917879923887,-0.0082513941226061,0.0618786562860012,-0.0005551932845264,0.0015951506793498,0.001095441635698,still
1783086927768705800,6.144705810546875,0.0034738912222208,-0.0041803133253706,0.0585866290032863,0.0002363508101552,-0.0011965869925916,-0.0001325092744082,still
1783086927778749700,6.154749755859375,0.0059327590413566,0.0019018469993723,0.0540975008904933,0.0010454189032316,-0.0004884526133537,-0.0019658294040709,still
1783086927788793900,6.1647939453125,0.000566527291981,0.0004797783070011,0.0508060581296682,0.0015142958145588,0.0009540421888232,-0.0001144730485975,still
1783086927798838800,6.1748388671875,-0.0057530699342722,-0.0075141567560844,0.0650216304868459,-0.000103308353573,0.0005529704503715,0.0002972516231238,still
1783086927808882700,6.184882568359375,0.007121444811183,0.0063025022442685,0.0479635281801223,0.001063740812242,-0.00147520378232,-0.0001234819646924,still
1783086927818926800,6.1949267578125,0.0123513996202265,-0.0015589564124122,0.0605330868959426,-0.0001711670774966,0.0003943354822695,0.0001865099184215,still
1783086927828970800,6.204970703125,-0.0054757553968112,-0.0076917943283333,0.0517044682741165,0.0002262119669467,0.0006722910329699,0.0004537454806268,still
1783086927839015700,6.215015625,-0.0005300528977357,-0.0066707967005437,0.061580550122261,2.9670773074e-05,0.0002147597260773,0.000214327359572,still
1783086927849059800,6.225059814453125,-3.26533107203e-05,0.005290261028381,0.0517044682741165,-3.78706026822e-05,-0.0008331933058798,0.0020091412588953,still
1783086927859103700,6.235103759765625,0.0071986256751522,-0.0013516246715094,0.066218731316924,-0.0009958095615729,0.0003212871961295,-0.0016407207585871,still
1783086927869148700,6.245148681640625,-0.0003176305648288,0.0174826501450152,0.0671165569394826,-0.0002334034070372,-0.0008558561094105,-0.0006180913187563,still
1783086927879192800,6.25519287109375,0.0078209645327995,0.0071170220811036,0.0593359860658645,0.0009242726955562,0.0002528182230889,-0.0012018561828881,still
1783086927889236700,6.26523681640625,-0.0040542712263297,-0.0029227555789053,0.0680149670839309,-0.00032913335599,-0.000395146664232,0.0012224424863234,still
1783086927899281700,6.27528173828125,-0.0017783108096045,0.001747489838011,0.0503577298402786,0.0004794022534042,-0.0006548049859702,-0.0003632036969065,still
1783086927909325800,6.285325927734375,-0.0006893065715674,0.0008121246670605,0.0521533810853958,0.0009400176350027,-0.0008874158374965,-0.0002737366594374,still
1783086927919369700,6.29536962890625,-0.0050161567947361,-0.0033557607182883,0.064124389386177,-0.0003151302225887,0.0012023663148283,-0.0006508403457701,still
1783086927929414000,6.305413818359375,-0.0040263363315665,-0.013819280215702,0.0650227995306253,0.0008963486179709,-0.0002216785214841,-0.0009964331984519,still
1783086927939458800,6.315458740234375,-0.0140584741078142,0.0038800608703168,0.0648731619268655,0.0012193901930004,-0.0009007849730551,0.0011205135378986,still
1783086927949502700,6.325502685546875,-0.0032641060876834,-0.0101501792319235,0.0630775106817483,0.0006077939178794,0.0005839499644935,0.0002167541533708,still
1783086927959547000,6.335546875,0.0058545484142145,-0.0034575908246799,0.0536503416448831,-0.0007988878060132,-0.001668285112828,-0.0007004383951425,still
1783086927969591800,6.345591796875,0.0020923908606113,0.0038820085155195,0.0669680883795022,0.0011341723147779,0.0014694640412926,0.0011645051417872,still
1783086927979635700,6.3556357421875,0.0037799477969761,-0.0064061818144517,0.060534255939722,0.0008918244857341,0.0002345563843846,-0.0012603029608726,still
1783086927989679900,6.365679931640625,-0.0026208260483515,0.0114573779565282,0.0636766456186771,-0.0002013724297285,-0.0002380441874265,0.0004626363515853,still
1783086927999724800,6.375724853515625,-0.0040780025867221,-0.0037076543123228,0.0611322218328714,-0.0009033817332237,1.84183008968e-05,-0.0002630751114338,still
1783086928009768700,6.385768798828125,0.0001496147708734,0.006198582928779,0.0672673635870218,0.0004652617499232,0.0008821249939501,0.0010903924703598,still
1783086928019812900,6.395812744140625,0.0011625352651288,0.0117061376863624,0.0512561399847269,4.02210280299e-05,0.0012296675704419,-0.0001141552347689,still
1783086928029856800,6.405856689453125,0.0132488724746915,-0.0015319816405186,0.0536509261667728,0.0007077879272401,0.0006114705465734,0.0006751581095159,still
1783086928039901700,6.415901611328125,0.0007824727392464,0.0126858968381769,0.0548480269968509,-0.0009460349101573,-0.0005416781641542,0.0001632983330637,still
1783086928049945900,6.42594580078125,-0.0039932354962744,-0.0037766210454399,0.0536509261667728,4.87989746034e-05,0.0011128070764243,-5.42521011084e-05,still
1783086928059989800,6.43598974609375,0.0014502330576418,0.0127055559532949,0.0600853431284427,-0.0008228535298258,-0.001284837257117,-0.0013445536606013,still
1783086928070034700,6.44603466796875,0.0035772008996456,0.0023554474022123,0.0618809943735599,0.0002233574632555,3.32365743815e-05,0.000202321447432,still
1783086928080078800,6.456078857421875,0.0047775542743795,-0.0062824207207537,0.0512567245066165,-0.0005758570041507,0.0006108758971095,0.0006406777538359,still
1783086928090122800,6.466122802734375,-0.0003785087479685,-0.0052440609662095,0.0698117873728275,0.0007321215234696,0.0008617020212113,0.0019048857502639,still
1783086928100167700,6.476167724609375,-0.0048813913914782,-0.0068516468598973,0.0502092612802982,0.0007843195926398,8.05971212685e-05,-0.0014134130906313,still
1783086928110211800,6.4862119140625,0.0035925765652908,0.0001830033005331,0.0424281058847904,0.0001479138154536,-0.0006960369646549,0.0013233649078756,still
1783086928120255700,6.496255859375,0.0176200413301994,0.0049119475015904,0.0493114356577396,0.0007457935716956,0.0016454146243631,-6.14789314568e-05,still
1783086928130300700,6.50630078125,0.0014239820882445,-0.008610053100856,0.0657721565932035,0.0005327381659299,0.0014376062899827,7.71128106862e-05,still
1783086928140344800,6.5163447265625,-0.0072809268138778,-0.0110446621199254,0.0663707070082426,-0.0003967049997299,0.0004663518629968,-0.0001412665005773,still
1783086928150388700,6.526388671875,0.0077978176942968,0.0033285873002838,0.0482645569533109,-0.0002710970584303,0.0006498801521956,0.0003044987097382,still
1783086928160433000,6.536432861328125,-0.0055279776327486,0.0082852667094557,0.0669692574232816,0.0002655298449099,8.04965384304e-05,0.0003950463142246,still
1783086928170477800,6.546477783203125,0.0054232934155676,-0.0002157867587055,0.0615823036879301,0.0005781310610473,0.000718108844012,0.0009898972930386,still
1783086928180521700,6.556521728515625,0.0023103398936509,-0.0033548542527016,0.0502098458021879,-0.0009175003506243,0.0012020054273307,-0.0003962779883295,still
1783086928190566000,6.56656591796875,0.0049231264827307,-0.0028199048424954,0.0590378799021244,-0.0002208969090133,-0.0007293387316167,2.5962945073e-06,still
1783086928200610800,6.57661083984375,-0.0032142150894389,-0.0051943788888747,0.0674175857126712,-0.0001519210636615,-0.0017179041169583,0.0009975533466786,still
1783086928210654700,6.58665478515625,-0.0023596486532944,0.0049395844271872,0.0569429534494876,-0.000838536536321,-0.0017187097109854,0.0011949377367272,still
1783086928220699000,6.596698974609375,0.0032627395394374,0.001093135848816,0.0527531005442142,-0.0003053715918213,2.85906717181e-05,0.0008897394873201,still
1783086928230743800,6.606743896484375,0.0033498744001961,-0.0050632564726285,0.0665197600901126,-0.0004655916709452,0.000843412708491,0.0004157323855906,still
1783086928240787700,6.61678759765625,0.0059116945620859,-0.002244833484455,0.0680161361277103,0.0008007413707673,2.87517905235e-05,-0.0010005366057157,still
1783086928250832000,6.626831787109375,-0.0098723772123397,0.0042459738565492,0.0677168609201908,0.0009709459263831,0.000678077340126,0.0009427039185538,still
1783086928260875800,6.636875732421875,-0.0106780310394184,-0.0003852318913443,0.0548480269968509,0.0001048860140144,-0.0005648196674883,-0.0003068512305617,still
1783086928270920700,6.646920654296875,-0.0021619649485044,0.0076722265447606,0.0540998389780521,-0.0001569124870002,-0.0006068688817322,0.0002742300275713,still
1783086928280964900,6.65696484375,-0.0057959923356131,0.0109045640960684,0.0608329466253519,-0.0012658528285101,0.0004000724293291,-0.0014528299216181,still
1783086928291008800,6.6670087890625,-0.0038187716952234,0.0105402950776508,0.0635264234930276,9.31485556066e-05,-0.0013379086740314,-9.87597741186e-05,still
1783086928301053700,6.6770537109375,0.0017498564666777,-0.0051558346934849,0.0657709875494241,-0.0004687784239649,0.0001683752052485,0.0001260109711438,still
1783086928311097900,6.687097900390625,0.0118394474931177,0.0085222903357236,0.0563432339906692,-0.0012986587826162,-0.0003976114094257,0.0001218626275658,still
1783086928321141800,6.697141845703125,-0.0004280823690933,0.0019824722042423,0.0546972203493118,0.0003887200728058,0.0002798968926072,0.000110677210614,still
1783086928331186700,6.707186767578125,0.00479096859509,-0.0043320492713828,0.0602338116884231,-0.0003272145986557,0.0002801492810249,0.0009446103358641,still
1783086928341230800,6.71723095703125,-0.0052407958634663,-0.0040166334965266,0.059036710858345,0.0003212650772184,0.0013816328719258,-0.0013473061844706,still
1783086928351274800,6.727274658203125,-0.0051658549056446,-0.0012956567005719,0.0524526562929153,0.0003393869847059,-0.0014832438901066,-0.0002392393071204,still
1783086928361319000,6.73731884765625,-0.002363295065239,0.0162673971703159,0.0487117161989212,0.0011370037682354,-0.0009583351202309,-0.0002120751887559,still
1783086928371363800,6.74736376953125,0.0009383562790579,-0.0016963944050134,0.0651718526124954,-0.0006688211578875,-0.002086779102683,-0.0008158525452017,still
1783086928381407700,6.75740771484375,-0.0009642944379127,0.0018487080230494,0.053499534997344,-0.000787598080933,-0.0004702406004071,0.0010808508377522,still
1783086928391452200,6.7674521484375,-0.0083465079354878,0.0062061177812633,0.0499082325071096,-0.0014011824969202,0.000925465952605,-2.81492248177e-05,still
1783086928401497000,6.7774970703125,0.002738482769893,-0.0073138621107442,0.0605319178521633,-0.0001023588702082,0.0001550135202705,0.0001984857954084,still
1783086928411541000,6.787541015625,-0.0076746982047043,0.0160465323776938,0.0602332271665334,0.0012527762446552,0.0012424127198755,0.0001647307071834,still
1783086928421585200,6.797585205078125,-0.002188158835686,0.0123445497543318,0.0532002597898244,0.0002567542251199,-1.03381462395e-05,0.0010979023063555,still
1783086928431630000,6.807630126953125,0.0019143069054349,0.0017166722913505,0.0391343250364065,0.0017576063983142,-0.0008382080122828,-0.0020332066342234,still
1783086928441674000,6.817674072265625,-0.0026006954341311,-0.0019458140052622,0.0506564205259084,0.0007930095307528,0.0005849851295351,0.0010328906355425,still
1783086928451718100,6.82771826171875,0.0130925562516844,0.0050896079067257,0.060532502374053,-0.0001420287881046,0.0010120929218828,0.0017021894454956,still
1783086928461762000,6.837761962890625,0.0032995119028491,-0.0060605078986496,0.0597848988771438,0.0019488190300762,0.0010416540317237,-0.0002086285967379,still
1783086928471807000,6.847806884765625,0.0025480941722809,0.0066537793503724,0.0623287381410598,-0.0011927469167858,-0.0001503373496234,-0.0002153671812266,still
1783086928481851100,6.85785107421875,0.0072381322767003,0.0101197977933916,0.0669675038576126,0.0001934284809976,0.0011492855846881,-0.0008260300382971,still
1783086928491895000,6.86789501953125,0.0034511941915785,-0.0071041945655713,0.0572410596132278,-0.0006298709195107,0.0005671358667314,0.0002531670033931,still
1783086928501940000,6.87793994140625,0.0009315452290698,0.0056740795640624,0.0627770664304494,-0.0005545036401599,-0.0013037347234785,0.0006438526324927,still
1783086928511984000,6.887984130859375,-0.0028647452062868,0.0244793954308726,0.0554448238462209,-0.0005009970627725,-0.0011395686306059,0.0006802240386605,still
1783086928522028000,6.898028076171875,-0.0005118094215693,0.0014474040630273,0.0461672924131155,-0.0009026017505675,0.0025798021815717,-0.0005701300688087,still
1783086928532073000,6.908072998046875,0.0056561991307884,-0.0113280502051464,0.0590361263364553,0.0007089157588779,0.0015028547495603,0.0009945316705852,still
1783086928542117000,6.9181171875,0.0003581201221328,0.0084278672176529,0.0536491726011037,2.4483539164e-05,-5.18984161317e-05,-0.0001463666558265,still
1783086928552161000,6.9281611328125,0.0068175231112982,0.0090107634058338,0.0382364994138479,-0.0001276552211493,-0.0006081401370465,-0.0004791598767042,still
1783086928562205200,6.938205078125,0.0045369915507326,-0.0011392240298446,0.0466162052243947,-7.73214269429e-05,-0.0004872330464422,0.0001554714981466,still
1783086928572250000,6.94825,-0.0085916098369343,0.0014978875746717,0.0612806903928518,-0.0015488341450691,-0.000907571054995,0.001079061999917,still
1783086928582294000,6.9582939453125,3.76308799372e-05,0.0056018522947793,0.0588859042108058,0.0005742378998547,-0.0007909247651696,0.0006249931175261,still
1783086928592338200,6.968338134765625,0.0103676088167994,-0.0040176449933904,0.0514040240228176,0.0004019881598651,-0.0010257130488753,0.0003998302854597,still
1783086928602383000,6.978383056640625,-0.0036002860893553,0.0036785355324042,0.0494587351739406,0.0004147714935243,0.0008331732824444,0.0004134124610573,still
1783086928612427000,6.988427001953125,0.0037713078327942,-0.001096407801425,0.0648714083611965,-0.0008547035977244,0.0019648540765047,-0.0003141658380627,still
1783086928622471200,6.99847119140625,-0.0117311648130533,0.0153710419856361,0.0600835895627737,0.0004513105377554,0.001099326647818,-0.000934415962547,still
1783086928632516000,7.00851611328125,-0.0010066323173639,-0.001684050946671,0.0437730907529592,6.25553075224e-05,0.0001008664257824,0.0007550736190751,still
1783086928642560000,7.01856005859375,0.0076440165137173,-0.0081336403612978,0.054098085412383,-0.0016128392890095,-0.0011220569722354,0.0014008901780471,still
1783086928652604200,7.028604248046875,-0.0029594936929875,0.0031731044776272,0.0406301165521144,-0.0011339691700413,-0.0009431978687644,0.0024820484686642,still
1783086928662648800,7.03864892578125,-0.0080002768972597,-0.0134181908848113,0.0617290186822414,0.0005725843366235,0.001167356967926,0.0011629847576841,still
1783086928672693000,7.04869287109375,-0.00845134056643,0.006058918729762,0.0472147556394338,-0.0002764600794762,-0.0007207198068499,-0.0011800397187471,still
1783086928682737200,7.058737060546875,0.0011145896287984,-2.52417558222e-05,0.060532502374053,0.0010330162476748,0.0010582720860838,-0.0004295608960092,still
1783086928692781000,7.068781005859375,0.000372964923171,0.0083256946179666,0.0557440990537404,0.0002780484501272,-0.0009403238072991,0.0001765466295182,still
1783086928702826000,7.078825927734375,0.0046194662193942,-0.0035394261725246,0.0588859042108058,0.0002868368756026,-0.0006332611665129,-0.000762484036386,still
1783086928712870100,7.0888701171875,0.0024982214403455,-0.0052859638791764,0.0817810421079397,0.0003398805856704,0.0006606737151741,0.000543235335499,still
1783086928722914000,7.0989140625,-0.0031949532665428,0.0034920684830169,0.0536491726011037,0.0010858320165425,-5.7048164308e-05,0.0003597436007112,still
1783086928732959000,7.108958984375,0.001024939725612,0.0125839845333946,0.0686129329770803,-0.0001377910375595,-2.3292377591e-06,-0.0006801108829677,still
1783086928743003100,7.119003173828125,-0.0021233145801932,0.009876896982186,0.0505067829221487,-0.0007804117631167,0.0004243091680109,-8.40954016894e-05,still
1783086928753047000,7.129047119140625,-0.0086264151471899,0.0029133415798773,0.0521527965635061,-6.00758939981e-05,0.0017413008026778,0.0014328111428767,still
1783086928763092000,7.139092041015625,0.0024438711794035,0.0070842431895085,0.053648588079214,-0.0001644717995077,-0.0010395715944468,0.0005454458296298,still
1783086928773136100,7.14913623046875,-0.0009530412498919,-0.0034302256104303,0.0523018496453762,0.0005127149634063,-0.0006620888598263,0.001039222930558,still
1783086928783180000,7.159179931640625,-0.0033814340156619,0.0008171387688955,0.0564922870725393,0.0009231080766767,0.0003312705084681,0.0009801008272916,still
1783086928793224200,7.16922412109375,0.0146241645745118,-0.0048703688156092,0.0683136577695608,-0.0006598546169698,0.0006974106654524,0.000266705872491,still
1783086928803269000,7.17926904296875,0.0031884470355871,0.0015404046922805,0.0641238048642873,5.28073869645e-05,0.0017040856182575,0.0005612515378743,still
1783086928813313000,7.18931298828125,-0.0028690160976722,0.00538570477647,0.0624777912229299,-0.0004882940556854,0.0007130461744964,0.000139532610774,still
1783086928823357200,7.199357177734375,-0.0031586295693472,0.0084389000683208,0.0524520717710256,0.0002275637816637,-8.93641263246e-05,0.0010679105762392,still
1783086928833401900,7.20940185546875,-0.0217000874602468,0.007149234717118,0.0448211385011672,-4.61195595562e-05,-0.0010054190643131,-0.0006825439631938,still
1783086928843446000,7.219446044921875,0.0028943617431272,0.015988911305787,0.0671165569394826,0.0002340450882911,-0.0002991487272083,0.0002386434935033,still
1783086928853490200,7.229490234375,0.0020185367481783,0.002273360892618,0.0493102666139602,-0.0003944362979382,0.0002537346445024,0.0003037743736058,still
1783086928863534800,7.239534912109375,-0.0074752107018954,0.0006290231851162,0.0537993947267532,-6.28728885203e-05,-0.0007377602159976,0.0004518460482358,still
1783086928873579000,7.2495791015625,-0.0056102958961389,-0.0080195261620683,0.0799859753847122,0.0005527997855097,0.0019652787595987,-0.0002975615207105,still
1783086928883623200,7.259623046875,0.0026467470825416,-0.0099662078170105,0.066668228650093,-0.0007191260810941,-0.0004944168031215,1.02999620139e-05,still
1783086928893667000,7.2696669921875,0.0077022928894613,0.0060742784123867,0.0675660542726516,0.0002028560265898,-0.0002719573676586,0.001099755289033,still
1783086928903712000,7.2797119140625,0.0071399828315828,-0.0003610838307766,0.052003743481636,0.0003695697523653,-0.000234939623624,0.0004736459814012,still
1783086928913756200,7.289756103515625,0.0025142626846267,-0.0125832630141871,0.0487117161989212,-0.000248797237873,2.81995162367e-05,0.0013899551704525,still
1783086928923800000,7.299800048828125,-0.0025481044470798,0.0038048539093695,0.0683142422914505,-0.0005859534721821,-0.0011518471874296,0.000476490939036,still
1783086928933845000,7.309844970703125,-0.0065413867507711,0.0080520219258731,0.0536497571229934,0.0023667418863624,0.0005185334011912,0.00041985954158,still
1783086928943889200,7.31988916015625,0.0003423574390646,0.0096670170911704,0.0611316373109817,0.0003805563319474,-0.0007723006419837,-0.0001647041644901,still
1783086928953933000,7.32993310546875,-0.0008700414248451,-0.0040283969995565,0.0557452680975198,0.000556462444365,0.0005569877102971,0.0007483013905584,still
1783086928963978000,7.33997802734375,-0.0006125949234119,-0.0003680775438551,0.0560445433050394,-8.66909977048e-05,-0.0007002907805144,-0.000294326338917,still
1783086928974022100,7.350022216796875,-0.0006029012215265,0.0057402058861218,0.0750485189825296,0.0002895127981901,6.89523294568e-05,-0.0002044304274022,still
1783086928984066000,7.360066162109375,-0.0115583175803534,0.0085416663230513,0.0704103377878666,0.0005851238965988,-0.0005177417770028,0.0003066302742809,still
1783086928994111000,7.370111083984375,0.0068329033435205,0.0114136575458105,0.0581400542795658,0.0002284422516822,0.0009061768651008,0.0005996171385049,still
1783086929004155000,7.38015478515625,0.0047303644065861,0.006974101912498,0.0617313567698001,-0.0005164437461644,0.0015187035314738,0.0002898916136473,still
1783086929014199000,7.390198974609375,-0.0046926284953719,4.6624753857e-06,0.06203004745543,-0.0009623884689062,-0.0009128949604928,-0.0009397552348673,still
1783086929024243200,7.4002431640625,-0.0013199371918803,0.0095551770474179,0.0612818594366312,0.0006248555146157,0.0012964634224772,6.069894880056381e-07,still
1783086929034287900,7.410287841796875,0.0059898241324815,0.0059091258623753,0.0672679481089115,0.0003686686977744,-0.0003698808141052,9.23436600714e-05,still
1783086929044332000,7.42033203125,-0.0042153892053291,-0.0105340320169343,0.0512567245066165,-0.0009229644201695,0.0011180276051163,-0.000614991877228,still
1783086929054376200,7.430376220703125,0.0004049811963632,-0.0012338138279854,0.0600853431284427,0.0004479305353015,-0.0011661034077405,7.98003748059e-05,still
1783086929064420900,7.4404208984375,0.0009579800032021,0.0097067440300714,0.063078095203638,-0.0005020189564675,-0.0003125602379441,0.0012313511688262,still
1783086929074465000,7.450465087890625,-0.0035052464833541,0.0093684839524561,0.0600853431284427,-0.0004906358662992,-0.0008719228208065,0.0002294033765792,still
1783086929084509200,7.46050927734375,0.0075515992647095,0.0046801822890411,0.0630775106817483,-0.0003209926653653,0.0015672664158046,0.0008603062015026,still
1783086929094553900,7.470553955078125,-0.0029215865351259,0.0141350202175439,0.0591875175058841,0.0006816040258854,-0.0001824931241571,0.0005663458723574,still
1783086929104598000,7.480597900390625,-0.0018970475266687,-0.0053197656840784,0.0514057775884866,-0.001415102626197,-0.0018341853283345,0.0010656885569915,still
1783086929114642200,7.49064208984375,0.0127798998311394,0.0048019774712272,0.0502086767584085,-0.0004693411756306,0.0002640853635966,-0.0010592087637633,still
1783086929124686000,7.50068603515625,-0.0083451402455975,-0.0040648040367872,0.0514057775884866,-0.0005633507389575,0.0002065608277916,4.25409525632e-05,still
1783086929134731000,7.51073095703125,-0.0029627028551592,0.0060101134352618,0.0639753363043069,-0.0005253285635262,-0.0003613037988543,-0.0018315990455448,still
1783086929144775200,7.520775146484375,0.0062468527920951,-0.0003213203592575,0.0605336714178323,0.0002366018015891,0.0005763950757682,-7.33800698071e-05,still
1783086929154819000,7.530819091796875,0.0086841469585953,-0.0034176561065134,0.0521539656072854,0.0011942640412598,-0.0003421567380428,-0.0011405998375266,still
1783086929164864000,7.540864013671875,0.0006210887571214,0.0091924903480219,0.0617307722479104,-0.0004478408955037,-0.0002641258761286,-0.0004673525691032,still
1783086929174908000,7.550907958984375,-0.0010088916314649,-0.0040781475755502,0.0633767858892679,-0.000241057947278,-0.0005420218221843,0.000241259811446,still
1783086929184952000,7.5609521484375,0.0001474935957347,-0.0029790089609217,0.0493108511358499,0.0007744051981717,-0.0013143382966518,0.0002974525559693,still
1783086929194997000,7.5709970703125,0.0015242549917893,-0.0024448244524071,0.0588876577764749,0.000846526119858,0.0003811996430158,0.0005162977613508,still
1783086929205041000,7.581041015625,-0.0103236281111778,0.0041920357292052,0.0630775106817483,-0.0006280662491917,-2.14702449738e-05,-0.0025766973849385,still
1783086929215085000,7.5910849609375,-0.0030378892665088,0.0079551077399053,0.060534255939722,0.000664105406031,-0.0004870286211371,0.0021475455723702,still
1783086929225129200,7.601129150390625,-0.0016689218761981,0.00798001156901,0.0669686729013919,0.0009370793122798,0.0002069915644824,-0.0028410875238478,still
1783086929235174000,7.611173828125,-0.0026130240510974,-0.0069288357153767,0.0669686729013919,0.000983600737527,0.0013619381934404,0.0008033557096496,still
1783086929245218000,7.621218017578125,-0.0003410171486379,0.0097312779664178,0.0503588988840579,0.0006605591624975,2.23685055971e-05,0.0008558199042454,still
1783086929255262200,7.63126220703125,0.0011466458595416,0.0005933171174954,0.0543991141855716,-0.0003729646559804,-0.0003533707931637,0.0007240504492074,still
1783086929265307000,7.641306884765625,-0.0036494601349695,-0.0032456468407413,0.0630786797255277,0.0001119968947023,0.0009411917999386,-0.0010882306378334,still
1783086929275351000,7.65135107421875,-0.0087512117122823,0.0052708507917239,0.0541004234999418,-0.0009620655328035,-0.000248993281275,0.0003696987405419,still
1783086929285395200,7.661395263671875,0.0026147045515303,0.0070646228902973,0.049461657783389,-0.0002017330843955,0.0008972310461103,-0.0003144673537462,still
1783086929295440000,7.67143994140625,0.0081455454282229,0.0062123671422479,0.04886310736835,0.0001642687711864,-0.0005758292973041,0.0016951658762991,still
1783086929305484000,7.681484130859375,-0.0014703202893782,0.0055712585104047,0.0551478867262601,-0.0006714311894029,0.0009602820500731,0.0002943431027233,still
1783086929315528000,7.69152783203125,-0.0027315187395666,0.0084946967926109,0.0633773704111576,-0.0003260860685259,0.0007535396143794,0.0011103525757789,still
1783086929325572900,7.70157275390625,-0.0054995392728422,-0.0042589657688629,0.0532025978773832,0.0009695419576019,0.0010936250910162,-0.0001149678137153,still
1783086929335617000,7.711616943359375,0.006134403110278,-0.0031198033878114,0.0696621497690677,0.0002124947495758,0.0007772883400321,0.0006585328374058,still
1783086929345661000,7.721660888671875,0.0073456203723209,0.003682905746845,0.0591881020277738,0.0009712292812764,-8.87713395059e-05,0.0002103229053318,still
1783086929355705000,7.731705078125,0.0067509937887953,-0.0069051420292467,0.0692138214796781,-0.0012003750307485,-0.0010663168504834,-0.001655718544498,still
1783086929365750000,7.74175,-0.0059144744659948,0.0042511569217429,0.0539502013742923,-0.0007748019415885,8.2687474787e-06,0.0008958560647442,still
1783086929375794000,7.7517939453125,-0.0065752307965129,0.0013447611058829,0.0549976646006107,0.0003745693247765,-0.0010123960673809,0.0015372755005955,still
1783086929385838000,7.761838134765625,0.0064638074529357,0.0007783205788698,0.0591875175058841,0.0003487367648631,-0.001333839725703,0.000159622170031,still
1783086929395883500,7.771883544921875,0.0015526533941447,-0.0059715190075221,0.0686146865427494,-0.0007703253068029,0.0011554011143743,0.0003032339736819,still
1783086929405927400,7.781927490234375,0.0098946392764977,0.00040876574727,0.0463180990606546,-0.0006187914405018,0.0006123827770352,-0.0001644170843064,still
1783086929415971600,7.7919716796875,0.0045238546495907,0.0096896125154686,0.0611322218328714,-0.0001633272040635,0.0004791007377207,0.0010499319760128,still
1783086929426016500,7.8020166015625,-0.0011004046981746,-0.0087746051459573,0.0641249739080667,-0.0008008880540728,0.0008314368315041,-0.0007903124205768,still
1783086929436060400,7.812060302734375,0.0024547670327534,-0.0032048010904109,0.0665197600901126,-0.0002418991643935,-0.0001832232810556,-0.0011293948628008,still
1783086929446104600,7.8221044921875,0.0014162588644481,-7.01471933396e-05,0.0618809943735599,-0.0006336499936878,-0.0007819021120667,-0.0002409643493592,still
1783086929456148500,7.8321484375,0.0054266041840834,-0.0135126003031502,0.0576911414682865,0.001161728054285,0.0018416089005768,-0.0010560769587755,still
1783086929466193400,7.842193359375,-0.0053777269659913,0.0008621332546696,0.0696621497690677,0.0004919429775327,-0.0011238208971917,-0.0002712435089051,still
1783086929476237600,7.852237548828125,0.0037730020329589,-0.0005748247628682,0.0518552749216556,0.0006369391921907,-5.91119751334e-05,-0.0004921632353216,still
1783086929486281500,7.862281494140625,0.0106480640177731,0.0026875836997176,0.0629284575998783,-0.0003558872267603,2.7707312256e-05,0.0006143799982964,still
1783086929496326400,7.872326416015625,0.0001000491412589,-8.59247177839e-05,0.079687869220972,-0.0010941196233034,0.0011694366112351,0.0001118551008403,still
1783086929506370600,7.88237060546875,-0.0042873390550434,0.0011718134084832,0.0567933158457279,-0.0009340636897832,-0.0006218058988451,0.000170178245753,still
1783086929516414500,7.89241455078125,0.0013211347767675,0.009348528009816,0.0512561399847269,-0.000127185601741,0.0017607011832296,0.0016270064515993,still
1783086929526459400,7.90245947265625,-0.0026521653264644,-0.0074210944780381,0.0515559997141361,-0.0002134719397872,-0.0003293473273515,0.0019945227541029,still
1783086929536503600,7.912503662109375,-0.0005798297315486,-0.0051913192821084,0.0632277328073978,-0.0003232331946492,-0.0004703388549387,0.0002846138086169,still
1783086929546547500,7.92254736328125,-0.0040642183732532,0.0164609629640588,0.0639759208261966,0.0001377598382532,0.000170683953911,-0.0007532199379056,still
1783086929556591600,7.932591552734375,-0.0028758773800102,-0.0046545455242856,0.0578401945501565,0.0004655728116631,-8.13663937151e-05,5.39154279977e-05,still
1783086929566636500,7.942636474609375,0.0019750184085045,-0.0027105764162377,0.0674175857126712,-0.0010140794329345,0.0006286320276558,-0.0010718025732785,still
1783086929576680400,7.952680419921875,-0.0008460029621317,-0.0019885822846204,0.0606838935434818,-0.0001486106775701,-0.0006335037760436,-6.37923367321e-05,still
1783086929586724600,7.962724609375,0.0021385966310044,0.0061562895734561,0.0587380201727151,-0.0014812565641477,0.0003212392330169,-0.0005370359867811,still
1783086929596769300,7.972769287109375,-0.002319533555326,-0.001266967178916,0.0443728102117776,0.0001315418630838,0.0016116630285978,-0.0011428445577621,still
1783086929606813400,7.9828134765625,-0.0138936286601237,0.0116812749564531,0.0578407790720462,0.0006556517910212,0.0005040545947849,-0.0009505643974989,still
1783086929618112500,7.994112548828125,0.002886346258386,0.0025603474407223,0.0635270080149173,0.0005376739427447,-8.34390521049e-05,6.06379471719e-05,still
1783086929628157400,8.004157470703126,0.0060531146100605,0.0067187937108683,0.0606833090215921,-0.0003385702148079,0.0011591706424951,0.0003924490883946,still
1783086929638201600,8.01420166015625,-0.0166837662687292,0.0059181676853564,0.0759463446050882,2.75443308055e-05,-0.0002296743914484,-0.0021105986088514,still
1783086929648245200,8.024245361328125,-0.0039438456798845,-0.004632082530728,0.0557446835756301,-0.0018502505263313,-0.0004344712942838,-5.8100093156e-05,still
1783086929658289400,8.034289306640625,0.0048336581009905,-0.0004667955278418,0.0470657025575637,0.0004844844806939,0.0016120113432407,-0.0006482664030045,still
1783086929668334600,8.04433447265625,-0.0051054048391233,0.0041262130845338,0.0624783757448196,-9.26223583519e-05,0.0003709783777594,0.0014356572646647,still
1783086929678378200,8.054378173828125,-0.0044989999111916,0.0060911975811468,0.0659200406312942,-7.10270833224e-05,0.0004399428144097,-0.000354157295078,still
1783086929688422400,8.06442236328125,0.0009795159815752,-0.0031121201215661,0.0512555554628372,-0.0005807562265545,0.00168949784711,0.00092309480533,still
1783086929698467600,8.074467529296875,-0.0028146749698847,-0.0020933464169036,0.0837269154787063,0.0001195098739117,-0.0013087405823171,0.000201562186703,still
1783086929708511200,8.08451123046875,0.0069510509721178,0.0001268891991232,0.057091422009468,-0.0003103243652731,-0.0006464128382503,-0.0010482592042535,still
1783086929718555400,8.094555419921875,-0.0030106850241078,0.0064711025601136,0.0494593196958303,-0.0011750129051506,-4.25074249505e-05,0.0017056512879207,still
1783086929728600600,8.1046005859375,0.0016786258528823,0.0102411934000672,0.0638245296567678,0.0010830813553184,-0.0009730155579745,-0.0001151519827544,still
1783086929738644500,8.11464453125,0.0023655520960513,-0.0024322846312425,0.0572404750913381,0.0003731639590114,-0.0008711963891983,-0.0010304762981832,still
1783086929748688400,8.1246884765625,-0.0056230252302601,-0.0087216396995703,0.072653148278594,-0.0010095492471009,0.0005397461354732,-0.0008965192828327,still
1783086929758732500,8.134732666015625,-0.0129811842821014,-0.0006362041278625,0.068164020165801,5.51333650946e-05,0.0009065573103725,-0.0010876809246838,still
1783086929768777500,8.144777587890625,-0.0015767432308522,0.0041143445502268,0.0561930118650197,-0.0009832330979406,-0.0015129246748983,0.0007546939887106,still
1783086929778821400,8.1548212890625,0.0040507195708632,-0.0026160574000445,0.0517032992303371,-0.0001798698212951,2.0009465515e-06,-0.0011621406301856,still
1783086929788865500,8.164865478515624,-0.0066230223108606,0.0021823398746084,0.0617296032041311,0.001016954658553,-0.0011226520873606,6.63755927234e-05,still
1783086929798910500,8.174910400390624,-0.0016665130066918,-0.0171789065416436,0.0546966358274221,0.0017163252923637,0.0003411006182432,-0.0011745623778551,still
1783086929808954400,8.184954345703124,-0.0094811631047807,-0.0033592039175448,0.0529015691041946,0.0001706266775727,0.0012425808236002,0.0007056292379274,still
1783086929818998300,8.194998291015626,0.0002885026517556,-0.0024261288850917,0.0587374356508254,0.0004951024893671,-0.0002609579823911,0.0001238659024238,still
1783086929829043500,8.20504345703125,0.0047614810640574,0.0028180827781674,0.059635261273384,-0.0005222249310463,-0.0004116930067539,-0.0004164895508438,still
1783086929839087400,8.21508740234375,-0.0117203945405781,0.0030579239826067,0.0594850391477346,-0.0003265882842242,0.0003985445946455,0.000300430227071,still
1783086929849131300,8.22513134765625,0.007163706200465,0.0126920685673481,0.0548468579530715,0.0001772816758602,-0.0007466147653758,-0.0003517777658998,still
1783086929859176400,8.235176513671876,-0.0010571124040754,-0.0039868114637094,0.0493096820920705,-0.0011049496242776,0.0002567991614341,0.000199684407562,still
1783086929869220600,8.245220703125,0.0030925877289671,0.0102779863130766,0.0753466251462697,0.000276964623481,0.001366005744785,0.001443380722776,still
1783086929879264300,8.25526416015625,0.0172512456920696,0.0044754146812716,0.0618792408078908,-0.0005355791654437,0.0006231307052075,-0.0003324276767671,still
1783086929889308400,8.265308349609375,0.0005715790680784,0.0102747097938903,0.0551455486387014,-0.0002658010926097,-0.0009928755462169,0.0007709200726822,still
1783086929899353600,8.275353515625,0.000140072907682,0.0028272319157142,0.0710071346372366,0.0008047961164265,0.0003580269403755,-0.0005017276853322,still
1783086929909397200,8.285397216796875,0.0059284744502394,0.0040467957393499,0.0572404750913381,0.0005209031514823,0.0004765377379953,0.0006463611498475,still
1783086929919441400,8.29544140625,-0.0024834074637037,-0.0022308985739364,0.0575397502988576,0.0002088190522044,9.54354181885e-05,0.0002632713876664,still
1783086929929486600,8.305486572265625,-0.0118172596358403,0.009623604924418,0.0558943211793899,-0.001726500224322,0.0005492377094924,-0.0006094465497881,still
1783086929939530500,8.315530517578125,-0.0099739253325853,0.0051666186656919,0.0448205539792776,-0.0006317677907645,-3.05967405438e-05,8.025765419e-05,still
1783086929949574400,8.325574462890625,0.0098025131467904,-0.0006611810222035,0.0615799656003713,0.0006859642453491,-0.0001965118572115,-0.0023285713978111,still
1783086929959619600,8.33561962890625,0.0099873579196049,-1.8083645962e-06,0.0671165569394826,0.0007351459935307,-0.0021262690424919,0.0005422113463282,still
1783086929969663500,8.34566357421875,0.0042977017604978,-0.0042285500810015,0.053050037664175,-4.16981056332e-05,-0.0012032175436615,0.0012793743517249,still
1783086929980335400,8.35633544921875,-0.0019312591818801,0.0014012724995147,0.0624772067010402,-0.0003349082544445,0.0002842117100954,4.90599777549e-05,still
1783086929990379300,8.366379150390625,0.0049494596505188,-0.0119076242083683,0.0570902529656887,-0.0003602080978453,-0.0013637524098157,-0.0005517490208148,still
1783086930000423400,8.37642333984375,0.0049908933476719,-0.0051765623876824,0.0597837298333644,-0.0008624696638435,-2.96323560178e-05,-0.0009728935547173,still
1783086930010468600,8.386468505859375,0.0090014167638204,0.0076119089089799,0.0644219110280275,-0.0012409047922119,0.0003701080568134,-0.0020655887201428,still
1783086930020512300,8.39651220703125,0.0140344504864769,-0.0033670789800351,0.0665168374806642,-0.0012142654741182,-0.0001562219113111,0.0004427598323673,still
1783086930030556400,8.406556396484374,0.0190280883470841,0.0054165588557487,0.0563414804250001,-0.0001444737426936,-0.0001250631175935,0.0001665900927037,still
1783086930040600600,8.4166005859375,-0.0014852746882708,-0.0103277642885339,0.050655251482129,0.0001960906665772,0.0008103870786726,-0.0002102050930261,still
1783086930050645200,8.426645263671874,0.0012293591318652,0.0075284843922476,0.0627758973866701,0.0008488316088914,0.0005347500555217,0.0004305515903979,still
1783086930060689400,8.436689453125,0.0093168473800527,-0.0048922587037202,0.0494581506520509,-0.0011801500804722,-0.0006214301101863,0.0009667846607044,still
1783086930070733600,8.446733642578126,0.0120962341241363,-0.0032635090077063,0.0546954667836427,0.0010566387791186,0.0006771273910999,0.000655194860883,still
1783086930080778200,8.4567783203125,-0.0025441246749949,0.0113130307325278,0.0521516275197267,-0.0001028762198984,0.0002040532417595,-0.000865894369781,still
1783086930090822400,8.466822509765626,0.0004565241539326,0.0019571573831839,0.064721186235547,-0.0004280481953173,0.0001318817958235,0.0007604979909956,still
1783086930100866600,8.476866455078126,0.0016863741928536,0.0020876952775404,0.0578378564625978,0.0001567595172673,-0.000678336713463,0.0002522841095924,still
1783086930110911500,8.486911376953126,0.001542524725775,0.0025456750279758,0.0490092378407716,8.2723563537e-05,-0.001030140556395,-0.0005477294325828,still
1783086930120955400,8.496955322265626,-0.0145711797201714,0.0035461116416379,0.0539466942429542,-0.0005919246468693,0.0001849522814154,0.0004708485212177,still
1783086930130999600,8.50699951171875,0.0052155084418714,0.0069847055049031,0.0650204614430666,0.0004062282387167,0.0005575288087129,-0.0002178449649363,still
1783086930141044500,8.51704443359375,-0.0007847103621053,0.0071052243287442,0.0524503182053565,-0.0004846616648137,0.0009594475850462,0.0001373058184981,still
1783086930151088400,8.52708837890625,0.001396219581773,-0.0083184246269636,0.0639729982167482,0.0004612931516021,-0.0005681416951119,-0.0008065183646976,still
1783086930161132300,8.53713232421875,-0.010180696526129,0.0030856179904192,0.0521516275197267,0.0008130262140184,0.0006615747697651,-0.0007722931914031,still
1783086930171176400,8.547176513671875,-0.0069081765198381,-0.0155398637804784,0.0509545266896486,-0.0004594321362674,0.0005755545571446,0.0005667442455887,still
1783086930181221400,8.557221435546875,0.0015882064814271,-0.011878701791272,0.0656190118581056,0.0003885135520249,0.0006427518092095,-8.32590740174e-05,still
1783086930191265300,8.567265380859375,-0.0024456978103087,-0.0015265907960594,0.0561918428212404,-0.0001853976864367,0.0008451519533991,0.001620897790417,still
1783086930201309400,8.577309326171875,0.0020679277062125,0.0019100622718688,0.0569400308400392,-0.0007337285205721,0.0003148019313812,-0.0007368787191808,still
1783086930211354400,8.587354248046875,0.0089714805665717,-0.0007821268210187,0.0585860444813966,-0.0010362635366618,9.93520952761e-05,0.0011454435298219,still
1783086930221398300,8.597398193359375,0.0013178799488232,-0.0035496164896874,0.0557429300099611,-0.0001041055656969,-0.0001197033561766,-0.0013135902117937,still
1783086930231442400,8.6074423828125,0.0022242975865025,0.0010548268321552,0.0590343727707862,0.0009766051080077,-6.5641477704e-05,0.0014153510564938,still
1783086930241487600,8.617487548828125,0.0102547504263173,-0.0019650050462107,0.0666658905625343,-0.0007801998872309,0.000219645909965,-0.000311987940222,still
1783086930251531300,8.62753125,-0.0010310098484391,-0.0086504125107079,0.0615782120347023,-0.0012414593948051,-0.0004426822997629,0.0012097421567887,still
1783086930261575400,8.637575439453125,6.49652697902e-05,0.0037132894686656,0.0602308890789747,-0.0003428671043366,-0.0002043503336608,-0.0002423836849629,still
1783086930271619600,8.64761962890625,0.0056277436462172,0.0106036860199295,0.0747457366436719,0.0002659314777702,0.0006156368181109,-3.49234323948e-05,still
1783086930281664300,8.657664306640624,0.0042764797343115,0.0014932981645222,0.0585848754376173,0.0009770018514245,0.0003012120723724,-0.000848343828693,still
1783086930291708400,8.66770849609375,0.0013097525829391,-0.0136742023393395,0.0490086533188819,8.32451041787e-05,-0.0004593865014612,0.0008278497261926,still
1783086930301752600,8.677752685546874,-0.0070912734352052,0.0016739542443421,0.0614285744309425,0.0008210146334022,-0.0008503380231559,0.0001758746802806,still
1783086930311797500,8.687797607421874,0.0043025274910207,-0.0010011284501175,0.0644213265061378,0.0011283436324447,0.0008056154474616,-0.000749041326344,still
1783086930321841400,8.69784130859375,-0.0056722141172504,0.0046938295051921,0.0524503182053565,0.00012739864178,-0.0008799745701253,0.0006624025991186,still
1783086930331885300,8.70788525390625,-0.0068875686982937,-0.016685403386678,0.0478115524888038,0.0010712230578064,-0.0011204578913748,0.0004480180796235,still
1783086930341930500,8.717930419921874,0.0092246059442695,-0.0030168088042177,0.0561912582993507,0.0005628175567835,0.0004892298020422,0.0015693843597546,still
1783086930351974400,8.727974365234376,0.006956026258046,0.0013039290552842,0.061129299223423,-0.0009578475728631,0.0011560851708054,0.0019611353054642,still
1783086930362018300,8.738018310546876,0.0050783946762559,-0.0087780734613887,0.0508043045639991,-0.0001635605003684,0.0015227361582219,-0.0010185095015913,still
1783086930372063500,8.7480634765625,-0.0032782487774675,0.0035909599969396,0.0656184273362159,-0.000659707468003,0.0005658622831106,-0.0005050520412623,still
1783086930382107400,8.758107421875,-0.0044074936943477,-0.0061429597344249,0.0696586426377296,-0.0006659089121967,-0.000336573459208,-0.0004797156434506,still
1783086930392151300,8.7681513671875,-0.0040732841707649,0.0020970636107958,0.0629249504685401,-7.60187394917e-05,-0.0002034157514572,-0.0011982365977019,still
1783086930402194700,8.778194580078125,0.0005245946962619,0.0144683483917149,0.0514034395009279,0.0010786715429276,0.000898849684745,0.0014243687037378,still
1783086930412240000,8.788239990234375,-0.0117535535997303,-0.0034400300518143,0.0600824205189943,0.0003044905606657,0.0006711496971547,0.0006131697446107,still
1783086930422283800,8.79828369140625,0.0041450913149397,-0.0026215121765853,0.0611298837453126,2.94528435915e-05,0.0002991952933371,0.0012209269916638,still
1783086930432327700,8.80832763671875,0.0122077419493929,0.0045201169061008,0.0609802461415529,-5.0441827625e-05,-0.0002262466587126,-0.0005463466513901,still
1783086930442372900,8.818372802734375,0.0015725602460792,-0.003547753326164,0.0708563279896974,0.0001939916983246,0.0014659794978797,-0.0003006963524967,still
1783086930452417000,8.8284169921875,0.0049488637121859,0.005162074921315,0.048560909551382,-0.0006342513952404,-0.0002288562245666,0.0008756218012422,still
1783086930462460700,8.838460693359375,-0.0036318103138473,0.0041341886117239,0.0476624994069337,0.0007163810078054,-0.0009612618014216,-8.4605300799e-05,still
1783086930472505900,8.848505859375,0.0050858770131017,0.0099762725532986,0.0681628511220216,4.60634473711e-05,0.0005463538691401,-0.0009535946883261,still
1783086930482549800,8.8585498046875,-0.0082072170541621,0.0101337806529714,0.0623275690972804,0.0007364817429333,0.000340121332556,4.97980508953e-05,still
1783086930492593700,8.86859375,0.0034336311354243,0.0162150276622618,0.0602320581227541,4.83209732919e-05,-0.0008878619410097,5.67222014069e-05,still
1783086930502637800,8.878637939453125,0.0085432075428776,0.0002057722547673,0.0750461808949708,-0.0011829941067844,0.0012416616082191,8.26281029731e-05,still
1783086930512682800,8.888682861328125,-0.0036081428855366,-0.0040778644477599,0.0648708238393068,-0.0003840457648038,-0.0005818051286041,-0.0004955441690981,still
1783086930522726700,8.8987265625,0.0014569778922596,0.0134479581187013,0.0659182870656251,0.0001308601349592,0.0012754737399518,-2.3075845092e-06,still
1783086930532770800,8.908770751953124,-0.0128026162697351,0.0053902165548061,0.0557429300099611,0.0003902520984411,4.346948117e-06,-0.0007903368677943,still
1783086930542815700,8.918815673828124,-0.0144099681263382,-0.0065421881850808,0.0662175622731447,0.0004721276927739,0.0006814952939748,-0.0015671486034989,still
1783086930552860000,8.92885986328125,0.0065855113035766,0.000587661411555,0.048111412218213,5.7473545894e-05,0.0014479532837867,0.0003322178963571,still
1783086930562903800,8.93890380859375,-0.0058452211801544,-0.0069185129674733,0.0665168374806642,-0.0005094415973871,-0.0005387235432863,-2.75627244263e-05,still
1783086930572948700,8.94894873046875,-0.00021926649058,-0.0019546411991119,0.0608300240159034,9.53623093664e-05,-0.0010721548460423,0.0005082653369754,still
1783086930582993000,8.958992919921876,-0.0030192656227853,-0.0114180437432718,0.0569394463181495,0.0004594454076141,-0.0007952968589961,0.000106404768303,still
1783086930593036800,8.969036865234376,-0.0140691998561611,-0.0127683258410659,0.0615782120347023,-9.47583466768e-05,0.0009437473490834,0.0001285090111196,still
1783086930603080700,8.979080810546876,-0.0063459440937731,-0.0035353733352036,0.0614285744309425,0.0004205999430269,0.0003445520997047,-0.0038437144830822,still
1783086930613126000,8.9891259765625,0.002101413275639,0.0051456443763221,0.068311319682002,0.000104749109596,-0.0003241673111915,-0.0005954569205641,still
1783086930623169800,8.999169677734375,-0.0112576290171709,0.0123339552950812,0.0551432105511426,0.001513035967946,-3.68137843906e-05,-0.0006671182345598,still
1783086930633213700,9.009213623046875,0.0011088311748695,0.0014115267487592,0.0425736518353223,0.0002096849493682,0.0011464282870292,0.0005917579401284,still
1783086930643259000,9.0192587890625,-0.0017107951064128,-0.0056186915484373,0.0687602324932813,0.0003173295408487,-0.0010214503854513,0.0003121139016002,still
1783086930653302800,9.029302734375,0.0107245987110596,0.0086003171581309,0.0611287147015333,-0.0003354114014655,0.0001990762539207,0.0013515457976609,still
1783086930663346700,9.0393466796875,-0.0050143358720524,-0.0010905260499101,0.0575374122112989,-0.0005969805642962,0.0015257303602993,-0.0008848735596984,still
1783086930673391900,9.049391845703123,-0.0071412100992223,-0.0100222762526478,0.0464648140549659,0.0005662881303578,-0.0002577886916697,-0.0009485229384154,still
1783086930683435800,9.059435791015623,-0.0027351491684908,-0.0042678660279489,0.0585854599595069,-0.0007441057823598,-0.0002632341347634,0.0001557769719511,still
1783086930693479700,9.069479736328123,-0.0040164919326314,0.0108184521486167,0.0696586426377296,0.0005491252522915,-0.0007987958379089,-0.0003187982365489,still
1783086930703524900,9.07952490234375,0.0055795514147146,0.0071919550474151,0.0738479110211133,0.0004162129480391,0.0001465682871639,-0.0008455957286059,still
1783086930713568800,9.08956884765625,-0.0029385787691222,0.005679417892883,0.0638221915692091,-0.0007878022734075,-0.0007200241088867,-0.0009808843024075,still
1783086930723612700,9.09961279296875,-0.0030886912969173,0.0187344288879539,0.0641214667767286,0.0010563787072896,0.0008496842347085,-0.0006106803193688,still
1783086930733656800,9.10965673828125,0.0023002820072288,0.0045203726344276,0.0635229163616895,-0.0013532495358958,0.0002749739214777,7.66813755035e-05,still
1783086930743701800,9.11970166015625,-0.0022015252073353,-0.0016466255627106,0.0470627799481153,0.0009500295855104,0.0005335588939487,-0.0008574649691581,still
1783086930753746000,9.129745849609376,0.0036473743508046,-0.0044438596323831,0.0551432105511426,-0.0014201839221641,-0.0014435718767344,0.0003446859773248,still
1783086930763789800,9.139789794921874,-0.0027714488911558,-6.70282210689e-05,0.0662163932293653,0.0009386194869875,-1.12829729914e-05,-0.0008996978867799,still
1783086930773834800,9.149834716796876,-0.0096770315951085,-0.0002316190820769,0.0690595077008009,-6.13972079008e-05,2.60015949606e-05,-0.0006685354746878,still
1783086930783879000,9.15987890625,-0.0026250215912121,0.0073114121420425,0.0717524000465869,-0.0005628420040011,-4.05544415116e-05,-0.0009327961597591,still
1783086930793922800,9.1699228515625,-0.003235143713036,-0.0094609868247876,0.0692085607826709,0.0013868585228919,0.0007895529270172,0.0002858664374798,still
1783086930803967700,9.1799677734375,-0.0054127982793725,-0.0055971030544256,0.0684603727638721,-0.0005957235116511,0.0007263734005391,-0.0002560915891081,still
1783086930814012000,9.190011962890624,-0.003132802149991,0.011365740450588,0.0638216070473194,-0.0005115675739943,0.0018446347676217,0.0009311456233263,still
1783086930824055600,9.2000556640625,0.0107572668631561,0.0031616789013147,0.0440694433510303,6.78228680044e-05,5.57843595743e-05,-0.0001232724171131,still
1783086930834099700,9.210099609375,0.0027005402210575,-0.0209220842584967,0.0509527731239795,-0.0009319277014583,-0.0007000206969678,-0.0009637658949941,still
1783086930844145000,9.220144775390626,0.0024095921671774,-0.0082412038054433,0.0612777677834033,-0.0003756459336727,-6.37574121356e-05,-0.0012307942379266,still
1783086930854188800,9.230188720703126,0.0005406530652078,0.0115952429241035,0.071302902713418,-0.000259798252955,1.93333253264e-05,-0.0007341145537793,still
1783086930864232700,9.240232666015626,-0.0080072180946997,0.0057270107611198,0.0692079762607812,0.0005681274924427,0.0005406718701124,-0.000629351940006,still
1783086930874278000,9.25027783203125,-0.0055679386087344,0.0020014486160594,0.0566390020668506,-0.00019540078938,0.000253849197179,-0.0003569105174392,still
1783086930884321800,9.26032177734375,-0.0003987455351103,0.0092634412589599,0.0496054501682519,-0.0004780173767358,0.0012547210790216,-0.0001151671167463,still
1783086930894365700,9.27036572265625,0.0058209018729394,0.0112970933778793,0.0564887799412012,-0.0001650957856327,-0.0005024326965212,-0.0002339440397918,still
1783086930904411000,9.280410888671875,-0.0016772376133943,-0.020757255935471,0.0627735592991113,0.0002547446638345,0.0007317862473428,-0.0010789204388856,still
1783086930914454800,9.290454833984375,0.0084994928403815,-0.0011092421668232,0.0654670361667871,0.0003482215106487,-4.37265262007e-05,-0.002184132579714,still
1783086930924498700,9.300498779296875,-0.0097636390161933,0.0163844385455711,0.0630728345066309,-0.001696070190519,-0.0003235787153244,-0.0007735402323305,still
1783086930934544000,9.3105439453125,-0.0070862502002157,-0.0008179424864938,0.0608282704502344,-0.0014031224418431,0.0011235829442739,2.80712265521e-05,still
1783086930944587800,9.320587890625,0.0098450610887957,0.0084027259265305,0.0615758739471435,0.0003745765425264,0.000159001443535,0.0001414546277374,still
1783086930954631700,9.330631591796877,0.0060127666166517,-0.0070600015141069,0.06382043800354,-0.0008052038028836,-0.0001525883562862,-0.00132408272475,still
1783086930964675600,9.340675537109377,-0.0158414793588453,0.0024780896844808,0.0623234774440526,-0.0011612940579652,0.0004043029621243,-0.0014469681773334,still
1783086930974720800,9.350720703125,0.0017728857158159,-0.0020993605991592,0.0620242022365331,0.0001591013278812,0.0007222844287753,-0.0001172518823295,still
1783086930984765000,9.360764892578125,0.0019032968876534,0.0046854977849754,0.058881812557578,0.0003720645327121,-0.0002869577147066,0.0002150500658899,still
1783086930994808600,9.37080859375,-0.0022803751552943,0.0001588552399654,0.058881812557578,0.0006405112799257,0.000220107845962,-0.0014904383569955,still
1783086931004853800,9.380853759765625,0.0078006832215294,-0.0059417015412822,0.0632213030666112,0.0008056049700826,0.0006159171462059,-0.0001584163401275,still
1783086931014898000,9.39089794921875,-0.0018869222832319,-0.007819176717801,0.0650175388336181,-0.000666856765747,0.0016529518179595,-0.0007632202468812,still
1783086931024941600,9.400941650390624,-0.0065875890962313,0.0020093693443224,0.0651671764373779,0.00021244562231,-4.38275747001e-05,-0.0004690035711973,still
1783086931034986800,9.41098681640625,-0.0007748419886396,0.0078142402477795,0.0555903697967529,-0.0002738477196544,-0.0006587514653801,-0.0002924359869211,still
1783086931045031000,9.421031005859374,-0.0142392694682406,0.0036182909618597,0.0561889202117919,0.0006723569240421,0.0014892383478581,-8.00003763288e-05,still
1783086931055074800,9.43107470703125,-0.0075547148120473,-0.0079514065290335,0.0629226123809814,-0.0005748013500124,0.0011094715446233,-6.00267667323e-05,still
1783086931065118700,9.44111865234375,-0.0116256529037433,-0.0043711254730238,0.047210663986206,0.0001710562501102,-9.14521515369e-05,2.2375024855e-06,still
1783086931075164000,9.451163818359374,-0.0016192226741986,0.0094639482501428,0.0606774638026952,-1.5364959836e-05,4.7031790018e-05,-0.0003658114001154,still
1783086931085207800,9.461207763671876,0.0007634107041056,0.003833632479282,0.0558896450042724,0.0002138910349458,0.0003256192430853,7.09742307662e-05,still
1783086931095251700,9.471251708984376,-0.0065694814757385,0.0131032500339904,0.0632218875885009,0.0008514516521245,-0.0002315137535333,-0.0014832466840744,still
1783086931105297000,9.481296875,-0.0018849643632303,-0.0036439688258105,0.0635205782741308,-0.0006189220584928,0.0003287298604846,-0.0006921731401234,still
1783086931115340800,9.4913408203125,0.0005563381164625,-0.002928459233907,0.0654658671230077,0.0004388855304569,-0.0005951207131147,-0.0010362535249441,still
1783086931125384700,9.501384765625,0.0011168592176982,-0.0070702945792581,0.0627729747772216,0.000121857272461,-0.0010177958756685,-0.0005929069593548,still
1783086931135430000,9.511429931640626,0.0066580936242418,-0.0070835011207032,0.0582838466644287,0.00195331312716,0.0004722424782812,0.0002204224001616,still
1783086931145473800,9.521473876953126,0.0115687693340645,0.0151140373005531,0.0578355183750391,-0.0006888601928949,0.001117009203881,-6.75371848046e-05,still
1783086931155517700,9.531517578125,0.0091755232302006,0.0035492831295472,0.0675613780975341,-0.0013549167197197,-0.0010888869874179,-0.0011365299578756,still
1783086931165561600,9.5415615234375,0.0024363192022545,-0.0042991036997176,0.0744447078704833,0.0002616569399833,0.0002035498619079,-0.0002519297413527,still
1783086931175606800,9.551606689453124,-0.005054592533916,-0.0033603957942104,0.0615758739471435,0.0003862930461764,-0.0014412184245884,-4.04748134315e-05,still
1783086931185651000,9.56165087890625,0.005419184637675,-0.0116694292550324,0.0591816722869873,-0.0004487377591431,-0.0005757808685302,0.0001099207438528,still
1783086931195694600,9.571694580078123,0.007364148117922,0.0004893064704607,0.0687584789276123,-0.0005382199306041,0.0010021422058343,0.0008271099068224,still
1783086931205739800,9.58173974609375,0.0070824713575304,0.0037057568994699,0.0707043522983789,0.001119950087741,-7.51693733036e-05,-0.0018692039884626,still
1783086931215784000,9.591783935546877,0.0008808448050054,0.0132522209174698,0.052747839847207,-0.0007328111678361,0.0003408160991966,-0.0004036664031445,still
1783086931225827600,9.60182763671875,-0.0032486539318691,0.002798537827481,0.0525982022434473,-0.0012440111022442,0.0003786333836615,-0.000348599627614,still
1783086931235872800,9.611872802734377,-0.0010053947749256,0.0063205242414376,0.0545434910923242,0.0006558881141245,-0.00071352859959,-0.0003845524042844,still
1783086931245917000,9.6219169921875,0.005680177086353,0.0032018396650557,0.0519996518284082,0.0002749729901552,0.0012937374413013,-0.0002100823912769,still
1783086931255960600,9.631960693359376,-0.0075875656272342,0.0025060896529699,0.0566384175449609,0.0008984189480543,-0.0007848599925637,-0.000940321246162,still
1783086931266005800,9.642005859375,0.0011468673385388,-0.0112842156299971,0.0722007283359766,-0.0002408227883279,-0.0017339475452899,0.0001357996370643,still
1783086931276050000,9.6520498046875,0.0026487643680477,-0.0004123299608239,0.0677110157012939,-0.0001990112941712,0.0011670337989926,0.0007584466366097,still
1783086931286093800,9.66209375,0.0021741976673481,-0.010896063412493,0.0630722499847412,0.0002825541887432,-0.0011489670723676,0.0006052935495972,still
1783086931296137700,9.6721376953125,0.0109378042119671,-0.0060540621748426,0.051699792098999,-0.0016578250797465,0.0004731644876301,0.0011030384339392,still
1783086931306183000,9.682182861328124,-0.0071815147101471,0.0051179321022005,0.056337973293662,0.0011373327579349,-3.69818881154e-05,-0.0012760167010128,still
1783086931316226800,9.692226806640624,0.0026035232871014,-0.0182907174081774,0.0582838466644287,0.000233455793932,-0.0020617833361029,0.0002358597703278,still
1783086931326270700,9.702270751953124,0.0038036460496834,0.0022141164024942,0.0578349338531494,-7.00647942721e-05,0.0004586530849337,2.61506065726e-05,still
1783086931336316000,9.71231591796875,-0.0026442560146446,0.0041815463012317,0.0531961681365966,0.0008772215805947,0.0003731655888259,-0.0005765226669609,still
1783086931346359800,9.72235986328125,0.0043040241867187,-0.0046021714496542,0.0669628276824951,0.0002137380652129,-2.11391597986e-05,-0.0002072423230856,still
1783086931356403700,9.73240380859375,0.0119288827671727,-0.0078961555107263,0.0509516040802001,0.0007724692113697,0.0005397223867475,-0.0005326806567609,still
1783086931366449000,9.742448974609376,0.006244798973971,0.0024110043811961,0.0502034160614013,-0.0001533224713057,0.0002233199775218,-0.0007190541364252,still
1783086931376492800,9.752492919921876,0.0003835685155761,0.0066210575409932,0.0727986942291259,0.0005393656902015,0.0006859111599624,0.0010450237896293,still
1783086931386537000,9.762536865234376,0.0101322131753258,-0.0022811172240995,0.048706455501914,0.0003990461118519,0.000127354171127,0.0005580392898991,still
1783086931396581600,9.77258154296875,0.0041807140425255,-0.0003074105649138,0.0548421817779541,6.4959749579e-06,-0.000907284207642,-0.0012100334279239,still
1783086931406626600,9.78262646484375,0.0051805672759423,-0.0038842666879761,0.0690577541351318,0.0003172461874783,-0.0002966476604342,0.0006745472783222,still
1783086931416670500,9.79267041015625,-0.0017365711517748,0.0036769395136507,0.0587321749538183,-0.0006353666540235,0.0011963206343352,-0.0006700826343148,still
1783086931426714600,9.802714599609375,-0.0030870713036332,-0.0004767255501006,0.0602291355133056,0.0004278218839317,-0.0014431667514145,-0.0001298072747886,still
1783086931436759600,9.812759521484375,-0.0184413573756464,-0.0044854086356121,0.059331309890747,0.0011396850459277,-0.0005227783694863,0.000443304888904,still
1783086931446803500,9.822803466796875,-0.0064009165508672,0.0049644905395805,0.0570867458343505,-0.0005406732670962,-0.0006382456049323,0.0004260606365278,still
1783086931456847600,9.83284765625,0.0040820177497807,-0.0060998535283491,0.049754503250122,0.0002644003834575,0.0002821427769958,0.000635917764157,still
1783086931466892500,9.842892578125,-0.0007191993863321,0.0029056468971888,0.0473603015899658,0.0001277681440114,0.0003561833873391,-1.02792400866e-05,still
1783086931476936700,9.852936767578123,-0.0040934901335102,-0.001433101543039,0.0540945782810449,1.80460046976e-05,0.0001380704343318,-0.0005042955745011,still
1783086931486980600,9.862980712890623,-0.0027219369188242,-0.0010311742452206,0.0524485646396875,-0.0006669152062386,0.0011952016502618,-0.0005303763318806,still
1783086931497025500,9.873025634765623,-0.0050008781688578,-0.0079211986204376,0.0543938534885644,9.36836004257e-05,-0.0014935256913304,-0.0010816506110131,still
1783086931507069700,9.883069580078123,-0.0047275867859658,0.0042033265914884,0.0397293683201074,0.0006305337883532,0.0007957792840898,-0.0008463279809802,still
1783086931517113600,9.893113525390625,-0.0156594487392692,-0.0157265157762449,0.0675619626194238,-6.56163319945e-05,0.0002421080134809,0.0011537058744579,still
1783086931527157500,9.903157470703125,-0.0014965963749506,-0.0026746306033106,0.0590326192051172,-0.0001302771270275,0.0004122178070247,-0.0002003256231546,still
1783086931537202700,9.91320263671875,0.0058581651434069,0.0093672738094814,0.0627735592991113,0.0001384357456117,-0.0001883250661194,0.0006295152707025,still
1783086931547246600,9.92324658203125,-0.0039595923799322,0.0108433422779897,0.0464630604892969,-0.0004360706079751,-0.0004873941652476,-0.0007490848656743,still
1783086931557290500,9.93329052734375,-0.0103467349921294,-0.0124841842705965,0.0452659596592187,0.0007735372055321,0.0011957236565649,0.0001348182559013,still
1783086931567335700,9.943335693359376,-0.0058878867115243,-0.0100907246792456,0.0672626874119043,-0.0005161892622709,0.001292266882956,-0.0008124208543449,still
1783086931577379600,9.953379638671874,-0.0008757690543774,-0.0049765166208031,0.0533463902622461,9.39408782869e-05,-0.0013290825299918,-0.0017096397932618,still
1783086931587423500,9.963423583984374,-0.0001460745318501,0.0032453911124146,0.0626239216953516,-0.0007177151273936,0.0010943645611405,-0.0009722905233502,still
1783086931597468700,9.97346875,-0.0041155272937379,-0.0064467101876623,0.0717518155246973,-0.000433555804193,0.001351892016828,0.0003470394294708,still
1783086931607512600,9.9835126953125,0.0036628870137676,0.009841291379265,0.0506529133945703,-0.0007175016216933,-0.0006437264382839,0.0003324788995087,still
1783086931617556500,9.993556396484376,0.0036130051486776,-0.0037646337801241,0.0671136343300342,0.0003448333591222,0.0018982607871294,-0.0010140151716768,still
1783086931627600600,10.0036005859375,0.0026995001830859,-0.0007681462447275,0.0593324789345264,0.0006788263563066,-0.0004156338982284,0.0003098763991147,still
1783086931637645600,10.0136455078125,0.0085682506525889,-0.002918828322459,0.0620259558022022,0.0007781621534377,0.0001590764150023,-0.0009340862743556,still
1783086931647689500,10.023689453125,0.0047660944487375,0.0016285989989642,0.0657668958961963,-0.0003755718935281,-0.0011009429581463,0.0005356319015845,still
1783086931657733600,10.033733642578126,-0.0112130352485517,-0.0101157586558023,0.0660661711037158,-0.000808868324384,-0.0010681860148906,-0.0006247074343264,still
1783086931667778600,10.043778564453126,-0.0006874068754259,0.007655948980106,0.0641202977329492,5.9854472056e-05,-0.0002893786877393,0.0004087935667484,still
1783086931677822500,10.053822509765626,0.0036473024272127,-0.0041452785446075,0.0641202977329492,-0.0006245777476578,0.0007117032073438,-0.0011454271152615,still
1783086931687866600,10.06386669921875,0.0127648746502993,-0.0067561254799948,0.0585842909157276,0.0015158725436776,-0.000285520683974,-0.0009253807365894,still
1783086931697911600,10.07391162109375,-0.0156753815273405,-0.0074204597237985,0.0692085607826709,0.0005145240575075,-0.000251698307693,0.0005534725496545,still
1783086931707955700,10.083955810546875,-0.0089221980647474,0.0062329464226844,0.0585848754376173,0.0008026191499084,0.0010140556842088,-0.0019387048669159,still
1783086931717999400,10.093999267578123,-0.0044802152956195,0.0011720485872123,0.0551432105511426,-0.0007199100218713,-0.000185964629054,-0.0001280216965824,still
1783086931728044500,10.10404443359375,-0.0011205204710189,0.0099812044567428,0.0539461097210645,-0.000621628947556,0.0004976862110197,-0.0004894072189927,still
1783086931738088700,10.114088623046875,0.0003825707184441,0.0150165089099435,0.0684603727638721,-0.0013784994371235,-0.0002306886017322,-7.42203556001e-05,still
1783086931748132400,10.12413232421875,0.0007337176770961,0.0008116040772525,0.0549929884254932,0.0008091272320598,-0.0003144140355288,-9.67793166637e-05,still
1783086931758176500,10.134176513671877,2.45122451044e-05,0.0095011338887969,0.0575368276894092,0.000593411270529,-0.0003024297766387,0.0015863385051488,still
1783086931768221700,10.1442216796875,-0.0052332347531628,-0.0025370510468143,0.0636725539654493,0.0018018316477537,-0.0007926011458039,0.0003827817272394,still
1783086931778265600,10.154265625,-0.0031430198666173,-0.0023045871479436,0.0626250907391309,0.0010071443393826,0.0008164807222783,0.0003276541829109,still
1783086931788309500,10.1643095703125,0.0086519400308025,0.0007487474245135,0.0786368988633155,0.0008450327441096,-0.0004163007251918,-0.0011648072395473,still
1783086931798354700,10.174354736328125,-0.0100336401801672,-0.0028181900927331,0.0798339996933937,-0.0009611231507733,-0.000853325240314,-0.0003695874474942,still
1783086931808398600,10.184398681640625,-0.0016311174663249,0.0065813397352467,0.0543950225323438,0.0003274646587669,0.0002720793709158,0.0004026337992399,still
1783086931818442500,10.1944423828125,-0.002020072259783,0.0069865001697675,0.0545446601361036,-0.0004754783585667,0.0013746283948421,-0.0013939347118139,still
1783086931828487700,10.20448779296875,-0.0144619517586135,0.0027977683592122,0.0520014053940773,-6.96824863553e-05,0.0005658529698848,-0.002107854001224,still
1783086931838531600,10.214531494140624,-0.0023481020626844,-0.005774756609695,0.0573877746075391,-0.0002497122623026,-0.0003065983764827,-0.0010921242646872,still
1783086931848575500,10.224575439453124,0.0035291673567029,-0.004042989497201,0.0555921233624219,-0.0017380318604409,0.0003199870698153,-0.0010519004426896,still
1783086931858619600,10.23461962890625,0.0041098875708179,0.000373593969189,0.0591828413307666,-8.15456733107e-05,-0.0004866840317845,0.0005017877556383,still
1783086931868664600,10.24466455078125,-0.0125187452689686,-0.0090754147234372,0.0454161817848682,0.0005280347540974,0.0005364418029785,0.0001968226861208,still
1783086931878708500,10.25470849609375,0.0057339679415803,-0.0010654007418081,0.0481102431744337,0.0005448127631098,-0.0006209681741893,0.0008421066449955,still
1783086931888752400,10.26475244140625,0.0076562674988701,-0.0015767637804499,0.0520008208721876,9.6610514447e-05,-0.0001975768245756,0.001289227977395,still
1783086931898797600,10.274797607421876,-0.0106444940959976,0.0071030780374305,0.061278352305293,0.0002116591203957,0.000375535339117,-0.0005451573524624,still
1783086931908841700,10.284841796875,-0.0003002067892812,0.0155883905137656,0.0551432105511426,0.0005430907476693,-0.00011748354882,0.0010354693513363,still
1783086931918885400,10.294885498046876,0.0012248484951735,-0.0011108062195358,0.0594832855820655,0.0007998195942491,0.001183736603707,-0.0008710876572877,still
1783086931928930600,10.3049306640625,0.0007071596053778,-0.0068152306895121,0.0705564682602882,-0.0005595474503934,0.0006293305195868,-0.0011136326938867,still
1783086931938974700,10.314974609375,-0.0103117881179787,0.0002043109500431,0.0545452446579933,0.0005925360601395,0.0004783291369676,-0.0009445219766348,still
1783086931949018400,10.325018310546875,-0.0059496565188746,0.0040134231927106,0.0702571930527687,0.0003915086854249,-0.0007823444902896,-8.11107456684e-05,still
1783086931959062500,10.3350625,0.008477463671664,0.0045426232821424,0.0717535690903663,-0.0006753536872565,0.0004222029820084,0.0003529845271259,still
1783086931969107700,10.345107666015624,-0.0112768223414081,0.0091481945485691,0.0528986464947462,-0.0006683801766484,0.0011369618587195,0.0004420074401423,still
1783086931979151400,10.3551513671875,0.0029222281392314,0.0041618438036297,0.0566395865887403,-0.0003607850521802,0.0003838199190795,-0.0008368424605578,still
1783086931989195500,10.365195556640623,-0.0007096301236771,0.0054879687077016,0.0599316138714551,0.0005789843853563,0.0002708812244236,-0.0006099937018007,still
1783086931999240700,10.37524072265625,-0.0090444327799952,0.0059574128503561,0.065767480418086,-0.0005685717333108,0.0007654302753508,0.0003527391236275,still
1783086932009284600,10.38528466796875,-0.0035385939138184,0.0097006704823113,0.0502051696270704,-0.0006412626244127,0.0001558931544423,-8.65836627781e-05,still
1783086932019328500,10.39532861328125,-0.0049942440737388,0.004813946470234,0.0509533576458692,0.0004879178013652,0.0008405917324125,0.0021496727131307,still
1783086932029373700,10.405373779296877,-0.0025988379788293,0.0021481841599685,0.0630745880722999,0.0004739225842058,0.0004785121418535,-0.0007806275971233,still
1783086932039417600,10.41541748046875,0.0072553071737871,0.0079290074675576,0.0467635047405958,-0.0004920060746371,-0.0009287022985517,-0.0011587964836508,still
1783086932049461500,10.42546142578125,0.006746495710191,-0.0022708287255256,0.0584352378338575,0.0002625768538564,-0.0013368516229093,-0.000671139685437,still
1783086932059506700,10.435506591796877,0.0078115391173283,-0.0069181362248491,0.0696580581158399,-0.0001006782986223,0.0014512119814753,-0.0010703476145863,still
1783086932069550600,10.445550537109376,-0.0019061030493816,-0.0078439252832788,0.0602308890789747,-0.000434678280726,-0.0006384798325598,-0.0004121165256947,still
1783086932079594500,10.455594482421876,-0.0095626924919488,0.0180557441751006,0.0476759434103965,0.1141156032681465,0.1418904364109039,-0.0137436343356966,still
1783086932089638400,10.465638427734374,-0.2933557726089842,0.5839434322115034,0.3076467300236224,0.2860404849052429,0.2452421486377716,-0.0141939911991357,still
1783086932099683600,10.47568359375,-0.2236512632692232,0.0525411337273893,0.0773024353891611,0.1279395520687103,0.2046076655387878,-0.0009088111110031,still
1783086932109727700,10.485727783203124,0.3325002719795331,-0.7230521893028169,-0.3911035963892936,-0.0615714266896247,-0.0191399678587913,0.0024626113008707,still
1783086932119771400,10.495771484375,0.316788433182612,-0.2893567661006935,0.220503284099698,-0.112888678908348,-0.1126091927289962,0.009075772948563,still
1783086932129816600,10.505816650390624,0.0727439866335131,0.0338350221850443,0.00716156219244,-0.1355882585048675,-0.1686003059148788,0.0068979803472757,still
1783086932139860700,10.51586083984375,0.0106397825299063,0.1255946384012233,0.0662725073307752,-0.1170140355825424,-0.1442992240190506,0.0009191841818392,still
1783086932149904400,10.525904296875,-0.0416782099660951,0.1834158816557377,0.0342336935132741,-0.0180581472814083,-0.0557552613317966,0.0026872702874243,still
1783086932159949600,10.535949462890626,-0.195732086664997,0.130969846899854,0.0616173750013113,0.0126174744218587,0.0093105575069785,-0.0016038811299949,still
