time,seconds_elapsed,accel_x,accel_y,accel_z,gyro_x,gyro_y,gyro_z,label
1783088275438552600,0.058552490234375,0.7423742179535329,0.4276493662372231,0.1368915194332599,0.1566327661275863,-0.100990779697895,-0.2119314521551132,walking
1783088275448596700,0.0685966796875,0.7662620201498269,0.3765922559559345,0.0218704710245132,0.1405494064092636,-0.044086754322052,-0.1615071594715118,walking
1783088275458640600,0.078640625,0.7555364818654954,0.2567632227435708,-0.031969840234518,0.1404953449964523,0.0232648570090532,-0.114722341299057,walking
1783088275468684800,0.088684814453125,0.5537880209878087,0.213684836256504,0.0983271032392978,0.1258700639009475,0.082805149257183,-0.0691407397389411,walking
1783088275478729700,0.098729736328125,0.4425651958182454,0.0372797832109034,0.2281587672889232,0.0893857106566429,0.1172969564795494,-0.0345728434622287,walking
1783088275488773600,0.108773681640625,0.3688705756627023,-0.109473935675621,0.3226455617129802,0.0560131035745143,0.1282894164323806,-0.0090070310980081,walking
1783088275498817800,0.11881787109375,0.3113717418961226,-0.1161073823407292,0.358245282882452,0.0519604757428169,0.1380449533462524,0.0107547752559185,walking
1783088275508861400,0.128861328125,0.3258835207208991,-0.1500597746945917,0.3310018866479396,0.0509316995739936,0.128694862127304,0.0315812267363071,walking
1783088275518905600,0.138905517578125,0.3137317490257322,-0.1755655334815382,0.3312684286296367,0.0439661107957363,0.0719657242298126,0.0364347696304321,walking
1783088275528949800,0.14894970703125,0.4755466973133385,-0.2127401027522981,0.2003898858755826,0.0420792624354362,0.0245763752609491,0.0426481887698173,walking
1783088275538994400,0.158994384765625,0.5931199144229292,-0.2881299825184047,-0.0021311668097972,0.021608205512166,-0.0212739575654268,0.0583465620875358,walking
1783088275549038600,0.16903857421875,0.4175612490735947,-0.344398397707194,-0.0805137986510992,-0.0036116619594395,-0.0579803064465522,0.0726783648133277,walking
1783088275559082800,0.179082763671875,0.3878007554516196,-0.3480187801614403,-0.1093640455603599,-0.0138035826385021,-0.0555360987782478,0.0993386805057525,walking
1783088275569126700,0.189126708984375,0.432703727017343,-0.3937912280380725,-0.1369219145715236,-0.010555325075984,-0.0403358377516269,0.1341805458068847,walking
1783088275579170800,0.1991708984375,0.4540881680905819,-0.3903291048854589,-0.1143634612828493,0.010477346368134,-0.0228395536541938,0.1700223088264465,walking
1783088275589214500,0.20921435546875,0.5264177835032343,-0.3437450483649968,-0.1598082846403122,0.0436853691935539,-0.0056256805546581,0.2100477516651153,walking
1783088275599259600,0.219259765625,0.5599835146270692,-0.3060205901265144,-0.0662841977685689,0.0810550600290298,-0.0026029809378087,0.2521939873695373,walking
1783088275609303800,0.2293037109375,0.6702968237362802,-0.2656974936969578,-0.0112865331679582,0.1177528873085975,-0.0182162951678037,0.2862965762615204,walking
1783088275619347500,0.239347412109375,0.8155152958795427,-0.31551234883219,-0.0036614451169967,0.1375530511140823,-0.0467855483293533,0.3121351599693298,walking
1783088275629390600,0.249390625,0.8687469737209379,-0.388837843414396,-0.1012590650379657,0.1436636745929718,-0.0547223016619682,0.3344175517559051,walking
1783088275639434800,0.259434814453125,0.8261869120195507,-0.4925742583513259,-0.1721568940818309,0.1391545832157135,-0.0415642298758029,0.3494872450828552,walking
1783088275649478700,0.269478759765625,0.7173413373753428,-0.6329767085149884,-0.0764940416157245,0.1253532767295837,-0.0229527279734611,0.3560604751110077,walking
1783088275659523800,0.27952392578125,0.7040574929103255,-0.7247640347220003,0.0447796374469995,0.1129243075847625,-0.0239412933588027,0.3522734642028808,walking
1783088275669567700,0.289567626953125,0.7395731890581547,-0.7111934822700917,0.1375157888114452,0.1009113192558288,-0.0495563745498657,0.3399776518344879,walking
1783088275679611600,0.299611572265625,0.7341204766102135,-0.6298844415880739,0.1606359676361083,0.0730684623122215,-0.0729801133275032,0.3179862797260284,walking
1783088275689655800,0.30965576171875,0.6069852120377123,-0.6156048640839755,0.0147977561593055,0.0358779467642307,-0.0687020048499107,0.2920907735824585,walking
1783088275699700000,0.319699951171875,0.4883328213892877,-0.6078304306901992,-0.1185217500060796,0.0043236715719103,-0.0487645119428634,0.2699088156223297,walking
1783088275709744600,0.32974462890625,0.4052404044218361,-0.5984278115727008,-0.1572626918107271,-0.0123453196138143,-0.0230168048292398,0.2531311511993408,walking
1783088275719788800,0.339788818359375,0.3049722501173615,-0.6127902450546622,-0.1213373919486999,-0.0168209504336118,1.46920792758e-05,0.2346569746732711,walking
1783088275729832700,0.349832763671875,0.2639711082957685,-0.6460505634911358,-0.1243348201990127,-0.013874695636332,0.0222345106303691,0.2059491574764251,walking
1783088275739876900,0.359876953125,0.3600768822237849,-0.6882485138818621,-0.1921580641031265,-0.0095198415219783,0.0472043417394161,0.1745222061872482,walking
1783088275749920800,0.369920654296875,0.4543250455863774,-0.6486141303688288,-0.2325000113636255,-0.014643763191998,0.0850609093904495,0.1510834544897079,walking
1783088275759964700,0.379964599609375,0.4837549920797347,-0.6099617436304688,-0.2315373038113117,-0.0103430785238742,0.1407475620508194,0.1373514533042907,walking
1783088275770009900,0.390009765625,0.474199082096666,-0.582410742751509,-0.2226432187378406,-0.0129854660481214,0.1941317021846771,0.1271435618400573,walking
1783088275780053800,0.4000537109375,0.4633265365570783,-0.5945664599694311,-0.1082908633708953,-0.019721345975995,0.2252688854932785,0.1177028641104698,walking
1783088275790097700,0.41009765625,0.5286088638067246,-0.5529879566513002,0.0326309344917535,-0.0308573544025421,0.2151230424642563,0.1198749393224716,walking
1783088275800141800,0.420141845703125,0.6984129111520946,-0.5534561586849391,0.1064946276038885,-0.0394049137830734,0.1690039038658142,0.1234265193343162,walking
1783088275810185700,0.430185791015625,0.8417555064208805,-0.5215896326944232,0.0566588758111,-0.0389652252197265,0.1036901473999023,0.1351865082979202,walking
1783088275820230000,0.44022998046875,1.011185752017796,-0.417645566356182,-0.0844260036587715,-0.0196034591645002,0.0267490167170763,0.1459825783967971,walking
1783088275830274800,0.45027490234375,1.1193738126013428,-0.356643108382821,-0.2158487362921237,0.0109842773526906,-0.0412356257438659,0.1523206382989883,walking
1783088275840318700,0.460318603515625,1.0737290827576071,-0.3956147902034223,-0.2497907533824443,0.0504381246864795,-0.0974568575620651,0.1577798426151275,walking
1783088275850363000,0.47036279296875,0.9619044192373752,-0.4497406404055655,-0.2404413257569074,0.100166268646717,-0.1311357170343399,0.1622494161128997,walking
1783088275860406800,0.48040673828125,0.8669549757376313,-0.4922098089531064,-0.2192225966393947,0.1609099060297012,-0.1422744989395141,0.1574775576591491,walking
1783088275870450700,0.49045068359375,0.7418224292896688,-0.5425028029941023,-0.2251186689406633,0.2041769474744796,-0.1312599331140518,0.1432232558727264,walking
1783088275880494800,0.500494873046875,0.7701194262303411,-0.5313204608529806,-0.1371235746234655,0.2255874872207641,-0.1092361360788345,0.1270156651735305,walking
1783088275890539800,0.510539794921875,0.8034722452558577,-0.3638350657135248,-0.0257622177660465,0.2162065058946609,-0.0962793231010437,0.1223855018615722,walking
1783088275900583700,0.520583740234375,0.7436508137606084,-0.1793034048356115,0.0365355407148599,0.1667243838310241,-0.1017166823148727,0.1224735006690025,walking
1783088275910627800,0.5306279296875,0.8833854476653039,-0.0699134941816329,-0.1596884576529264,0.1014303267002105,-0.1176154911518096,0.1250314712524414,walking
1783088275920671700,0.540671630859375,0.9592011516280472,-0.1191314063370227,-0.4880512279689312,0.0554634183645248,-0.1067567318677902,0.1174890175461769,walking
1783088275930716000,0.5507158203125,0.7386964062236249,-0.2010195620812475,-0.7893687549710273,0.0467314459383487,-0.0438089221715927,0.0962196812033653,walking
1783088275940760800,0.5607607421875,0.5432448535330593,-0.290432706502825,-0.9075257633179424,0.0669417753815651,0.0537881851196289,0.0705325305461883,walking
1783088275950804700,0.5708046875,0.4989410169042647,-0.4287105657279491,-0.8549971191793679,0.0927499383687973,0.1503783762454986,0.0417757183313369,walking
1783088275960849000,0.580848876953125,0.4973638307154178,-0.4586600060507655,-0.8041022137224674,0.1020931899547576,0.2427836954593658,0.0064062858000397,walking
1783088275970892500,0.590892578125,0.4667199783876538,-0.348588104481995,-0.7786649901270866,0.1136776730418205,0.3166363537311554,-0.0207670126110315,walking
1783088275980936700,0.600936767578125,0.495830337537825,-0.261659324222058,-0.6702063689738512,0.1330967843532562,0.3565548360347748,-0.034874353557825,walking
1783088275990980900,0.61098095703125,0.5346794889573008,-0.2503187227793038,-0.4874450787693262,0.1498134434223175,0.3700533211231231,-0.0376072898507118,walking
1783088276001025800,0.62102587890625,0.4258602177981287,-0.267325387159735,-0.2873503764480352,0.1588567942380905,0.3606395125389099,-0.0390644781291484,walking
1783088276011069700,0.631069580078125,0.338409970947355,-0.2728165319219231,-0.0987491280436515,0.1693163514137268,0.3234255611896515,-0.0283465888351202,walking
1783088276021113900,0.64111376953125,0.2909186633888632,-0.2695464242100715,0.0264040228009223,0.1939215511083603,0.2714714407920837,-0.0110950721427798,walking
1783088276031157800,0.65115771484375,0.23242395045273,-0.2305577912546694,0.1155979715138673,0.235293760895729,0.1997434347867965,0.0042753624729812,walking
1783088276041202000,0.661201904296875,0.2388922696840018,-0.1825686902418732,0.2152706441432237,0.2884992957115173,0.0953907445073127,0.0209305733442306,walking
1783088276051245600,0.67124560546875,0.2612371532872319,-0.0534461973749101,0.360535439646244,0.3432306945323944,-0.053882360458374,0.0651062950491905,walking
1783088276061290800,0.681290771484375,0.1696767677038907,0.1212251637458801,0.4848860419362783,0.3872471749782562,-0.2114182859659195,0.1330648064613342,walking
1783088276071335000,0.6913349609375,-0.0330057591535151,0.3699395200684666,0.6054600482970476,0.4074232876300812,-0.3577600419521332,0.231839045882225,walking
1783088276081378800,0.70137890625,-0.1748801085006445,0.6615360096536577,0.8461047876715659,0.400012344121933,-0.4733459055423736,0.3366303741931915,walking
1783088276091422700,0.711422607421875,-0.2675768046375364,0.7782794979408383,1.0951344935536385,0.3817963302135467,-0.5516886711120605,0.3972039818763733,walking
1783088276101466600,0.721466552734375,-0.493749147349596,0.6767306561760604,1.305901396536827,0.3517402708530426,-0.6018875241279602,0.4094171226024627,walking
1783088276111511800,0.73151171875,-0.8441384560346603,0.6117265613459051,1.495975640103221,0.2912305891513824,-0.6494030952453613,0.4271034598350525,walking
1783088276121555700,0.7415556640625,-1.1843648287542163,0.6335939636304975,1.7457956195801496,0.2087004631757736,-0.6607053875923157,0.4648978412151336,walking
1783088276131599600,0.751599609375,-1.490024915005267,0.5150568699248135,1.972758455082774,0.0966799184679985,-0.6679467558860779,0.4875128865242004,walking
1783088276141643800,0.761643798828125,-1.6533054058007894,0.4151492194958031,2.1935545846492053,-0.0233562067151069,-0.7003491520881653,0.4928925335407257,walking
1783088276151688000,0.77168798828125,-1.6382430073559284,0.3529015837669372,2.127790611362457,-0.1195237562060356,-0.7313859462738037,0.480465680360794,walking
1783088276161731800,0.78173193359375,-1.6720964693799614,-0.0425594771794974,1.451771172195673,-0.1753254979848861,-0.7269823551177979,0.4173506200313568,walking
1783088276171776800,0.79177685546875,-1.6689067334279415,-0.7009918217293918,0.6198211666047573,-0.1475932002067566,-0.6721135377883911,0.3202797472476959,walking
1783088276181821000,0.801821044921875,-1.709406793859601,-1.1113880014792084,-0.1633995871305465,-0.0473123118281364,-0.5237473249435425,0.2045000195503235,walking
1783088276191864800,0.81186474609375,-1.7462226128205656,-1.4350953472048045,-1.2222159821122884,0.0726055726408958,-0.2723463177680969,0.1191140115261077,walking
1783088276201908700,0.82190869140625,-1.6582281030252577,-1.6703277061417698,-2.2757073826789855,0.1401502043008804,0.0446673519909381,0.0794442072510719,walking
1783088276211952600,0.83195263671875,-1.54811776914224,-1.5943492128327488,-3.104844668936729,0.1655756682157516,0.4047163128852844,0.0606801062822341,walking
1783088276221996800,0.841996826171875,-1.354126498262584,-1.148238453362137,-3.681060502570867,0.1475638598203659,0.6927093267440796,0.0638071596622467,walking
1783088276232041700,0.852041748046875,-1.1237050467386842,-0.6818599818885326,-3.433539447686076,0.098347321152687,0.8740208148956299,0.1096532046794891,walking
1783088276242085600,0.862085693359375,-0.6222055775232612,-0.312511413450539,-2.595778125467896,0.0170527342706918,0.9589040279388428,0.162002220749855,walking
1783088276252129800,0.8721298828125,-0.1839883477814495,-0.3684538115553558,-1.6646663193792104,-0.0716893896460533,0.8950417041778564,0.1968134641647339,walking
1783088276262173700,0.882173583984375,-0.0181353761494159,-0.5734142202168703,-0.6508131017178297,-0.1128517910838127,0.7105718851089478,0.2303695529699325,walking
1783088276272217900,0.8922177734375,-0.018693740684539,-0.6278869841605424,0.1642038892507553,-0.0869373679161071,0.469762772321701,0.2982783019542694,walking
1783088276282262800,0.9022626953125,-0.1575287223357707,-0.5360203091070056,0.6073030458152294,-0.0110426433384418,0.2696309387683868,0.3832060694694519,walking
1783088276292306700,0.912306640625,-0.2266329459611326,-0.3710138713017106,0.643279783603549,0.0904898419976234,0.1814233064651489,0.4681731462478637,walking
1783088276302350800,0.922350830078125,-0.2449400984808802,-0.1554234936848282,0.4812316110819578,0.167761281132698,0.1125759184360504,0.548747718334198,walking
1783088276312394800,0.932394775390625,-0.1675657668992876,-0.1609521939784288,0.7459341023921966,0.182391881942749,0.0034347884356975,0.6022533178329468,walking
1783088276322438700,0.942438720703125,-0.0982374521944671,-0.3766875330239534,1.2912544470250606,0.1132310703396797,-0.1183344572782516,0.5997733473777771,walking
1783088276332482800,0.95248291015625,-0.1959228234641253,-0.6685387280225753,1.877831515675783,-0.0301652420312166,-0.2052017152309417,0.5506806373596191,walking
1783088276342527700,0.96252783203125,-0.5717821620356291,-0.8551195765152573,2.182775416481495,-0.187478169798851,-0.2308096438646316,0.514920175075531,walking
1783088276352571600,0.972571533203125,-1.2752528680339454,-0.8540288586691022,2.2194500734061,-0.2976526319980621,-0.2115371525287628,0.4929203391075134,walking
1783088276362615800,0.98261572265625,-1.6475089944817125,-0.938420375536382,2.2121417962193486,-0.3503701984882355,-0.1737465411424636,0.4459311962127685,walking
1783088276372659700,0.99265966796875,-1.4994377632558344,-1.287706106893718,2.0962205841004846,-0.360684871673584,-0.1362470984458923,0.368601530790329,walking
1783088276382703900,1.002703857421875,-1.098630080584437,-1.589329484974593,1.82569157859385,-0.3524909615516662,-0.1566176861524582,0.2818828225135803,walking
1783088276392747800,1.012747802734375,-0.3270392666272819,-1.7959170564465223,1.619326125440001,-0.3483348190784454,-0.2312482446432113,0.1959748417139053,walking
1783088276402792700,1.022792724609375,0.284877848854661,-1.8985083930015565,1.3328157069474458,-0.2816708385944366,-0.3257878422737121,0.1478573232889175,walking
1783088276412836900,1.0328369140625,0.4966954299345612,-1.9559303621396424,0.9411819492042064,-0.1836758404970169,-0.3861507773399353,0.1029705330729484,walking
1783088276422880800,1.042880859375,0.472169183704257,-2.1222709711581467,0.8631605518907308,-0.1307174563407898,-0.3826536834239959,0.0589219816029071,walking
1783088276432924700,1.052924560546875,0.3416325862556695,-2.1583131753981113,0.8374544482260942,-0.1243501082062721,-0.3305459916591644,0.0277033429592847,walking
1783088276442968800,1.06296875,0.0347454424276948,-2.2322145701721308,0.8268576508879661,-0.1123344674706459,-0.1996501237154007,0.0095471246168017,walking
1783088276453013800,1.073013671875,-0.3440541143141686,-2.103811623751372,0.629098113515973,-0.0860144421458244,-0.0086628571152687,-0.0018823638092726,walking
1783088276463057700,1.0830576171875,-0.6845873610258102,-1.8604221157133576,0.4117190989166498,-0.0806772485375404,0.15497387945652,-0.0091932490468025,walking
1783088276473101800,1.093101806640625,-0.6048891165412962,-1.8181091606408355,0.3073860332608222,-0.1260702908039093,0.2378189712762832,-0.0099682286381721,walking
1783088276483145700,1.103145751953125,-0.2819062856979668,-2.0399556760430335,0.0885562353312969,-0.1943975090980529,0.2346410751342773,-0.0475943349301815,walking
1783088276493190000,1.11318994140625,0.06204392985031,-2.4418783342190085,-0.2734989612281322,-0.2394584566354751,0.1444171667098999,-0.0925322473049163,walking
1783088276503233800,1.12323388671875,0.2772038070954382,-2.62400702560842,-0.6586930413126945,-0.2246065884828567,0.033316358923912,-0.1023820042610168,walking
1783088276513278700,1.13327880859375,0.2330357256755232,-2.655591665917634,-1.2644880206525324,-0.1654897332191467,-0.0641137883067131,-0.0983001738786697,walking
1783088276523323000,1.143322998046875,0.0009920797772705,-2.6324995441436765,-1.7890747893363237,-0.0724102482199668,-0.1386559754610061,-0.1018004566431045,walking
1783088276533366800,1.15336669921875,-0.3500594922088086,-2.596273215508461,-2.082551539710164,0.0149084134027361,-0.1463426500558853,-0.1311820447444915,walking
1783088276543410700,1.16341064453125,-0.9857491129443048,-2.6725562447220086,-2.157696504804492,0.0292564053088426,-0.1145266965031623,-0.1610325574874878,walking
1783088276553454800,1.173454833984375,-1.5171870626971125,-2.4738772544175385,-1.970917795652151,-0.0178602412343025,-0.0239432640373706,-0.1252221018075943,walking
1783088276563498800,1.183498779296875,-2.03305700257048,-1.9668626750424505,-1.9958745422542097,-0.0549605675041675,0.1782564967870712,-0.0560501925647258,walking
1783088276573543700,1.193543701171875,-2.691312090857327,-1.5494446338318288,-2.4924001685798167,-0.0275989845395088,0.5870514512062073,0.0085809975862503,walking
1783088276583587800,1.203587890625,-3.008289543806016,-0.9638540920004248,-3.739403970468044,0.0452111847698688,1.1552047729492188,0.095975361764431,walking
1783088276593631700,1.2136318359375,-2.144374081894755,0.0381817004866898,-4.909775199052691,0.0758135691285133,1.7173595428466797,0.2566859424114227,walking
1783088276603676000,1.223676025390625,-0.9126268127840012,1.062056545946747,-5.419659488645196,0.0453941822052001,2.19516921043396,0.4528383314609527,walking
1783088276613719800,1.2337197265625,-0.0028336159907281,1.9240541915379463,-5.6398132286548615,-0.0146989841014146,2.523258924484253,0.6378968358039856,walking
1783088276623765500,1.243765625,0.7738915651801973,2.599571672531962,-5.2635225859940045,-0.0703556761145591,2.701986789703369,0.7665753960609436,walking
1783088276633809700,1.2538095703125,1.264874974143505,2.724782691043615,-4.277592563524842,-0.1302584260702133,2.680474758148194,0.8415926694869995,walking
1783088276643853300,1.263853271484375,0.5673852422509342,2.3210836708448825,-3.012741554778814,-0.1689426898956298,2.415905237197876,0.7979166507720947,walking
1783088276653897500,1.2738974609375,-0.3624544980753213,1.2895492505423725,-1.3182827392041685,-0.1400532573461532,1.8755428791046145,0.6836425065994263,walking
1783088276663941600,1.283941650390625,-0.6769974904187023,0.0568763179540634,0.9028729690760372,-0.0890479609370231,1.141609787940979,0.5564239621162415,walking
1783088276673985500,1.293985595703125,-1.259638534794748,-0.9838299814499916,2.559779760369658,-0.0409794971346855,0.3721626698970794,0.413325160741806,walking
1783088276684030500,1.304030517578125,-2.4127181445777417,-1.2395600617535412,3.4006717818289993,-0.0115109514445066,-0.3505299687385559,0.2514919936656952,walking
1783088276694074600,1.31407470703125,-2.935036383807659,-1.1829768815271555,3.719849959692359,-0.0502658039331436,-1.0473310947418213,0.0734490156173706,walking
1783088276704118500,1.324118408203125,-2.4818673763886094,-0.9318579482808708,3.957829863771796,-0.1184902191162109,-1.6436052322387695,-0.0738361179828643,walking
1783088276714162700,1.33416259765625,-1.548128436666727,-0.1833404052667319,3.7382606456518177,-0.1426402926445007,-2.109034776687622,-0.2229574173688888,walking
1783088276724206300,1.344206298828125,-0.6858621302019804,0.290432706502825,3.0276363415718075,-0.096569612622261,-2.4258835315704346,-0.3542250096797943,walking
1783088276734250500,1.35425048828125,0.0220889908797107,0.5877325222961605,2.2619331243485212,-0.0265090279281139,-2.544736862182617,-0.4071526825428009,walking
1783088276744295700,1.364295654296875,0.5724491745769977,0.8411315293036401,1.3809873249202966,-0.0206176321953535,-2.3657021522521973,-0.3932715654373169,walking
1783088276754339600,1.374339599609375,1.0616478190153835,1.0522365782000125,0.4235229339569807,0.1416522413492202,-2.007331371307373,-0.2808997631072998,walking
1783088276764383500,1.384383544921875,1.2307462023094295,1.2766732562258838,0.2089092924177646,0.2002509087324142,-1.6133365631103516,-0.1335071474313736,walking
1783088276774427400,1.394427490234375,1.2954950072042644,1.271284110533446,-0.1195037467807531,0.1833512932062149,-1.1576672792434692,0.0280077178031206,walking
1783088276784471600,1.404471435546875,1.4917112606570124,1.366223617161065,-0.0052379006534814,0.1101109907031059,-0.7148667573928833,0.1914194673299789,walking
1783088276794516500,1.4145166015625,1.6530027695924043,1.545668476293981,0.312297186177969,-0.0311369411647319,-0.2957272827625274,0.3534954488277435,walking
1783088276804560400,1.424560302734375,1.5760688752546903,1.76730748642534,0.4414741857111454,-0.1730088144540786,0.0740187168121337,0.4830907583236694,walking
1783088276814604500,1.4346044921875,1.2669292763248086,1.7525642369322478,0.6656278090119362,-0.252534806728363,0.3730528354644775,0.5725000500679016,walking
1783088276824648700,1.444648681640625,0.617624168017134,1.4196394193977118,0.833624076282978,-0.2508142292499542,0.5689868330955505,0.6299062371253967,walking
1783088276834692400,1.4546923828125,-0.1281166768252849,1.0466155234478414,0.983853800716996,-0.2080507725477218,0.6586841940879822,0.6501070857048035,walking
1783088276844736500,1.464736572265625,-0.4245001814913004,0.7899028618477284,1.259852177545428,-0.1574685126543045,0.630538821220398,0.6440362334251404,walking
1783088276854781700,1.47478173828125,-0.3670549045428633,0.6957325860269368,1.5739724874973295,-0.1349312514066696,0.487406462430954,0.5901098847389221,walking
1783088276864825600,1.48482568359375,-0.107420510277152,0.5682175283566117,1.6358920603156089,-0.0856694281101226,0.2897252738475799,0.5144782066345215,walking
1783088276874869500,1.494869384765625,-0.0023554040197283,0.5438049716338514,1.3187807518541812,-0.0150280129164457,0.1011756062507629,0.4291199147701263,walking
1783088276884913400,1.504913330078125,0.2405008739244192,0.6532113950312137,1.0698983454883098,0.010473228059709,-0.036945953965187,0.3586220443248749,walking
1783088276894957600,1.51495751953125,0.380084847312048,0.8489045013926922,0.7832862201869487,-0.0467759482562541,-0.0903519168496131,0.3072477877140045,walking
1783088276905001500,1.52500146484375,0.3728267659425735,0.9929029302217066,0.4906669634252786,-0.1434387117624282,-0.0658764615654945,0.2688719630241394,walking
1783088276915046400,1.53504638671875,0.3778922326385974,0.987379782886058,0.331482363641262,-0.2334410399198532,-0.027516558766365,0.2241559028625488,walking
1783088276925090600,1.545090576171875,0.4116969601500779,0.6807317085109651,0.3360007178485393,-0.2798082530498504,-0.0119018666446208,0.1697023659944534,walking
1783088276935134500,1.555134521484375,0.5834253266215325,0.2151483329378068,0.3872638720959425,-0.2728235721588135,-0.0384506508708,0.1001041159033775,walking
1783088276945178600,1.5651787109375,0.6370464421719312,-0.2134929669462144,0.4185995060801505,-0.2286131232976913,-0.0814783498644828,0.0077225002460181,walking
1783088276955222500,1.575222412109375,0.5999803017117082,-0.5714530031464994,0.4043272350996732,-0.1849729716777801,-0.0885612890124321,-0.0942896157503128,walking
1783088276965266400,1.585266357421875,0.5670080795016139,-0.7753153874382376,0.333565599656105,-0.1625372618436813,-0.05477836728096,-0.1929206550121307,walking
1783088276975311600,1.5953115234375,0.5291054882172495,-0.7028638992115854,0.2867828056931495,-0.1717736423015594,0.0067646214738488,-0.2722378373146057,walking
1783088276985355500,1.60535546875,0.3829674900762737,-0.5091786255411803,0.2607289115041494,-0.1867619454860687,0.0606870278716087,-0.3298210799694061,walking
1783088276995399400,1.6153994140625,0.1973417503513395,-0.4362798319384455,0.171641930297017,-0.1735073924064636,0.1271755099296569,-0.3575403094291687,walking
1783088277005443600,1.625443603515625,-0.009250351165235,-0.4501413301609456,0.0743213737517595,-0.1557152718305587,0.1890652775764465,-0.365959107875824,walking
1783088277015487500,1.635487548828125,-0.2334152265124023,-0.5775193174481391,0.1942781249970197,-0.1612975299358368,0.2101921290159225,-0.3710073828697204,walking
1783088277025532400,1.645532470703125,-0.296960720032081,-0.8309268000230192,0.4013543567687272,-0.1787961274385452,0.215360403060913,-0.3819598853588104,walking
1783088277035576600,1.65557666015625,-0.1816815321438014,-1.18228802248016,0.3960825538456439,-0.1910951286554336,0.201171875,-0.4256911277770996,walking
1783088277045620500,1.665620361328125,0.098248850371316,-1.4326289570912718,0.3076572514176368,-0.1673322319984436,0.168568953871727,-0.4858309328556061,walking
1783088277055664600,1.67566455078125,0.3268775732595473,-1.5615267012916505,0.2238578552246093,-0.1250399053096771,0.1435416340827942,-0.5384382009506226,walking
1783088277065708300,1.685708251953125,0.3289163856107741,-1.558634048590064,0.202347449684143,-0.0830278918147087,0.1444825530052185,-0.5713382959365845,walking
1783088277075752400,1.69575244140625,0.0672724781535565,-1.5479213697873055,0.3380734324693679,-0.0578892454504966,0.1592489928007125,-0.5920760631561279,walking
1783088277085797600,1.705797607421875,-0.0532747132655233,-1.6288731214642524,0.4932733465313911,-0.0373024307191371,0.1624860167503357,-0.6151232123374939,walking
1783088277095841300,1.71584130859375,0.1003713224180042,-1.6395029442891478,0.5808341410845518,-0.0185303427278995,0.1459938585758209,-0.6455512046813965,walking
1783088277105885400,1.725885498046875,0.2767613240249454,-1.4708682329840956,0.5109656550884246,-0.0107560437172651,0.110926941037178,-0.6572797298431396,walking
1783088277115929600,1.7359296875,0.3722996002633124,-1.1640996009692548,0.5004045135855675,-0.0185449905693531,0.0433947741985321,-0.6330380439758301,walking
1783088277125973500,1.745973388671875,0.3213188431538641,-1.0595793421782551,0.5521317782133818,-0.0096495300531387,-0.0269995052367448,-0.5907066464424133,walking
1783088277136017700,1.756017578125,0.1657048683982342,-1.2160384625211358,0.5419219343662262,0.032841470092535,-0.0835432037711143,-0.5605849623680115,walking
1783088277146062600,1.7660625,0.0604389788717031,-1.3987002378739417,0.4999193604171276,0.0677335634827613,-0.1128127872943878,-0.5486419200897217,walking
1783088277156106500,1.7761064453125,0.099699925962463,-1.443764391350746,0.5497966132640838,0.0686238557100296,-0.142890527844429,-0.5408157110214233,walking
1783088277166150700,1.786150634765625,0.2350841095726936,-1.3385177179813383,0.6329314080685376,0.0452162437140941,-0.1653704941272735,-0.5414074659347534,walking
1783088277176194300,1.7961943359375,0.4736851412251591,-1.2550075139932333,0.6374632062792778,0.0312423687428236,-0.2077578902244568,-0.5484504699707031,walking
1783088277186238500,1.806238525390625,0.6831770558364689,-1.0949788646005094,0.6506359915852546,0.0349051803350448,-0.259862869977951,-0.5478942394256592,walking
1783088277196283600,1.81628369140625,0.8789735495071858,-1.0064311048366128,0.5872673890024424,0.0703598409891128,-0.340145468711853,-0.5557106137275696,walking
1783088277206327600,1.82632763671875,1.1146077672433108,-1.0861920392937958,0.5683510916084051,0.1137686148285865,-0.4151098132133484,-0.5832042098045349,walking
1783088277216371500,1.836371337890625,1.3715224542215465,-1.184787145819515,0.4586076913416385,0.1484850496053695,-0.4819775223731994,-0.6273357272148132,walking
1783088277226415600,1.84641552734375,1.6122870205834507,-1.2945141794733703,0.2577227154254913,0.1561049073934555,-0.5401724576950073,-0.687714159488678,walking
1783088277236459500,1.85645947265625,1.79009317259863,-1.3440825125016271,-0.1905488753408193,0.1285640895366668,-0.5613847970962524,-0.7598274946212769,walking
1783088277246503700,1.866503662109375,1.8802860692210497,-1.2273675196565688,-0.8390425942003726,0.0659295991063118,-0.5504654049873352,-0.8138945698738098,walking
1783088277256548400,1.87654833984375,1.9267149351797996,-0.8181343923367559,-1.477461493769288,-0.0228530019521713,-0.3728429079055786,-0.8190408945083618,walking
1783088277266592500,1.886592529296875,1.0584935927681625,-0.0991784593716263,-2.549735920739174,-0.1073270142078399,-0.0547934100031852,-0.7569569945335388,walking
1783088277276636700,1.89663671875,0.1649159830428659,0.798886524900794,-3.0792174757272,-0.1124240383505821,0.2856520712375641,-0.6343421339988708,walking
1783088277286680600,1.9066806640625,0.0967049088649451,1.4338357025325297,-2.94603767029345,-0.0773052722215652,0.5819264054298401,-0.5920313000679016,walking
1783088277296724500,1.916724365234375,-0.2075906110346317,1.289435122643411,-2.839935841399431,-0.026968065649271,0.8505328297615051,-0.6578271389007568,walking
1783088277306768400,1.926768310546875,-0.5425121553443372,0.94256463573426,-2.7879589859247207,0.0069270329549908,1.0511014461517334,-0.7714604735374451,walking
1783088277316813600,1.9368134765625,-0.6314914383932948,0.693166681061685,-2.5045845273703335,0.0390258468687534,1.1642132997512815,-0.889821469783783,walking
1783088277326857500,1.946857421875,-0.4824911826889961,0.7039731756277382,-2.1555787819981576,0.0935431569814682,1.2600247859954834,-1.0047303438186646,walking
1783088277336901400,1.9569013671875,-0.2730946182109415,0.9118870272673666,-2.203482104423642,0.1537681370973587,1.3432472944259644,-1.104115605354309,walking
1783088277346945500,1.966945556640625,-0.0619117548380047,1.2678101508125663,-2.3157786963045597,0.1958855092525482,1.3299554586410522,-1.162361741065979,walking
1783088277356989700,1.97698974609375,0.0549659542880952,1.6883914783596992,-2.298174066030979,0.2216161638498306,1.1820274591445925,-1.153573513031006,walking
1783088277367033600,1.98703369140625,0.0211705060616135,1.867724839942157,-2.099803118762374,0.2652255594730377,0.903126895427704,-1.070603847503662,walking
1783088277377078500,1.99707861328125,-0.1270256301855668,2.003432118026912,-1.4926169773250817,0.3712801039218902,0.5111396312713623,-0.931768238544464,walking
1783088277387122700,2.007122802734375,-0.1905353217395022,2.218370169214904,-0.6914870574116706,0.5247096419334412,0.0576858520507812,-0.7632609009742737,walking
1783088277397166600,2.01716650390625,-0.0252877321220934,2.468570087920129,0.2679424961447715,0.6510382890701294,-0.4475957155227661,-0.599376380443573,walking
1783088277407210500,2.02721044921875,0.2903747657705098,2.589279411098361,1.271459028708935,0.7321255803108215,-0.9547702670097352,-0.4629203081130981,walking
1783088277417254400,2.03725439453125,0.303942760939151,2.5502295494750142,2.1356191130310296,0.7530876398086548,-1.4194637537002563,-0.3743832409381866,walking
1783088277427299600,2.047299560546875,-0.0272719647418707,2.2885412914194165,2.8444465968221424,0.7100656032562256,-1.79047429561615,-0.3238773643970489,walking
1783088277437343500,2.057343505859375,-0.5246384258057922,1.8734191060610117,3.200121152433753,0.6148712038993835,-1.9630379676818848,-0.3146833479404449,walking
1783088277447387400,2.067387451171875,-1.1121819283358751,1.388330965681374,2.7695751879721877,0.4928985834121704,-1.8847733736038208,-0.3868902325630188,walking
1783088277457431600,2.077431640625,-1.851670215589553,0.7457986394442617,1.5945383056640623,0.3763935267925262,-1.547590255737305,-0.5461502075195312,walking
1783088277467475500,2.087475341796875,-2.819387558889389,0.2167699427902698,-0.0557645573198795,0.2833634614944458,-1.0094192028045654,-0.7219922542572021,walking
1783088277477519600,2.09751953125,-3.404686278167367,0.0663242375180125,-1.6115391248255968,0.1886603832244873,-0.3770281672477722,-0.8264235854148865,walking
1783088277487564500,2.107564453125,-3.3397862282335757,0.0993343805857002,-2.542967741778493,0.0604418106377124,0.2396348714828491,-0.9342401027679444,walking
1783088277497608400,2.1176083984375,-2.955939471104741,-0.1630234472945332,-3.1182202833384274,-0.0540229827165603,0.7636043429374695,-1.053271770477295,walking
1783088277507652600,2.127652587890625,-2.639641524852812,-0.4069982078745961,-3.1627748798578974,-0.1095667704939842,1.1462960243225098,-1.1204575300216677,walking
1783088277517696500,2.137696533203125,-2.290895745591074,-0.3265001913145184,-2.4998610059797763,-0.1348505616188049,1.3145174980163574,-1.1228114366531372,walking
1783088277527740400,2.147740478515625,-1.5522326571151612,0.1210856091447174,-1.5740180802047252,-0.158248022198677,1.284013032913208,-1.0601235628128052,walking
1783088277537784600,2.15778466796875,-0.7297000298194587,0.5846056224472821,-0.6659983958899974,-0.1671632081270218,1.1245951652526855,-0.9860205054283142,walking
1783088277547829500,2.16782958984375,-0.2627437584578991,0.6042980187803506,0.2515928343683481,-0.146649420261383,0.9013448357582092,-0.9081243276596068,walking
1783088277557873400,2.177873291015625,-0.0198404995668679,0.4126161938868463,1.076656587576866,-0.0845604985952377,0.6342313885688782,-0.8121991157531738,walking
1783088277567917600,2.18791748046875,-0.0081600717104971,0.3222666453979909,1.9486510187864303,0.0079641118645668,0.3950885832309723,-0.7037978172302246,walking
1783088277577961500,2.19796142578125,-0.4344382226597517,0.2094669263005256,2.39470376445949,0.0993318408727645,0.1859076768159866,-0.5781591534614563,walking
1783088277588005600,2.208005615234375,-0.7822522740293294,0.1842801703348755,2.649686825788021,0.1900049299001693,0.0187282785773277,-0.471051275730133,walking
1783088277598050600,2.218050537109375,-0.6349433324128388,0.0009985095180571,2.841812156665325,0.2485063374042511,-0.1589354574680328,-0.4217465817928314,walking
1783088277608094500,2.228094482421875,-0.3184781398352235,-0.3769739487498998,3.090931878918409,0.2513080239295959,-0.3478360176086426,-0.4318442642688751,walking
1783088277618138600,2.238138671875,-0.1600614556837827,-0.7561803327269851,3.200933637860417,0.2017183601856231,-0.5178311467170715,-0.4635028541088104,walking
1783088277628182500,2.2481826171875,-0.1330203770883381,-0.885345349561423,3.1460476169407365,0.1233952417969703,-0.6101853847503662,-0.4858577251434326,walking
1783088277638226700,2.258226806640625,-0.2129538916334509,-0.8709516441583632,2.805295320650935,0.0492120906710624,-0.6199458837509155,-0.5159487724304199,walking
1783088277648270600,2.2682705078125,-0.1763143060222268,-0.8923992135956883,2.3015163621962067,0.0048688137903809,-0.5811680555343628,-0.5512932538986206,walking
1783088277658315800,2.278315673828125,-0.1237802550561726,-1.0149946427814662,1.8999194288432597,-0.0120646301656961,-0.4761476218700409,-0.5826884508132935,walking
1783088277668359700,2.288359619140625,-0.0938964273154735,-1.1496273504372685,1.5035031129986047,-0.0143422596156597,-0.2992259860038757,-0.6049351096153259,walking
1783088277678403600,2.298403564453125,-0.0456477985836565,-1.2717168028622865,1.2538941459238528,0.0093486886471509,-0.1038988530635833,-0.6353875994682312,walking
1783088277688447700,2.30844775390625,0.0794634128153324,-1.3424905671350658,1.2337217109888792,0.0364133939146995,0.087955430150032,-0.658689558506012,walking
1783088277698492000,2.318491943359375,0.1942597125574946,-1.1764601931095122,1.362357443252206,0.0252211932092905,0.2040692418813705,-0.6688596606254578,walking
1783088277708535600,2.32853564453125,0.2697980608835816,-0.9964088925160468,1.8973194754779337,-0.0507856979966163,0.2568255662918091,-0.6874987483024597,walking
1783088277718580700,2.338580810546875,0.2090824570275843,-1.005467958892882,2.4574305620074273,-0.1707837432622909,0.3068503737449646,-0.7419590353965759,walking
1783088277728625000,2.348625,-0.0917741744644939,-1.103095754756406,2.5760259617716073,-0.3000390529632568,0.374309629201889,-0.8119812607765198,walking
1783088277738668800,2.358668701171875,-0.4429059720799326,-1.2238560044042766,2.392334112718701,-0.4117844700813293,0.460611492395401,-0.8816388845443726,walking
1783088277748712700,2.368712646484375,-0.5754493793062866,-1.316744569851458,1.9422475814849136,-0.44952592253685,0.5308964252471924,-0.9263597130775452,walking
1783088277758756600,2.378756591796875,-0.5664565100334584,-1.3164761281736197,1.3266127606540918,-0.4102565348148346,0.5745962262153625,-0.93413507938385,walking
1783088277768800800,2.38880078125,-0.4961741825394332,-1.191725420650095,0.669898910459876,-0.3396067023277282,0.5491224527359009,-0.9124283194541932,walking
1783088277778845700,2.398845703125,-0.4012035501211881,-1.0449971284657715,0.2393330722540617,-0.2473976612091064,0.4432867765426636,-0.8736004829406738,walking
1783088277788889600,2.4088896484375,-0.3718653735645115,-1.1854277818106114,0.170543613666296,-0.1510837376117706,0.2924747765064239,-0.8324992060661316,walking
1783088277798933800,2.418933837890625,-0.3530345624968409,-1.4829222433932123,0.1537695889979601,-0.0800284668803215,0.1586711853742599,-0.7882830500602722,walking
1783088277808978000,2.42897802734375,-0.4943333769783377,-1.7068407427638768,-0.1561556073516607,-0.0373317189514637,0.0804186984896659,-0.755094051361084,walking
1783088277819021800,2.439021728515625,-0.8150055927917361,-1.830949060730636,-0.5727256534308195,-0.0272303484380245,0.0607573762536048,-0.7193280458450317,walking
1783088277829066800,2.449066650390625,-1.1061292041681707,-1.7844012445673345,-1.0151976180076598,-0.0392238497734069,0.0553409047424793,-0.692488968372345,walking
1783088277839110700,2.459110595703125,-1.2367338984169065,-1.830923780158907,-1.5269085385054348,-0.0381937399506568,0.0353184603154659,-0.6766447424888611,walking
1783088277849154800,2.46915478515625,-1.3122593872614203,-2.015439074423909,-2.0227152029067277,-0.018522398546338,0.012188215740025,-0.6781845688819885,walking
1783088277859198700,2.47919873046875,-1.610922746492922,-2.3256496635861694,-2.5775153235465287,0.0110024716705083,-0.0489118918776512,-0.7153273820877075,walking
1783088277869242600,2.48924267578125,-1.8767653477489947,-2.712763459686935,-2.899448353075981,0.0677437335252761,-0.1447344720363617,-0.8166462779045105,walking
1783088277879286800,2.499286865234375,-2.010671567761153,-3.174309250307083,-3.000919599559903,0.1286552846431732,-0.1937289088964462,-0.9869434833526612,walking
1783088277889331700,2.509331787109375,-2.34563300568983,-3.508911791795492,-3.0728935334026812,0.1716289073228836,-0.1252348870038986,-1.1379811763763428,walking
1783088277899375600,2.519375732421875,-3.5804397354364395,-3.258907395662367,-3.5044442909926175,0.19528229534626,0.2172060757875442,-1.1652837991714478,walking
1783088277909419800,2.529419677734375,-5.166127210646867,-2.0322379412725566,-4.798955693987011,0.2078556716442108,0.9014132022857666,-1.153266668319702,walking
1783088277919463700,2.539463623046875,-4.631810490587354,-0.0075024845845997,-6.617330227565765,0.1726742386817932,1.6284040212631226,-1.0384104251861572,walking
1783088277929507800,2.5495078125,-2.518790747377276,2.4407918541565534,-7.030740932831168,0.1457644701004028,2.138275384902954,-0.8392125368118286,walking
1783088277939551700,2.5595517578125,-0.1385736273013055,4.209790070147812,-5.935469661155342,0.0955143421888351,2.397585153579712,-0.5763819813728333,walking
1783088277949596700,2.5695966796875,1.1897362926594912,5.013669873291254,-4.402647514691949,0.0597954988479614,2.209010601043701,-0.2552811801433563,walking
1783088277959640800,2.579640869140625,1.1584084035903215,5.0455871065557,-1.3568074079096315,0.1236820667982101,1.5288419723510742,0.0211456306278705,walking
1783088277969684700,2.589684814453125,0.4802350743252784,4.447500217375159,2.2739485563129187,0.212003007531166,0.6998891234397888,0.1321934908628463,walking
1783088277979728600,2.599728759765625,-0.8240607136458158,2.7540634383246303,4.26159303036034,0.1911366134881973,-0.0058056698180735,-0.0564653798937797,walking
1783088277989772800,2.609772705078125,-3.1516517205581067,0.0698399174887687,4.868284666278958,0.0491211786866188,-0.463334858417511,-0.5383821725845337,walking
1783088277999817700,2.619817626953125,-5.19344542568326,-1.4864295208618044,4.651261040988564,-0.121102750301361,-0.7265132665634155,-1.0542609691619873,walking
1783088278009861600,2.629861572265625,-4.998168937298655,-1.3329811266422271,4.110027673408389,-0.2177998572587967,-0.9704850316047668,-1.356689214706421,walking
1783088278019905800,2.63990576171875,-2.945385051603615,-0.1963965784557163,3.561220071181655,-0.2511061429977417,-1.1778970956802368,-1.4691206216812134,walking
1783088278029949700,2.64994970703125,-0.8637711580697447,1.1432201868087053,2.0222329723477364,-0.269707441329956,-1.2692610025405884,-1.5092661380767822,walking
1783088278039993900,2.659993896484375,0.2073890971131622,2.1221808086566627,-0.1591869378715753,-0.2717335820198059,-1.124946355819702,-1.5266488790512085,walking
1783088278050037500,2.67003759765625,0.660314139708504,2.482719901564717,-2.2765450025469063,-0.2662413120269775,-0.7356747984886169,-1.4798892736434937,walking
1783088278060082700,2.680082763671875,0.7600046402554959,2.682617035487294,-3.5972488314181565,-0.2405290007591247,-0.2582922279834747,-1.3746477365493774,walking
1783088278070126800,2.690126953125,0.678617931227386,2.837797368066013,-3.5619086379677056,-0.2051744312047958,0.1618042737245559,-1.2257517576217651,walking
1783088278080170800,2.700170654296875,0.5632970961544662,2.9140242831781507,-2.334778580328822,-0.2252306938171386,0.4169966280460357,-1.0350912809371948,walking
1783088278090214700,2.710214599609375,0.4883968996014445,2.9232004000633953,-0.6153899061590433,-0.3127465546131134,0.5341009497642517,-0.8254568576812744,walking
1783088278100258800,2.7202587890625,0.3911149945661425,2.78316707547307,0.8132359527707099,-0.4007685482501983,0.5601160526275635,-0.6350796818733215,walking
1783088278110302700,2.730302734375,0.2215506011955439,2.3709686686068774,1.8553017039597033,-0.4168529510498047,0.4826765954494476,-0.5009481906890869,walking
1783088278120347600,2.74034765625,0.0293939253319054,1.8671274585708977,2.7093174108862876,-0.3654859066009521,0.333701491355896,-0.4323693513870239,walking
1783088278130391800,2.750391845703125,-0.168754611357674,1.2093195295296608,3.112258744585514,-0.3145595490932464,0.1635592579841613,-0.4103507697582245,walking
1783088278140435700,2.760435791015625,-0.448634213533625,0.6762181766092776,3.066131784182786,-0.2801643013954162,-0.045328713953495,-0.390362411737442,walking
1783088278150480000,2.77047998046875,-0.6030038873165845,0.7418233060725032,3.045243309932947,-0.2618391513824463,-0.24573814868927,-0.362444132566452,walking
1783088278160523800,2.780523681640625,-0.5508241296809167,0.97332831504941,2.770047481659055,-0.269024908542633,-0.4235182404518127,-0.3274813592433929,walking
1783088278170567700,2.790567626953125,-0.3544829346742481,1.2053130703672763,2.3298832095026967,-0.3010438978672027,-0.5361469388008118,-0.2805301249027252,walking
1783088278180612900,2.80061279296875,-0.145527391961962,1.3680452796302736,1.7285668368816374,-0.3471192419528961,-0.5782102346420288,-0.2391763180494308,walking
1783088278190656800,2.81065673828125,0.1371232092972844,1.4076529212668538,1.2312065132975578,-0.3924277722835541,-0.5689767003059387,-0.1943373382091522,walking
1783088278200700700,2.82070068359375,0.4661594949606806,1.3993736070908604,0.877654941189289,-0.4295338690280914,-0.4945003390312195,-0.1434666961431503,walking
1783088278210744600,2.83074462890625,0.6550697362489998,1.2510007625699042,0.5217939230948686,-0.4441208839416504,-0.3896819055080414,-0.1008762270212173,walking
1783088278220788700,2.840788818359375,0.6067793872673064,0.9894801161661744,0.4189461275607347,-0.4407237470149994,-0.2567952275276184,-0.0881617665290832,walking
1783088278230833700,2.850833740234375,0.4103953029669821,0.6305458281062543,0.4388841692179441,-0.4343754351139068,-0.1311684399843216,-0.1196362674236297,walking
1783088278240877600,2.860877685546875,0.1516362302310764,0.2079575446508824,0.6083902565300464,-0.4221137166023254,-0.014076704159379,-0.1750462651252746,walking
1783088278250921700,2.870921630859375,-0.0778546624444425,0.0469527437023818,0.8364356265723705,-0.3951327502727508,0.0889085531234741,-0.2292838096618652,walking
1783088278260966000,2.8809658203125,-0.1065865436710417,0.1038797689303755,1.0165893646270037,-0.3603087067604065,0.1080263182520866,-0.2610470652580261,walking
1783088278271009800,2.891009765625,-0.091227646497637,0.2454039166003465,1.375492234635353,-0.3410197496414184,0.0854339301586151,-0.2878332734107971,walking
1783088278281053700,2.9010537109375,-0.0767202515870332,0.1942592741660773,1.546487099200487,-0.348938375711441,0.1152054071426391,-0.3401660025119781,walking
1783088278291099000,2.911098876953125,-0.2399835720520466,0.0363463017530739,1.3030156119674443,-0.3911143243312835,0.1808432787656784,-0.4116897284984588,walking
1783088278301142800,2.921142822265625,-0.4931819419208914,-0.2375301144853234,0.9436936397641896,-0.4260973334312439,0.2789972722530365,-0.4946237504482269,walking
1783088278311186700,2.931186767578125,-0.5691681070797145,-0.6267777077443898,0.4441799375385046,-0.4236398339271545,0.3826046288013458,-0.6062090396881104,walking
1783088278321230600,2.941230712890625,-0.5507412006378174,-1.2316782224625349,0.0708680184274911,-0.3863787651062011,0.4726146757602691,-0.7492883801460266,walking
1783088278331274800,2.951274658203125,-0.4396864985767751,-1.8938187738806007,-0.1497615224003791,-0.3416221439838409,0.5564225316047668,-0.9058988094329834,walking
1783088278341318700,2.961318603515625,-0.355120940316841,-2.3610769507981835,-0.3576537467300891,-0.3071150481700897,0.5936567187309265,-1.061280369758606,walking
1783088278351363600,2.971363525390625,-0.2149943114198744,-2.5142794074326753,-0.3098024467527866,-0.2892142832279205,0.5730997920036316,-1.186570167541504,walking
1783088278361407700,2.98140771484375,-0.0166943835608661,-2.5263667355895043,-0.0849935744136571,-0.2833998203277588,0.5258057713508606,-1.3020397424697876,walking
1783088278371451600,2.99145166015625,-0.0017713205214589,-2.54317758513689,0.0638935032397508,-0.2993167340755462,0.473681628704071,-1.427085041999817,walking
1783088278381495800,3.001495849609375,-0.2022303261104971,-2.6315336217209695,0.1642196713417768,-0.3269948363304138,0.4149686396121979,-1.54599928855896,walking
1783088278391539700,3.011539794921875,-0.3689773970380425,-2.651482477033138,0.1981272016406059,-0.3484838604927063,0.3601499199867248,-1.6259318590164185,walking
1783088278401583600,3.02158349609375,-0.3970067560184747,-2.4990374146372076,0.1054284596771001,-0.3322841227054596,0.3184898197650909,-1.6599891185760498,walking
1783088278411628800,3.03162890625,-0.4672185024943202,-2.2783941375449297,-0.0367138198912143,-0.2576410472393036,0.2972564101219177,-1.667252540588379,walking
1783088278421672700,3.041672607421875,-0.5640579244591295,-2.1621862174391744,-0.2642272750139236,-0.1745419204235077,0.3280467987060547,-1.6432526111602783,walking
1783088278431716600,3.051716552734375,-0.6301683730959892,-2.0593452900372444,-0.353178062620759,-0.1272534728050232,0.3598256409168243,-1.5868732929229736,walking
1783088278441760800,3.0617607421875,-0.3370315222010016,-1.906247901212424,-0.1845610331028699,-0.0904078483581543,0.3844870328903198,-1.513839602470398,walking
1783088278451804700,3.0718046875,-0.2261219276990741,-1.698934791944921,-0.1763204435020685,-0.0461324527859687,0.3774503469467163,-1.4138749837875366,walking
1783088278461849600,3.081849609375,-0.0973258172422647,-1.317372930882871,-0.0329261180460453,-0.0041628992184996,0.3054552376270294,-1.2989380359649658,walking
1783088278471893800,3.091893798828125,0.2950708146322518,-0.9818823545135557,0.1927700585216283,0.0264075715094804,0.2110186666250229,-1.1619535684585571,walking
1783088278481937700,3.101937744140625,0.3238322142142802,-0.7203969255536794,0.1921732616722583,0.0172843802720308,0.1554869562387466,-1.0039581060409546,walking
1783088278491981800,3.11198193359375,0.1186181961178779,-0.6149453772619367,0.0642588294208049,-0.0341063663363456,0.122703269124031,-0.8361766934394836,walking
1783088278502025700,3.122025634765625,0.0107953886501491,-0.6933749169848858,-0.0853904647767543,-0.0789563953876495,0.1100191622972488,-0.6682177782058716,walking
1783088278512069600,3.132069580078125,-0.1180323590539395,-0.8560168176159262,-0.4868260700881481,-0.0647839829325676,0.1436083018779754,-0.5077216625213623,walking
1783088278522114800,3.14211474609375,-0.2194210418209433,-1.045511215467751,-0.9269400733619928,-0.0038673691451549,0.1776328384876251,-0.3919426202774048,walking
1783088278532158700,3.15215869140625,-0.1870131754953414,-1.2816995599552987,-1.1099351723223925,0.0492781400680542,0.1839517205953598,-0.3507762849330902,walking
1783088278542202600,3.16220263671875,-0.1556909855145961,-1.577404069381207,-1.0804589024692772,0.0363705977797508,0.18023182451725,-0.3772134780883789,walking
1783088278552246800,3.172246826171875,-0.2204740580052137,-1.9141610124245283,-1.0802654257237911,-0.0458305291831493,0.1512683928012848,-0.4503086805343628,walking
1783088278562290700,3.182290771484375,-0.1917483873236924,-2.310959751715511,-1.0635106902778149,-0.1393357217311859,0.0989892110228538,-0.5391250848770142,walking
1783088278572334800,3.1923349609375,0.0693180125065147,-2.5755218116417526,-0.970153776666522,-0.1906776875257492,-0.0426242537796497,-0.582545816898346,walking
1783088278582379800,3.2023798828125,0.7105923745717853,-2.189879403267801,-0.7222890229105949,-0.1802601963281631,-0.0118684712797403,-0.5908511281013489,walking
1783088278592423700,3.212423583984375,-0.488903387818858,-1.9782542760200796,-1.9452455942571163,-0.1824843883514404,0.1921752393245697,-0.6153639554977417,walking
1783088278602467800,3.2224677734375,-1.694773872873187,-2.2662457268506286,-2.634303963217139,-0.1834385991096496,0.2694476544857025,-0.6078722476959229,walking
1783088278612511700,3.23251171875,-0.7045638349972665,-2.11845565065369,-1.5550146890491243,-0.1290790438652038,0.1422864347696304,-0.6830195188522339,walking
1783088278622555600,3.2425556640625,-0.1322417208660394,-2.0082360111773014,-0.5829378353655338,-0.0325106903910636,-0.1079990416765213,-0.8122973442077637,walking
1783088278632599800,3.252599853515625,-0.3181866826079785,-1.5648964699856935,-0.302662511870265,0.0944007039070129,-0.3220269083976745,-0.9036502242088318,walking
1783088278642644000,3.26264404296875,-0.4339592800363898,-1.155307076574117,-0.669684390926361,0.2317937165498733,-0.3917796313762665,-0.9311846494674684,walking
1783088278652688000,3.27268798828125,-0.3707011520907282,-0.7238968964986503,-1.2808686620891094,0.3544304966926574,-0.3335640132427215,-0.9167810082435608,walking
1783088278662731800,3.282731689453125,-0.1644126366306096,-0.1590665263622999,-1.800284750136733,0.4463756084442138,-0.2272152006626129,-0.8570521473884583,walking
1783088278672775700,3.292775634765625,0.0218571731515228,0.371143635161221,-2.026655464965105,0.5158219933509827,-0.1145349815487861,-0.7453519105911255,walking
1783088278682819800,3.30281982421875,0.1568384019840508,0.990875954438746,-1.782701162651181,0.5810132622718811,-0.022390142083168,-0.5596036314964294,walking
1783088278692864800,3.31286474609375,0.3135100690990686,1.969317666979134,-1.1545230865895748,0.6717078685760498,0.0124873369932174,-0.296599805355072,walking
1783088278702908700,3.32290869140625,0.584000496160984,3.0472324379235505,-0.2752583721160888,0.7937568426132202,-0.0234717279672622,0.0129641899839043,walking
1783088278712952800,3.332952880859375,0.8281587235491722,3.815290693840384,0.6893243264198303,0.925126612186432,-0.1501718461513519,0.3304602801799774,walking
1783088278722997000,3.3429970703125,0.9333429261416196,4.314622609758377,1.720647149798274,1.0276037454605105,-0.335241287946701,0.6173058748245239,walking
1783088278733041000,3.353041015625,0.9301353622719644,4.522309374643862,2.538479782709479,1.06244957447052,-0.5818074345588684,0.867868959903717,walking
1783088278743084800,3.363084716796875,0.8623829916469752,4.630078259967267,3.1322265968590974,0.9930239319801332,-0.8475115299224854,1.031283259391785,walking
1783088278753130000,3.3731298828125,0.7622162518903612,4.327137515677512,3.0512697306156156,0.8172619342803955,-1.0454362630844116,1.0694974660873413,walking
1783088278763174000,3.383173828125,0.2685255567297339,3.4537457848906516,2.0020786575913427,0.5732921361923218,-1.0685482025146484,0.9635693430900574,walking
1783088278773217800,3.3932177734375,-0.9937200918234884,2.2835832306206223,0.1479272927105426,0.3665657639503479,-0.8421680331230164,0.7527136206626892,walking
1783088278783261700,3.40326171875,-2.5869766871139404,1.4590681973360478,-2.102209010860324,0.2700408399105072,-0.3832826912403106,0.4816658794879913,walking
1783088278793305900,3.413305908203125,-4.192039601662755,0.6198218241918831,-4.167810584813356,0.2514628767967224,0.2234754413366317,0.1753259897232055,walking
1783088278803349800,3.423349853515625,-5.331680176419019,-0.04750387477912,-5.471627576291561,0.2841151058673858,0.9028608798980712,-0.0463643185794353,walking
1783088278813394700,3.433394775390625,-4.502526523548364,-0.0727275286890566,-5.915255725166201,0.3012662827968597,1.379520297050476,-0.1478035002946853,walking
1783088278823438800,3.44343896484375,-2.518564537405968,0.1223215076152235,-4.933785604715347,0.2568599283695221,1.5807360410690308,-0.2170667201280594,walking
1783088278833482800,3.453482666015625,-0.8282104537364094,0.6203986011665314,-3.533755141150951,0.2048241347074508,1.5464166402816772,-0.3333497047424316,walking
1783088278843527000,3.46352685546875,-0.1680547925252467,0.7401390062473714,-2.05068574437201,0.1866808235645294,1.3338319063186646,-0.4652848243713379,walking
1783088278853570800,3.47357080078125,0.0236854845572263,0.6072807609181851,-0.5420417613536119,0.1745076328516006,0.9165038466453552,-0.548807680606842,walking
1783088278863614700,3.48361474609375,0.099420597564429,0.6037922612152994,0.8828595240950584,0.1357668936252594,0.5026606321334839,-0.5416647791862488,walking
1783088278873660000,3.493659912109375,0.0081399057053029,0.7411847159080207,1.6296704093217849,0.0627629607915878,0.0876767411828041,-0.4717845618724823,walking
1783088278883704000,3.5037041015625,-0.1045105411145836,0.707940325693041,2.175188906875253,0.0418001562356948,-0.2939337193965912,-0.3631294667720794,walking
1783088278893747700,3.513747802734375,-0.1703214222829789,0.504477973569557,2.4605296970665456,0.1169180274009704,-0.6258296370506287,-0.2525224089622497,walking
1783088278903791900,3.5237919921875,-0.1453792156629264,0.2341739359252154,2.5282664317309855,0.2429103106260299,-0.896796464920044,-0.1827220171689987,walking
1783088278913835800,3.533835693359375,-0.0513422108329832,0.0298662920840084,2.3578069892168045,0.3836562931537628,-1.0640082359313965,-0.1461970657110214,walking
1783088278923880700,3.543880615234375,0.0419646530915051,-0.0295708162687718,1.9765064094394444,0.5083122253417969,-1.134014129638672,-0.1190234944224357,walking
1783088278933924900,3.5539248046875,0.2521753104314208,0.0634383798833936,1.6832511928617953,0.5851860642433167,-1.1510472297668457,-0.0528533682227134,walking
1783088278943968800,3.56396875,0.4164579640068113,0.4035329429168254,1.4117881213754415,0.6227981448173523,-1.099095582962036,0.0475294291973114,walking
1783088278954013000,3.574012939453125,0.4187190408065915,0.5602518832396716,1.2821686387717723,0.6350808143615723,-1.0013351440429688,0.1146533861756324,walking
1783088278964057000,3.58405712890625,0.3670762395918369,0.3205599510779604,1.3029127361148596,0.6131148338317871,-0.8245409727096558,0.1145298182964325,walking
1783088278974100700,3.594100830078125,0.1789252191729843,-0.1271622256446629,1.1644944455057382,0.5380369424819946,-0.6276283860206604,0.0534955598413944,walking
1783088278984146000,3.60414599609375,-0.0684982205562293,-0.6102471729757264,1.1702923181295397,0.4211396276950836,-0.4635507464408874,-0.055270068347454,walking
1783088278994189800,3.61418994140625,-0.020158698670566,-1.036665353450179,1.4231880517899989,0.2895342409610748,-0.3622937202453613,-0.1716752052307129,walking
1783088279004233700,3.624233642578125,0.2564379363119602,-1.25494394723773,1.8415040647536516,0.1752739697694778,-0.3384943902492523,-0.2671319544315338,walking
1783088279014278000,3.63427783203125,0.5433253714233637,-1.377657595975697,2.2470511970371008,0.0695867463946342,-0.3885679244995117,-0.3430520892143249,walking
1783088279024321800,3.64432177734375,0.825515004107356,-1.3865396983504297,2.3922096095561978,-0.0228326674550771,-0.4868263304233551,-0.3882802724838257,walking
1783088279034366000,3.654365966796875,0.929037922424078,-1.1466399321243166,2.2574849127680063,-0.0630185380578041,-0.5755694508552551,-0.4007904827594757,walking
1783088279044411000,3.664410888671875,0.8828717990547418,-0.8875445401061326,1.8857886121600864,-0.0279697384685277,-0.598289430141449,-0.3827593028545379,walking
1783088279054454800,3.674454833984375,0.857855285089463,-0.5707231910346076,1.5509265429526566,0.0513368062674999,-0.5611039400100708,-0.338841050863266,walking
1783088279064499000,3.6844990234375,0.7215029870994388,-0.191390952188149,1.4653718275249004,0.1150838285684585,-0.5003335475921631,-0.276675134897232,walking
1783088279074542800,3.69454296875,0.5224367510430514,0.0978028784357942,1.6935639125615358,0.1243901550769805,-0.4834926426410675,-0.2120255231857299,walking
1783088279084586800,3.704586669921875,0.5041498375937342,0.2518103130439296,2.184509692928195,0.087071806192398,-0.5282577276229858,-0.1584831923246383,walking
1783088279094632000,3.7146318359375,0.6801004248701036,0.3043326187732629,2.419257775479555,0.0363089405000209,-0.6399560570716858,-0.1252940893173217,walking
1783088279104675800,3.72467578125,0.9041307140521704,0.2900891354958526,2.4972365026950833,-0.0687072202563285,-0.839733362197876,-0.1187182143330574,walking
1783088279114719700,3.7347197265625,0.9434396650031208,0.1908596948556601,2.585351423999667,-0.2069215178489685,-1.0404844284057615,-0.0996712520718574,walking
1783088279124764000,3.744763916015625,0.8274757827863096,0.2795408169419504,2.2586761683791874,-0.3301198780536651,-1.1972719430923462,-0.0763882994651794,walking
1783088279134807800,3.754807861328125,0.4326858990997075,0.5058869270520284,2.0242349598199127,-0.3901792764663696,-1.250640630722046,-0.0361806713044643,walking
1783088279144852000,3.76485205078125,-0.3141156337767839,0.7397048526138067,1.7485183225423098,-0.399118959903717,-1.2520166635513306,3.67225147783e-05,walking
1783088279154896600,3.774896728515625,-0.899731163918972,0.7486169117353856,1.280893796530366,-0.3629747033119201,-1.2468236684799194,0.015599800273776,walking
1783088279164940800,3.78494091796875,-1.3099217380940913,0.5356674405487254,0.5912713639467955,-0.2876586616039276,-1.12887442111969,0.0216070935130119,walking
1783088279174985000,3.79498486328125,-1.5361808092415332,0.2890794652629643,-0.3042699470669031,-0.2542457580566406,-0.978078544139862,-0.0191408861428499,walking
1783088279185028900,3.80502880859375,-1.3224448273196816,-0.0499828321132808,-0.8125245896309614,-0.2663524746894836,-0.8415529131889343,-0.1108369827270507,walking
1783088279195072800,3.81507275390625,-0.9737672909885644,-0.4797716580646112,-1.0482692820042372,-0.3235549032688141,-0.7412412166595459,-0.2549060583114624,walking
1783088279205116700,3.82511669921875,-1.0325760383099316,-1.2562157207392155,-1.021581181564927,-0.4331392049789428,-0.6711809039115906,-0.4838883876800537,walking
1783088279215161900,3.835161865234375,-1.6083005812957882,-2.303646359962225,-0.8539245215117931,-0.5257681012153625,-0.5960978865623474,-0.8021288514137268,walking
1783088279225206000,3.8452060546875,-2.021204213821888,-2.927969806422293,-0.9773188459903002,-0.5805466175079346,-0.3894041180610657,-1.1484352350234983,walking
1783088279235249700,3.855249755859375,-2.2281515585169194,-2.7794927708745,-1.480314545112848,-0.595098614692688,-0.1165191382169723,-1.4090009927749634,walking
1783088279245293800,3.8652939453125,-2.3775407404735684,-1.5986732135117052,-1.7325649666070937,-0.5262452363967896,0.1456416398286819,-1.4603887796401978,walking
1783088279255338000,3.875337890625,-2.373604570068419,0.5122011151675134,-2.0073931306123733,-0.3566078543663025,0.5020132660865784,-1.2168898582458496,walking
1783088279265382000,3.8853818359375,-3.107446668128669,2.830060344073176,-3.1758857058435677,-0.1080496981739997,1.2215584516525269,-0.7274934649467468,walking
1783088279275426800,3.8954267578125,-3.854376503559947,5.021220142540336,-5.894013615173101,0.0742184668779373,2.3537111282348633,-0.2298742234706878,walking
1783088279285471000,3.905470947265625,-1.9190359249845144,6.8721449465900655,-8.515472125342487,0.088896743953228,3.1267383098602295,0.0869585946202278,walking
1783088279295515000,3.915514892578125,0.4789154430940747,6.730946085351706,-6.7658075553745025,0.0470103621482849,3.095064401626587,0.14780293405056,walking
1783088279305559000,3.92555908203125,-0.0858154121905565,4.309441407728195,-1.8547125058948992,-0.029924102127552,2.4687442779541016,-0.0812907069921493,walking
1783088279315602700,3.935602783203125,-2.8058333730503917,1.3009542955234643,2.30850373686552,-0.1724601238965988,1.7252249717712402,-0.5111525058746338,walking
1783088279325646800,3.945646728515625,-4.808343700057268,-0.4745675866154953,3.7757980568856,-0.3045523762702942,1.146062254905701,-0.9224287271499634,walking
1783088279335692000,3.955692138671875,-4.566455682623386,-0.9133383951194584,3.5225907730579373,-0.3191052079200744,0.6257243752479553,-1.2038497924804688,walking
1783088279345735700,3.965735595703125,-2.3197234884075817,-0.157730199724622,2.6997780136466023,-0.3021976053714752,0.1393568217754364,-1.481689691543579,walking
1783088279355779800,3.97577978515625,-0.08836392762959,0.7265561057705432,1.2136796244353054,-0.3369719982147217,-0.1324432641267776,-1.7391282320022583,walking
1783088279365823700,3.98582373046875,0.8886698178090154,1.7926720831759273,-0.3113689654171466,-0.4124113619327545,-0.315563291311264,-1.875058889389038,walking
1783088279375868000,3.995867919921875,1.499033274108171,3.2550051275268195,-0.5374953500956297,-0.475890189409256,-0.4114552438259125,-1.7969666719436646,walking
1783088279385912800,4.005912841796875,1.8749207427956165,4.7270220921546215,-0.2558084062367677,-0.5285826921463013,-0.3954930603504181,-1.576344609260559,walking
1783088279395956700,4.015956787109375,2.2582978365860877,5.757656933268905,0.3929448403418064,-0.5992283821105957,-0.3551219403743744,-1.2979246377944946,walking
1783088279406001000,4.0260009765625,2.1358083519928157,6.310082141470909,1.4849164859503508,-0.7051039934158325,-0.2361643761396408,-1.0417550802230835,walking
1783088279416045000,4.036045166015625,1.4220786292433738,6.378835944223404,2.3734575628131624,-0.8377342820167542,0.0156652610749006,-0.8548696637153625,walking
1783088279426088700,4.046088623046875,0.8181056046336889,5.828510923171043,2.569924137765169,-0.9337180852890016,0.3926966786384582,-0.7417361736297607,walking
1783088279436132900,4.0561328125,0.3948316770017147,4.794603343996405,1.8492413810074328,-0.942871868610382,0.7264787554740906,-0.7570975422859192,walking
1783088279446178000,4.066177978515625,0.2139313583634793,3.2559476690739393,1.0161357756406069,-0.8676748275756836,0.9258694052696228,-0.910201907157898,walking
1783088279456221700,4.0762216796875,0.1400743872530758,1.7601975082896648,0.2936445081561804,-0.7520716786384583,0.9863566756248474,-1.1396926641464231,walking
1783088279466265900,4.086265869140625,0.0983138053663074,0.6247475170910358,-0.0064653966218233,-0.6533485651016235,0.958664894104004,-1.3734084367752075,walking
1783088279476309800,4.096309814453125,0.423973600333929,0.3893724617477506,-0.145268887156248,-0.6003148555755615,0.8998615741729736,-1.5628383159637451,walking
1783088279486354000,4.10635400390625,0.8401353578731418,0.777480894909054,-0.194480954092741,-0.583105742931366,0.8521920442581177,-1.7294355630874634,walking
1783088279496397800,4.116397705078125,1.1140218571141365,0.829424651831761,-0.3763397424995899,-0.6026098728179932,0.8483091592788696,-1.91448438167572,walking
1783088279506442800,4.12644287109375,1.511387728768587,0.8093182678703218,-0.6011468612730503,-0.6192253232002258,0.7847437858581543,-2.093233823776245,walking
1783088279516487000,4.13648681640625,1.7642197495430707,0.8821339862994849,-0.1872024875223636,-0.6181663274765015,0.6301661133766174,-2.2014944553375244,walking
1783088279526530800,4.14653076171875,1.7627436856411396,1.027308619301021,0.1674170060783624,-0.636578381061554,0.4445906579494476,-2.265780210494995,walking
1783088279536574700,4.15657470703125,1.7223390484079717,1.0409478530749678,0.2783364643871784,-0.6600213050842285,0.2884727120399475,-2.3239591121673584,walking
1783088279546619000,4.166618896484375,1.3711525979958474,0.7209479835651814,0.3012351094156503,-0.6874617338180542,0.1957571357488632,-2.4018070697784424,walking
1783088279556663800,4.176663818359375,0.8823523052252829,0.102592067207396,0.2677764919281005,-0.710483729839325,0.1705516874790191,-2.4674086570739746,walking
1783088279566708000,4.1867080078125,0.6184466633811593,-0.1484520472370088,0.2978969049036503,-0.7125439643859863,0.2191900759935379,-2.493854522705078,walking
1783088279576751900,4.196751953125,0.4541906055517494,-0.0838672007322311,0.2122141791820526,-0.6876181364059448,0.3486623764038086,-2.4928109645843506,walking
1783088279586795800,4.206795654296875,0.4153266218893229,0.0236721136189997,-0.0246492880880832,-0.6349115371704102,0.5189875364303589,-2.491738796234131,walking
1783088279596840000,4.21683984375,0.5041049755387008,0.0257635329402983,-0.0688315441638231,-0.5813955068588257,0.6726475954055786,-2.5026350021362305,walking
1783088279606883800,4.2268837890625,0.5972434240937232,0.149912913569808,0.0634428368628025,-0.5320854783058167,0.7786563038825989,-2.494960308074951,walking
1783088279616928800,4.2369287109375,0.7516558410398662,0.5179359324924647,0.3231622790634632,-0.4912492334842682,0.8364076614379883,-2.444761037826538,walking
1783088279626973700,4.2469736328125,1.022160296627134,0.8632965993605554,0.4527373380035162,-0.4622825682163238,0.8847216367721558,-2.3991992473602295,walking
1783088279637017600,4.257017578125,1.225086861373484,1.0200532413452863,0.3215279558598995,-0.4501515030860901,0.9564642310142516,-2.3761298656463623,walking
1783088279647061800,4.267061767578125,1.1982548224188387,0.8582029294833541,0.0463052395790815,-0.4537739157676697,1.097034931182861,-2.408899307250977,walking
1783088279657105700,4.277105712890625,0.837898684862256,0.3542173425406217,-0.3319885595977306,-0.4603223204612732,1.2610950469970703,-2.470984935760498,walking
1783088279667149800,4.28714990234375,0.5566758513838053,-0.1116051024854183,-0.4187111497610807,-0.4656116068363189,1.4017469882965088,-2.5487618446350098,walking
1783088279677194800,4.29719482421875,0.4482499634563923,-0.5075434255547822,-0.2223410209208726,-0.4566138684749603,1.4895402193069458,-2.678023338317871,walking
1783088279687238700,4.30723876953125,0.2435775779560208,-1.0057366928316651,-0.0977203695178031,-0.4137689173221588,1.5788006782531738,-2.885216236114502,walking
1783088279697282800,4.31728271484375,-0.2931936956487596,-1.4990594314627348,-0.1695528490632772,-0.3528880178928375,1.6403019428253174,-3.0933127403259277,walking
1783088279707326700,4.32732666015625,-0.669476081937924,-1.2636476243056356,-0.0389104531526565,-0.3060709834098816,1.6503050327301023,-3.251831293106079,walking
1783088279717370600,4.33737060546875,-0.6386451826054602,-0.8188546694353223,0.1959814217835664,-0.2653492391109466,1.5913665294647217,-3.3524413108825684,walking
1783088279727414500,4.34741455078125,-0.4861223422655835,-0.3961358914680778,0.1278717621535062,-0.2279150485992431,1.511582612991333,-3.3832197189331055,walking
1783088279737459700,4.357459716796875,-0.2847473908754065,0.231112502527982,-0.0951531493782997,-0.1814739406108856,1.358035922050476,-3.3597147464752197,walking
1783088279747503900,4.36750390625,0.0998466774893924,0.4964654205709695,-0.0757739106476306,-0.1373589485883712,1.19643235206604,-3.2982044219970703,walking
1783088279757547500,4.377547607421875,0.3639909503949806,0.481118359965831,-0.3592348784416914,-0.0869986563920974,1.076823592185974,-3.220612049102783,walking
1783088279767591700,4.387591796875,0.5072642432872205,0.4520750747025012,-0.5715688846111298,-0.0345112159848213,0.9899822473526,-3.121327638626098,walking
1783088279777635800,4.3976357421875,0.5677774564389139,0.4366483729898929,-0.543658548900485,0.0316023789346218,0.8805918097496033,-2.998682737350464,walking
1783088279787680500,4.407680419921875,0.5201231403384358,0.617588439116627,-0.0172205993920564,0.106998860836029,0.7497541904449463,-2.8263633251190186,walking
1783088279797724700,4.417724609375,0.4276606182835996,0.953960620626062,0.6897896058440208,0.1566013097763061,0.6287540793418884,-2.6830766201019287,walking
1783088279807768800,4.427768798828125,0.2411770196203142,1.0167192746169864,1.2471774048894644,0.1445584893226623,0.503485381603241,-2.624556303024292,walking
1783088279817812700,4.437812744140625,0.2101405512457713,0.8098258520662784,1.6142682575285434,0.0729414820671081,0.2920878529548645,-2.6426994800567627,walking
1783088279827857000,4.44785693359375,0.5986839052256197,0.4613524600051343,1.7847165941268204,-0.0033639441244304,-0.047972772270441,-2.6929311752319336,walking
1783088279837900500,4.457900634765625,0.8943035859122872,0.2290013555929064,1.7033394566446542,-0.0643988102674484,-0.4490827322006225,-2.719917058944702,walking
1783088279847945700,4.46794580078125,0.2797842703090049,0.2074722453519701,1.3173778993189331,-0.1051635518670082,-0.835193395614624,-2.692366123199463,walking
1783088279857990000,4.477989990234375,-0.626785744920373,0.1951582688324153,0.976931307977438,-0.0876921415328979,-1.162863850593567,-2.5647547245025635,walking
1783088279868033500,4.488033447265625,-1.0770658259648829,0.4660157756410539,1.010596261692047,-0.0299854353070259,-1.4893370866775513,-2.414824962615967,walking
1783088279878077700,4.49807763671875,-0.9393539300594478,0.7769481032066047,1.5253835208952429,-0.0385467074811458,-1.7741268873214722,-2.350727081298828,walking
1783088279888121900,4.508121826171875,-0.4060810199644416,1.0892729080438612,1.6251485479831695,-0.1317344456911087,-2.0941176414489746,-2.3243229389190674,walking
1783088279898165800,4.518165771484375,0.3068099869385361,1.6595422543637453,1.7871295004874468,-0.2585235238075256,-2.4305953979492188,-2.3020694255828857,walking
1783088279908210700,4.528210693359375,0.8538197459630668,1.788088993169367,2.095916632717848,-0.3893513083457947,-2.7102255821228027,-2.2587735652923584,walking
1783088279918254600,4.538254638671875,0.8129054056420921,1.5968218865565955,2.0873381894648073,-0.6208522915840149,-2.791530132293701,-2.210580348968506,walking
1783088279928298800,4.548298828125,0.270928380087763,1.1142593191318213,1.5768974350333214,-0.6613852977752686,-2.6726090908050537,-2.1679093837738037,walking
1783088279938343000,4.558343017578125,-0.3046402416840195,0.6102835229307413,1.2009645197689534,-0.6616001725196838,-2.447371482849121,-2.137117862701416,walking
1783088279948386600,4.568386474609375,-0.6301084596022963,0.3833361772581934,0.3807832779049873,-0.5660243630409241,-2.0670762062072754,-2.091665506362915,walking
1783088279958430700,4.5784306640625,-0.4135886921808123,0.8353205049373209,-0.4854197104215622,-0.4797402620315552,-1.5518721342086792,-2.0426199436187744,walking
1783088279968476000,4.588475830078125,-0.046155017453432,0.9537962238445876,-1.314385147243738,-0.5408877730369568,-0.9502815008163452,-2.022205352783203,walking
1783088279978519600,4.59851953125,0.1905462449923157,0.8091535057626664,-1.993648682898283,-0.7282665371894836,-0.3232511579990387,-2.037794351577759,walking
1783088279988563700,4.608563720703125,0.1165466505408287,0.5482167967267334,-2.5898469818532464,-0.9308106303215028,0.3417268395423889,-2.099583387374878,walking
1783088279998607600,4.618607666015625,-0.3302855550721287,0.0651958180099725,-2.91446413590014,-1.0668960809707642,0.9638077020645142,-2.2390918731689453,walking
1783088280008651800,4.62865185546875,-0.9272945858880876,-0.6571519493505358,-2.841196655115485,-1.1337711811065674,1.482779860496521,-2.3904247283935547,walking
1783088280018696000,4.638696044921875,-1.4232050029247998,-0.9726691204883158,-2.616202489337325,-1.1752673387527466,1.8583463430404663,-2.5100715160369873,walking
1783088280028740600,4.64874072265625,-1.7631342923939226,-1.0669513322509825,-2.3184008615016936,-1.1621792316436768,2.066246032714844,-2.599207878112793,walking
1783088280038784800,4.65878466796875,-1.970031952728331,-0.9109674282044172,-1.7979419864028692,-1.063597321510315,2.100130796432495,-2.66507887840271,walking
1783088280048829000,4.668828857421875,-1.7697097252614795,-0.7372742644660174,-1.2363052977412938,-0.9119790196418762,1.9698067903518677,-2.7054131031036377,walking
1783088280058872600,4.67887255859375,-1.2505214546203614,-0.7230114919662475,-0.620422055107355,-0.7646149396896362,1.7005877494812012,-2.7105634212493896,walking
1783088280068916700,4.688916748046875,-0.6109859721116722,-0.8103614202477037,0.062900985071063,-0.6448203325271606,1.3344172239303589,-2.7005155086517334,walking
1783088280078961700,4.698961669921875,-0.1405810216009616,-1.0200348289057612,0.639113311573863,-0.5715870261192322,0.936039388179779,-2.7072479724884033,walking
1783088280089005800,4.709005859375,0.1308200905650854,-1.5311238181129097,0.9910749841421842,-0.5414783954620361,0.5517561435699463,-2.724336862564087,walking
1783088280099049700,4.7190498046875,0.1756469281546771,-1.9258425362594425,1.144874968278408,-0.536194384098053,0.2404773235321045,-2.7291624546051025,walking
1783088280109093600,4.72909375,0.3510454345062375,-2.0354168635696173,1.134337792173028,-0.5482348203659058,0.0050184619612991,-2.7015886306762695,walking
1783088280119137800,4.7391376953125,0.5840459427379071,-1.81555509224385,1.1116887379914522,-0.5738714933395386,-0.1773431748151779,-2.6212146282196045,walking
1783088280129181700,4.749181640625,0.7178330664150416,-1.2471505168825388,1.0944628779023886,-0.5961655974388123,-0.3104298710823059,-2.4349889755249023,walking
1783088280139226600,4.7592265625,0.8150602455884218,-0.4819602176174521,1.1350719516664742,-0.6067693829536438,-0.3725730776786804,-2.1854076385498047,walking
1783088280149270800,4.769270751953125,1.21140071971789,-0.1465719325788319,1.072833229896426,-0.599362850189209,-0.3680230677127838,-1.9498960971832275,walking
1783088280159314700,4.779314697265625,1.5186618114247916,-0.415114878834784,0.7822913639307022,-0.5683735609054565,-0.2711240947246551,-1.769783854484558,walking
1783088280169358800,4.78935888671875,1.4614046774595977,-0.9703098440110682,0.3825467804461717,-0.5315553545951843,-0.1116803810000419,-1.6620522737503052,walking
1783088280179402800,4.79940283203125,1.1900988423615693,-1.6373283767290412,0.2224368825107812,-0.5038355588912964,0.05980184674263,-1.6068694591522217,walking
1783088280189446700,4.80944677734375,0.952533072040975,-2.2059368040993808,0.2049059019953012,-0.4945027828216553,0.2399489879608154,-1.5879695415496826,walking
1783088280199491800,4.819491943359375,0.6531289774447679,-2.602977681583166,0.1542126565903425,-0.5055997967720032,0.4251249730587005,-1.5789713859558103,walking
1783088280209535700,4.82953564453125,0.2349053189396858,-2.8161358636170624,0.1101093109697103,-0.5299890041351318,0.6008094549179077,-1.5984466075897217,walking
1783088280219579600,4.83957958984375,-0.2314861581459641,-2.9690643256157636,-0.0190671040415763,-0.5422247648239136,0.796551525592804,-1.6413524150848389,walking
1783088280229623800,4.849623779296875,-0.6926619464099407,-3.0151524153128264,-0.3480301783382892,-0.5336318016052246,0.9986268281936646,-1.6782253980636597,walking
1783088280239667700,4.859667724609375,-1.009577293907851,-2.905260254225135,-0.5147942734658718,-0.5190999507904053,1.163346290588379,-1.7058194875717163,walking
1783088280249711900,4.8697119140625,-1.034793860489875,-2.815489382407069,-0.4597019163191318,-0.4928555786609649,1.2573872804641724,-1.7172510623931885,walking
1783088280259756800,4.8797568359375,-0.8386381050527095,-2.788864410331845,-0.2123468656510114,-0.4470910429954529,1.2500009536743164,-1.7113114595413208,walking
1783088280269800700,4.88980078125,-0.6266758548051119,-2.7041388392046093,0.1932587188214063,-0.4052575826644897,1.132283091545105,-1.711879849433899,walking
1783088280279844900,4.899844970703125,-0.4326407447837292,-2.662655905215442,0.5629115309029817,-0.3833217322826385,0.9570250511169434,-1.7109849452972412,walking
1783088280289888500,4.909888427734375,-0.2907828351147473,-2.740361952969432,0.8326116843700408,-0.3979869782924652,0.7508697509765625,-1.6928222179412842,walking
1783088280299932700,4.9199326171875,-0.4485520151428878,-2.7017081049263476,0.9716349551349878,-0.4192005693912506,0.5662549138069153,-1.6461197137832642,walking
1783088280309977900,4.929977783203125,-0.8624155787423252,-2.694450973404944,0.8056009278476238,-0.4085881412029266,0.4413291811943054,-1.585895299911499,walking
1783088280320021500,4.940021484375,-1.2927724503725766,-2.6655840676218268,0.5276917489618063,-0.3675308525562286,0.3777264654636383,-1.525153398513794,walking
1783088280330065700,4.950065673828125,-1.617913043771684,-2.6313693710699675,0.2926426376372575,-0.3151938915252685,0.3593759536743164,-1.4720087051391602,walking
1783088280340109800,4.96010986328125,-1.8895432885184884,-2.5832483142405747,0.2009054341822862,-0.293809175491333,0.3510341346263885,-1.4438692331314087,walking
1783088280350153700,4.97015380859375,-2.1675927526578307,-2.6258549915626643,0.1592903982460498,-0.3206538259983063,0.3711921274662018,-1.4304088354110718,walking
1783088280360198000,4.980197998046875,-2.533365800696611,-2.626955646280944,-0.0174058928310871,-0.3818076252937317,0.4246553480625152,-1.4273769855499268,walking
1783088280370242800,4.990242919921875,-2.7851109030172227,-2.608431855335831,-0.2278314350306987,-0.4583644568920135,0.4681897759437561,-1.431415319442749,walking
1783088280380286700,5.00028662109375,-2.7847330096155405,-2.5446891587436196,-0.3680833708077669,-0.5238896012306213,0.4865215718746185,-1.4259850978851318,walking
1783088280390331000,5.010330810546875,-2.564758133304119,-2.4468866639003157,-0.6232447113126516,-0.5564709901809692,0.500579833984375,-1.3936553001403809,walking
1783088280400374500,5.02037451171875,-2.243166464558243,-2.1545148060284554,-1.0585060138583182,-0.5479950308799744,0.5032753944396973,-1.3219141960144043,walking
1783088280410418700,5.030418701171875,-1.8712509682416916,-1.67486374213621,-1.400244983097911,-0.5227389335632324,0.4574381113052368,-1.2284880876541138,walking
1783088280420462600,5.040462646484375,-1.3918909962505102,-1.3707291118867695,-1.3467951324611902,-0.4682030975818634,0.3755840957164764,-1.1348925828933716,walking
1783088280430507800,5.0505078125,-1.1784892147190869,-1.1799033193007111,-1.1663193228453397,-0.3488708436489105,0.2999002635478973,-1.0522749423980713,walking
1783088280440551700,5.0605517578125,-1.0836192661963402,-0.8125640448585152,-1.121705689615011,-0.2292938381433487,0.2414663434028625,-0.9728127717971802,walking
1783088280450595600,5.070595703125,-0.9283449717238544,-0.7547237041778863,-1.2828472686856984,-0.111369602382183,0.265153020620346,-0.9947503209114076,walking
1783088280460639700,5.0806396484375,-1.082854419303685,-1.0334718181058764,-1.5125065036654473,-0.0031070839613676,0.3032416701316833,-1.006065845489502,walking
1783088280470684000,5.090683837890625,-1.7767619818605482,-0.5619042535565794,-1.3019547047376632,0.0789893791079521,0.3321646749973297,-0.9605326652526855,walking
1783088280480727600,5.1007275390625,-2.43564192404747,-0.0779174985475838,-0.8092536051362752,0.1253255307674408,0.3036963641643524,-0.9871311783790588,walking
1783088280490772700,5.110772705078125,-2.2850851596161723,-0.1790720802977681,-0.0209627085298299,0.1082160696387291,0.1483589708805084,-1.0780647993087769,walking
1783088280500817000,5.12081689453125,-1.903901338086277,-0.2162180079959332,1.046746017959714,0.0363468900322914,-0.1409361511468887,-1.1604868173599243,walking
1783088280510860800,5.13086083984375,-1.2415617569647728,-0.125249889217317,1.9361025028586387,-0.0651307329535484,-0.4217526614665985,-1.1881911754608154,walking
1783088280520904700,5.14090478515625,-0.6384684377990663,0.0877136470273137,1.807332915082574,-0.1908742785453796,-0.5698877573013306,-1.187928557395935,walking
1783088280530948600,5.150948486328125,-0.2191357951387763,0.3656447454839944,0.881536166536808,-0.3355654180049896,-0.5915560126304626,-1.1898478269577026,walking
1783088280540993800,5.160993896484375,0.2450099488466978,0.5063688288174569,-0.0319844532817602,-0.4663004279136657,-0.5256874561309814,-1.2126997709274292,walking
1783088280551037700,5.17103759765625,0.7463961669459939,0.3540419859737158,-0.7627028663635254,-0.5623145699501038,-0.3962316811084747,-1.3009819984436035,walking
1783088280561081600,5.18108154296875,0.997860406498611,-0.1051928973555564,-1.4555881001353264,-0.6134482622146606,-0.2530696988105774,-1.4243091344833374,walking
1783088280571125800,5.191125732421875,1.026846554747224,-0.2448893912069499,-1.8585446314036844,-0.603707492351532,-0.1572233289480209,-1.450029730796814,walking
1783088280581170000,5.201169921875,1.095369032961875,0.3395702468983829,-1.9876035575151445,-0.5250445604324341,-0.1453129649162292,-1.4048638343811035,walking
1783088280591213800,5.2112138671875,1.3832324734985828,0.728975807198137,-1.679488625457883,-0.4298970401287079,-0.2348468452692031,-1.348414421081543,walking
1783088280601258800,5.2212587890625,1.4543359081171452,0.7432192904755472,-1.0115244824528693,-0.3427923321723938,-0.3614151179790497,-1.308884859085083,walking
1783088280611302700,5.231302734375,1.3272580728203058,0.5517483318537474,-0.2337555643826723,-0.272950142621994,-0.5016902089118958,-1.250286340713501,walking
1783088280621346800,5.241346923828125,1.3941938663654028,0.6696395288713276,0.7484557298243045,-0.2211594879627227,-0.6188867092132568,-1.1378682851791382,walking
1783088280631390000,5.251389892578125,1.5795765911146995,1.199440232811123,1.4271774136871098,-0.2055703997611999,-0.6652092337608337,-0.9891154766082764,walking
1783088280641433900,5.261433837890625,1.7029557180240749,1.781311023467034,1.8861182825058695,-0.2330626100301742,-0.6381722688674927,-0.8599017858505249,walking
1783088280651478000,5.27147802734375,2.0166452353432773,2.0054422888055443,2.201038802924752,-0.2961342632770538,-0.5078896284103394,-0.7903299331665039,walking
1783088280661523000,5.28152294921875,2.1640178167805075,1.894448157825321,2.080415696725249,-0.3858435153961181,-0.2813332676887512,-0.7828863859176636,walking
1783088280671566800,5.29156689453125,1.9676400891557335,1.7332080868162214,1.6228817720949649,-0.4606818258762359,-0.0555837601423263,-0.8117803335189819,walking
1783088280681611000,5.301611083984375,1.8018500997573137,1.4486435416944323,1.0822937166810036,-0.4992737770080566,0.1268986761569976,-0.8431628942489624,walking
1783088280691655000,5.311655029296875,1.6168883768990634,0.9157368345633148,0.4221814562201499,-0.5134740471839905,0.2792850136756897,-0.868087112903595,walking
1783088280701699000,5.321698974609375,1.311386257688701,0.3620053660683334,-0.2815735466122627,-0.5242853760719299,0.42336505651474,-0.9100360870361328,walking
1783088280711743000,5.331742919921875,1.0653893436312676,-0.1274910922728478,-0.7536141355007886,-0.5302940011024475,0.5560759902000427,-0.9457815289497375,walking
1783088280721788000,5.341787841796875,0.9707184248119592,-0.3411418801292777,-1.03220603595376,-0.5356879830360413,0.697842538356781,-0.974883496761322,walking
1783088280731832000,5.35183203125,1.001748353847861,-0.3341222106255591,-1.2870897285610436,-0.5498887300491333,0.8144157528877258,-0.9900885224342346,walking
1783088280741876000,5.3618759765625,1.012431368164718,-0.3219615249715745,-1.3319956227362155,-0.5720083117485046,0.9101458787918092,-1.0071102380752563,walking
1783088280751919900,5.371919921875,0.9618553193986416,-0.4025339219421148,-1.1465081224381923,-0.5940043926239014,0.9690491557121276,-1.0252115726470947,walking
1783088280761964000,5.381964111328125,0.9028022419273852,-0.5155355933524668,-0.7450590731233357,-0.6136260628700256,0.9961313009262084,-1.0475937128067017,walking
1783088280772009000,5.392009033203125,0.7276267306767403,-0.7616428359165788,-0.2980547258138656,-0.6266018152236938,1.0260428190231323,-1.074522852897644,walking
1783088280782053000,5.40205322265625,0.3659751464821398,-1.0423908914901316,0.1200029284745454,-0.6394387483596802,1.0258374214172363,-1.1115459203720093,walking
1783088280792097000,5.412096923828125,0.1310343178376555,-1.2868762319408356,0.5766361048728227,-0.630408763885498,0.978132665157318,-1.1394752264022827,walking
1783088280802141000,5.422140869140625,0.1525380013763904,-1.338439245917648,0.8990928660154343,-0.5801180601119995,0.8439034223556519,-1.1613633632659912,walking
1783088280812185000,5.43218505859375,0.2815503118671477,-1.3644433096155524,1.0283002606868743,-0.4946860074996948,0.6128914952278137,-1.2038193941116333,walking
1783088280822229000,5.44222900390625,0.66263198819682,-1.4347028407558795,0.96128014985919,-0.3902622163295746,0.3247007727622986,-1.2581782341003418,walking
1783088280832274000,5.45227392578125,0.7724541527882218,-1.4289252802677452,0.649747518312931,-0.3196767270565033,0.1179870069026947,-1.3054569959640503,walking
1783088280842318000,5.462318115234375,0.3667778411671519,-1.5641839378021656,0.1919441290915012,-0.3098794519901275,0.0360431298613548,-1.325108289718628,walking
1783088280852362000,5.472362060546875,-0.1501417538896202,-1.921778793951869,-0.046291211053729,-0.3814873397350311,0.0333464108407497,-1.3064731359481812,walking
1783088280862406000,5.482406005859375,-0.2741805137515068,-1.8173660871885715,-0.1078185696840286,-0.4610369205474853,0.0984934866428375,-1.2440507411956787,walking
1783088280872449800,5.49244970703125,-0.0261671453051269,-2.139358153428882,-0.2460357847630977,-0.4832322299480438,0.1603608578443527,-1.171747803688049,walking
1783088280882494000,5.502493896484375,0.1796057487830519,-2.4714456433564425,-0.1850081923484802,-0.4185419082641601,0.1816148608922958,-1.1138064861297607,walking
1783088280892539100,5.5125390625,0.3735064187698066,-2.701810396257043,-0.4318295745313167,-0.2897615432739258,0.2352549284696579,-1.0240787267684937,walking
1783088280902582800,5.522582763671875,0.2861966763682663,-2.743487391513586,-0.7423100666761397,-0.173324704170227,0.3300934731960296,-0.913255214691162,walking
1783088280912627000,5.532626953125,0.1414239021658897,-2.629505038502812,-0.6476093372404575,-0.1521863937377929,0.3861583471298218,-0.8247634172439575,walking
1783088280922671000,5.542671142578125,0.2926367924183607,-2.4657217127516864,-0.2289192302674055,-0.2493393719196319,0.4442378580570221,-0.7044175267219543,walking
1783088280932715000,5.552715087890625,0.322799729361385,-2.318356730099022,0.0672404755800962,-0.4370664060115814,0.4397379159927368,-0.5453740954399109,walking
1783088280942759000,5.562759033203125,-0.0743925392918288,-2.3795681546479464,0.2565104170262813,-0.6023375391960144,0.5067741870880127,-0.3933526575565338,walking
1783088280952804000,5.57280419921875,-0.1068456329986453,-1.9114877015620468,0.0123708212733268,-0.6837818026542664,0.6014032363891602,-0.2512932419776916,walking
1783088280962848000,5.582847900390625,0.0030875907517969,-1.9639102549776433,-0.0096598087489604,-0.6646907925605774,0.6424938440322876,-0.1086923405528068,walking
1783088280972892200,5.59289208984375,-0.2453318742774426,-2.4185160172015427,-0.2590472420275211,-0.521714448928833,0.7531095743179321,-0.0043076109141111,walking
1783088280982935800,5.602935791015625,-0.4194222206398844,-2.5360531400844453,-0.1985217539161443,-0.3580245673656463,0.8198928833007812,0.0387961231172084,walking
1783088280992980000,5.61297998046875,0.0501563620492815,-2.53314426690042,-0.0320943433970212,-0.2103453576564788,0.869972825050354,0.02465127594769,walking
1783088281003025200,5.623025146484375,0.044886897213757,-2.300788924704492,0.1175911911576986,-0.1096312999725341,0.8669312596321106,-0.0226862356066703,walking
1783088281013068800,5.63306884765625,0.1082443938806653,-2.1146286397114396,-0.0061830725491046,-0.0518817231059074,0.8085488677024841,-0.0704132840037345,walking
1783088281023113000,5.643113037109375,0.3584910743370652,-1.9287275901764631,-0.438970093935728,-0.0305257067084312,0.710763692855835,-0.1210063695907592,walking
1783088281033156900,5.653156982421875,0.6535099395863712,-1.80598763795346,-0.8666641760975122,-0.0933717787265777,0.5591608881950378,-0.1444874554872512,walking
1783088281043201000,5.663200927734375,0.7183356091096997,-1.791951806077361,-1.082940197890997,-0.1733475774526596,0.4582363963127136,-0.125059962272644,walking
1783088281053245200,5.6732451171875,0.4306086544342339,-1.909988110654056,-1.1683844386816025,-0.2393686771392822,0.3572123050689697,-0.1026380136609077,walking
1783088281063289900,5.683289794921875,0.1109331945732235,-2.2610651093423364,-1.1071376505583523,-0.2576186954975128,0.2469496726989746,-0.1172962859272956,walking
1783088281073334000,5.693333984375,0.0902864201247692,-2.6751985759243366,-1.1637760681033134,-0.2726554274559021,0.1970654726028442,-0.1557068079710006,walking
1783088281083378200,5.703378173828125,-0.0066229252710938,-2.6965385933339596,-1.5964882706880568,-0.2659218609333038,0.1008204817771911,-0.2309952974319458,walking
1783088281093421800,5.713421875,0.0339100145168602,-2.639485457508266,-0.9024602966219186,-0.1050522699952125,0.027295134961605,-0.2650344669818878,walking
1783088281103466000,5.723466064453125,0.1265976505644619,-2.427327976949513,-0.5567424868792296,-0.0159247033298015,-0.1040095537900924,-0.3017242550849914,walking
1783088281113510000,5.733510009765625,0.3463821188703179,-2.0082097076922656,-0.2159124491780996,0.0338702835142612,-0.2409546077251434,-0.3105784654617309,walking
1783088281123555000,5.74355517578125,0.0814146930135786,-1.9312804895296691,-0.2896598224341869,0.0542288683354854,-0.2615227699279785,-0.2861494123935699,walking
1783088281133599000,5.753598876953125,-0.2655957868881523,-1.8663567664593457,-0.9465642267644404,0.0715814977884292,-0.2200088649988174,-0.2761409878730774,walking
1783088281143643000,5.763642822265625,-0.2381419627733528,-1.8917957436203956,-1.30140116250813,0.1143579334020614,-0.2300318926572799,-0.3091677129268646,walking
1783088281153687000,5.77368701171875,-0.1985258455693721,-1.806830810779333,-1.4239718956440686,0.1660600155591964,-0.2895119786262512,-0.34219890832901,walking
1783088281163731000,5.78373095703125,-0.0929196912378072,-1.3512059346407652,-1.2914321416795254,0.1899480819702148,-0.3547802865505218,-0.3615422248840332,walking
1783088281173776000,5.79377587890625,0.0997239644251763,-0.7623258497446775,-1.2130623693197964,0.1633750647306442,-0.4048794209957123,-0.368839293718338,walking
1783088281183820000,5.803820068359375,0.4810416414678096,-0.4397580294430255,-1.574654624542594,0.1207506358623504,-0.4305608570575714,-0.3529485166072845,walking
1783088281193864000,5.813864013671875,0.6304344766862691,-0.2653682617425918,-2.364597380009293,0.1153521388769149,-0.3994365036487579,-0.2961033582687378,walking
1783088281203907800,5.823907958984375,0.907939020293951,0.0995236195474863,-2.88328106212914,0.1421193033456802,-0.3593973517417907,-0.1858192831277847,walking
1783088281213952000,5.833951904296875,1.284766400180012,0.6381500194996595,-2.815589920172095,0.1791870445013046,-0.3824326395988464,-0.0456944033503532,walking
1783088281223996000,5.843995849609375,1.708200048418343,1.1542056912034748,-2.222418860083818,0.2327717095613479,-0.4595162272453308,0.1217558458447456,walking
1783088281234041000,5.854041015625,2.1037078711159527,1.7747019805908202,-1.1781395244985815,0.2966201901435852,-0.6083190441131592,0.3105297684669494,walking
1783088281244085000,5.8640849609375,2.329941807822138,2.401274082760513,0.1534942791879177,0.3792290687561035,-0.8127976655960083,0.5151515007019043,walking
1783088281254129000,5.87412890625,2.231800436413288,2.7225971636980772,1.564604355171323,0.4557081162929535,-1.0294338464736938,0.6992292404174805,walking
1783088281264173000,5.884173095703125,1.6580448554128406,2.6192247597679494,2.7270816156357527,0.5215139985084534,-1.191332459449768,0.8240534663200378,walking
1783088281274217000,5.894217041015625,0.8282323002420365,2.2983479612931608,3.567042493724822,0.6039159297943115,-1.2724014520645142,0.890388548374176,walking
1783088281284260900,5.9042607421875,0.1302497433312237,1.963269326725602,3.9408009875595567,0.6892019510269165,-1.296789526939392,0.9089313745498656,walking
1783088281294306000,5.91430615234375,-0.4063011655211448,1.5992922221928834,3.6082243989408016,0.7521998286247253,-1.2766882181167605,0.8603241443634033,walking
1783088281304350000,5.924349853515625,-0.8378364332810044,1.069647147206217,2.432107320180535,0.8007011413574219,-1.2140955924987793,0.754159152507782,walking
1783088281314394000,5.93439404296875,-1.281906188443303,0.4653093809373676,1.0757459024727345,0.8258560299873352,-1.0704675912857056,0.6246165633201599,walking
1783088281324437800,5.944437744140625,-1.6094202329754828,-0.0305427300408482,-0.3759299926549196,0.7836199998855591,-0.8417836427688599,0.492506742477417,walking
1783088281334482000,5.95448193359375,-1.5868965587392447,-0.4301258393533527,-1.8831909968823193,0.7327584028244019,-0.4543887972831726,0.3349751830101013,walking
1783088281344527000,5.964527099609375,-1.320808458289504,-0.790796157425642,-3.480383031925559,0.7075926065444946,0.0840479359030723,0.1240324079990387,walking
1783088281354570800,5.97457080078125,-0.9867942380830644,-1.0442124078288677,-4.660439203700423,0.6758866310119629,0.6218402981758118,-0.0997868403792381,walking
1783088281364615000,5.984614990234375,-0.5363482258871197,-0.8804995169654488,-4.675737310597301,0.621882975101471,1.0851914882659912,-0.2544724345207214,walking
1783088281374659000,5.9946591796875,-0.3678077687367796,-0.6770281778179109,-3.870643163228035,0.5027656555175781,1.3190630674362185,-0.3086416721343994,walking
1783088281384703000,6.004702880859375,-0.4139503651000559,-0.3778023623980581,-2.4133207866460085,0.2985869944095611,1.3295387029647827,-0.2776777148246765,walking
1783088281394747100,6.0147470703125,-0.2649034207098186,0.0793847946211695,-0.7854051120370626,0.0915136933326721,1.158858299255371,-0.1731813997030258,walking
1783088281404792000,6.0247919921875,0.3626274434894323,0.4478695858366787,0.5835878237068652,0.0269400011748075,0.8745355606079102,-0.0084465248510241,walking
1783088281414836000,6.0348359375,0.6289036138571799,0.684344346050173,1.442548585820198,0.0649414435029029,0.5497089624404907,0.1440916210412979,walking
1783088281424880000,6.044880126953125,0.7100280917525291,0.338823081792891,1.6125678833514452,0.1506209671497345,0.2165489494800567,0.2545203268527984,walking
1783088281434923800,6.054923828125,0.5843155534595251,-0.2014076846159994,1.7858955747783185,0.2938692271709442,-0.0798350423574447,0.3395201563835144,walking
1783088281444968000,6.064968017578125,0.1158927166767418,-0.6511024400532245,1.9677929416298865,0.4077492952346802,-0.2713019847869873,0.3873495161533355,walking
1783088281455012000,6.07501220703125,-0.2239469948127865,-0.9021629211105404,1.5752473297387362,0.5342808961868286,-0.3706530928611755,0.4395509362220764,walking
1783088281465057000,6.08505712890625,-0.4329300831191242,-0.9123466076031328,1.5441776532143354,0.6997913122177124,-0.3970488309860229,0.5020260810852051,walking
1783088281475101000,6.095100830078125,-0.621093670758605,-0.7523287718653678,1.4640397021383047,0.8188817501068115,-0.4125337898731231,0.5644127726554871,walking
1783088281485145000,6.10514501953125,-0.4202990034744143,-0.536647062703222,1.4691554377168417,0.870141327381134,-0.4610365331172943,0.6040493249893188,walking
1783088281495189000,6.11518896484375,-0.1508436185486614,-0.6056728142648935,1.9058827211618423,0.8301340341567993,-0.5321552157402039,0.5772629976272583,walking
1783088281505233200,6.125233154296875,0.2056393308363854,-0.7977338477343321,2.0026608413934706,0.7224916219711304,-0.5760844945907593,0.4847109615802765,walking
1783088281515277800,6.13527783203125,0.3679075758494436,-0.99335330433771,1.8237381064385176,0.5781669020652771,-0.5492912530899048,0.3554358184337616,walking
1783088281525322000,6.145322021484375,0.3734505969293415,-1.2473992309466004,1.4180378294199705,0.4639902412891388,-0.496037483215332,0.2333772480487823,walking
1783088281535366100,6.1553662109375,0.4651018756665289,-1.3827343147180973,1.0966150875002143,0.4071972668170929,-0.4383710026741028,0.1699767112731933,walking
1783088281545409800,6.165409912109375,0.4858075406953692,-1.4757351083680987,0.8176110991150141,0.4192615449428558,-0.3475807309150696,0.1372003108263015,walking
1783088281555454000,6.175453857421875,0.4995718621537089,-1.4386205987215042,0.4888081838160752,0.4785065054893493,-0.243402674794197,0.12448450922966,walking
1783088281565497900,6.185497802734375,0.5058110488042236,-1.163782205583155,0.2843774981170892,0.5209925770759583,-0.1268820315599441,0.1297887116670608,walking
1783088281575543000,6.19554296875,0.5551569712534546,-0.8329521683707832,0.1186333936870098,0.5018079876899719,0.0056240861304104,0.1505259573459625,walking
1783088281585587000,6.2055869140625,0.5911287406057119,-0.5244992365308105,0.1060433767050504,0.4151840507984161,0.1496523767709732,0.1770638823509216,walking
1783088281595630800,6.215630859375,0.4043640599787235,-0.3788132930062711,0.162484810373187,0.2816395759582519,0.3038427531719208,0.2190398275852203,walking
1783088281605675000,6.225675048828125,0.0236857037529349,-0.3620215134855359,0.3136035926014184,0.1354158520698547,0.4477613270282745,0.2747145295143127,walking
1783088281615719200,6.23571923828125,-0.1416254160873591,-0.3201080060593784,0.6272820040047168,0.0106723271310329,0.5484365224838257,0.3759287893772125,walking
1783088281625762800,6.2457626953125,-0.2534989602506161,-0.158633687902987,0.9638830258339643,-0.0534493066370487,0.5861462354660034,0.4926041662693023,walking
1783088281635808000,6.25580810546875,-0.2610426536284387,-0.164417970392853,1.187621054071188,-0.0731918513774871,0.5640990138053894,0.5794892907142639,walking
1783088281645852200,6.26585205078125,0.1178403436131775,-0.387691376793012,1.2996399980545044,-0.0320210270583629,0.4972302913665771,0.6022539138793945,walking
1783088281655896000,6.27589599609375,0.4803983751282095,-0.7253384005438536,1.3230880936592817,0.0856131911277771,0.3668032884597778,0.5621416568756104,walking
1783088281665940000,6.28593994140625,0.5184003351338208,-1.1407647564806045,1.325107032266259,0.1993235200643539,0.2109868675470352,0.5241652727127075,walking
1783088281675984000,6.29598388671875,0.1812752894304692,-1.3968021491676568,1.268420683926344,0.2566105127334595,0.0870891511440277,0.4977648258209228,walking
1783088281686029000,6.306029052734375,-0.2647907541155815,-1.506808145893365,1.348550451695919,0.2562275528907776,-0.103524126112461,0.5113862156867981,walking
1783088281696073000,6.316072998046875,-0.3150187200963497,-1.1531861388973892,1.7510381964087485,0.2514320015907287,-0.2806829214096069,0.5319993495941162,walking
1783088281706116900,6.326116943359375,-0.3797418060280382,-0.9167281836882232,1.2681255003720522,0.2594725787639618,-0.3771724700927734,0.489712119102478,walking
1783088281716161000,6.3361611328125,-0.5102588219933212,-1.0240084817770867,0.2428893034309148,0.2714027464389801,-0.400891900062561,0.4229165911674499,walking
1783088281726205200,6.346205078125,-0.1921805681958794,-1.0869652156233789,-0.8022241448909044,0.3015637397766113,-0.4014014899730682,0.3583598434925079,walking
1783088281736249000,6.3562490234375,-0.1334258891493082,-1.0687268905561416,-1.7536077546358106,0.35836923122406,-0.4264589250087738,0.3180547654628753,walking
1783088281746294000,6.3662939453125,-0.0105431674547493,-1.2789476308986545,-2.022321235153079,0.414094477891922,-0.5086013078689575,0.2022349685430526,walking
1783088281756338200,6.376338134765625,0.0730123369798064,-1.8436057132080197,-1.4842863713532686,0.4145597517490387,-0.782928466796875,0.1875343173742294,walking
1783088281766382000,6.386382080078125,0.9737091310605406,-1.6073083553880452,-0.2486193715155124,0.3644549250602722,-1.0131105184555054,0.0162032097578048,walking
1783088281776426000,6.396426025390625,0.7162184708252549,-2.168046926166117,-0.1172539220273494,0.2506705522537231,-1.1070252656936646,-0.2152968645095825,walking
1783088281786470000,6.406469970703125,-0.1367760763600468,-2.667159354114532,-0.3563163606464862,0.131325826048851,-0.8697858452796936,-0.4206818342208862,walking
1783088281796514000,6.41651416015625,-1.72394589908272,-2.077816327881813,-1.5116110161304472,0.1244418248534202,-0.3551979064941406,-0.3434725403785705,walking
1783088281806559000,6.42655908203125,-1.0641954576715826,-0.0862909938130527,-2.8745231706559657,0.1775205433368683,0.2752873301506042,-0.176208347082138,walking
1783088281816603000,6.436602783203125,-1.1266343781888484,1.003584994690493,-4.531138285526633,0.2123813182115554,1.051047682762146,-0.0419597253203392,walking
1783088281826647000,6.44664697265625,-1.1939067102119325,1.6287597242176532,-6.4650640288680785,0.1887308806180954,1.878848671913147,0.0822378396987915,walking
1783088281836691000,6.45669091796875,-1.0416704682610929,2.191215181916207,-7.580715240749717,0.1659166514873504,2.4947760105133057,0.1688286513090133,walking
1783088281846735000,6.466735107421875,-1.967504333946854,2.134699221707135,-6.967927041521668,0.1951659321784973,2.905276298522949,0.2088261693716049,walking
1783088281856780000,6.476780029296875,-2.579732707335055,1.5339388755336405,-5.395641484197974,0.2546438872814178,2.9823312759399414,0.1156062185764312,walking
1783088281866824000,6.486823974609375,-2.076090380872041,0.6563957972209901,-2.84029181523025,0.2386382073163986,2.6796069145202637,0.0183731652796268,walking
1783088281876868000,6.4968681640625,-1.0559968075163662,1.2196199012044815,0.3840688754469156,0.1221203804016113,1.922904133796692,-0.0332404933869838,walking
1783088281886912000,6.506912109375,0.4181414601143449,1.467578397658467,2.68292332495749,0.0239477921277284,1.023406147956848,-0.0393409021198749,walking
1783088281896956000,6.516955810546875,1.0625151033692062,1.2761831346213817,3.3339743270844218,-0.0066873501054942,0.2156796902418136,-0.0741987526416778,walking
1783088281907000000,6.527,1.2224225375350564,0.901034282406792,3.5376878044247624,-0.030536625534296,-0.4733559787273407,-0.1022382751107215,walking
1783088281917045000,6.537044921875,1.2788264887370169,0.4948394268043339,3.378448844105005,-0.0826091468334198,-0.832457423210144,-0.1020419970154762,walking
1783088281927089000,6.5470888671875,0.9481780917018652,0.548284601265937,1.7848031033664942,-0.1187370046973228,-0.7991734743118286,-0.0644325762987136,walking
1783088281937133000,6.557133056640625,0.4904309627123177,0.7902681149635463,1.0468833806037905,-0.0617967508733272,-0.5515548586845398,0.0064309416338801,walking
1783088281947177000,6.567177001953125,0.2647561211936176,1.190901025589928,0.4230734366238117,-0.0516401268541812,-0.2896676361560821,0.1664070785045623,walking
1783088281957221000,6.57722119140625,0.8037731278985738,2.1765964355856178,-0.5075093771547079,-0.0950187593698501,-0.0539632514119148,0.303238183259964,walking
1783088281967266000,6.58726611328125,1.123265194016695,2.2161635990813373,-0.4336427614331245,-0.1988416612148285,0.0602017827332019,0.4270006418228149,walking
1783088281977310000,6.59731005859375,1.4244419973738491,2.021483176893741,-0.1895604488253593,-0.2953878939151764,0.016245774924755,0.5107120871543884,walking
1783088281987354000,6.60735400390625,1.469110137270391,1.4813400887683033,0.3764519707024097,-0.3407537043094635,-0.1593229621648788,0.5447509288787842,walking
1783088281997398000,6.61739794921875,1.3923003077037632,0.8325220333252101,0.9462398171156644,-0.3263697028160095,-0.3615674078464508,0.5392078161239624,walking
1783088282007442000,6.62744189453125,1.0194329174898564,0.3790694597244262,1.1783084513247013,-0.2635193169116974,-0.5264065861701965,0.5176897048950195,walking
1783088282017486000,6.637486083984375,0.8741068933188915,0.1165948735967278,1.270692135989666,-0.2064003646373748,-0.6307726502418518,0.5008891820907593,walking
1783088282027531000,6.647531005859375,0.8854013175323605,0.0929282398704439,1.3301777596592903,-0.2079450190067291,-0.6679795980453491,0.5035855770111084,walking
1783088282037575000,6.657574951171875,1.0273077425181865,0.1108535534657537,1.2218453952342272,-0.2638208270072937,-0.6287208795547485,0.5018367171287537,walking
1783088282047619000,6.667619140625,1.2720230923324822,0.0124680711027234,0.9711153151750564,-0.330980509519577,-0.5655081272125244,0.4860930740833282,walking
1783088282057663000,6.6776630859375,1.4050064984112978,-0.1253399055883288,0.8610895908355712,-0.3687811493873596,-0.5385531783103943,0.4815371930599212,walking
1783088282067707100,6.68770703125,1.5140017106592654,-0.2844103774733841,1.0025497333586215,-0.3549419939517975,-0.5426687598228455,0.4844959080219269,walking
1783088282077751000,6.6977509765625,1.519684578601271,-0.5231961911082268,1.2531009497195482,-0.2979982793331146,-0.5679296255111694,0.4827320873737335,walking
1783088282087796000,6.7077958984375,1.3785716420806944,-0.7151683772504329,1.4586802209317684,-0.2379030287265777,-0.5757772326469421,0.4790653586387634,walking
1783088282097840000,6.717840087890625,1.068222082839161,-0.7715751779966056,1.50972242590487,-0.2252016067504882,-0.5525164008140564,0.4755558371543884,walking
1783088282107884000,6.727884033203125,0.8512564713463187,-0.767318397334963,1.5075895055294035,-0.2465727478265762,-0.4912959635257721,0.4829304218292236,walking
1783088282117928000,6.737927978515625,0.7095693881995976,-0.6623747985653579,1.333060037097335,-0.2824662923812866,-0.399137794971466,0.5002031326293945,walking
1783088282127972000,6.74797216796875,0.629454379607737,-0.5942300676219165,0.983684289368987,-0.3089442551136017,-0.2801716327667236,0.5215775370597839,walking
1783088282138017000,6.75801708984375,0.6554382773004472,-0.6418735700674355,0.6020049394071102,-0.3295001089572906,-0.1652541160583496,0.5478892922401428,walking
1783088282148061000,6.76806103515625,0.8254271796934306,-0.8516755735412239,0.1875759970098733,-0.3413988649845123,-0.0475205928087234,0.564785897731781,walking
1783088282158105000,6.77810498046875,0.9393677393890916,-1.1572435975946485,-0.3580336859583855,-0.3239119946956634,0.0735531002283096,0.5762758851051331,walking
1783088282168149000,6.78814892578125,1.1004857914537192,-1.391975021272153,-0.8072685687988996,-0.2943951487541199,0.1557036787271499,0.5654007792472839,walking
1783088282178193200,6.798193115234375,1.2969358536623417,-1.555374170011282,-0.8341092294514179,-0.2820567190647125,0.21358722448349,0.5393707752227783,walking
1783088282188237000,6.808237060546875,1.4065264014549552,-1.6242689886696635,-0.6137830554842949,-0.2692398726940155,0.2832545042037964,0.4989711046218872,walking
1783088282198282000,6.818281982421875,1.2797690302841365,-1.6901368607223033,-0.3011287264317274,-0.2433851063251495,0.3382666409015655,0.4457587599754333,walking
1783088282208326100,6.828326171875,0.9831101427428424,-1.6776859599500893,0.1515127499818802,-0.214091882109642,0.3431116938591003,0.4056071639060974,walking
1783088282218370000,6.8383701171875,0.8643034383155405,-1.644948350213468,0.7573468922883272,-0.1838162690401077,0.2420585453510284,0.3721924722194671,walking
1783088282228414000,6.8484140625,0.9202569423362612,-1.66365977268517,1.3800824850350617,-0.1512312889099121,0.0722298920154571,0.3461014330387115,walking
1783088282238457900,6.858457763671875,1.0072098341241478,-1.779113805683702,1.4649837049901484,-0.1083658561110496,-0.0836630314588546,0.3198516964912414,walking
1783088282248502000,6.868501953125,0.9995483595855532,-1.9245805534996092,1.0817436815828083,-0.0541231706738472,-0.1977219879627227,0.2969741523265838,walking
1783088282258547000,6.878546875,1.0238624243699013,-1.7879161208204923,0.7179039396941661,0.0006934693083167,-0.2693634033203125,0.303459495306015,walking
1783088282268590800,6.8885908203125,1.1727433645434675,-1.485845437363535,0.4127548717051744,0.0765046551823616,-0.2884825766086578,0.3326217234134674,walking
1783088282278635000,6.898635009765625,1.2711300890155135,-1.0930343064039945,0.1049088197171688,0.191638171672821,-0.2329532504081726,0.3731209337711334,walking
1783088282288679200,6.90867919921875,1.1847058972768485,-0.8580695123620331,-0.0126280109047889,0.3016956448554992,-0.1544811278581619,0.395132839679718,walking
1783088282298723000,6.91872314453125,0.8953288373067975,-0.7313388830676675,0.2676888136446476,0.3262502551078796,-0.1326908767223358,0.4056451320648193,walking
1783088282308768000,6.92876806640625,0.6156773447982966,-0.4548401555016637,0.824235485690832,0.2443870455026626,-0.1925280094146728,0.4249681830406189,walking
1783088282318812200,6.938812255859375,0.4301394294872879,-0.1975128691345453,1.4015543121308087,0.1008493155241012,-0.3247057497501373,0.4379399120807647,walking
1783088282328856000,6.94885595703125,0.3966116922862827,-0.3069733608067035,1.6576514721810818,-0.0234108455479145,-0.467463880777359,0.4270010888576507,walking
1783088282338900000,6.95889990234375,0.6659380440048873,-0.6544166791677475,1.3384247790008783,-0.0895464569330215,-0.5646916627883911,0.3620343506336212,walking
1783088282348944000,6.96894384765625,1.188619563589245,-1.1080622180573645,0.6318985578894615,-0.1208137869834899,-0.606299638748169,0.2309127897024154,walking
1783088282358988000,6.978988037109375,1.470028275028616,-1.208143617618084,-0.2608914085894823,-0.1619982421398162,-0.5299063324928284,0.1484868824481964,walking
1783088282369033200,6.989033203125,1.5357358419530094,-1.0854814068064094,-1.156887477633357,-0.1944989413022995,-0.4131118357181549,0.1088792905211448,walking
1783088282379076900,6.999076904296875,1.7625272664114833,-1.0409303174182771,-1.6546955449849363,-0.1888367831707,-0.2599675357341766,0.0908960327506065,walking
1783088282389121000,7.00912109375,1.4586653156235814,-0.8910184267617761,-2.2780782034635543,-0.1658102124929428,-0.0166230890899896,0.1072821468114852,walking
1783088282399165000,7.0191650390625,0.8530643975511193,-0.9345667688481508,-2.9819197155356405,-0.1385407745838165,0.2418034076690673,0.1328197419643402,walking
1783088282409209000,7.029208984375,0.7436933377280831,-0.904079276125878,-3.208599057921767,-0.1316223740577697,0.3942371904850006,0.1709121912717819,walking
1783088282419253000,7.0392529296875,0.7678554268211126,-0.7180021393716335,-3.212721106287837,-0.1543258130550384,0.4619499146938324,0.1945512145757675,walking
1783088282429298000,7.0492978515625,0.804599057328701,-0.6691679658368229,-3.2385967213004827,-0.1544520854949951,0.4794584214687347,0.209617480635643,walking
1783088282439342000,7.059342041015625,0.7737344018571078,-0.6076968674384057,-3.1035522910386324,-0.1094063147902488,0.4559254050254822,0.2150394171476364,walking
1783088282449386200,7.06938623046875,1.0401217775143683,-0.3987545495338738,-2.661313550695777,-0.0687468573451042,0.3847073316574096,0.2333535701036453,walking
1783088282459430000,7.079429931640625,1.4005007114246486,0.0273765210948884,-2.101326382806897,-0.0125629510730504,0.368472695350647,0.2859422266483307,walking
1783088282469474000,7.08947412109375,1.4636556712567803,0.4826861938044428,-1.7496698306649925,0.0630643963813781,0.4524130523204803,0.3976933360099792,walking
1783088282479519200,7.099519287109375,1.2571690759412943,1.0187094255208968,-1.237517011618614,0.1329199075698852,0.5727794170379639,0.5621411204338074,walking
1783088282489563000,7.10956298828125,1.0279816962569952,1.6134958118513223,-0.3759919519752264,0.1760666221380233,0.6103044152259827,0.7468642592430115,walking
1783088282499607000,7.11960693359375,1.1371250848039984,1.9709744942754504,0.5910907466828823,0.1710580140352249,0.4745567440986633,0.8843616843223572,walking
1783088282509651000,7.12965087890625,1.4756386622563005,1.93008514226526,1.3473060045927765,0.1530954837799072,0.1881920248270034,0.9524047374725342,walking
1783088282519695000,7.139695068359375,1.766638208861649,1.901770609667897,1.5538608428388834,0.1777654141187667,-0.1910692751407623,1.0573498010635376,walking
1783088282529739000,7.149739013671875,1.86021767918244,2.2500912953853605,1.2966893315553665,0.2789219915866852,-0.6010999083518982,1.2415366172790527,walking
1783088282539784000,7.159783935546875,1.7116149714283644,2.4152698748871684,0.932924408468604,0.4480772018432617,-0.9556137919425964,1.4494740962982178,walking
1783088282549828000,7.169828125,1.2813345260351896,2.314336388541758,0.6835358061462641,0.6130773425102234,-1.244282841682434,1.6161352396011353,walking
1783088282559872000,7.1798720703125,0.715828594724834,1.971503486585617,0.7153443183392286,0.6918150186538696,-1.4467792510986328,1.709096074104309,walking
1783088282569916000,7.189916015625,0.0856466314949095,1.58164638312608,0.7825351095587014,0.6881124973297119,-1.5322117805480957,1.7521443367004397,walking
1783088282579960000,7.1999599609375,-0.3332534649670123,1.4034547389246523,0.6472182920962571,0.661941647529602,-1.494848370552063,1.7551958560943604,walking
1783088282590005000,7.2100048828125,-0.6920685105614364,1.25497171202749,0.0867336960792541,0.6534348726272583,-1.2915208339691162,1.705865740776062,walking
1783088282600049000,7.220048828125,-1.1540389563344418,0.8004545048698782,-0.9733236388742924,0.6476525664329529,-0.9297155141830444,1.5838344097137451,walking
1783088282610093000,7.230093017578125,-1.2665230336114763,0.1139804533146321,-1.985923641604185,0.6180002689361572,-0.4689116477966308,1.4060066938400269,walking
1783088282620137000,7.240136962890625,-1.214175591258705,-0.3658108958311378,-2.75800808429718,0.5499711632728577,0.0502635985612869,1.2056368589401243,walking
1783088282630181600,7.250181640625,-1.0827442369274791,-0.4931016432262957,-3.2438521576106547,0.4555017650127411,0.5593125820159912,1.0215857028961182,walking
1783088282640225500,7.2602255859375,-0.8222973572351038,-0.3573281680375337,-3.236726835775375,0.3457020223140716,0.9673392176628112,0.869181215763092,walking
1783088282650270700,7.270270751953125,-0.399381595391035,-0.2296776474192738,-2.718193960303068,0.2510496973991394,1.2238550186157229,0.7497051358222961,walking
1783088282660314600,7.280314697265625,-0.077906831023097,-0.162696553427726,-1.825218115863204,0.1779704242944717,1.3097113370895386,0.6467990279197693,walking
1783088282670358800,7.29035888671875,0.1112713404864072,-0.1424368786007165,-0.9372995548129082,0.1328999400138855,1.256582736968994,0.5790929198265076,walking
1783088282680402700,7.300402587890625,0.1226926059499382,-0.0918751506209373,-0.1935655928134918,0.1103932932019233,1.0970677137374878,0.5585601925849915,walking
1783088282690446600,7.310446533203125,0.0379582669943571,-0.0155598265729844,0.3707867845475673,0.117146223783493,0.8919784426689148,0.5753076672554016,walking
1783088282700490800,7.32049072265625,0.0095927348621189,0.1929389853477477,0.7479723302215338,0.1523793041706085,0.6873640418052673,0.6299224495887756,walking
1783088282710535400,7.330535400390625,-0.0985405998595058,0.4725083525307476,0.9801485164582728,0.2094563543796539,0.4963915050029754,0.7058300971984863,walking
1783088282720579600,7.34057958984375,-0.2972776039615273,0.5725846375249326,1.205723696994781,0.2618529796600342,0.3334899544715881,0.7900543808937073,walking
1783088282730623700,7.350623779296875,-0.5311877013187856,0.6035109600558877,1.403126091492176,0.2999830245971679,0.2201843112707138,0.8698714971542358,walking
1783088282740667600,7.360667724609375,-0.7607471291858703,0.5041453075490892,1.502721022710204,0.3190264701843261,0.1774091571569442,0.939196527004242,walking
1783088282750711600,7.370711669921875,-0.9605844957452266,0.2434016368672251,1.4660411050885915,0.3354351818561554,0.2049159854650497,1.0011634826660156,walking
1783088282760755500,7.38075537109375,-1.2202281692959367,-0.0827013718232512,1.4047270969480274,0.3777235150337219,0.2721192538738251,1.0307432413101196,walking
1783088282770800600,7.390800537109375,-1.2285371479578315,-0.481757096260786,1.354238434204459,0.4570838510990143,0.3518950343132019,0.9895651936531068,walking
1783088282780844800,7.4008447265625,-0.8439226943921297,-0.893307122220844,1.3560311628401278,0.4986965656280517,0.3874394595623016,0.8440415263175964,walking
1783088282790888400,7.410888427734375,-0.2270915033835917,-1.127871226507425,1.261273734781146,0.4480063617229461,0.3655745089054107,0.6379622220993042,walking
1783088282800932600,7.4209326171875,0.4143017358209938,-1.2179299753561614,1.1300409717619415,0.3458208739757538,0.2809294164180755,0.4075468480587005,walking
1783088282810976800,7.430976806640625,0.9373090532936156,-1.2907248701930043,1.1180308004945516,0.264300525188446,0.1599960476160049,0.2129637449979782,walking
1783088282821021400,7.441021484375,1.0132480183098465,-1.2681921358674764,0.9855319630622864,0.2169753462076187,0.0209809076040983,0.049515176564455,walking
1783088282831065600,7.451065673828125,0.8403403789259493,-1.246544806074351,0.7943108875483273,0.1760507822036743,-0.0929443761706352,-0.0432718843221664,walking
1783088282841109800,7.46110986328125,0.6181938576638698,-1.07330384308286,0.6977291666716336,0.137744665145874,-0.2092664539813995,-0.0488133877515792,walking
1783088282851153700,7.471153564453125,0.394166052699834,-0.8654807384666054,0.8094231164842843,0.1315201818943023,-0.3463535606861114,0.0155509449541568,walking
1783088282861197800,7.48119775390625,0.1286737261861562,-0.7454241801086813,1.0196575200259683,0.1475825011730194,-0.4914574921131134,0.1693325191736221,walking
1783088282871241500,7.491241455078125,-0.2704657310120761,-0.3141740859657526,1.1114438233196735,0.1444082558155059,-0.5700956583023071,0.36756232380867,walking
1783088282881286700,7.50128662109375,-0.4863935969550162,-0.2013294317480176,0.9977250896811484,0.1188589483499527,-0.629718005657196,0.5150393843650818,walking
1783088282891330800,7.511330810546875,0.0572514348767697,-0.3386613153599202,1.15007487500906,0.0611789673566818,-0.7741187810897827,0.5907502174377441,walking
1783088282901374500,7.52137451171875,1.0833229135982692,-0.4259940002456307,1.383985337692499,-0.0164678934961557,-0.977401852607727,0.6587830781936646,walking
1783088282911418600,7.531418701171875,1.6421932062864302,-0.2656795927140861,1.336515730509162,-0.0851498022675514,-1.1784476041793823,0.7624109983444214,walking
1783088282921462500,7.541462646484375,1.902008656207472,0.0150765000354498,1.182007305842638,-0.1125657185912132,-1.351290225982666,0.9047114253044128,walking
1783088282931507700,7.5515078125,2.1107897922009227,0.1446691676974296,1.0670599071919915,-0.0783943906426429,-1.400660276412964,1.0097882747650146,walking
1783088282941551600,7.561551513671875,1.945161276974529,-0.0391099212475121,0.8079980521172284,0.0178032480180263,-1.3210078477859497,1.055511474609375,walking
1783088282951595500,7.571595458984375,1.30712231663391,-0.3705117669984698,0.4544494026184081,0.1792766600847244,-1.1781617403030396,1.0251563787460327,walking
1783088282961639700,7.5816396484375,0.6892153130874037,-0.8281737019225954,0.2601262694358826,0.3768432438373565,-1.0371452569961548,0.9763054251670836,walking
1783088282971683800,7.591683837890625,0.0419527434580028,-1.29659902292341,0.2790770536214113,0.5316224098205566,-0.8895761966705322,0.911957025527954,walking
1783088282981727500,7.6017275390625,-0.3865723827004432,-1.7851409570187329,0.2362783608585596,0.5987840890884399,-0.812783420085907,0.8477202653884888,walking
1783088282991772700,7.611772705078125,-0.9184846719667314,-1.9577173916868864,0.1917699415683746,0.5991973280906677,-0.7536241412162781,0.7930151224136353,walking
1783088283001816800,7.62181689453125,-1.1816786584101615,-1.86480559149459,-0.1681751309692859,0.5731593370437622,-0.6536969542503357,0.7529593110084534,walking
1783088283011860700,7.63186083984375,-1.1947253331184386,-1.5623763038583098,-0.6708002432137727,0.5412113666534424,-0.4842004179954529,0.6997103095054626,walking
1783088283021904600,7.641904541015625,-1.31350967958346,-1.2529049887560306,-1.1675140855878592,0.4862567782402038,-0.2811857759952545,0.6581798791885376,walking
1783088283031948500,7.651948486328125,-1.4125969535402954,-0.9871044000107796,-1.5098556968957184,0.3975358307361603,-0.1318070888519287,0.6473493576049805,walking
1783088283041992700,7.66199267578125,-0.9592758242994548,-0.8641052123297005,-1.4187714043915272,0.2760387063026428,-0.1282222121953964,0.6328678727149963,walking
1783088283052037600,7.67203759765625,-0.0919476313352584,-1.2080371615689247,-1.1116127501457929,0.1359243392944336,-0.2534807026386261,0.5559986233711243,walking
1783088283062081500,7.68208154296875,0.4498863324865698,-1.860055182097107,-1.015904889494181,0.0308362673968076,-0.4237427115440368,0.3982726335525512,walking
1783088283072125700,7.692125732421875,0.2289544477112591,-2.7044085960566995,-1.1863029572099446,0.0418175980448722,-0.4247584044933319,0.210578054189682,walking
1783088283082169600,7.702169677734375,-1.6748095277309416,-3.0253052682757375,-2.132939664688706,0.2056904137134552,-0.1298907995223999,0.2362615913152694,walking
1783088283092213500,7.712213623046875,-1.2488150890938936,-1.6404261966139078,-3.588275251367688,0.3760321736335754,0.2804178297519684,0.406813383102417,walking
1783088283102257700,7.722257568359375,0.3005819062039256,-0.2833971087776124,-4.719160857260227,0.461497813463211,0.7198591232299805,0.4721231460571289,walking
1783088283112302600,7.732302490234375,0.1613309641629457,0.3250030115593224,-5.604661835774779,0.4793390929698944,1.234986424446106,0.5349635481834412,walking
1783088283122346800,7.7423466796875,0.7953758864313364,1.3529472253501411,-5.857401502090692,0.4466855525970459,1.5238977670669556,0.7218183279037476,walking
1783088283132390700,7.752390625,1.3067828555464744,2.2340745188251137,-4.356967713534832,0.4100738167762756,1.4456747770309448,0.8407447934150696,walking
1783088283142434600,7.7624345703125,1.1015746096037329,1.628558648687601,-1.934855717667937,0.3617989718914032,1.1543281078338623,0.8568854331970215,walking
1783088283152478700,7.772478759765625,-0.0464304733939468,0.7475699599657207,-0.2707049465954304,0.3149300813674927,0.9084057211875916,0.8351420760154724,walking
1783088283162523600,7.782523681640625,-0.8987110270909965,0.3699234457165002,0.5021142401129007,0.2975870370864868,0.725914478302002,0.8148133754730225,walking
1783088283172567600,7.792567626953125,-1.209745207595825,0.5057714474461973,1.077281441476941,0.3063976764678955,0.4974011480808258,0.7353798747062683,walking
1783088283182611700,7.80261181640625,-0.6371431805446743,0.7163385900735855,1.996828481978178,0.2986697256565094,0.1419772803783416,0.6616670489311218,walking
1783088283192655600,7.812655517578125,0.3502918396599591,1.070173216906935,2.8671412437111137,0.2383777648210525,-0.2718277871608734,0.6019507050514221,walking
1783088283202699800,7.82269970703125,0.9392398752257228,1.1571576728768649,3.0003315705388784,0.1170436069369316,-0.6030027270317078,0.5179343223571777,walking
1783088283212743700,7.83274365234375,1.3087998944573105,0.8007583101220428,2.5622715771853923,-0.0301839783787727,-0.7356468439102173,0.4023852348327636,walking
1783088283222788600,7.84278857421875,1.2608971565537157,0.4650500724140554,1.6008850443422793,-0.1329377889633178,-0.6835812330245972,0.3356139361858368,walking
1783088283232832800,7.852832763671875,1.1624147166222334,0.8392483459055423,0.4670435112535953,-0.1715636402368545,-0.4845627844333648,0.3739386200904846,walking
1783088283242876400,7.86287646484375,1.1881591064706445,1.7816311953321098,-0.4815379005521535,-0.1531609296798706,-0.1620470583438873,0.5285798907279968,walking
1783088283252920600,7.872920654296875,0.9779850548140704,2.71893630310297,-1.1802087319880723,-0.1123423129320144,0.1556252241134643,0.7583032846450806,walking
1783088283262964700,7.88296484375,0.8857381482712924,3.252717308850586,-1.043877184525132,-0.0739885345101356,0.3507151007652282,0.9834424257278442,walking
1783088283273008600,7.893008544921875,1.215391542919725,3.328341874155402,-0.100023970285058,-0.0672211349010467,0.3503166437149048,1.1586018800735474,walking
1783088283283053600,7.903053466796875,1.507609087012708,3.0395369149848817,0.965175988253951,-0.1111031025648117,0.2260066568851471,1.2595503330230713,walking
1783088283293097700,7.91309765625,1.4910823151037096,2.361241347579658,1.7041969502568244,-0.168776199221611,0.1228988170623779,1.2725963592529297,walking
1783088283303141600,7.9231416015625,1.122516275345534,1.6370193107798694,2.0316087034583092,-0.2200601696968078,0.0554121807217597,1.253461837768555,walking
1783088283313185800,7.933185791015625,0.8384656710952519,1.229496202248335,2.177192647913098,-0.2427131980657577,0.0090537704527378,1.1874771118164062,walking
1783088283323229400,7.9432294921875,0.6510073091156781,0.6732560388680547,2.1792484113991257,-0.255930483341217,-0.0070245317183434,1.0821808576583862,walking
1783088283333274600,7.953274658203125,0.4518931422643363,0.2200944841030985,1.8310773632854225,-0.2631732821464538,0.023785013705492,0.9646297097206116,walking
1783088283343318800,7.96331884765625,0.4710512855902314,-0.0868215935584157,1.1631026988863944,-0.2518607079982757,0.0538041666150093,0.844068169593811,walking
1783088283353362700,7.97336279296875,0.6413350792765617,-0.3234920224744826,0.5217120900303125,-0.2255803346633911,0.014343436807394,0.7223312854766846,walking
1783088283363406600,7.983406494140625,0.8708193960808217,-0.5208981432989239,0.3950912047207355,-0.2222899943590164,-0.0703658610582351,0.5876603126525879,walking
1783088283373450800,7.99345068359375,1.0183458529055118,-0.7253438804365694,0.5580108993798494,-0.2498915195465088,-0.1380936950445175,0.477669209241867,walking
1783088283383494700,8.00349462890625,0.8268390923179686,-0.6574591156035662,0.635532530477643,-0.3075374960899353,-0.2186391353607177,0.4239599108695984,walking
1783088283393539600,8.01353955078125,0.8665328048028051,-0.4928825936481356,0.9954249960452316,-0.3669441342353821,-0.2715347111225128,0.4022994041442871,walking
1783088283403583500,8.02358349609375,0.943629634617269,-0.6143921272933482,0.9976824195832014,-0.4048267900943756,-0.2854630351066589,0.3814862668514251,walking
1783088283413627600,8.033627685546875,1.0912003689751029,-0.9543127950645984,0.6773749454289675,-0.4217483103275299,-0.2397649139165878,0.3681505024433136,walking
1783088283423671800,8.043671875,1.2256446413867177,-1.245864276464283,0.1623603072106838,-0.4251217544078827,-0.1068529412150383,0.368533194065094,walking
1783088283433715500,8.053715576171875,1.2888520620584487,-1.39640467428267,-0.6079068569272756,-0.4177286028861999,0.1023950204253196,0.3854013979434967,walking
1783088283443759600,8.063759521484375,1.3536337463095784,-1.4773077645123005,-1.2772855429053305,-0.3997088670730591,0.3278486430644989,0.4233088493347168,walking
1783088283453804800,8.0738046875,1.294168873167038,-1.517708163961768,-1.4536165078014134,-0.3818679749965668,0.4768221974372864,0.457046627998352,walking
1783088283463848700,8.0838486328125,1.2144798349022865,-1.735153667926043,-0.9164794696241616,-0.3679148852825165,0.518752932548523,0.4951130449771881,walking
1783088283473892600,8.093892578125,1.0344609752736984,-1.9789269145846369,-0.1957031893640756,-0.3237377405166626,0.5014941692352295,0.5407397747039795,walking
1783088283483936500,8.1039365234375,0.7016494088552891,-2.112455825717002,0.2787134810060263,-0.2462975531816482,0.4563269317150116,0.5741581916809082,walking
1783088283493980700,8.113980712890625,0.222938986814022,-2.1224742386452853,0.6039601651281118,-0.1556418985128402,0.3408928513526916,0.6217552423477173,walking
1783088283504024800,8.12402490234375,0.122616618104279,-2.0364047055631875,0.9946294617533684,-0.0725986808538436,0.1446362733840942,0.6712650060653687,walking
1783088283514069500,8.134069580078124,0.2920946483656764,-1.9163859949976203,1.283421269181371,0.0084875645115971,-0.1032172366976738,0.7027198672294617,walking
1783088283524113700,8.14411376953125,0.3139643887378275,-1.9251137835934755,1.2159236039698125,0.0786216482520103,-0.3393280506134033,0.6994218230247498,walking
1783088283534157800,8.15415771484375,0.298763604735583,-2.1792697464480995,0.9368108945131302,0.108934186398983,-0.5518150925636292,0.6578208208084106,walking
1783088283544201700,8.16420166015625,0.3137535224661231,-2.1515904430143533,0.7316600778460502,0.1083826497197151,-0.7281200885772705,0.629938006401062,walking
1783088283554245600,8.17424560546875,0.47995004683882,-1.6117716184072195,0.6632564037054777,0.1013805270195007,-0.8664665222167969,0.6439129710197449,walking
1783088283564290600,8.18429052734375,0.6266795080669224,-0.9550555762559176,0.7355722828537226,0.097227856516838,-0.9525542855262756,0.6575217247009277,walking
1783088283574334700,8.194334716796876,0.6509848050229251,-0.521153579364717,0.7747264816343784,0.0684068650007247,-0.9493230581283568,0.6928911805152893,walking
1783088283584378600,8.204378662109375,0.6432230849802494,-0.1897334673047065,0.6890244666904211,0.012760380282998,-0.8865712881088257,0.7622380256652832,walking
1783088283594422500,8.214422607421875,0.8040430308811366,0.048142245747894,0.5542115070968866,-0.0504512935876846,-0.7851133346557617,0.8470242619514465,walking
1783088283604466700,8.224466796875,0.9635155076958238,0.0729252432182431,0.2649357155442238,-0.0955916047096252,-0.6874770522117615,0.9210371971130372,walking
1783088283614510600,8.234510498046875,1.270016720946133,-0.1277380527712404,-0.0100257194519042,-0.1144852638244628,-0.5971447825431824,0.9630833268165588,walking
1783088283624555500,8.244555419921875,1.503421718325466,-0.3880906783089041,-0.2913116812944412,-0.0805238336324691,-0.543757438659668,0.9563862681388856,walking
1783088283634599200,8.25459912109375,1.6255749567016955,-0.7219098143346607,-0.470516740322113,-0.0308833681046962,-0.5290253758430481,0.9001081585884094,walking
1783088283644643000,8.26464306640625,1.478195214871317,-1.0617083170309662,-0.5350397736370563,-0.0012253414606675,-0.5199136137962341,0.8041925430297852,walking
1783088283654687200,8.274687255859375,1.0927532975055276,-1.324972153840214,-0.5736772550672292,-0.0145245604217052,-0.5068663954734802,0.6734559535980225,walking
1783088283664731100,8.284731201171875,0.5798766942292451,-1.5307529389739036,-0.5550596483588218,-0.0689411908388137,-0.4840833246707916,0.5376709699630737,walking
1783088283674775000,8.294775146484374,0.2112162541858852,-1.6178768034145234,-0.6588742430984974,-0.1306119561195373,-0.4510117471218109,0.395201027393341,walking
1783088283684820200,8.3048203125,0.0556492603771388,-1.6868860422328114,-0.9796733001619576,-0.1917099207639694,-0.4115338325500488,0.2598027288913727,walking
1783088283694864100,8.314864013671874,0.0815266289554536,-1.6400182003349064,-1.3143150046169758,-0.2397703677415847,-0.3998637497425079,0.17132368683815,walking
1783088283704908000,8.324907958984374,0.1578162340402603,-1.414569130396098,-1.6664643087118862,-0.231704443693161,-0.3611752092838287,0.1246651113033294,walking
1783088283714952000,8.334951904296876,0.1520432035967707,-1.3417103765428064,-2.1245359934806824,-0.1379560232162475,-0.2950068116188049,0.1089522019028663,walking
1783088283724996000,8.34499609375,0.0963845908693969,-1.3246753628507255,-2.5832635118097067,0.0164921320974826,-0.1992613822221756,0.1005019918084144,walking
1783088283735040300,8.355040283203126,0.2069523131310939,-1.3653278373651203,-2.852299063888192,0.1536601036787033,-0.1380883008241653,0.0878479853272438,walking
1783088283745085000,8.3650849609375,0.5490764822959899,-1.2588558599844577,-2.734113998490572,0.2310257405042648,-0.1202523037791252,0.0997539088129997,walking
1783088283755129000,8.375129150390626,0.7708321045443415,-0.7861060999132692,-2.6578245395362377,0.2640044689178467,-0.0751226097345352,0.1415799856185913,walking
1783088283765173200,8.38517333984375,0.8434658174701034,-0.2686335471488535,-2.671314720228314,0.2939069867134094,0.0089435372501611,0.2326523661613464,walking
1783088283775217200,8.395217041015625,1.014370811794698,0.3855551684819162,-2.6100714392364024,0.348628431558609,0.0881377905607223,0.3780883848667145,walking
1783088283785261000,8.405260986328125,1.3685733951576051,1.1198080393001435,-2.341286647048592,0.4216858446598053,0.0909650027751922,0.5663387179374695,walking
1783088283795306200,8.41530615234375,1.7820156646050511,1.5945004578717052,-1.8425690636366605,0.4977154433727264,0.0101532824337482,0.7925037145614624,walking
1783088283805350100,8.42535009765625,2.2462235140413043,2.023176244547218,-1.1339490851163865,0.5655080676078796,-0.1825408041477203,1.0512422323226929,walking
1783088283815394000,8.43539404296875,2.6830846529990433,2.3382766515776514,-0.2228250050455331,0.624704122543335,-0.4707866311073303,1.3049758672714231,walking
1783088283825438000,8.44543798828125,2.980027618178725,2.289936983561516,0.7862900781780481,0.6598594188690186,-0.8039427399635315,1.4913311004638672,walking
1783088283835482000,8.455482177734375,2.9311045973166823,1.9689314441405237,1.7689853565096854,0.6537696123123169,-1.1188626289367676,1.5885499715805054,walking
1783088283845526300,8.4655263671875,2.642153799934685,1.7339331862203775,2.566068631380796,0.6127785444259644,-1.3830665349960327,1.6295799016952517,walking
1783088283855571000,8.475571044921875,2.2420158332183955,1.5193062468081713,3.086088530540466,0.5619803071022034,-1.5839579105377195,1.63427996635437,walking
1783088283865615000,8.485614990234374,1.7654814400419592,1.4115712637543678,3.3580285718888043,0.525629997253418,-1.7212774753570557,1.6270673274993896,walking
1783088283875659000,8.495658935546874,1.1719289794206618,1.3470400471329689,3.241206611537933,0.5039080381393433,-1.7429553270339966,1.592644214630127,walking
1783088283885703200,8.505703125,0.5969254441857338,1.2119473938152194,2.6378485039561985,0.5004342198371887,-1.6524465084075928,1.52434241771698,walking
1783088283895747000,8.5157470703125,0.1550458925440907,1.0557495547570288,1.6523083575874566,0.5109873414039612,-1.4424028396606443,1.4393240213394165,walking
1783088283905791000,8.525791015625,-0.1878697192594408,0.7808098932012915,0.1989203978449106,0.5096741318702698,-1.1222094297409058,1.340853929519653,walking
1783088283915836200,8.535836181640626,-0.5322010430797934,0.3287903480783105,-1.4259931723386048,0.5085532069206238,-0.7253374457359314,1.2113239765167236,walking
1783088283925880300,8.54588037109375,-0.7995850285589694,-0.1160268644504249,-2.9397447076290844,0.5138313174247742,-0.2771167457103729,1.0687687397003174,walking
1783088283935924000,8.555924072265626,-0.8970897094994783,-0.4494881269492208,-3.900634981387854,0.4976697862148285,0.1184703707695007,0.9283193349838256,walking
1783088283945968000,8.565968017578125,-0.6020353345453738,-0.6327994522519409,-3.992318408828974,0.4487254023551941,0.3895284831523895,0.8168133497238159,walking
1783088283956012000,8.576011962890625,-0.1511938932910561,-0.5946379177704453,-3.4288311238646507,0.3818115293979645,0.5129084587097168,0.7454586625099182,walking
1783088283966056200,8.58605615234375,0.138370359814167,-0.4430386585488915,-2.5585429120510814,0.3328242897987366,0.5148211121559143,0.742255449295044,walking
1783088283976101000,8.59610107421875,0.3428863857090473,-0.0818229815535247,-1.6156991671144962,0.3366703689098358,0.4360317289829254,0.7994561791419983,walking
1783088283986145000,8.60614501953125,0.4617556339785456,0.1481307063281536,-0.777442754855752,0.4024944007396698,0.3197908699512481,0.8722076416015625,walking
1783088283996189200,8.616189208984375,0.5199246220916509,0.2403042553737759,-0.117583007851243,0.4858669340610504,0.1992453634738922,0.9489523768424988,walking
1783088284006233000,8.626233154296875,0.4975295426711439,0.3395062417514622,0.3476069844901561,0.5406127572059631,0.0841360911726951,1.0264626741409302,walking
1783088284016277000,8.636277099609375,0.4754994971707463,0.4929824007607996,0.6950871277302503,0.5345421433448792,-0.0237295720726251,1.1061049699783323,walking
1783088284026322200,8.646322265625,0.5019856452971696,0.6114053665675222,0.908735139107704,0.5021450519561768,-0.1207453310489654,1.208287000656128,walking
1783088284036366000,8.656365966796875,0.3182631088450551,0.8063369870372116,0.9814449860095976,0.4844498336315155,-0.1847289651632309,1.332217812538147,walking
1783088284046410000,8.666409912109375,0.1678407844483852,0.9662174601309,1.1012591139137744,0.4792401492595672,-0.2286514043807983,1.4528241157531738,walking
1783088284056454100,8.6764541015625,0.1332739134579897,0.921052915019542,1.2409253587573763,0.465290367603302,-0.2659340798854828,1.5544353723526,walking
1783088284066498000,8.686498046875,0.0293821618288755,0.8125611222490667,1.356012458139658,0.4333404004573822,-0.3025749027729034,1.617802381515503,walking
1783088284076542200,8.696542236328124,-0.0900192936211824,0.5357691108249127,1.3415969792962072,0.3930939435958862,-0.3385778963565826,1.6330654621124268,walking
1783088284086587100,8.706587158203124,-0.0975800842642784,0.1763217586763203,1.0541659388273954,0.3892699182033539,-0.3562271893024444,1.6077594757080078,walking
1783088284096631000,8.716631103515626,-0.1322644441545009,-0.2057028975918889,0.528662055298686,0.4624819755554199,-0.2733860611915588,1.53347909450531,walking
1783088284106675200,8.72667529296875,-0.2541588854640722,-0.5680306274823844,0.088901103246212,0.555875837802887,-0.1829938292503357,1.4312493801116943,walking
1783088284116719000,8.736718994140626,-0.2756424029976129,-0.9669669633239508,0.110630119973421,0.6187502145767212,-0.1274353712797165,1.324906826019287,walking
1783088284126763000,8.746762939453125,-0.1539727103546261,-1.1767638522312045,0.2251660152137279,0.6578590273857117,-0.0781631767749786,1.2344437837600708,walking
1783088284136807200,8.75680712890625,-0.037898645761609,-1.20778735152632,0.1168845041930675,0.6772267818450928,-0.0581733286380767,1.152674674987793,walking
1783088284146852000,8.76685205078125,0.2409840543314814,-1.2478230093166232,0.0690092388182878,0.665857195854187,-0.0407005958259105,1.084819793701172,walking
1783088284156896000,8.77689599609375,0.4656804062068462,-1.147962997421622,-0.0550344894796609,0.6396793127059937,-0.0125205293297767,1.0452030897140503,walking
1783088284166940200,8.786940185546875,0.5953171322062611,-0.916404358561337,-0.3563140225589275,0.6173995733261108,0.0570870451629161,1.0241868495941162,walking
1783088284176984000,8.796984130859375,0.7849725658386946,-0.5746500456221402,-0.6617588586241007,0.5807088613510132,0.1133302673697471,1.0601457357406616,walking
1783088284187028200,8.8070283203125,0.9599544542133808,-0.0359447352148592,-0.5368909544616938,0.521016538143158,0.1397421658039093,1.1818572282791138,walking
1783088284197072100,8.817072021484375,1.196324877269566,0.4346522307366132,-0.3934270709007978,0.4574318528175354,0.165541335940361,1.3153448104858398,walking
1783088284207117000,8.827116943359375,1.329922615854442,0.5434899143353105,-0.3866618145495653,0.4110419750213623,0.2005328685045242,1.4260923862457275,walking
1783088284217161200,8.8371611328125,1.5328718308240177,0.5919361114658415,-0.393167543181777,0.3915893137454986,0.2234540581703186,1.5496591329574585,walking
1783088284227205000,8.847205078125,1.7978475861176848,0.8055807618424295,-0.3176660197347402,0.3941129446029663,0.2504750192165375,1.6720463037490845,walking
1783088284237249000,8.8572490234375,1.985280813656002,0.9623715983577072,-0.3307955504208803,0.4050883054733276,0.340800940990448,1.7508405447006226,walking
1783088284247293000,8.86729296875,1.8337905677668749,0.7853105656214058,-0.6188941148877144,0.4223895370960235,0.4979657828807831,1.7628343105316162,walking
1783088284257337000,8.877337158203124,1.2542732083693149,0.4552718249171972,-0.926426863142848,0.4250564873218536,0.6437183618545532,1.7828726768493652,walking
1783088284267382300,8.88738232421875,0.9937472720913588,0.3741729198545217,-0.8345482053905725,0.4244761765003204,0.6949307322502136,1.8317749500274656,walking
1783088284277426000,8.897426025390626,1.0537300316281617,0.5563254305109382,-0.4698258354485035,0.4319269061088562,0.6269447207450867,1.8751496076583865,walking
1783088284287470000,8.907469970703126,1.26732280568704,0.7411103354975581,0.0546785156488418,0.4440456032752991,0.4329134523868561,1.9088263511657717,walking
1783088284297514200,8.91751416015625,1.5736892866417764,0.9935415203861891,0.7385603587538003,0.4539404511451721,0.1450195908546447,1.9279624223709104,walking
1783088284307558100,8.92755810546875,1.7531592802159488,1.2347463778614998,1.384067170757055,0.4684543907642364,-0.179140105843544,1.9547466039657593,walking
1783088284317603000,8.93760302734375,1.7151970676988362,1.45761405300498,1.8878952290505169,0.4823924899101257,-0.4786375164985657,1.9909495115280151,walking
1783088284327647200,8.947647216796875,1.487688434881717,1.420133340394497,2.201238124889135,0.4833618998527527,-0.7035571932792664,1.985570192337036,walking
1783088284337691100,8.957691162109375,1.3102679211832582,0.918997443794459,2.1798925545215604,0.4342643618583679,-0.8259509205818176,1.8939417600631712,walking
1783088284347735000,8.967735107421875,1.362894034346938,0.2427797055765986,1.9423989726543425,0.3079780638217926,-0.9578293561935424,1.7442585229873655,walking
1783088284357779000,8.977779052734375,1.382909525154531,-0.3107840051360428,1.916484194675088,0.1566652655601501,-1.1319515705108645,1.6139826774597168,walking
1783088284367823000,8.987822998046875,1.1732153659693896,-0.5298701159141957,1.7970219489485024,0.072361834347248,-1.257112741470337,1.540683627128601,walking
1783088284377868300,8.997868408203125,0.6253372996777296,-0.4377122028291225,0.9015116175949572,0.0709388628602027,-1.2028754949569702,1.5485798120498655,walking
1783088284387912000,9.007911865234377,0.3253478064090013,0.0461659772388637,-0.7987713740885257,0.1045018881559372,-0.901034951210022,1.6291282176971436,walking
1783088284397956000,9.0179560546875,0.445048244805634,0.833144768333435,-2.8375065684258938,0.1437195986509323,-0.3885883688926697,1.786397099494934,walking
1783088284408000000,9.028,0.3121756056249141,1.808722762005776,-4.513116306623816,0.1992406398057937,0.2229959070682525,1.968150615692139,walking
1783088284418044200,9.038044189453124,-0.0252343944996595,2.4062685300469395,-4.993491593137383,0.2927605211734772,0.7527182102203369,2.1343061923980713,walking
1783088284428088000,9.048088134765624,-0.3881470846712589,2.515671154052019,-4.244153235259652,0.3353117108345032,1.0936180353164673,2.2303786277770996,walking
1783088284438133000,9.058133056640624,-0.4304033411204814,2.027403652983904,-2.645792740958929,0.2364067882299423,1.1645612716674805,2.2412021160125732,walking
1783088284448177200,9.06817724609375,-0.5486372140958905,1.4728911171138286,-0.8442840019851923,0.0583941750228405,1.0796923637390137,2.186311721801758,walking
1783088284458221300,9.07822119140625,-0.6560564091987907,1.0767679389968514,0.2382832709401846,-0.076679490506649,0.9114429950714112,2.1086485385894775,walking
1783088284468265000,9.088264892578126,-0.190060799562931,0.9375181659996508,0.8181453521221875,-0.1121280267834663,0.6504433751106262,2.0291595458984375,walking
1783088284478309000,9.09830908203125,0.519334108852595,0.8803818819351493,1.1787275535196065,-0.0941767692565918,0.3248402774333954,1.9271037578582764,walking
1783088284488353000,9.10835302734375,1.1609664175100625,0.523167549535632,1.3826298314303158,-0.1003393232822418,-0.0165894888341426,1.7947715520858765,walking
1783088284498398000,9.11839794921875,1.5317878349795937,0.0015199030436575,1.4736393051326273,-0.137172132730484,-0.3202678859233856,1.6309021711349487,walking
1783088284508442000,9.128442138671875,1.6598371456570922,-0.5317385401345789,1.291053956016898,-0.1663028448820114,-0.5082330107688904,1.4705302715301514,walking
1783088284518486000,9.138486083984375,1.5355021793276071,-0.7569095237843692,0.8630161749839782,-0.1441943943500518,-0.5735415816307068,1.3576395511627195,walking
1783088284528530200,9.1485302734375,1.364318075800687,-0.69369377367571,0.4577583810359239,-0.0764310583472251,-0.57038813829422,1.2848306894302368,walking
1783088284538574300,9.15857421875,1.2585453327305614,-0.569817072507739,0.2444967386275529,-0.001442790380679,-0.5400812029838562,1.232895016670227,walking
1783088284548618000,9.168617919921877,1.1864202999792992,-0.4332952631697058,0.1180026945680379,0.0516971237957477,-0.4932543635368347,1.2016401290893557,walking
1783088284558663200,9.1786630859375,1.1497856828041375,-0.3634292613916098,0.057149289676547,0.0747924894094467,-0.4338048100471496,1.1854881048202517,walking
1783088284568707000,9.18870703125,1.090616869998723,-0.2473855919368565,-0.0090519059836864,0.0714963003993034,-0.4065124690532684,1.20562481880188,walking
1783088284578751000,9.1987509765625,1.252466597338766,-0.1360679280906915,0.1090437275648117,0.0675969049334526,-0.4359456896781921,1.2443716526031494,walking
1783088284588795100,9.208795166015625,1.5827435307130218,-0.149998546026647,0.3269453047335147,0.0874792635440826,-0.4704911410808563,1.284732222557068,walking
1783088284598839000,9.218839111328125,1.827428193128109,-0.2921197828069329,0.2473380995333194,0.1396384686231613,-0.4598892629146576,1.3322927951812744,walking
1783088284608884200,9.22888427734375,1.813663433278352,-0.3376251041799784,0.0796434455573558,0.2048196047544479,-0.4335308969020843,1.374895691871643,walking
1783088284618928000,9.23892822265625,1.7471274527058005,-0.4667898287534713,0.2057014362871646,0.2509973645210266,-0.3984770178794861,1.3820501565933228,walking
1783088284628972000,9.248971923828124,1.673744236586988,-0.653992316275835,0.4294394645243883,0.2782880961894989,-0.3367156684398651,1.3718504905700684,walking
1783088284639016200,9.25901611328125,1.6183780309349298,-0.5306102667570114,0.599623597228527,0.2700578570365906,-0.2792220413684845,1.383467674255371,walking
1783088284649060400,9.269060302734376,1.4844938766241074,-0.192348179847747,0.7198094810545445,0.2200423777103424,-0.2295964211225509,1.4187910556793213,walking
1783088284659104000,9.27910400390625,1.2058695352062585,-0.07232946928218,0.6609662469416856,0.1679552495479583,-0.1892680525779724,1.4539130926132202,walking
1783088284669149200,9.289149169921876,1.0340499102547764,-0.1300327395796775,0.4492418971031904,0.1469133496284485,-0.1670519560575485,1.4813153743743896,walking
1783088284679193300,9.299193359375,1.0324810535028577,-0.2650225170448422,0.1744242544919252,0.1479129195213318,-0.1648811548948288,1.4872931241989136,walking
1783088284689237000,9.309237060546875,1.125184617771953,-0.5160533336162567,-0.1288075816988945,0.1507577151060104,-0.1804475933313369,1.469227313995361,walking
1783088284699281200,9.31928125,1.348044109608978,-0.6567008445821703,-0.3283358823090792,0.1319664269685745,-0.213161900639534,1.4361814260482788,walking
1783088284709325300,9.3293251953125,1.4055834215164185,-0.7309364397466183,-0.4596300201267004,0.0994620248675346,-0.2174983322620391,1.39837384223938,walking
1783088284719369200,9.339369140625,1.371038031705469,-0.7723571221545338,-0.6898486425548791,0.0729334950447082,-0.1654146760702133,1.3566941022872925,walking
1783088284729414100,9.3494140625,1.2482896039150655,-0.7629444200344383,-0.7748965775042772,0.054144624620676,-0.0895574614405632,1.3219611644744873,walking
1783088284739458300,9.359458251953123,1.2192670691788197,-0.8289584225594997,-0.6527449465632438,0.0384133234620094,-0.0349244363605976,1.2884843349456787,walking
1783088284749502200,9.369502197265623,1.2362962376520037,-0.7952290253065526,-0.3851648539900779,0.0289572365581989,0.0064786644652485,1.2593532800674438,walking
1783088284759546400,9.37954638671875,1.2784943341732025,-0.7507312735408544,-0.1270651219457388,0.011843011714518,0.018605314195156,1.227047562599182,walking
1783088284769590000,9.389590087890625,1.3218588441252708,-0.7802015520446002,0.1616378381550312,-0.0053002880886197,-0.004040609113872,1.1934411525726318,walking
1783088284779634200,9.39963427734375,1.2740421770699322,-0.7437357155650853,0.3482160562992096,-0.0181961171329021,-0.0595028437674045,1.1623634099960327,walking
1783088284789679400,9.409679443359376,1.113682834418118,-0.7923597534805535,0.4120715656161308,-0.0258990433067083,-0.1383880674839019,1.149639368057251,walking
1783088284799723300,9.41972314453125,0.9194400729954242,-0.8448200085580349,0.4589490521252155,-0.0164683479815721,-0.2327109724283218,1.1471091508865356,walking
1783088284809767200,9.42976708984375,0.9117115245699882,-0.7897032476224005,0.5017319627970457,0.0019042671192437,-0.3290122151374817,1.1416233777999878,walking
1783088284819811000,9.43981103515625,0.8568408473499118,-0.7899842565208673,0.3133604314953088,0.0143723944202065,-0.3979480266571045,1.1382008790969849,walking
1783088284829855200,9.449855224609376,0.7887585141181945,-0.7920446961820126,0.1154728838294744,0.0271012410521507,-0.4207457602024078,1.1387470960617063,walking
1783088284839899400,9.4598994140625,0.7242670449852943,-0.6133296126283705,-0.0363671984106302,0.0454608909785747,-0.3862215578556061,1.1459399461746216,walking
1783088284849944000,9.469944091796876,0.7137487197108566,-0.3774005035988986,-0.2967816371381283,0.0755053386092186,-0.2992089092731476,1.1550434827804563,walking
1783088284859988200,9.47998828125,0.8434699091233313,-0.1202260697059333,-0.6145809278637171,0.0928659588098526,-0.1852948069572448,1.1665973663330078,walking
1783088284870032400,9.490032470703126,0.9523658987805248,0.0888046571344137,-0.804688489177823,0.0840231999754905,-0.0678709894418716,1.1801426410675049,walking
1783088284880076300,9.500076171875,0.9747219613648952,0.2313182542331516,-0.7918132255136966,0.0371646583080291,0.0292400643229484,1.1873506307601929,walking
1783088284890120200,9.5101201171875,0.8922782175645232,0.2527386434026062,-0.5970441021293401,-0.0325952470302581,0.077570840716362,1.1864763498306274,walking
1783088284900165400,9.520165283203124,0.8406304479137062,0.061849137930572,-0.2855681692063808,-0.0946862623095512,0.0704223290085792,1.153616189956665,walking
1783088284910209300,9.530209228515623,0.7630592785857617,-0.2690446121677756,-0.0960614963948726,-0.1233495995402336,0.0309524200856685,1.090794563293457,walking
1783088284920253200,9.540253173828123,0.6927218599036336,-0.5030915607124566,-0.0428799413055181,-0.1128520965576171,-0.0218145810067653,0.9994046688079834,walking
1783088284930297000,9.550297119140623,0.7703361377209424,-0.6337026847019791,0.1043874261915683,-0.0798174515366554,-0.0720668360590934,0.8899231553077698,walking
1783088284940341200,9.56034130859375,0.8508044897951185,-0.6239063900917768,0.2021159790158271,-0.0379031039774417,-0.1235547736287117,0.794014573097229,walking
1783088284950385400,9.570385498046877,0.8466000238426029,-0.509060698249936,0.3231710468918085,0.0298863258212804,-0.1689443588256836,0.7150976061820984,walking
1783088284960430000,9.58043017578125,0.9496814820021392,-0.4085597581028938,0.476680523648858,0.0763784945011138,-0.2627053558826446,0.6509684324264526,walking
1783088284970474200,9.59047412109375,0.9925061859890818,-0.4190875818580389,0.6168167240917682,0.0768096670508384,-0.4040946960449219,0.6152061820030212,walking
1783088284980518400,9.600518310546876,0.9255413124799728,-0.6168418585330248,0.4379460115849971,0.0682019367814064,-0.5467227101325989,0.6016455292701721,walking
1783088284990562300,9.610562255859374,0.9476828555308282,-0.8117132732480764,0.1651157433986663,0.0694333761930465,-0.6805406808853149,0.6131994128227234,walking
1783088285000606200,9.620606201171874,1.0836185355439782,-0.9591928221911192,-0.0624602555662393,0.0827264562249183,-0.7913908362388611,0.631796658039093,walking
1783088285010650000,9.630650146484374,1.3096369298033417,-1.0050696072250604,-0.37410160818398,0.0752320513129234,-0.8762165307998657,0.6564434170722961,walking
1783088285020695300,9.6406953125,1.45938573885262,-0.8320075809970497,-0.6647650547027587,0.0402701236307621,-0.872835636138916,0.6746968030929565,walking
1783088285030739200,9.6507392578125,1.4641941620476544,-0.4857981883451342,-1.069547047832608,0.0145000470802187,-0.7949184775352478,0.6964154243469238,walking
1783088285040783000,9.660783203125,1.436286748946458,-0.0755935856446623,-1.433178699928522,0.0320365652441978,-0.6690995693206787,0.709522545337677,walking
1783088285050827300,9.6708271484375,1.3581642293460667,0.1218716449558734,-1.6749474748969078,0.1101958081126213,-0.486418217420578,0.7094419002532959,walking
1783088285060871200,9.68087109375,1.0430964094109834,0.0888204392254352,-1.9365578454107044,0.2311917394399643,-0.2579818367958069,0.7238051295280457,walking
1783088285070915300,9.690915283203124,0.5374325139924884,-0.0873629338935017,-2.0260428860247135,0.3628744184970855,0.017499815672636,0.7779423594474792,walking
1783088285080960300,9.700960205078124,0.2130914004079997,-0.0697466131821274,-2.0339672492831946,0.4500574767589569,0.2939003109931946,0.8493256568908691,walking
1783088285091004200,9.711004150390623,0.2081727948367595,0.0257487737625837,-1.868687839755416,0.4694508612155914,0.5300728678703308,0.901344895362854,walking
1783088285101048300,9.72104833984375,0.2621712192669511,0.2401858896911144,-1.4794634812414644,0.4281077682971954,0.7187159657478333,0.9304252862930298,walking
1783088285111092200,9.73109228515625,0.4009478217944502,0.5770367946282029,-1.0800918227225542,0.3454757332801819,0.854878306388855,0.9557687640190125,walking
1783088285121136000,9.74113623046875,0.3528615440174937,0.8240162899821997,-0.7169990998089313,0.236197143793106,0.8612874150276184,0.9939683079719543,walking
1783088285131180300,9.75118017578125,0.3711174778066575,1.0492810893952846,-0.2133504897356033,0.1333642303943634,0.7370432615280151,1.0379009246826172,walking
1783088285141225200,9.76122509765625,0.4427824918307363,1.2381409887358543,0.2017676039695739,0.0734813064336776,0.4975531697273254,1.0517456531524658,walking
1783088285151269000,9.77126904296875,0.5964252395786345,1.3773589052900672,0.3465092523813247,0.082711286842823,0.2216057330369949,1.0714915990829468,walking
1783088285161313300,9.781313232421876,0.4800539456047117,1.6432780789136885,0.396660645994544,0.1356667280197143,-0.0213123690336942,1.1100069284439087,walking
1783088285171357200,9.791357177734374,0.1860913844753056,1.578011241494119,0.6479770015090703,0.1765268146991729,-0.2336976081132888,1.137699007987976,walking
1783088285181401300,9.8014013671875,-0.2223890978462994,1.1848410679638386,1.1040034441858528,0.2115072458982467,-0.4206708967685699,1.130906343460083,walking
1783088285191445000,9.811445068359374,-0.4304632546141743,0.7954039434820414,1.518238325315714,0.2573642432689667,-0.5909968018531799,1.1070488691329956,walking
1783088285201490200,9.821490234375,-0.4829017362512647,0.5763546575829387,1.7600071002840996,0.327085942029953,-0.7199538946151733,1.0685423612594604,walking
1783088285211534300,9.831534423828124,-0.4513213337257504,0.4830722705125808,1.6569120519906282,0.4100380837917328,-0.7564802169799805,1.029041051864624,walking
1783088285221578200,9.841578125,-0.5630078308843076,0.4697713287822901,1.1443401307493448,0.4724428951740265,-0.69267338514328,0.9963650107383728,walking
1783088285231622100,9.8516220703125,-0.8965592558845877,0.3526652907930314,0.5686199716776609,0.4898676872253418,-0.5565123558044434,0.9567060470581056,walking
1783088285241666300,9.861666259765624,-1.309041740389168,0.0433351377271115,0.0022276129215955,0.4616825878620147,-0.3505521714687347,0.904060423374176,walking
1783088285251710200,9.871710205078124,-1.6877400287136437,-0.1725358103968202,-0.699636461597681,0.4442761540412903,-0.103834792971611,0.8561397790908813,walking
1783088285261755100,9.881755126953124,-1.7284448179371654,-0.0163350487291812,-1.240401627144217,0.4202008247375488,0.1388696879148483,0.8207921981811523,walking
1783088285271799300,9.89179931640625,-1.4239688269041475,0.313860928363353,-1.7804028225809334,0.3933151364326477,0.3752486705780029,0.790484607219696,walking
1783088285281843200,9.90184326171875,-1.0376872438438236,0.6139663030967116,-1.976591165113449,0.3136958479881286,0.5760290026664734,0.7551987767219543,walking
1783088285291887400,9.911887451171877,-0.777710319750756,0.6183014096915721,-1.7379110038101673,0.1742450147867202,0.6988419890403748,0.7245977520942688,walking
1783088285301931300,9.92193115234375,-0.7371537068262696,0.3915647841602563,-1.308720545610785,0.0553512386977672,0.7470173835754395,0.6917540431022644,walking
1783088285311975200,9.93197509765625,-0.5146775152184069,0.1718104187317192,-0.8183306455612183,0.002143143909052,0.7256226539611816,0.6650068759918213,walking
1783088285322020400,9.942020263671877,-0.0275402602892369,0.148175568383187,-0.1424427238196134,0.005967061035335,0.6276238560676575,0.62687087059021,walking
1783088285332064300,9.952064208984376,0.2497496907196938,0.1774089693911373,0.5664058027595281,0.0043068462982773,0.4657279253005981,0.5797411799430847,walking
1783088285342108200,9.962108154296876,0.3098509620696306,0.100032299721986,1.0061918892532586,0.0051569649949669,0.3224515318870544,0.5727433562278748,walking
1783088285352152000,9.972152099609374,0.1566349153012037,0.1426493523076176,1.1743319489091637,0.0379604510962963,0.1971420645713806,0.5870444774627686,walking
1783088285362196200,9.9821962890625,-0.0951070452142506,0.0455789711311459,1.4612860195159911,0.0681991353631019,0.0670787245035171,0.5842331647872925,walking
1783088285372241200,9.9922412109375,-0.292455298371613,-0.1632721613585948,1.6094430293291806,0.0938762724399566,-0.0283402074128389,0.5712158679962158,walking
1783088285382285000,10.00228515625,-0.423240609884262,-0.3213854786492884,1.4332219545483589,0.1033422499895095,-0.108315609395504,0.557831883430481,walking
1783088285392329200,10.0123291015625,-0.6042530105948448,-0.3365894775219261,1.0848825641304254,0.0916584283113479,-0.151380255818367,0.558271050453186,walking
1783088285402373400,10.022373291015626,-0.7018109560925513,-0.3048907093137502,0.6602279957950115,0.0810673609375953,-0.1366060972213745,0.5766043663024902,walking
1783088285412417300,10.032417236328126,-0.7144177780788391,-0.2813156263284385,0.3598269991159439,0.0687952488660812,-0.122620515525341,0.608537495136261,walking
1783088285422461200,10.042461181640626,-0.555804110050574,-0.3032518560655415,0.2780021178662776,0.0650496333837509,-0.0504894442856311,0.6387755870819092,walking
1783088285432506400,10.05250634765625,-0.413323100047186,-0.3930721199832856,0.1740565902233123,0.0480328351259231,0.0398084931075573,0.6287964582443237,walking
1783088285442550300,10.06255029296875,-0.2990045738846063,-0.5340438944675028,0.4485463160544634,-0.0013641484547406,0.1116413325071334,0.5907827615737915,walking
1783088285452594200,10.07259423828125,-0.0285309518270194,-0.5291577298611402,0.9098965841025114,-0.0772477239370346,0.0674813315272331,0.5309061408042908,walking
1783088285462638000,10.08263818359375,0.2426455578029155,-0.7863432696700096,1.1104764395922422,-0.133473128080368,-0.0687750428915023,0.4803142547607422,walking
1783088285472682200,10.09268212890625,0.2608087718073278,-1.0297868459828197,0.8503565998971462,0.0151549568399786,-0.236951008439064,0.3736141622066498,walking
1783088285482726400,10.102726318359377,0.4472124371021986,-1.1138267729334532,0.7578793917298317,0.1015902534127235,-0.5245304703712463,0.3492112457752228,walking
1783088285492771000,10.11277099609375,0.2251666728008538,-1.0415559019707143,0.0927630393713712,0.1804866790771484,-0.552947461605072,0.3527804315090179,walking
1783088285502815200,10.122815185546877,-0.150963372470811,-1.144576569853723,-0.2556745507240295,0.2293608039617538,-0.5176534056663513,0.3267569839954376,walking
1783088285512859100,10.132859130859377,-0.219116286720708,-1.2870625482931732,0.0808265178620815,0.2594459950923919,-0.4166056513786316,0.3395326733589172,walking
1783088285522903300,10.1429033203125,-0.3737036218423396,-0.716990331980586,0.0548538722157478,0.301401674747467,-0.2522229254245758,0.4410599172115326,walking
1783088285532947200,10.152947265625,-0.1483809547621756,0.2649460908077657,-0.1275450144171714,0.3269408643245697,-0.0857170224189758,0.5977963209152222,walking
1783088285542991000,10.1629912109375,0.2880325134932994,0.8971043225467205,-0.0681400547683239,0.3009520769119262,0.0425296798348426,0.7134913802146912,walking
1783088285553036300,10.173036376953124,0.289933670939505,0.4603061658225953,-0.0817623374074697,0.2233286648988723,0.0792453587055206,0.6882385015487671,walking
