time,seconds_elapsed,accel_x,accel_y,accel_z,gyro_x,gyro_y,gyro_z,label
1783087997807719200,0.06071923828125,0.5761835387997329,-0.258760241779685,-0.2937263412207365,0.0556496530771255,0.0121592860668897,-0.0049299197271466,walking
1783087997817763000,0.07076318359375,0.5742741980470717,-0.102938980948925,-0.3157616474181413,0.122709110379219,0.0199881810694932,0.0139407068490982,walking
1783087997827807200,0.08080712890625,0.4743361524797976,0.0317706644006073,-0.3071463792860507,0.1880968660116195,0.0211297087371349,0.0549181997776031,walking
1783087997837852200,0.09085205078125,0.4340463737979531,0.0008289981700479,-0.1848199763000011,0.2330171912908554,0.0052372943609952,0.0931398868560791,walking
1783087997847896000,0.10089599609375,0.4870364979684352,-0.1160166353173553,-0.0334352366119623,0.2217876762151718,-0.0090276123955845,0.1208457201719284,walking
1783087997857940200,0.110940185546875,0.581731820576638,-0.1805284165859222,0.1584077701926231,0.1545572280883789,-0.0412686392664909,0.1570460647344589,walking
1783087997867984400,0.120984375,0.7589208636067807,-0.1531577407099306,0.3001496522665023,0.0577697530388832,-0.0946887731552124,0.1906366050243377,walking
1783087997878028000,0.131028076171875,0.8900035506308078,-0.1368460728563368,0.2638648714423179,-0.0280471518635749,-0.1262554824352264,0.2351635992527008,walking
1783087997888072200,0.141072265625,0.9015779608294368,-0.0892614609912037,0.0415706122726202,-0.0746480375528335,-0.1195566952228546,0.2921995818614959,walking
1783087997898117400,0.151117431640625,0.7988004540525376,-0.0431451681129634,-0.1412538062959909,-0.0912890657782554,-0.0687268003821373,0.3489592671394348,walking
1783087997908161300,0.161161376953125,0.5968268061168491,-0.0934280791513621,-0.1731406444221735,-0.1020170226693153,0.0040440279990434,0.4044194519519806,walking
1783087997918205200,0.171205078125,0.3991815427742898,-0.1328495505660772,-0.0621972207158803,-0.1177935898303985,0.0663657262921333,0.4443125426769256,walking
1783087997928249000,0.1812490234375,0.2951354773662984,-0.244149824886024,0.0503898785442113,-0.151919737458229,0.1042699441313743,0.4652677178382873,walking
1783087997938293200,0.191293212890625,0.3931285263456404,-0.351233796685189,0.1673041933536529,-0.1829351782798767,0.0848781391978263,0.4676672220230102,walking
1783087997948337400,0.20133740234375,0.5638464736655354,-0.3877716754876077,0.1133206742316484,-0.165528267621994,0.0485660322010517,0.4696957170963287,walking
1783087997958382000,0.211382080078125,0.5124583778642118,-0.3915333661086857,-0.1599403865873813,-0.1140789315104484,0.022650808095932,0.4516128599643707,walking
1783087997968426200,0.22142626953125,0.4735794888935983,-0.5276623767368496,-0.3350719125658273,-0.0739389210939407,0.0175254587084054,0.4150692522525787,walking
1783087997978470400,0.231470458984375,0.3325866716213524,-0.6660359514214098,-0.3478057219326496,-0.0703340694308281,0.0162127874791622,0.3786555826663971,walking
1783087997988514300,0.241514404296875,0.170216135277599,-0.7792766922846436,-0.1763426553338766,-0.0993828549981117,0.0074820248410105,0.3394761085510254,walking
1783087997998558200,0.25155810546875,0.1067168920524418,-0.898719502658397,0.000852232915163,-0.1582064926624298,0.0028513204306364,0.2964463531970978,walking
1783087998008602000,0.26160205078125,0.009352934756875,-0.9343478654004632,0.0429512529760599,-0.2104677855968475,-0.0091646444052457,0.2606647312641144,walking
1783087998018646300,0.271646240234375,0.0994020389944315,-0.8278478309690952,0.0282107799619436,-0.2133911401033401,-0.0265548210591077,0.2382318675518036,walking
1783087998028691200,0.281691162109375,0.2487771924257278,-0.7691008968375623,-0.0374199223339557,-0.1936719417572021,-0.0632038339972496,0.2379373908042907,walking
1783087998038735000,0.291735107421875,0.362952437660098,-0.6874326674543321,-0.0632096126288175,-0.1758482009172439,-0.1257013082504272,0.2543078362941742,walking
1783087998048779300,0.301779296875,0.4262655106633901,-0.656306730698049,-0.1327349842756986,-0.1579450964927673,-0.1716779023408889,0.2815543115139007,walking
1783087998058823200,0.3118232421875,0.4484463628113269,-0.6932661959134042,-0.2617997556060552,-0.1368030607700348,-0.1910643875598907,0.3094999194145202,walking
1783087998068867300,0.321867431640625,0.4195473083242774,-0.6849893659554421,-0.3127800012588501,-0.1074096113443374,-0.1923932135105133,0.3303817510604858,walking
1783087998078911200,0.3319111328125,0.3917706819958985,-0.6488691280432045,-0.2424959201991558,-0.0664619207382202,-0.1820023655891418,0.3460744023323059,walking
1783087998088956200,0.3419560546875,0.3829113759748637,-0.6447068937972188,-0.1362695881426334,-0.0311429016292095,-0.1631481051445007,0.3662163019180298,walking
1783087998099000300,0.352000244140625,0.3270527106307447,-0.7192119535528123,-0.0157972885906696,-0.0247566420584917,-0.1520115733146667,0.3851172626018524,walking
1783087998109044200,0.362044189453125,0.2390259060010313,-0.8304898699104786,0.108289694327116,-0.0413621962070465,-0.1378539353609085,0.389390766620636,walking
1783087998119088000,0.372088134765625,0.226671889732033,-0.9076096422091126,0.1338531746506691,-0.0647804364562034,-0.1295762956142425,0.3956856727600097,walking
1783087998129132300,0.38213232421875,0.2275982107967138,-0.9627018532253802,0.1365875680506229,-0.080799214541912,-0.1326189488172531,0.4018385112285614,walking
1783087998139176200,0.39217626953125,0.2063957021616399,-1.001898722103983,0.0590454786866903,-0.0899144187569618,-0.1468367576599121,0.3996603190898895,walking
1783087998149220400,0.402220458984375,0.2545705350048839,-0.9804656195834278,-0.0570288781672716,-0.1004696488380432,-0.1796688884496688,0.387315958738327,walking
1783087998159265300,0.412265380859375,0.2503450262643397,-0.9105600164473056,-0.1541413449198007,-0.1230777576565742,-0.198899045586586,0.3746976256370544,walking
1783087998169309200,0.42230908203125,0.1594274686291813,-0.9028899202108382,-0.2563549342036247,-0.1365533620119094,-0.1914738863706588,0.3641294240951538,walking
1783087998179353300,0.432353271484375,0.1573759429268539,-0.937214945269376,-0.2324777995318174,-0.1381371319293975,-0.1805701106786728,0.3578664660453796,walking
1783087998189397000,0.44239697265625,0.1818497283175587,-0.966527987384796,-0.1733218462079763,-0.1252286434173584,-0.161296859383583,0.3661650419235229,walking
1783087998199441200,0.452441162109375,0.2176588544540107,-1.0273767161011695,-0.1609323202341795,-0.112344279885292,-0.1475794464349746,0.3763811886310577,walking
1783087998209485300,0.4624853515625,0.3357359294325113,-1.114276562527567,-0.1484340731889009,-0.1090420484542846,-0.1421720534563064,0.3889561593532562,walking
1783087998219530000,0.472530029296875,0.455621807398647,-1.1440278499297798,-0.1619172396183013,-0.1065860837697982,-0.1436208188533783,0.4128404557704925,walking
1783087998229574100,0.48257421875,0.5553519093036652,-1.1317213260643184,-0.1502519362658262,-0.0984727665781974,-0.1520667672157287,0.4471664726734161,walking
1783087998239618300,0.492618408203125,0.5964562192387879,-1.0588904831312596,-0.1260579907298088,-0.0814815312623977,-0.1605084538459777,0.4835479259490967,walking
1783087998249662200,0.502662109375,0.5152541460625827,-1.0122842147789894,-0.1319727677315473,-0.0601841881871223,-0.1675835996866226,0.5108963251113892,walking
1783087998259706400,0.512706298828125,0.3112574678666889,-1.1605648509718478,-0.0943552769988775,-0.0269375517964363,-0.1777225285768509,0.5167728662490845,walking
1783087998269750000,0.52275,0.1551123819090425,-1.4112427624523638,-0.037495910179615,-0.0005344201344996,-0.2051956504583358,0.4945186376571655,walking
1783087998279795200,0.532795166015625,0.0995379403337836,-1.6093009905099869,-0.0580249034672975,-0.0070114941336214,-0.2420934736728668,0.4521384239196777,walking
1783087998289839400,0.54283935546875,0.1769338992252945,-1.668940781828016,-0.1651484766244888,-0.0370383001863956,-0.2755781412124634,0.4269693493843078,walking
1783087998299883000,0.552883056640625,0.2912345244050026,-1.5824967163451016,-0.288027837318182,-0.0553936026990413,-0.3018624782562256,0.4309941828250885,walking
1783087998309927200,0.56292724609375,0.4506866890840232,-1.477097628892958,-0.3565414015740156,-0.0402640029788017,-0.3147838115692138,0.4364534616470337,walking
1783087998319971300,0.572971435546875,0.5820236431300639,-1.4219623093873262,-0.3568862694889307,-0.0056450394913554,-0.3396673202514648,0.443119615316391,walking
1783087998330015200,0.58301513671875,0.6013089199669659,-1.344688661701232,-0.3149515000790357,0.0374565459787845,-0.3770464062690735,0.4497402906417846,walking
1783087998340060200,0.59306005859375,0.6399577995739877,-1.2786594616070388,-0.2978185789704323,0.0727604702115058,-0.412237673997879,0.4569364190101623,walking
1783087998350104000,0.60310400390625,0.6201005680680275,-1.2832343683071434,-0.3017453970253467,0.0978707000613212,-0.4510338902473449,0.4587234854698181,walking
1783087998360148200,0.613148193359375,0.5589902658060193,-1.312839086845517,-0.3641641515374183,0.1265950202941894,-0.4575125575065613,0.4596505463123321,walking
1783087998370191600,0.623191650390625,0.4810065701544284,-1.2566253244534134,-0.3859112884432077,0.1660286784172058,-0.440068632364273,0.4646395742893219,walking
1783087998380235500,0.633235595703125,0.4689461300045252,-1.1682437150366605,-0.2511661333888769,0.2006609588861465,-0.4182626605033874,0.473408579826355,walking
1783087998390279400,0.643279541015625,0.5150337813101709,-1.047390453343093,-0.0524170004576444,0.2024969309568405,-0.3945313394069671,0.4919547140598297,walking
1783087998400323300,0.6533232421875,0.5842318206988275,-0.8343621812991797,0.1167079785823822,0.1706761419773101,-0.3684957325458526,0.5276826024055481,walking
1783087998410368500,0.663368408203125,0.6787149618610739,-0.5382732026003301,0.2117395474076271,0.1260754764080047,-0.339803397655487,0.577022135257721,walking
1783087998420412400,0.673412353515625,0.7623632591456174,-0.26717604181692,0.2508089905142784,0.0816627368330955,-0.3245315253734588,0.6220556497573853,walking
1783087998430456300,0.683456298828125,0.851961843136698,-0.151957717270404,0.2643587924391031,0.0515035539865493,-0.3379809558391571,0.6649812459945679,walking
1783087998440500500,0.69350048828125,0.864604759349674,-0.1216838672988116,0.252851894518733,0.0266594588756561,-0.373921126127243,0.7102661728858948,walking
1783087998450544600,0.703544677734375,0.7999863028362393,-0.1853159431234002,0.1680669944196939,0.0130463950335979,-0.437216192483902,0.7197314500808716,walking
1783087998460588500,0.713588623046875,0.7821439182840287,-0.5375219458416104,0.1458586697429418,0.022930983453989,-0.5252075791358948,0.6697873473167419,walking
1783087998470633500,0.723633544921875,0.8142911609120667,-1.0551267466835677,0.1361930157750845,0.0358648039400577,-0.6274178624153137,0.5715322494506836,walking
1783087998480677600,0.733677734375,0.8227266885630786,-1.3147849602162838,-0.0168774850428104,0.0449296720325946,-0.7166276574134827,0.4587892591953277,walking
1783087998490721500,0.743721435546875,0.8946920007079839,-1.281317721030861,-0.2385831306695938,0.0426310561597347,-0.7622804641723633,0.3623570203781128,walking
1783087998500765400,0.753765380859375,1.0237189242459832,-1.2470134464994072,-0.5124526787757874,0.0231819916516542,-0.772241473197937,0.2841391861438751,walking
1783087998510809300,0.763809326171875,1.135938359237462,-1.212475801603496,-0.8231208024471998,0.0031437850557267,-0.7381567358970642,0.2164097726345062,walking
1783087998520853500,0.773853515625,1.2440221557289362,-1.189460982849449,-1.160477611079812,-0.0096199475228786,-0.6504008173942566,0.1476006060838699,walking
1783087998530898700,0.783898681640625,1.2605856063865124,-1.2078873047694565,-1.3824813628703354,-0.0253787580877542,-0.519146203994751,0.0790140181779861,walking
1783087998540942300,0.7939423828125,1.1908047986738384,-1.314680769189447,-1.448613584947586,-0.0448901392519474,-0.3614247739315033,0.0117787886410951,walking
1783087998550986500,0.803986572265625,1.026075424244255,-1.3248792148597537,-1.4778069462060928,-0.0408425740897655,-0.1733214706182479,-0.0404751040041446,walking
1783087998561030400,0.814030517578125,0.7955377989947795,-1.2187766553133723,-1.4855881016016006,-0.027279358357191,0.0140814324840903,-0.0694652050733566,walking
1783087998571074600,0.824074462890625,0.6422179995909333,-1.013884489582479,-1.3085498652189969,-0.0062922807410359,0.166216179728508,-0.0783139169216156,walking
1783087998581118500,0.834118408203125,0.6565234421886503,-0.8052516760185361,-1.0196019904464482,0.0209747608751058,0.2403961420059204,-0.0651286095380783,walking
1783087998591162400,0.844162353515625,0.6342194020524621,-0.5584674109756946,-0.7776140197694301,0.0627844333648681,0.2321199625730514,-0.0383394733071327,walking
1783087998601207600,0.85420751953125,0.5261493418253957,-0.2693934256054461,-0.7354425189942121,0.0999674871563911,0.167515680193901,-0.0178009066730737,walking
1783087998611251700,0.864251708984375,0.3798454125329852,-0.1385097682848572,-0.7872042704135179,0.1220339611172676,0.0455512106418609,-0.0048382775858044,walking
1783087998621295400,0.87429541015625,0.2601467277020216,-0.0773965434134006,-0.8230424765139818,0.1510613560676574,-0.1174265295267105,0.006339275278151,walking
1783087998631339500,0.884339599609375,0.221968242085725,-0.0136006553292274,-0.8436620706945657,0.2176589220762252,-0.3009110987186432,0.0199389811605215,walking
1783087998641383400,0.894383544921875,0.1707958348616957,0.1560243821874261,-0.7736562220543622,0.3108109533786773,-0.4951982796192169,0.0490409396588802,walking
1783087998651427600,0.904427490234375,0.0594733487099409,0.3743184658050537,-0.5594955849796533,0.4005193710327148,-0.681057333946228,0.0901623889803886,walking
1783087998661472500,0.914472412109375,-0.1532365050345659,0.5449469812758266,-0.2419499767541885,0.4671143889427185,-0.8714086413383484,0.142464205622673,walking
1783087998671516400,0.924516357421875,-0.2948626517742872,0.6555861613385379,0.1106114152729511,0.5099782347679138,-1.039490818977356,0.1844769865274429,walking
1783087998681560600,0.934560546875,-0.2679413271009921,0.7059571890518069,0.3286918561398982,0.5385006666183472,-1.168828368186951,0.2125504314899444,walking
1783087998691604700,0.944604736328125,-0.1268582011967897,0.6848460119619966,0.3971019600212573,0.5638619661331177,-1.2483189105987549,0.2327920198440551,walking
1783087998701648400,0.9546484375,-0.0366667658790946,0.6867664586305617,0.3057739218890666,0.5811293721199036,-1.2659839391708374,0.2593916952610016,walking
1783087998711692500,0.964692626953125,0.0174126148328185,0.6997874143756926,0.1734451803267002,0.5841629505157471,-1.2234673500061035,0.2887990176677704,walking
1783087998721736400,0.974736328125,-0.0291731952533125,0.6704618050396443,0.0674532415479421,0.5656124353408813,-1.1239335536956787,0.3140607178211212,walking
1783087998731781400,0.984781494140625,-0.1415223941043019,0.4714163195103407,0.0388753818392753,0.5279297828674316,-0.9311175346374512,0.3337556719779968,walking
1783087998741825500,0.994825439453125,-0.339078517858684,0.2665267841279506,-0.0530190580040216,0.4719397127628326,-0.6661385893821716,0.3438597023487091,walking
1783087998751869400,1.004869384765625,-0.5579036396130919,0.0037556992717087,-0.1609808355510234,0.3941301107406616,-0.3609673976898193,0.3248313665390014,walking
1783087998761913600,1.01491357421875,-0.7822232671305537,-0.2434647652313113,-0.4515992738842964,0.308477520942688,-0.0530226230621337,0.2835994958877563,walking
1783087998771957500,1.02495751953125,-0.9484086855873464,-0.4331865420982241,-0.8625321908593178,0.2312864959239959,0.2618885934352875,0.2198347896337509,walking
1783087998782001400,1.03500146484375,-1.057581592489779,-0.4990339558847248,-1.2774117996335028,0.1590578407049179,0.5583785772323608,0.1701077073812484,walking
1783087998792046600,1.045046630859375,-1.1645894303128124,-0.4840357087172567,-1.4678969620883464,0.1098764464259147,0.772229015827179,0.1401678621768951,walking
1783087998802090500,1.055090576171875,-1.3245002985447645,-0.4580750457696616,-1.4077163418918848,0.1086727008223533,0.8865124583244324,0.1336854547262191,walking
1783087998812134400,1.065134521484375,-1.3952452751144766,-0.4389201173141598,-1.1309814674824477,0.1559609770774841,0.9229890704154968,0.1442144811153412,walking
1783087998822178600,1.075178466796875,-1.3197735622838138,-0.4830089960180223,-0.7560013228982686,0.2218257486820221,0.8948213458061218,0.1641477197408676,walking
1783087998832222500,1.085222412109375,-1.1739964333444832,-0.4892344464041292,-0.2607575530767441,0.2723298072814941,0.78581303358078,0.173634797334671,walking
1783087998842266600,1.0952666015625,-0.953715559823811,-0.4012126102104782,0.3334334977090358,0.3133685886859894,0.6415064930915833,0.1746281534433365,walking
1783087998852311600,1.1053115234375,-0.7474439224332571,-0.2493051618225872,0.7577776849210262,0.3407073020935058,0.4967734217643738,0.193289965391159,walking
1783087998862355500,1.11535546875,-0.5864882213234901,-0.090884532148391,1.0590420204311608,0.3574079871177673,0.3278850615024566,0.2281565964221954,walking
1783087998872399600,1.125399658203125,-0.4021212494879961,-0.0202243112526834,1.286224051642418,0.3757421672344208,0.1608228385448455,0.2596714496612549,walking
1783087998882443500,1.135443603515625,-0.1164440669491887,-0.0608393763661384,1.406803903222084,0.3852264881134033,0.0217099599540233,0.2822553217411041,walking
1783087998892487400,1.1454873046875,0.1891322865411639,-0.0702430183969438,1.423853822222352,0.3738813698291778,-0.1108390763401985,0.3014492690563202,walking
1783087998902531300,1.15553125,0.4711120758667588,0.0081562723182141,1.3799743484854696,0.348842054605484,-0.2124804854393005,0.328952819108963,walking
1783087998912576500,1.165576416015625,0.569496462251246,0.063949032819271,1.286992113405466,0.3317849338054657,-0.2766250669956207,0.3635921776294708,walking
1783087998922620400,1.175620361328125,0.584916149701178,0.0623978578545153,1.146872864097357,0.3292485177516937,-0.3007067143917084,0.3959035277366638,walking
1783087998932664300,1.185664306640625,0.531942684404552,-0.0160750826187431,0.9683978729099034,0.3328547775745392,-0.2730939984321594,0.410684734582901,walking
1783087998942708500,1.19570849609375,0.4158618978098035,-0.2075797973796725,0.909056041625142,0.3255475759506225,-0.245714858174324,0.403992235660553,walking
1783087998952752600,1.205752685546875,0.4049941745758056,-0.2879154629848897,1.132812190040946,0.3042510747909546,-0.2429389953613281,0.4027499556541443,walking
1783087998962796500,1.215796630859375,0.4421288502275943,-0.3152887692093849,1.4009651140660049,0.2969598770141601,-0.2558441162109375,0.4257905483245849,walking
1783087998972840400,1.22584033203125,0.4219546617269515,-0.3673135554790496,1.475346693572402,0.3040742874145508,-0.2659147083759308,0.4471547305583954,walking
1783087998982885600,1.2358857421875,0.474795148293674,-0.4467573868110776,1.3995277747392654,0.3087119162082672,-0.2597958445549011,0.4643949568271637,walking
1783087998992929500,1.245929443359375,0.5859244499608874,-0.3652748892582952,1.2834744606733322,0.2949708700180053,-0.2379334419965744,0.4937041997909546,walking
1783087999002973400,1.255973388671875,0.7338952895522117,-0.39414106438905,1.211962883645296,0.2675118148326874,-0.2087348103523254,0.5435490012168884,walking
1783087999013017300,1.266017333984375,0.8698471900478005,-0.4013191393248737,1.2059078213900327,0.2234830856323242,-0.1780161559581756,0.6147785782814026,walking
1783087999023061500,1.2760615234375,0.9406164242759346,-0.3689866032578051,1.1620885534077885,0.1764226257801056,-0.1565236449241638,0.6856634020805359,walking
1783087999033105700,1.286105712890625,0.9094614075556396,-0.4589249405972659,0.9624690673828123,0.1570181846618652,-0.1225288137793541,0.7487763166427612,walking
1783087999043150300,1.296150390625,0.9079790600433943,-0.607066898971796,0.6439461385577917,0.1670601665973663,-0.0708733424544334,0.7851995825767517,walking
1783087999053194500,1.306194580078125,0.9709691847026348,-0.691016517290473,0.5474754768401384,0.1890508532524109,-0.0284401178359985,0.8052084445953369,walking
1783087999063238400,1.31623828125,0.9795698397874832,-0.7485035144887864,0.6004004268199205,0.1875112801790237,0.0249418765306472,0.827107846736908,walking
1783087999073282600,1.326282470703125,0.8505047761961817,-0.7942999277628958,0.670240271243453,0.1448702961206436,0.0799637287855148,0.8503490090370178,walking
1783087999083326500,1.336326416015625,0.6364253876641393,-0.831903682231158,0.759130268573761,0.0757442265748977,0.14097461104393,0.8733792304992676,walking
1783087999093370400,1.346370361328125,0.3877449336111545,-0.8654808115318418,0.6671352909654379,0.0090756369754672,0.206241562962532,0.8971661329269409,walking
1783087999103415600,1.35641552734375,0.0540451861813664,-0.9424857252791524,0.4974924255311488,-0.0311468839645385,0.2597876191139221,0.918971300125122,walking
1783087999113459700,1.366459716796875,-0.240761059230566,-1.006670612680912,0.2534539520651102,-0.035679992288351,0.2973968982696533,0.9386855363845824,walking
1783087999123503400,1.37650341796875,-0.5596662653714418,-1.1670632730804382,-0.0600368278115987,0.0045720878988504,0.3228473961353302,0.9325565695762634,walking
1783087999133547500,1.386547607421875,-0.8262348428145051,-1.5029783584721386,-0.3659691551327705,0.0738754421472549,0.3452061712741852,0.8810238838195801,walking
1783087999143591400,1.39659130859375,-0.8989093261420726,-1.825606238397956,-0.60575406280756,0.1449706703424453,0.3276985585689544,0.7951808571815491,walking
1783087999153635600,1.406635498046875,-0.7627835303843021,-1.880717738636583,-0.7124544421166181,0.210653617978096,0.2935051918029785,0.7246749997138977,walking
1783087999163679500,1.416679443359375,-0.5448512658163904,-1.6736889992684123,-0.762858349186182,0.2712152302265167,0.2558315992355346,0.6665520071983337,walking
1783087999173724400,1.426724365234375,-0.4055930172517895,-1.620201446969807,-0.6267302153408527,0.3091621398925781,0.1890123039484024,0.583177387714386,walking
1783087999183768600,1.4367685546875,-0.4634373034551739,-1.7807130575738843,-0.3312783655017614,0.2973366379737854,0.0932333171367645,0.4614525139331817,walking
1783087999193812700,1.446812744140625,-0.6193664085745811,-2.0340781623117623,-0.050066053417325,0.2388629764318466,-0.0243109408766031,0.3264969289302826,walking
1783087999203856400,1.4568564453125,-0.8552735980331897,-2.1590569795027372,-0.0455401004254817,0.1617402285337448,-0.1073158159852027,0.1980271190404892,walking
1783087999213900500,1.466900634765625,-1.4088187501758336,-2.054586989594251,-0.68811261254251,0.0993203073740005,-0.0506182312965393,0.1199776828289032,walking
1783087999223944400,1.4769443359375,-1.9109008415848017,-1.0272735479876398,-1.856486529830098,0.0873952060937881,0.1638538539409637,0.1532144546508789,walking
1783087999233989400,1.4869892578125,-1.6458032134771343,0.3035400253571569,-3.1622213376283645,0.0753783956170082,0.5937091112136841,0.2981084883213043,walking
1783087999244033500,1.497033447265625,-1.2533967177957297,1.628038862597197,-4.782086976772547,-0.024694412946701,1.2148545980453491,0.553420901298523,walking
1783087999254077400,1.507077392578125,0.1254798985809087,3.1610908722937103,-5.790459132674336,-0.1671014726161956,1.8110395669937136,0.8075616359710693,walking
1783087999264121600,1.51712158203125,1.984196671681106,3.286095846839249,-5.05095827820003,-0.2100089937448501,2.064858913421631,0.9684112668037416,walking
1783087999274165500,1.52716552734375,2.799066070872545,2.1314162545137108,-3.220626180323958,-0.1210456565022468,1.962440848350525,0.9764481782913208,walking
1783087999284209400,1.53720947265625,1.6047240379832683,0.2542905490197241,-1.3858780195713043,0.0659894794225692,1.4787921905517578,0.7798954248428345,walking
1783087999294254600,1.547254638671875,-0.2750540817156434,-1.3788989743389188,-0.244636439359188,0.2614337205886841,0.9205839037895204,0.5039782524108887,walking
1783087999304298500,1.557298583984375,-1.805253916851431,-1.5713554368667304,0.5842027407348156,0.3897717297077179,0.3433360159397125,0.2330887466669082,walking
1783087999314342400,1.56734228515625,-2.381470042746514,-1.347743957618624,1.6960767721652985,0.4087075889110565,-0.2055730372667312,0.0202108528465032,walking
1783087999324386600,1.577386474609375,-2.736771235001087,-1.2451054209209975,2.2630922312557695,0.3108190894126892,-0.6713896989822388,-0.2327952980995178,walking
1783087999334430500,1.587430419921875,-2.8918495685100556,-1.545083516012877,2.3400217416793105,0.1699173748493194,-1.005084991455078,-0.5556305050849915,walking
1783087999344474600,1.597474609375,-2.686132350131869,-1.4086556685686111,2.074737066566944,0.0425136052072048,-1.2227678298950195,-0.8152724504470825,walking
1783087999354519600,1.60751953125,-1.8098343765094875,-0.4820161855883896,1.5809405729442834,-0.0383348129689693,-1.3431499004364014,-0.8894124627113342,walking
1783087999364563200,1.617563232421875,-0.6015836452551185,0.8298359360463917,0.7712503299564123,-0.0499102436006069,-1.3775252103805542,-0.8261256814002991,walking
1783087999374607400,1.627607421875,0.4731155246436596,1.6679840656250715,-0.10233283174932,0.0004717065021395,-1.3092782497406006,-0.7050434350967407,walking
1783087999384651300,1.6376513671875,1.3701131719455122,1.9727987870931625,-0.6609767683357,0.0530326515436172,-1.1397086381912231,-0.5363923907279968,walking
1783087999394695200,1.647695068359375,1.927372230044752,2.183360815154016,-0.8361462882369756,0.0852292478084564,-0.9338295459747314,-0.3355677723884582,walking
1783087999404739000,1.657739013671875,2.285619266492873,2.347718872053176,-0.6735925042808055,0.1434187889099121,-0.6825195550918579,-0.149251714348793,walking
1783087999414783200,1.667783203125,2.320769928720593,2.3431432347007095,-0.503240029272437,0.1985548287630081,-0.3705949187278747,0.0164890512824058,walking
1783087999424828400,1.677828369140625,2.1318980466812847,2.164072469577193,-0.2949041528284549,0.2003474086523056,-0.0280221253633499,0.1599692404270172,walking
1783087999434872000,1.6878720703125,1.7209969861492511,1.9086058625154196,0.0916471870839595,0.1351127028465271,0.2445391416549682,0.2642731666564941,walking
1783087999444916200,1.697916259765625,1.362724230737984,1.4577774268731474,1.01982235519886,0.0208026319742202,0.3323962986469269,0.31318399310112,walking
1783087999454960400,1.70796044921875,0.974923621416837,0.8080851458787918,1.9572873297065496,-0.0930194929242134,0.3063715100288391,0.3297494351863861,walking
1783087999465004300,1.71800439453125,0.2548854461729526,0.374945876988396,2.2513579543203113,-0.1710365265607834,0.2253309935331344,0.3121776580810547,walking
1783087999475048200,1.728048095703125,-0.3536427575230598,0.1390054428473114,2.2283254537791013,-0.1820066273212433,0.1281530857086181,0.2536331713199615,walking
1783087999485093400,1.73809326171875,-0.4756288226388394,0.1729334314122796,1.9786346536397932,-0.1275867968797683,0.0435034558176994,0.1860812902450561,walking
1783087999495137300,1.74813720703125,-0.0527975242078304,0.4381836197331547,1.5636509999692438,-0.0481285788118839,-0.0140963420271873,0.1728230118751526,walking
1783087999505181400,1.758181396484375,0.4466626942649483,0.7785507160976529,0.9999895274817944,-0.0105551034212112,-0.043140772730112,0.2035662829875946,walking
1783087999515225000,1.76822509765625,0.7872104078933596,0.9307159386388956,0.3718921154409647,-0.0314084626734256,-0.0084839165210723,0.2174663990736007,walking
1783087999525269200,1.778269287109375,0.9788903330907224,0.914701354035735,-0.2162035410791635,-0.0812042504549026,0.0839570611715316,0.2348262220621109,walking
1783087999535313400,1.7883134765625,1.0707214984394609,0.7949316497951745,-0.5478016400545835,-0.1330148428678512,0.1897946745157241,0.246257871389389,walking
1783087999545358000,1.798358154296875,1.1826976261943578,0.5807597606740892,-0.5453273588955402,-0.1699432879686355,0.2827930450439453,0.2438639551401138,walking
1783087999555402200,1.80840234375,1.23998661660254,0.4410330178149044,-0.3245177853256464,-0.2138924598693847,0.3340437114238739,0.2097712159156799,walking
1783087999565446100,1.818446044921875,1.1201350792974234,0.2854505341760814,-0.0052560208320617,-0.2601989805698395,0.3522887527942657,0.1679960638284683,walking
1783087999575490300,1.828490234375,0.8346724162921308,0.260609230647236,0.2948199816763401,-0.2837969660758972,0.3269718289375305,0.1386499404907226,walking
1783087999585534200,1.8385341796875,0.5573435215122997,0.1295401337571442,0.609638795286417,-0.2877155244350433,0.2589181959629059,0.1058515161275863,walking
1783087999595578000,1.848578125,0.3503999762095511,0.0023744740463793,0.8489782972812652,-0.2653434872627258,0.1780352443456649,0.0754531025886535,walking
1783087999605623300,1.858623291015625,0.2345192422315478,-0.0934159503221511,1.030201125872135,-0.2299514263868332,0.0949313044548034,0.0451079793274402,walking
1783087999615667500,1.86866748046875,0.176754889396578,-0.2179259809575975,1.1769991222918033,-0.1941969394683838,0.0258510317653417,0.0156892091035842,walking
1783087999625711000,1.878711181640625,0.1898392657667398,-0.3533697858005762,1.2198375625431537,-0.1760908961296081,-0.0063218181021511,-0.0144569752737879,walking
1783087999635755300,1.88875537109375,0.2416400340221822,-0.3860514275662601,1.1105734702259302,-0.1959254592657089,-0.0096583720296621,-0.0355238802731037,walking
1783087999645799200,1.898799072265625,0.459094451945275,-0.3254990514479577,0.9739724581718444,-0.2421595305204391,0.0126091167330741,-0.0466524325311183,walking
1783087999655843300,1.90884326171875,0.6189969907402992,-0.2935308186486363,0.63587389126122,-0.300215870141983,0.0796117559075355,-0.034647136926651,walking
1783087999665888300,1.91888818359375,0.633571313407272,-0.4170208585865795,0.1784095247358083,-0.3595718741416931,0.1862484514713287,-0.0210306588560342,walking
1783087999675932200,1.92893212890625,0.605270955465734,-0.6112823247097432,-0.1437935539066791,-0.4031445980072021,0.2915991842746734,-0.0218242704868316,walking
1783087999685976300,1.938976318359375,0.5838667867787182,-0.9271693520732224,-0.2730751828581094,-0.4161107242107391,0.3891883194446563,-0.0387662388384342,walking
1783087999696020500,1.9490205078125,0.5317568064436317,-1.151357316035032,-0.3465700426578521,-0.4038968384265899,0.4684993326663971,-0.0573813095688819,walking
1783087999706064100,1.959064208984375,0.5722175577782094,-1.2250946062885224,-0.2402379121392965,-0.3851282298564911,0.4962348341941833,-0.0696350485086441,walking
1783087999716108300,1.9691083984375,0.6375505923017859,-1.2461958465062082,-0.0553331801652908,-0.3690205514431,0.491872489452362,-0.0775607451796531,walking
1783087999726153200,1.9791533203125,0.5888154952272773,-1.2781123491182922,0.1279015727698803,-0.3521592915058136,0.4679471850395202,-0.0926161259412765,walking
1783087999736197000,1.989197021484375,0.5554210290171205,-1.3872322106592356,0.3455605733543634,-0.3505243957042694,0.4496043026447296,-0.121357187628746,walking
1783087999746241300,1.9992412109375,0.4201166326448321,-1.4290366316877303,0.4374339704096317,-0.3512189388275146,0.4372922480106354,-0.1474508494138717,walking
1783087999756285200,2.00928515625,0.3084355423137545,-1.3892204618670043,0.5550690007090568,-0.3583771884441376,0.4057693481445312,-0.1731538921594619,walking
1783087999766329300,2.019329345703125,0.3227928612291812,-1.4243572416998445,0.610147913852334,-0.367541640996933,0.3655833005905151,-0.19254170358181,walking
1783087999776373200,2.029373291015625,0.2489965342648327,-1.34935007764101,0.4773573999971151,-0.3624823689460754,0.3252797424793243,-0.198834553360939,walking
1783087999786417200,2.039417236328125,0.2505098614372313,-1.3088587850376965,0.320310981285572,-0.3521825671195984,0.2661064267158508,-0.1945055872201919,walking
1783087999796462300,2.04946240234375,0.3031457653425634,-1.2449385399214925,0.1464589737236499,-0.3286664485931396,0.1922057718038559,-0.1795047521591186,walking
1783087999806506200,2.05950634765625,0.4545971405260264,-1.1684091347314416,-0.0272410581469535,-0.2798214256763458,0.1058554351329803,-0.1569419205188751,walking
1783087999816550100,2.069550048828125,0.6920305166386067,-1.129445928478241,-0.0578016161054372,-0.2095937728881836,0.0269149839878082,-0.1311503499746322,walking
1783087999826594300,2.07959423828125,0.9218464034847914,-1.087688269200921,-0.0702922643661499,-0.1320254802703857,-0.0308220814913511,-0.1193040758371353,walking
1783087999836638200,2.08963818359375,1.1626169611960648,-1.140089195306599,-0.0830137987732887,-0.071614421904087,-0.0719161033630371,-0.1342304199934005,walking
1783087999846682400,2.099682373046875,1.2643570877492427,-1.1740317969188094,-0.1834749914318323,-0.0437713377177715,-0.0777151361107826,-0.1650650352239608,walking
1783087999856727300,2.109727294921875,1.216473492937535,-1.2118427643969654,-0.3877227217793464,-0.0463765785098075,-0.0587409846484661,-0.1983044445514679,walking
1783087999866771200,2.119771240234375,1.0772558686442673,-1.3503412806354462,-0.5652174697577953,-0.07061667740345,-0.0518335439264774,-0.2349633872509002,walking
1783087999876815400,2.1298154296875,0.8930299127146601,-1.4516037066742775,-0.7394190214097499,-0.0927976965904235,-0.0844687893986702,-0.2808294594287872,walking
1783087999886859300,2.139859375,0.6983303474351763,-1.3754935498096048,-0.747951287433505,-0.0748969912528991,-0.1616810262203216,-0.3035542070865631,walking
1783087999896903200,2.149903076171875,0.6969367011196911,-1.0671187977723775,-0.5083990194708109,-0.034936960786581,-0.268855482339859,-0.2914946675300598,walking
1783087999906947000,2.159947021484375,0.488210948575288,-0.5687528042770922,-0.3933195188730954,0.0133038023486733,-0.3020062446594238,-0.1929329186677932,walking
1783087999916992300,2.1699921875,-0.1216875205606222,0.0968751508653163,-0.5215016621500254,0.0770113170146942,-0.2718154788017273,-0.0382492654025554,walking
1783087999927036200,2.1800361328125,-0.5383960983276367,0.4795360592104494,-0.6080822134941816,0.1422220170497894,-0.1684336811304092,0.1010764017701149,walking
1783087999937080000,2.190080078125,-0.9705936293885112,0.4472589065924287,-1.044880808609724,0.1688327491283416,-0.0187769867479801,0.1640980541706085,walking
1783087999947124200,2.200124267578125,-1.189624941239506,0.1425020527914166,-1.3177642682880162,0.1638901978731155,0.0999368801712989,0.1325803399085998,walking
1783087999957168400,2.21016845703125,-1.0808831192307171,-0.2220695105031132,-1.1688362741023302,0.1397224962711334,0.1335439831018448,0.0419423468410968,walking
1783087999967212300,2.22021240234375,-0.9400295642986892,-0.3851525790303945,-0.9666793785542248,0.1129867583513259,0.1238274425268173,-0.0717272236943245,walking
1783087999977257200,2.23025732421875,-0.8400682839863002,-0.4694830133602022,-1.0576169560641049,0.1142413318157196,0.1618308424949646,-0.195510983467102,walking
1783087999987301400,2.24030126953125,-0.7989654353559017,-0.4607501101978123,-1.3688631718844175,0.0928444266319274,0.2663769721984863,-0.3316973149776459,walking
1783087999997345300,2.25034521484375,-0.5680972629778087,-0.0177523681811988,-1.78844759734869,0.0084385648369789,0.4431487619876861,-0.4320194125175476,walking
1783088000007389200,2.26038916015625,-0.2703220847576856,0.9944223948739468,-2.3232219980478286,-0.1043289974331855,0.6868921518325806,-0.4433365166187286,walking
1783088000017433000,2.27043310546875,-0.0381973364472389,1.990811413645744,-2.526997434708476,-0.1810269802808761,0.8678868412971497,-0.3882524073123932,walking
1783088000027477200,2.280477294921875,0.0105123339250683,2.574014037427306,-1.9567665207028389,-0.2034462690353393,0.8988551497459412,-0.2901884317398071,walking
1783088000037522400,2.2905224609375,-0.0598223082780838,2.896365584629774,-1.2299421924501657,-0.1782121956348419,0.7586921453475952,-0.1785407364368438,walking
1783088000047566000,2.300566162109375,-0.2260419212654232,2.8947955588340757,-0.6539449700027704,-0.0797623097896575,0.5096239447593689,-0.0609986633062362,walking
1783088000057610200,2.3106103515625,-0.5391397563017905,2.819941393379867,-0.2083119110465049,0.067587673664093,0.2288192212581634,0.0491271503269672,walking
1783088000067654100,2.320654052734375,-1.0465265299901363,2.769602660501003,0.1456640239536762,0.20308318734169,-0.0269571542739868,0.1443894803524017,walking
1783088000077698300,2.3306982421875,-1.5502917521804571,2.70437177117765,0.5557657508015632,0.2761964797973633,-0.2463627606630325,0.231756180524826,walking
1783088000087742200,2.3407421875,-1.675936339803785,2.652655027943849,1.0635749876856804,0.2638237178325653,-0.4500103890895843,0.3022111654281616,walking
1783088000097787100,2.350787109375,-1.4984155806012451,2.561528357602656,1.5617250003427263,0.1921953856945037,-0.6412399411201477,0.3402552008628845,walking
1783088000107831300,2.360831298828125,-1.447446002472937,2.55214824257791,1.7989502866625784,0.1050764620304107,-0.8036041259765625,0.3491799831390381,walking
1783088000117875500,2.37087548828125,-1.688483978948742,2.442143707156926,1.6886504215568303,0.0428276881575584,-0.93558531999588,0.3157544732093811,walking
1783088000127919000,2.380919189453125,-1.9485009427912532,2.1174948427975178,1.419068341511488,0.0217676758766174,-1.0373761653900146,0.2578850388526916,walking
1783088000137963300,2.39096337890625,-1.617270508084446,1.8537074205055832,1.2670219230443238,0.0126102278009057,-1.0457518100738523,0.1762722134590149,walking
1783088000148007200,2.401007080078125,-1.6424708541840314,1.4064637114822864,0.7337655256927013,-0.048151921480894,-0.9089189171791076,0.0396999828517437,walking
1783088000158051300,2.41105126953125,-1.790625818170607,0.941321503805369,-0.1980751791924238,-0.1504074931144714,-0.5664371848106384,-0.1278883814811706,walking
1783088000168096300,2.42109619140625,-1.4409655544124542,0.7483039002634585,-1.1258300760686395,-0.2538835704326629,-0.1584954708814621,-0.2816078960895538,walking
1783088000178140200,2.43114013671875,-0.7195525836840272,0.563716709806025,-1.3676958816707134,-0.322039246559143,0.1824512928724289,-0.4280257523059845,walking
1783088000188184300,2.441184326171875,-0.1432565244205296,0.2814950745485723,-1.438565069141984,-0.3680456280708313,0.4692460596561432,-0.5766535997390747,walking
1783088000198228500,2.451228515625,0.3583518119968473,-0.0326247970119118,-1.4742197353690862,-0.3764691948890686,0.6859952807426453,-0.7270544767379761,walking
1783088000208272100,2.461272216796875,0.3262207898512482,-0.3657220485039055,-1.137893438827991,-0.3414286375045776,0.8279393911361694,-0.8702552914619446,walking
1783088000218316300,2.47131640625,0.0370709627658128,-0.5825606726162135,-0.6543190640121698,-0.2882987856864929,0.9055389165878296,-0.9996322393417358,walking
1783088000228361500,2.481361572265625,-0.1323692197032272,-0.4500979294106364,-0.0863993495583534,-0.2464743852615356,0.8881143927574158,-1.079703688621521,walking
1783088000238405000,2.491405029296875,-0.1836477176502347,-0.0017569266699254,0.5029968681663275,-0.2055839449167251,0.815399706363678,-1.0843380689620972,walking
1783088000248449300,2.50144921875,-0.1922765759162604,0.4401857533358037,0.8568991534084082,-0.159006580710411,0.7127167582511902,-1.008811354637146,walking
1783088000258493200,2.5114931640625,-0.2544998078562319,0.7836015697464347,1.0315215608209372,-0.1325794160366058,0.5944855213165283,-0.9130869507789612,walking
1783088000268537300,2.521537353515625,-0.2036941881179809,0.820638045720756,1.1428484308868645,-0.124577410519123,0.4723062813282013,-0.808205783367157,walking
1783088000278581200,2.531581298828125,-0.1000815456911921,0.7241068859875202,1.2788164057344198,-0.1109644398093223,0.3138333857059479,-0.7096044421195984,walking
1783088000288626200,2.541626220703125,0.2260975969754159,0.5008816295780241,1.478625276851654,-0.0812190622091293,0.1452651619911193,-0.644119143486023,walking
1783088000298670300,2.55167041015625,0.5188970326095819,0.1015529334180057,1.5018962623238563,-0.0560976862907409,-0.0019704145379364,-0.604185163974762,walking
1783088000308714200,2.56171435546875,0.5111927418425679,-0.1448898247107863,1.3881214145839214,-0.0442085340619087,-0.074367918074131,-0.5600483417510986,walking
1783088000318758100,2.571758056640625,0.2950027908973395,-0.1236312019743025,1.231215281125903,-0.0344267450273036,-0.0955685451626777,-0.5134356021881104,walking
1783088000328802300,2.58180224609375,0.1090320371270179,-0.1591423680774867,1.3154676817834376,-0.0282663218677043,-0.1041796058416366,-0.4831440150737762,walking
1783088000338846200,2.59184619140625,-0.0718294108055531,-0.3218742850795388,1.4310796818226574,-0.0434886030852794,-0.1126088351011276,-0.4761605262756347,walking
1783088000348891100,2.60189111328125,-0.3012428543306887,-0.5585280551217496,1.3966256235569714,-0.0845470950007438,-0.1158853247761726,-0.489929586648941,walking
1783088000358935300,2.611935302734375,-0.4769206160150468,-0.9309704979218542,1.3261229313105345,-0.1379619538784027,-0.1111175343394279,-0.5335086584091187,walking
1783088000368980200,2.621980224609375,-0.6227345698334277,-1.2997627476513385,1.0800450609713792,-0.1767274588346481,-0.0841069519519805,-0.6002151966094971,walking
1783088000379024100,2.632024169921875,-0.6409082321666181,-1.5455768524877729,0.6202864460289478,-0.1745179444551468,-0.0220972765237092,-0.6761986017227173,walking
1783088000389068000,2.642068115234375,-0.5570794637486338,-1.5312994669407605,0.0737666624784469,-0.1420063376426696,0.0790860652923584,-0.7440881729125977,walking
1783088000399112200,2.6521123046875,-0.4283611677683889,-1.333883920700848,-0.2012859579324722,-0.1114509999752044,0.1891030073165893,-0.7993988990783691,walking
1783088000409157000,2.6621572265625,-0.4569724913552403,-1.2519326365925372,-0.0790337892264127,-0.1213054955005645,0.2687035501003265,-0.8448777198791504,walking
1783088000419201000,2.672200927734375,-0.5975576046094297,-1.3427078631475566,0.2139239057093858,-0.172870248556137,0.3243341743946075,-0.8992931842803955,walking
1783088000429245200,2.6822451171875,-0.7943724084772169,-1.5723505853839217,0.4106991082191467,-0.2143284678459167,0.3590905666351318,-0.9430153965950012,walking
1783088000439289000,2.6922890625,-0.9425872859574854,-1.6883203128196298,0.7309411159217357,-0.2063088566064834,0.3256306946277618,-0.9643036723136902,walking
1783088000449333200,2.702333251953125,-0.9071369101308284,-1.8798663825042543,0.9769003283172846,-0.1658727526664734,0.2395682334899902,-0.9884505867958068,walking
1783088000459377200,2.712377197265625,-0.7473521524965763,-2.15921523880437,0.8862368915736675,-0.1173026785254478,0.1336597055196762,-1.0176806449890137,walking
1783088000469422000,2.722422119140625,-0.4967001061096787,-2.3073871539257467,0.7026064173191785,-0.0756966471672058,-0.009951782412827,-1.0442664623260498,walking
1783088000479466200,2.73246630859375,-0.256290929056704,-2.273019604899734,0.7028150916337966,-0.0368040651082992,-0.1742540001869201,-1.0406746864318848,walking
1783088000489510100,2.74251025390625,-0.1769317072682082,-2.1721043848633763,0.8155641034573317,0.0032474808394908,-0.2982012331485748,-1.0119225978851318,walking
1783088000499554000,2.752553955078125,-0.5895221821919083,-2.0333159457676113,0.7440425895571708,0.0492753311991691,-0.3713001310825348,-0.956859290599823,walking
1783088000509598000,2.762597900390625,-1.0147390605852007,-1.9588579400241375,0.7646867336571216,0.1119951754808425,-0.4370163083076477,-0.8996604681015015,walking
1783088000519642000,2.77264208984375,-1.1891853807784616,-2.164694108606875,1.0393611684054136,0.1738045662641525,-0.5081750154495239,-0.8437227606773376,walking
1783088000529687000,2.78268701171875,-1.2614745180502531,-2.1502570024535057,1.050960420784354,0.203201338648796,-0.5436368584632874,-0.7685254812240601,walking
1783088000539731000,2.79273095703125,-1.1579191587686537,-1.934189508844167,0.8951771538764238,0.2135852426290512,-0.5659693479537964,-0.6892211437225342,walking
1783088000549775000,2.802775146484375,-1.173268119069934,-1.8727116884440185,0.4670218839436769,0.2298406511545181,-0.5363885760307312,-0.6292055249214172,walking
1783088000559819300,2.8128193359375,-1.23674617337659,-2.018004102606326,-0.179887196072936,0.279551088809967,-0.4773143529891968,-0.6125722527503967,walking
1783088000569863200,2.82286328125,-1.192640197407454,-2.236145772141218,-0.6522562862634659,0.3444057404994964,-0.437507301568985,-0.6295491456985474,walking
1783088000579907000,2.832906982421875,-1.3097989884972572,-2.35934486630857,-0.8322948735058308,0.4120110869407654,-0.4207399785518646,-0.6574294567108154,walking
1783088000589952300,2.8429521484375,-1.709979040789604,-2.3491736009061337,-0.6501303801506757,0.4650167822837829,-0.4234611988067627,-0.696457028388977,walking
1783088000599996200,2.85299609375,-2.2536554176077246,-2.4389300058074292,-0.2400707388788461,0.4821420609951019,-0.4565500915050506,-0.7567309141159058,walking
1783088000610040000,2.8630400390625,-2.9380709291979668,-2.5886907975554463,0.0036187750190496,0.4629497230052948,-0.4553689658641815,-0.8137356638908386,walking
1783088000620084000,2.873083984375,-4.191568769280612,-2.320815229167044,-0.4353197547346353,0.4630331993103027,-0.3352578580379486,-0.7826455235481262,walking
1783088000630128000,2.883128173828125,-4.550347428387403,-1.0574874844655393,-1.3047113099694252,0.4857776463031769,-0.1416276544332504,-0.6570812463760376,walking
1783088000640172300,2.89317236328125,-3.398889574587345,0.2133954979211091,-2.104120981961489,0.4319913387298584,0.1496399641036987,-0.5173161625862122,walking
1783088000650217000,2.903217041015625,-2.063373376509547,1.0969036951832474,-3.2909172756463287,0.2976351082324981,0.5523282885551453,-0.3822904527187347,walking
1783088000660261000,2.91326123046875,-0.6261991772040725,2.028158855265379,-4.390239868539571,0.1689337939023971,0.9458565711975098,-0.226862296462059,walking
1783088000670305000,2.923304931640625,1.0289283294573426,2.6317779518708586,-4.2171337109088896,0.1284146010875702,1.1530566215515137,-0.0976110994815826,walking
1783088000680349200,2.93334912109375,1.560130278497189,2.0753173506729303,-3.181944275230169,0.1687289476394653,1.1525744199752808,-0.0491560101509094,walking
1783088000690393000,2.94339306640625,0.4383233204647898,1.2754760092653334,-2.1418033546239137,0.2949137687683105,1.0700374841690063,-0.0422919765114784,walking
1783088000700437000,2.95343701171875,-1.020279451316595,0.9896531346455216,-1.3755758212655782,0.4590800702571869,0.9670275449752808,-0.116299033164978,walking
1783088000710482200,2.963482177734375,-1.400214880220592,0.2317988042917102,-0.6421610087066888,0.5283217430114746,0.8127954006195068,-0.2861586213111877,walking
1783088000720526300,2.9735263671875,-0.8382818389609455,-0.4192345160480588,0.0718225426733493,0.445519357919693,0.639133632183075,-0.4456014931201935,walking
1783088000730570000,2.983570068359375,-0.584293341627717,0.1940851597081869,-0.1314595575124025,0.2701925337314605,0.5546597838401794,-0.5161963105201721,walking
1783088000740614100,2.9936142578125,-0.8214617831937968,0.935989129801467,-0.9869196180284022,0.1571598649024963,0.5952746272087097,-0.5626962780952454,walking
1783088000750658000,3.003657958984375,-0.7487181801527738,1.1262534891124814,-1.2975684524774551,0.131163939833641,0.579425036907196,-0.6040141582489014,walking
1783088000760702200,3.0137021484375,0.1524278190001845,1.1144644863151014,-0.7181295651435852,0.1185878366231918,0.5155989527702332,-0.6058638691902161,walking
1783088000770747100,3.0237470703125,0.3629936464533209,1.2831553117215633,-0.5597223794728517,0.0760576874017715,0.4516891539096832,-0.5796996355056763,walking
1783088000780791000,3.033791015625,0.706729050207138,1.5009630731269716,-0.2032961287111044,0.0414296686649322,0.3569874167442322,-0.5186594724655151,walking
1783088000790835200,3.043835205078125,1.2883277459234,1.7569614489778875,0.4033008146613836,0.0223640948534011,0.2006662786006927,-0.4173751771450043,walking
1783088000800879400,3.05387939453125,1.9787239393584428,1.9438889189511537,0.8389888181865215,0.0345038138329982,0.0243476144969463,-0.277547687292099,walking
1783088000810923000,3.063923095703125,2.4278726052202284,2.1057259329400955,0.8482833007544278,0.0734195187687873,-0.115033708512783,-0.1129289120435714,walking
1783088000820967200,3.07396728515625,2.428939649929851,2.162566448928416,0.7636445311278104,0.1170506551861763,-0.2253081947565078,0.0687851384282112,walking
1783088000831012000,3.08401220703125,2.1614416826821863,2.131288828741759,0.94147362562716,0.1565496027469635,-0.3209119737148285,0.2543320953845978,walking
1783088000841056000,3.094055908203125,1.8304755979999896,2.125459830327332,1.4023609523385765,0.1831458359956741,-0.4197930693626404,0.4325951337814331,walking
1783088000851100200,3.10410009765625,1.3657137679427862,2.098997793728858,1.894840518143773,0.1636994332075119,-0.5180953741073608,0.5787816047668457,walking
1783088000861144000,3.11414404296875,0.903248524390161,1.883073654112965,2.3782249233454467,0.0885448977351188,-0.6324149370193481,0.6682619452476501,walking
1783088000871188200,3.124188232421875,0.5919201832443476,1.4283715919077395,2.735514512938261,-0.0302789565175771,-0.7518332600593567,0.703841507434845,walking
1783088000881232100,3.134232177734375,0.2916583027750253,0.962632148990035,2.5517694723933935,-0.1549812108278274,-0.8198968768119812,0.6995149850845337,walking
1783088000891277000,3.144277099609375,0.1360210202090442,0.6214782130967825,1.9416864404708143,-0.2394012808799743,-0.8263494372367859,0.655705988407135,walking
1783088000901321200,3.1543212890625,0.3220449654713272,0.4635065692991018,1.3585685723632572,-0.2885954976081848,-0.8061510324478149,0.6057683825492859,walking
1783088000911365000,3.164365234375,0.6768260793745517,0.5384313157714903,0.8673983355909586,-0.3383044600486755,-0.7481479048728943,0.5788400769233704,walking
1783088000921409000,3.174408935546875,0.8611145791463554,0.6516676727205515,0.3339016997426748,-0.3907711207866668,-0.635627806186676,0.5686616897583008,walking
1783088000931453200,3.184453125,0.8222640394873917,0.5749513666562736,-0.1222925007164478,-0.4222685992717743,-0.4758983254432678,0.5485518574714661,walking
1783088000941497000,3.1944970703125,0.7979134420849382,0.3225399093814194,-0.3042214317500591,-0.4353108704090118,-0.2976327538490295,0.5195671916007996,walking
1783088000951542000,3.2045419921875,0.7013711764357984,0.0623354601427912,-0.2348398524880409,-0.4419530630111694,-0.138068675994873,0.4851381480693817,walking
1783088000961586200,3.214586181640625,0.6510173921182751,-0.2258062128134071,0.1760094778567552,-0.4482922255992889,-0.0356679446995258,0.4504040479660034,walking
1783088000971630000,3.224630126953125,0.5623783008091151,-0.3112630208246409,0.6795861917376518,-0.4709341526031494,0.0288412719964981,0.4346535801887512,walking
1783088000981674200,3.23467431640625,0.4762630288891494,-0.1928776105493307,1.0353741445958613,-0.5133296847343445,0.0546554923057556,0.4333382844924927,walking
1783088000991718100,3.24471826171875,0.5511351683914661,-0.3590599602662027,1.2655273005723953,-0.5530664324760437,0.0699944943189621,0.4355188608169555,walking
1783088001001762000,3.254761962890625,0.4184162584677338,-0.5225042633213103,1.302835579225421,-0.5761605501174927,0.0875219628214836,0.4459258913993835,walking
1783088001011807200,3.26480712890625,0.2930256456054746,-0.6497771827988326,1.2501128738194702,-0.5926761627197266,0.0972630083560943,0.442233681678772,walking
1783088001021851100,3.27485107421875,0.4075687012389302,-0.8184823289915919,1.1455658731520175,-0.5943476557731628,0.1053956449031829,0.452761560678482,walking
1783088001031895000,3.28489501953125,0.3467011216916144,-0.9380337143063544,0.8955296205759048,-0.5774059295654297,0.1180701702833175,0.4812435507774353,walking
1783088001041939000,3.29493896484375,0.2269314174510538,-1.06799090443179,0.5433703796088695,-0.5296382308006287,0.1145811676979065,0.5096154808998108,walking
1783088001051983000,3.304983154296875,0.1075401911340653,-1.2577319705210626,0.1086310551106929,-0.4550545811653137,0.1292977929115295,0.5221251249313354,walking
1783088001062027300,3.31502734375,0.1718530888296663,-1.5430357897028326,-0.2290571774333715,-0.3875531852245331,0.1645719707012176,0.5091767907142639,walking
1783088001072072000,3.325072021484375,0.3880515153422951,-1.8025810443803667,-0.3709913672089576,-0.3408485054969787,0.2065194249153137,0.4789190292358398,walking
1783088001082116000,3.3351162109375,0.3247144769415259,-1.9105638647153973,-0.504687305471301,-0.3008536994457245,0.2398810535669326,0.4399851560592651,walking
1783088001092160300,3.34516015625,0.0737098177246749,-1.9932218357883391,-0.382262702807784,-0.2621031105518341,0.2355592846870422,0.3935566842556,walking
1783088001102204200,3.3552041015625,-0.0314180515706539,-2.034720551868528,-0.0936906756103038,-0.2231483310461044,0.2271940857172012,0.3403034210205078,walking
1783088001112248000,3.365248046875,-0.1432951028652489,-2.1501788226507603,0.0925765768885612,-0.2040856927633285,0.201578214764595,0.2581555545330047,walking
1783088001122292000,3.3752919921875,-0.0867566385634243,-2.268292868638784,0.3758475750684737,-0.1873055845499038,0.0987660139799118,0.180010512471199,walking
1783088001132337200,3.385337158203125,-0.0271720845639705,-2.3125799002632497,0.6572837590366601,-0.1481840163469314,-0.0788231492042541,0.1149345710873603,walking
1783088001142381300,3.39538134765625,-0.0099197748593986,-2.458111822269857,0.6949678852647543,-0.0808697342872619,-0.2688867151737213,0.0457352250814437,walking
1783088001152425000,3.405425048828125,0.1247944005347788,-2.6473800101503726,0.7661065373271704,0.016622195020318,-0.4474349021911621,-0.0175880845636129,walking
1783088001162469000,3.41546923828125,0.1974944566950202,-2.6716467286616563,0.6282020414590835,0.1461419761180877,-0.578346312046051,-0.060584183782339,walking
1783088001172513000,3.425512939453125,0.3735818220935761,-2.497963647925854,0.5412514877587556,0.2805490493774414,-0.6706493496894836,-0.0767061561346054,walking
1783088001182557200,3.43555712890625,0.6401172279193997,-2.2610051958486435,0.5231055902153253,0.37321537733078,-0.7246593832969666,-0.0641237571835517,walking
1783088001192602000,3.44560205078125,0.9134626060210168,-2.0335721124857664,0.3316653189927339,0.4062782526016235,-0.7324967980384827,-0.0263401586562395,walking
1783088001202646000,3.45564599609375,1.214852613737434,-1.7557115950472653,0.0028910452663898,0.3869481682777405,-0.720208466053009,0.0424364134669303,walking
1783088001212690200,3.465690185546875,1.4949100566983222,-1.389913412567228,-0.3174678668141364,0.3457243144512176,-0.721629798412323,0.1601723581552505,walking
1783088001222734300,3.475734375,1.474528801318258,-0.9918265331618488,-0.6027911213487387,0.3439822196960449,-0.7441666722297668,0.3404659926891327,walking
1783088001232778000,3.485778076171875,1.1869161206722258,-0.5830535706996918,-0.6943880395501851,0.4031177163124084,-0.7884505391120911,0.5426648855209351,walking
1783088001242822100,3.495822265625,0.793013541214168,-0.3697406364955007,-0.5958458322554826,0.4927417039871216,-0.8674722909927368,0.7220274209976196,walking
1783088001252867300,3.505867431640625,0.4698308038845658,-0.3134790894389152,-0.5026327110290527,0.5686290264129639,-0.951655387878418,0.8544979095458984,walking
1783088001262911000,3.515910888671875,0.361380366037786,-0.252279355327785,-0.4822229602068662,0.6138031482696533,-1.037859320640564,0.9794754981994628,walking
1783088001272955100,3.525955078125,0.1213090426370501,0.1041677920915186,-0.686741908711195,0.6195904612541199,-1.070223689079285,1.135653376579285,walking
1783088001282999000,3.5359990234375,-0.6687976712197065,0.6260093537203967,-1.2077408820360898,0.6288731694221497,-1.0188840627670288,1.30231773853302,walking
1783088001293043200,3.546043212890625,-1.2784195153713225,0.6911052184872328,-1.490408069103956,0.6411809921264648,-0.9450135827064514,1.3567109107971191,walking
1783088001303087400,3.55608740234375,-1.1730725964978337,0.0366826941005885,-1.4942752659261225,0.5840173363685608,-0.9339696764945984,1.2873188257217407,walking
1783088001313132000,3.566132080078125,-0.8347329143077135,-0.5132378378041088,-1.6513234382033346,0.4274916052818298,-1.059919834136963,1.1950640678405762,walking
1783088001323176200,3.57617626953125,-0.1758046029344201,-0.509361873153597,-2.10141347656846,0.2755670249462127,-1.1812595129013062,1.1239601373672483,walking
1783088001333220400,3.586220458984375,0.6811793061479926,-0.2637185948394239,-3.604869243294,0.22104012966156,-1.149198293685913,1.07020103931427,walking
1783088001343264000,3.596263916015625,1.6026391945332288,0.0994702819250524,-4.351112557765841,0.2897624969482422,-1.0363253355026243,1.0823917388916016,walking
1783088001353308200,3.60630810546875,2.184770974212885,0.8101778803743421,-4.53852898029983,0.4146546423435211,-0.9068121314048768,1.1762272119522097,walking
1783088001363352000,3.61635205078125,3.0028450146645307,1.7732077965103088,-3.955932505717873,0.6108525395393372,-0.828218400478363,1.3465481996536257,walking
1783088001373397000,3.62639697265625,3.527270747567713,2.3562913239568473,-2.5772674862653013,0.8176736235618591,-0.8352057337760925,1.5369865894317627,walking
1783088001383441000,3.63644091796875,3.6849692004472017,2.5498504870295524,-1.050251980254054,0.9914437532424928,-0.9227555990219116,1.712904453277588,walking
1783088001393484800,3.64648486328125,3.4792069738835094,2.4865146176725625,0.6115086808115243,1.1074885129928589,-1.0726300477981567,1.837658405303955,walking
1783088001403529000,3.656529052734375,3.115229577089846,2.053878695194423,2.1253397110790013,1.1269145011901855,-1.2574870586395264,1.9028648138046265,walking
1783088001413572900,3.66657275390625,2.62696324506551,1.5984727225035429,3.161121851953864,1.0593935251235962,-1.408672332763672,1.9166680574417112,walking
1783088001423617800,3.67661767578125,2.047936737924814,1.1555544754639266,3.801538062819838,0.9106603860855104,-1.5814743041992188,1.8813776969909668,walking
1783088001433662000,3.686661865234375,1.3333461605623365,0.6069041096255183,4.134093608650565,0.7364808917045593,-1.7222641706466677,1.8041622638702393,walking
1783088001443705900,3.696705810546875,0.4785501169130206,0.2453366965830326,3.800272572928667,0.6138599514961243,-1.7984933853149414,1.700053095817566,walking
1783088001453750000,3.70675,-0.1881938366472721,0.2213015948705375,3.026302462619543,0.5688059329986572,-1.7834819555282593,1.5976370573043823,walking
1783088001463794000,3.7167939453125,-0.6065057579576969,0.3851179461084306,1.854640609702468,0.6039506196975708,-1.642890214920044,1.5320217609405518,walking
1783088001473837800,3.726837890625,-0.8945578529343009,0.8222451886564492,0.2233522437900304,0.5964208245277405,-1.2993745803833008,1.528334617614746,walking
1783088001483882000,3.736882080078125,-1.0450693169191478,1.0077375112600624,-1.3051555466055869,0.6497693061828613,-0.8396260142326355,1.5754534006118774,walking
1783088001493926700,3.7469267578125,-1.3162962415620685,0.9901109614156186,-2.292134785866738,0.6463985443115234,-0.2567763924598694,1.5826984643936155,walking
1783088001503970800,3.756970703125,-0.904339534497261,0.5837015132144093,-3.690055125409364,0.5244410037994385,0.4461641311645508,1.5302062034606934,walking
1783088001514015000,3.767014892578125,-0.4894783381626009,0.2003172590307891,-4.409690418940782,0.3813171088695526,1.0693855285644531,1.4693313837051392,walking
1783088001524059000,3.777058837890625,-0.6598205840378999,0.0284058641426265,-4.041635105183721,0.288725733757019,1.4891414642333984,1.402807593345642,walking
1783088001534103000,3.78710302734375,-0.6415352780237794,0.084987290803343,-2.983907089960575,0.2702260911464691,1.6491847038269043,1.3705415725708008,walking
1783088001544148000,3.79714794921875,-0.3235577081218361,0.1361094291448593,-1.6242361093133686,0.2961496114730835,1.5803945064544678,1.382790207862854,walking
1783088001554192000,3.80719189453125,0.0822325852677226,0.0819550835005939,-0.7251210314661264,0.3395346403121948,1.3563048839569092,1.4109851121902466,walking
1783088001564236000,3.817236083984375,0.2133642260000109,0.0235094704031944,-0.1656371369242668,0.4057597219944,1.0438998937606812,1.4497060775756836,walking
1783088001574279700,3.82727978515625,0.1442377905428409,-0.0234280757300555,0.1850041006952524,0.4999573230743408,0.6919464468955994,1.515483260154724,walking
1783088001584323800,3.83732373046875,-0.0575692686542868,-0.05153934084028,0.448615874159336,0.597720742225647,0.3234449923038482,1.6159671545028689,walking
1783088001594368000,3.847367919921875,-0.2973033229246735,-0.0986880455061793,0.5799035822361708,0.684242308139801,-0.0153535762801766,1.7200288772583008,walking
1783088001604412700,3.85741259765625,-0.4462093975394964,-0.1862074851356446,0.6153063195288181,0.765954852104187,-0.3077037632465362,1.812649488449097,walking
1783088001614456800,3.867456787109375,-0.449675320084393,-0.2242845562040805,0.6131400814056396,0.8169267177581787,-0.553817093372345,1.8906043767929075,walking
1783088001624501000,3.8775009765625,-0.2900800936728716,-0.1642870374895632,0.5999889234095811,0.7907810807228088,-0.7282372713088989,1.92528772354126,walking
1783088001634545000,3.887544921875,-0.2208952060267329,-0.2362817218594252,0.5782803649485111,0.7246316075325012,-0.7795318961143494,1.9333618879318235,walking
1783088001644589000,3.897589111328125,-0.1371340960174799,-0.3567367780156433,0.407304205083847,0.6446250677108765,-0.7706958651542664,1.9165164232254028,walking
1783088001654632700,3.9076328125,0.1081786351680755,-0.6740332337856292,0.1877197893947362,0.6055938005447388,-0.7377767562866211,1.851277470588684,walking
1783088001664678000,3.917677978515625,0.3183706608727574,-1.185946398857236,-0.1599573377221822,0.6346935033798218,-0.6825200319290161,1.745657444000244,walking
1783088001674722000,3.92772216796875,0.401619729706645,-1.7038884688295424,-0.4786468552857637,0.7106130123138428,-0.5778487324714661,1.6113067865371704,walking
1783088001684765700,3.937765625,0.4384729580685496,-2.0440566816210746,-0.6634177317470312,0.8083228468894958,-0.4333679378032684,1.4795042276382446,walking
1783088001694809900,3.947809814453125,0.5895160447120666,-2.185528660712391,-0.5532604899823665,0.8874619007110596,-0.2886269986629486,1.3663181066513062,walking
1783088001704853800,3.957853759765625,0.7432213363021611,-2.012047532289475,-0.1947358056366443,0.9166280031204224,-0.1708033233880996,1.307951807975769,walking
1783088001714898000,3.96789794921875,0.9802268423914908,-1.629983420793712,0.1421300046086311,0.9063735008239746,-0.1013182550668716,1.3066625595092771,walking
1783088001724942800,3.97794287109375,1.1894193356648086,-1.1477297731876372,0.3783744631975889,0.9008943438529968,-0.0738988444209098,1.370059847831726,walking
1783088001734986800,3.98798681640625,1.2524331334605812,-0.7810657676585018,0.4782599017947912,0.9204637408256532,-0.0780834704637527,1.4616576433181765,walking
1783088001745659000,3.998658935546875,1.3641963491171598,-0.7149259467966854,0.5250538016736507,0.9688165187835692,-0.1190749257802963,1.564431071281433,walking
1783088001755703000,4.008703125,1.3895903180927038,-0.687556001573056,0.5782721816420555,1.027698040008545,-0.2007900327444076,1.6649634838104248,walking
1783088001765747000,4.018746826171875,1.459561095419526,-0.6936003963038325,0.6476964310020208,1.0897380113601685,-0.2963410317897796,1.7545560598373413,walking
1783088001775790800,4.028790771484375,1.8383640131622552,-0.7559789649359882,0.731593442350626,1.1160377264022827,-0.371258944272995,1.8112661838531496,walking
1783088001785834800,4.038834716796875,2.5167145256251096,-0.8021617471791803,0.678770783701539,1.0699151754379272,-0.3959991931915283,1.8331048488616943,walking
1783088001795880000,4.0488798828125,2.9112539416819807,-0.5815082409538328,0.3157768449872732,0.9810004830360411,-0.3548248410224914,1.904789924621582,walking
1783088001805923800,4.058923828125,2.9158991371393204,-0.0150645904019474,-0.0904126768529415,0.9376416802406312,-0.312358558177948,2.0301570892333984,walking
1783088001815967700,4.0689677734375,3.0911487365394827,0.7015459484808146,-0.3806125975131988,0.9283738732337952,-0.2561751902103424,2.211632251739502,walking
1783088001826012000,4.079011962890625,3.2672201737165447,1.1961878068864344,-0.5783522611409425,0.961475133895874,-0.2298360615968704,2.4518749713897705,walking
1783088001836056000,4.08905615234375,3.158856829631328,1.7056855813793836,-0.6773872203886508,1.0209825038909912,-0.2246556878089904,2.7044107913970947,walking
1783088001846100000,4.099099853515625,3.1002526649713515,1.696881366546452,-0.6128501585483551,1.1067883968353271,-0.2137248218059539,2.936614990234375,walking
1783088001856145000,4.109144775390625,2.6053178149685263,1.8254327815271911,-0.530562335962057,1.1343896389007568,-0.2036234587430954,3.1818857192993164,walking
1783088001866188800,4.119188720703125,1.520401348568499,2.2986316005401313,-0.857833803910017,1.1247726678848269,-0.0501753091812133,3.485021591186523,walking
1783088001876233000,4.12923291015625,-0.1617965358480811,2.841518434415758,-1.3843120854288338,1.0668087005615234,0.2666628360748291,3.775425672531128,walking
1783088001886276900,4.13927685546875,-0.2029918850675225,2.63360282921046,-2.032293178591132,0.8970825672149658,0.7269333004951477,3.8154547214508057,walking
1783088001896320800,4.14932080078125,1.8037465810284017,1.612460039062798,-1.9996113906949755,0.5884597301483154,1.0552546977996826,3.6796658039093018,walking
1783088001906365000,4.159364990234375,3.384420611990988,1.6331383776932953,-1.0778133563965555,0.2795129418373108,1.0645742416381836,3.6641414165496826,walking
1783088001916409900,4.169409912109375,3.4929426537692545,2.4322058121189474,-0.8282201714128256,0.1182686686515808,0.919803261756897,3.741177797317505,walking
1783088001926453800,4.179453857421875,2.825144807241857,2.5102654956161974,-0.8277391098976135,0.1645584851503372,0.7124485373497009,3.813856601715088,walking
1783088001936498000,4.189497802734375,1.7094801513567566,1.9164616905823348,-0.2879395745128393,0.3655182123184204,0.4284312129020691,3.823268413543701,walking
1783088001946541800,4.199541748046875,0.9199531370840968,0.7113140399098395,0.0199824653208255,0.6085861325263977,0.1926865875720977,3.730604648590088,walking
1783088001956586000,4.2095859375,0.865059809640795,0.5740905120432377,-0.1728513060867786,0.7615871429443359,0.1235794126987457,3.674222469329834,walking
1783088001966630000,4.2196298828125,1.1731010919399558,0.4145104832008481,-0.3915893340796232,0.7550462484359741,0.1471549421548843,3.5702288150787354,walking
1783088001976674800,4.2296748046875,1.5534554769083857,0.0615878566458821,-0.039002807611227,0.6257151365280151,0.1556903719902038,3.4787440299987793,walking
1783088001986719000,4.239718994140625,1.4099062531515956,-0.497252625425905,0.1472434020996093,0.4876044392585754,0.1612188220024109,3.3131277561187744,walking
1783088001996763000,4.249762939453125,1.604376685850322,-1.1948416529744863,0.3809475285559892,0.4041164517402649,0.1152910143136978,3.1047065258026123,walking
1783088002006806800,4.259806884765625,1.2541957592189312,-1.7287522764511405,0.5555903942346573,0.3687922656536102,0.0630852133035659,2.87614107131958,walking
1783088002016851000,4.269850830078125,0.7773594604864716,-2.2705580370917917,0.3660071490556001,0.3611082434654236,0.0429581031203269,2.6046688556671143,walking
1783088002026894800,4.279894775390625,0.390602222738415,-2.611204827180505,0.2236287226438522,0.3502989113330841,0.0395388416945934,2.3213584423065186,walking
1783088002036939800,4.289939697265625,0.3082528792232274,-2.742171925000846,0.076010057491064,0.3465904593467712,0.0248871929943561,2.068446636199951,walking
1783088002046984000,4.29998388671875,0.5680773892335593,-2.784590386274457,-0.1805833616435527,0.3803020417690277,-0.012676996178925,1.856354832649231,walking
1783088002057027800,4.31002783203125,0.9321766588412224,-2.736553792858124,-0.6060252809643745,0.4424583315849304,-0.0649212896823883,1.6848036050796509,walking
1783088002067072000,4.320072021484375,1.4901076248526572,-2.646263865602016,-0.8547031046688556,0.4843382239341736,-0.1292586624622345,1.5725473165512085,walking
1783088002077115600,4.33011572265625,2.004469352120161,-2.427203035395592,-1.0825304480463265,0.4322643876075744,-0.1777518987655639,1.530443549156189,walking
1783088002087159800,4.340159912109375,2.5568083433434365,-2.3499917854212224,-0.5520458534955978,0.3726676702499389,-0.3851464390754699,1.5024062395095823,walking
1783088002097205000,4.350205078125,2.5010537228956817,-2.124138080204278,0.1424012227654457,0.3640813529491424,-0.5794969797134399,1.566736936569214,walking
1783088002107249000,4.360248779296875,2.184483973965049,-1.918300304186344,-0.3022831571638584,0.3488504290580749,-0.6822159886360168,1.6523667573928833,walking
1783088002117293800,4.3702939453125,2.122232246582955,-1.808571955358237,-0.6029015959858894,0.4573177695274353,-0.7571136355400085,1.726303219795227,walking
1783088002127338000,4.380337890625,2.000649355440587,-1.4100773719348012,-0.600485182493925,0.682569682598114,-0.7381667494773865,1.832902431488037,walking
1783088002137382000,4.3903818359375,2.0076378991536794,-0.9716146429993212,-0.9614917467832564,0.7882545590400696,-0.6968432664871216,1.974741816520691,walking
1783088002147425800,4.40042578125,1.8723298495195808,-0.558578470134735,-0.7207254268556833,0.7971909642219543,-0.6619580388069153,2.119976282119751,walking
1783088002157470000,4.410469970703125,1.9001272263750433,-0.3495987428292632,-0.1310123982667922,0.7712501883506775,-0.6788989305496216,2.243631362915039,walking
1783088002167513900,4.420513916015625,1.8593785980097948,-0.422764078413695,0.3402952001720666,0.7504442930221558,-0.7026948928833008,2.3176517486572266,walking
1783088002177558800,4.430558837890625,1.7024876621209084,-0.7089690842188894,0.4491963043957948,0.739361047744751,-0.6841030716896057,2.296250581741333,walking
1783088002187602700,4.440602783203125,1.5826150820277631,-1.0616307217501104,0.3430763553231954,0.7237858772277832,-0.6045198440551758,2.2235913276672363,walking
1783088002197646800,4.450646728515625,1.3274246615588663,-1.1599239227198064,0.0839724146723747,0.6850752234458923,-0.4783025681972503,2.139488935470581,walking
1783088002207691000,4.46069091796875,1.273344842455536,-1.2121280110791326,-0.155519063013792,0.6317121386528015,-0.3455133736133575,2.041275978088379,walking
1783088002217735000,4.47073486328125,1.414225723785907,-1.1510820062249898,-0.2022983498454093,0.5711579918861389,-0.2313425838947296,1.950331687927246,walking
1783088002227778800,4.48077880859375,1.4105221930928526,-0.9297199133388696,-0.3417658572465181,0.4972493052482605,-0.1436491012573242,1.8817678689956665,walking
1783088002237824000,4.490823974609375,1.2993635192006825,-0.6615924160160124,-0.6466530594289303,0.4319858849048614,-0.0402580015361309,1.848541498184204,walking
1783088002247868000,4.500867919921875,1.2166881586015224,-0.3589640986762941,-0.7853712097674608,0.4054054021835327,-0.0120058115571737,1.8509578704833984,walking
1783088002257911800,4.510911865234375,1.6115490616977215,-0.2073623552367091,-0.3432955510318279,0.4322676360607147,-0.0803049802780151,1.8690577745437624,walking
1783088002267955700,4.520955810546875,1.876152330417186,-0.147424896146357,-0.1463110896855592,0.4788367450237274,-0.1933286935091018,1.9086472988128664,walking
1783088002277999900,4.530999755859375,1.930885060471296,-0.1947369746804237,-0.2875058592706918,0.4833233654499054,-0.2472198754549026,1.94126296043396,walking
1783088002288044000,4.5410439453125,1.9490410410173236,-0.3787368667691946,-0.4108779719173908,0.4407268166542053,-0.2352533936500549,1.983054995536804,walking
1783088002298088700,4.551088623046875,1.902367406517267,-0.6044941258743405,-0.5584598121911287,0.2960721552371979,-0.1849161833524704,2.0096077919006348,walking
1783088002308132900,4.5611328125,1.9640671991050245,-1.0303187609024345,-0.2824012296080589,0.1619038432836532,-0.1284589022397995,1.9437739849090576,walking
1783088002318177000,4.571177001953125,1.6198155163921415,-1.2784462572477755,-0.278639246726036,0.0252551939338445,-0.0445320345461368,1.896729826927185,walking
1783088002328221000,4.581220947265625,1.5698860949665308,-1.6058143174380064,0.0274731133371591,-0.1060918271541595,-0.0642596334218978,1.8583636283874512,walking
1783088002338264800,4.591264892578125,1.712466035299748,-1.826680297370255,0.3441191423743963,-0.1508363932371139,-0.1428284794092178,1.8200204372406008,walking
1783088002348308700,4.601308837890625,1.630097110301256,-1.9513599854841828,0.2429787352800369,-0.1214478835463523,-0.2495473325252533,1.8154414892196655,walking
1783088002358354000,4.61135400390625,1.5613731181651354,-2.016904032409936,0.0066939446806907,-0.0209716148674488,-0.373669296503067,1.8257277011871336,walking
1783088002368397800,4.621397705078125,1.6259208475299178,-1.9328309338420628,-0.1557768371671438,0.1366186887025833,-0.5057116150856018,1.8443740606307983,walking
1783088002378441700,4.631441650390625,1.6421882378503678,-1.7739428327865898,-0.1699666905611753,0.2833079695701599,-0.6151302456855774,1.8867073059082031,walking
1783088002388486000,4.64148583984375,1.5607278059989214,-1.5855216171242297,-0.0977455039590597,0.3659612238407135,-0.6877039670944214,1.938365578651428,walking
1783088002398529800,4.65152978515625,1.6094301698476077,-1.4767460389763116,0.0924029738873243,0.3769323825836181,-0.7164722084999084,1.987401008605957,walking
1783088002408574700,4.66157470703125,1.6243354780346155,-1.4104597953811286,0.2577291451662779,0.3505426347255707,-0.7090172171592712,2.030411958694458,walking
1783088002418619000,4.671618896484375,1.586311598458141,-1.305977968904376,0.3374456559598445,0.3189572989940643,-0.6818516254425049,2.0747933387756348,walking
1783088002428662800,4.681662841796875,1.5500097203686831,-1.2406937419585884,0.3805675893276929,0.2928776741027832,-0.6499193906784058,2.1093215942382812,walking
1783088002438707000,4.69170703125,1.4795362542167303,-1.2246380946926771,0.2035924813091754,0.2693438529968261,-0.5757876634597778,2.125159978866577,walking
1783088002448750800,4.701750732421875,1.4799572561077772,-1.1696753552749752,-0.094018592390418,0.2289085835218429,-0.4565390944480896,2.1283986568450928,walking
1783088002458794800,4.711794677734375,1.4897965130768716,-1.0840428984358903,-0.3370832523882389,0.1751505434513092,-0.2954135835170746,2.123042345046997,walking
1783088002468840000,4.72183984375,1.5194316267535088,-0.9746097331620752,-0.4599900856107473,0.1341313868761062,-0.1166327744722366,2.111812114715576,walking
1783088002478883800,4.7318837890625,1.486416222988814,-0.9451296639166772,-0.4670265601187944,0.1371008157730102,0.06501105427742,2.0920250415802,walking
1783088002488927700,4.741927734375,1.379045250941813,-1.0126416499145328,-0.4145166206806898,0.1542727351188659,0.2171710431575775,2.05222487449646,walking
1783088002498972000,4.751971923828125,1.271362436466664,-1.2045550916068255,-0.2450187166750431,0.1553952544927597,0.3225486278533935,1.987424612045288,walking
1783088002509015800,4.762015869140625,1.124653287374228,-1.4007194687418638,-0.0387953023403883,0.1311356872320175,0.3400957584381103,1.895090937614441,walking
1783088002519060000,4.77206005859375,0.909831994433701,-1.7125534213222562,-0.0215875624299049,0.0967734456062316,0.2911734879016876,1.7838637828826904,walking
1783088002529105000,4.78210498046875,0.8172581940241157,-1.938469378120452,-0.153553315898776,0.0690600648522377,0.1885056942701339,1.6742643117904663,walking
1783088002539148800,4.792148681640625,0.9719948744885624,-1.9461777605406936,-0.2983919949442148,0.0735980868339538,0.0385430827736854,1.568891525268555,walking
1783088002549193000,4.80219287109375,1.2027629474930464,-2.016949332856387,-0.4346551533460617,0.1227838322520256,-0.1458685398101806,1.4461387395858765,walking
1783088002559236900,4.81223681640625,1.1310277908422053,-2.1094019911043347,-0.5249573555618524,0.1783576011657714,-0.3246989846229553,1.3081814050674438,walking
1783088002569280800,4.82228076171875,0.8888844834730029,-2.256310023769736,-0.4494505714178085,0.2279630750417709,-0.4816716313362121,1.151019811630249,walking
1783088002579324700,4.83232470703125,0.5091489610552787,-2.6431454413205384,-0.2273269926398992,0.2796611785888672,-0.5865144729614258,0.952159345149994,walking
1783088002589369900,4.842369873046875,0.0052197804749011,-2.9709651908010244,-0.4410965845704078,0.3594842255115509,-0.5932973027229309,0.7427127957344055,walking
1783088002599413800,4.852413818359375,0.063226417633146,-2.6615485284954308,-1.0476496888011693,0.4947102069854736,-0.5089730620384216,0.6035476922988892,walking
1783088002609457700,4.862457763671875,0.5895826802074909,-1.8319572148598728,-1.6913678638219831,0.6522045731544495,-0.3743134140968323,0.5482547879219055,walking
1783088002619501800,4.872501708984375,1.1215266797862946,-1.1255676257401703,-2.1916502123326063,0.748849630355835,-0.2145674377679824,0.5420674681663513,walking
1783088002629546000,4.8825458984375,1.7422599927999078,-0.4503779153957962,-2.284102286058664,0.7315061688423157,-0.1015460193157196,0.5754935145378113,walking
1783088002639590000,4.89258984375,2.180858330813795,0.295723798648268,-1.9793115299880504,0.6794019341468811,-0.0695116519927978,0.6719337701797485,walking
1783088002649634800,4.902634765625,2.3213643874824044,0.9266099646247924,-1.6328554690986872,0.65860515832901,-0.1302737295627594,0.8045245409011841,walking
1783088002659679000,4.912678955078125,2.1739204943746326,1.2335507383361457,-1.5517068796753883,0.663007915019989,-0.250779390335083,0.9383891820907592,walking
1783088002669723000,4.922722900390625,1.7805002916060386,1.3979086491048336,-1.5837287423580884,0.6714322566986084,-0.390354573726654,1.0583325624465942,walking
1783088002679766800,4.932766845703125,1.3919735599674283,1.713035067359358,-1.3965952284187078,0.677821934223175,-0.5669969916343689,1.1931451559066772,walking
1783088002689810700,4.942810791015625,1.0822050154842435,2.3683799672879275,-0.9550637595623732,0.7208033800125122,-0.7293075919151306,1.3824214935302734,walking
1783088002699856000,4.95285595703125,0.4773075695060193,3.4190681470021604,-0.3924783918738365,0.7876145839691162,-0.8898767828941345,1.6277947425842283,walking
1783088002709899800,4.962899658203125,0.1054255370676517,4.265451459354162,0.4881266312927007,0.8538414239883423,-1.0460973978042605,1.8775476217269895,walking
1783088002719943700,4.972943603515625,0.0332381066046655,4.549884487050772,1.226480069297552,0.8521676659584045,-1.1574043035507202,2.059739112854004,walking
1783088002729987800,4.98298779296875,-0.2060929198227822,4.589771968542039,1.3986205967664718,0.7655350565910339,-1.1617066860198977,2.176762104034424,walking
1783088002740031700,4.99303173828125,-0.6619609570674598,4.159085426566005,1.0581225674986838,0.6518309116363525,-1.0472007989883425,2.2097837924957275,walking
1783088002750076000,5.003075927734375,-1.2916983914002775,3.164002375826239,0.3020569471925496,0.4695664644241333,-0.8022239804267883,2.112557172775269,walking
1783088002760120800,5.013120849609375,-1.8421936544530093,1.7521090405106543,-0.594289834985137,0.3016318082809448,-0.4275126755237579,1.8659571409225464,walking
1783088002770164700,5.023164794921875,-2.0382238838143647,0.8278682892352343,-1.5012445204168556,0.2327155172824859,-0.074119359254837,1.552117109298706,walking
1783088002780209000,5.033208984375,-1.471192058110982,0.4064586941704153,-1.8120815709143876,0.1607933938503265,0.2271502017974853,1.2740575075149536,walking
1783088002790252800,5.043252685546875,-0.9148308256343006,0.1779427840068936,-2.0175831007152794,0.0969779267907142,0.4690486788749695,1.0052194595336914,walking
1783088002800296700,5.053296630859375,-0.6219787830300629,-0.1131217906586825,-2.1147709707915783,0.0896497070789337,0.6654384136199951,0.7418200969696045,walking
1783088002810340900,5.0633408203125,-0.6157800745204091,-0.4343851042330264,-1.717638031110167,0.1181723475456237,0.7510225772857666,0.5024048686027527,walking
1783088002820386000,5.073385986328125,-0.7540100029505789,-0.797298525056988,-1.129781444042921,0.1485624760389328,0.7620792388916016,0.2901152670383453,walking
1783088002830429700,5.0834296875,-0.98990287162289,-1.0816310149885713,-0.6590870090663433,0.1652383506298065,0.7153475880622864,0.1209941729903221,walking
1783088002840473900,5.093473876953125,-1.249384267283976,-1.160018030744046,-0.2532797645419836,0.1563867926597595,0.6608409285545349,0.0098836347460746,walking
1783088002850517800,5.103517822265625,-1.597603976844996,-1.093965011382848,0.0087099606782197,0.1253951042890548,0.6217657923698425,-0.0233835875988006,walking
1783088002860562000,5.11356201171875,-1.9131858837820588,-0.9742422150239348,0.2316267356604337,0.1291445791721344,0.5588909387588501,-0.0330924056470394,walking
1783088002870605800,5.123605712890625,-1.7332820288352668,-0.8774519659630954,0.4045949461251497,0.1199715808033943,0.446633368730545,-0.0375906936824321,walking
1783088002880650800,5.133650634765625,-1.263913581765443,-0.7662702034562826,0.5732657516568899,0.0768273025751113,0.28090301156044,0.0064374832436442,walking
1783088002890695000,5.14369482421875,-0.7596122068718075,-0.6229333072759211,0.849969061884284,-0.0169860944151878,0.0940502285957336,0.0983582809567451,walking
1783088002900738800,5.15373876953125,-0.2795372184790671,-0.5121114641226828,0.8030868992000818,-0.0747388750314712,-0.0637287497520446,0.2182718962430954,walking
1783088002910782700,5.16378271484375,0.1072783253274858,-0.4458621915370225,0.6937421428620815,-0.0442251786589622,-0.1795070916414261,0.3246432542800903,walking
1783088002920827000,5.173826904296875,0.38545463071689,-0.4069518845148384,0.4497171133995056,0.0422463305294513,-0.240801602602005,0.4238912761211395,walking
1783088002930870800,5.183870849609375,0.6924106019973755,-0.4934035487823188,0.4235919075399637,0.1151749119162559,-0.2929857671260834,0.4961141645908355,walking
1783088002940915700,5.193915771484375,0.8635684020392597,-0.4496512085564434,0.6812889040023088,0.1585178673267364,-0.3553862869739532,0.5534144639968872,walking
1783088002950959900,5.2039599609375,0.7919475194178521,-0.3312267814449965,0.9341606722652912,0.2026978433132171,-0.3995989561080932,0.6121684312820435,walking
1783088002961003800,5.214003662109375,0.4673017237983644,-0.1629210098333656,0.9482295296281577,0.2774831354618072,-0.4229258596897125,0.6895337700843811,walking
1783088002971048000,5.2240478515625,-0.0027897768490016,-0.0216324244849383,0.7241571548700332,0.408131331205368,-0.4460455179214477,0.7598481774330139,walking
1783088002981091800,5.234091796875,-0.3513781735919415,-0.0641577071338892,0.7588619730263948,0.5260664820671082,-0.4722709953784942,0.7967504858970642,walking
1783088002991135700,5.2441357421875,-0.4761445170760154,-0.1857085226375609,1.2194541161835193,0.5082699656486511,-0.4797670841217041,0.821295976638794,walking
1783088003001181000,5.254180908203125,-0.6262853941828012,-0.2321985441990196,1.5389648870021104,0.3843299448490143,-0.4442953765392303,0.8211069107055664,walking
1783088003011224800,5.264224853515625,-0.6784757462777197,-0.2232712875083088,1.863435910576582,0.2337914854288101,-0.4258429706096649,0.7792859077453613,walking
1783088003021268700,5.274268798828125,-0.5994312895268201,-0.437315531661734,2.081884015712142,0.1055144742131233,-0.4310662150382995,0.6921544671058655,walking
1783088003031313000,5.28431298828125,-0.3989034564852714,-0.8115253494605421,2.0633798062503335,0.0042370273731648,-0.4379722476005554,0.5702797770500183,walking
1783088003041356800,5.294356689453125,-0.1584989556074142,-1.0595499699532984,1.971598763653636,-0.0765555500984191,-0.4325918555259704,0.4349714517593384,walking
1783088003051401700,5.304401611328125,-0.1714591210760176,-1.1255010633099825,1.7439304102301596,-0.1211675927042961,-0.3897579312324524,0.3263271450996399,walking
1783088003061446000,5.31444580078125,-0.2707460092581808,-1.200727715338394,1.5765777015596627,-0.1396797597408294,-0.3532236218452453,0.2329007685184478,walking
1783088003071489800,5.32448974609375,-0.1406703073196113,-1.3171027356393634,1.4490969845503567,-0.128639668226242,-0.3115021288394928,0.1599818468093872,walking
1783088003081534000,5.334533935546875,0.0577364419147372,-1.256449091103673,1.3251532094955445,-0.1167116314172744,-0.2667293548583984,0.1275301724672317,walking
1783088003091577900,5.344577880859375,0.3202883310623466,-1.1535986652210355,1.225538404533267,-0.1157408133149147,-0.2391082048416137,0.1135343760251998,walking
1783088003101621800,5.354621826171875,0.3811626326113939,-1.148875143830478,0.9994687184780836,-0.1231659725308418,-0.2020545899868011,0.1257931739091873,walking
1783088003111667000,5.3646669921875,0.0545602960966527,-1.025936892556399,0.7027163074344396,-0.1327810883522033,-0.1672286391258239,0.1594551801681518,walking
1783088003121710800,5.3747109375,-0.1379438049651682,-0.9500475388355551,0.662265639102459,-0.0975834280252456,-0.1673604696989059,0.2014670670032501,walking
1783088003131754800,5.384754638671875,-0.3732648650988936,-1.087375696120411,0.737436323159933,-0.0281923227012157,-0.2178881466388702,0.2344967424869537,walking
1783088003141798700,5.394798583984375,-0.5966900279946625,-1.3058593109607697,0.8892004175543785,0.045141015201807,-0.308676928281784,0.2720007002353668,walking
1783088003151842800,5.4048427734375,-0.7361119426883757,-1.3488754458665846,1.0107833086967468,0.0921142846345901,-0.4401187002658844,0.3201086819171905,walking
1783088003161887000,5.414886962890625,-0.8316399167284368,-1.3681231671720742,0.9598498247951268,0.1353059560060501,-0.5659967660903931,0.378652423620224,walking
1783088003171931600,5.424931640625,-1.0674116432391108,-1.1697278161145743,0.7145066984713078,0.1864749640226364,-0.6231959462165833,0.4693132638931274,walking
1783088003181975800,5.434975830078125,-1.1736634019978345,-0.9639968614719808,0.5689262611478567,0.2662875056266784,-0.6222004890441895,0.5207980275154114,walking
1783088003192020000,5.44502001953125,-1.1886065579771994,-1.110570986007899,0.5359942978829145,0.2871003746986389,-0.5782599449157715,0.5245897769927979,walking
1783088003202064000,5.45506396484375,-1.4769303095020352,-1.2384725587777792,0.4980979902088642,0.1938383430242538,-0.4859513342380523,0.538193941116333,walking
1783088003212107800,5.465107666015625,-1.9652491023659704,-1.2206646610170602,0.3449772205084562,0.0353942327201366,-0.3760680854320526,0.5499952435493469,walking
1783088003222153000,5.475153076171875,-2.2342991213612255,-1.4314377014800903,0.1826443858265876,-0.1076590567827224,-0.297620952129364,0.5101549029350281,walking
1783088003232196900,5.48519677734375,-1.957012312157452,-1.7810978191077709,-0.103457451865077,-0.1952085345983505,-0.2790609896183014,0.4267951548099518,walking
1783088003242241000,5.495240966796875,-1.2944815923780202,-1.8221278947629032,-0.4324520903438329,-0.2435406446456909,-0.3236880898475647,0.3310736715793609,walking
1783088003252284700,5.50528466796875,-0.5289562159396708,-1.6131000905320048,-0.7655676081448793,-0.2593973875045776,-0.4092571437358856,0.2456528693437576,walking
1783088003262328800,5.515328857421875,-0.2809124523550272,-1.5985221146032214,-1.1157295378148555,-0.2643918991088867,-0.4899011254310608,0.1607696712017059,walking
1783088003272372700,5.525372802734375,-1.2929703110322357,-1.6229308719336986,-1.921858873450756,-0.2715914249420166,-0.4085511267185211,0.1040365546941757,walking
1783088003282417700,5.535417724609375,-3.965522756361961,-0.8780655678167939,-3.9114650029599662,-0.1883271634578704,0.0171956457197666,0.110710434615612,walking
1783088003292461800,5.5454619140625,-1.3818104778714475,0.0242542974211275,-4.316579589045047,-0.0739009156823158,0.2867549061775207,0.1768837571144104,walking
1783088003302505700,5.555505615234375,0.9196863028414548,0.3034880029089749,-4.9225680451303715,-0.2004109174013137,0.621242880821228,0.2307408601045608,walking
1783088003312550000,5.5655498046875,0.3103971977755427,0.9483809207975864,-6.56258332285583,-0.3523658514022827,1.097542643547058,0.2860438525676727,walking
1783088003322594000,5.575593994140625,-0.1474872938580811,2.0994456836268305,-6.390427597817778,-0.3754783570766449,1.4595316648483276,0.5330225229263306,walking
1783088003332637700,5.5856376953125,0.146501643821597,2.9011048881113526,-4.868343702989816,-0.2487266957759857,1.5564862489700315,0.7741765975952148,walking
1783088003342683000,5.595682861328125,0.3774458040453493,2.4681886873871086,-2.9637177038908,-0.0509457066655159,1.4459019899368286,0.8256589770317078,walking
1783088003352727000,5.60572705078125,-0.1934355366930365,1.6972613057747483,-1.9037842875778672,0.0917630642652511,1.313071846961975,0.7477110028266907,walking
1783088003362770700,5.615770751953125,-1.0915582425020631,1.368065153374523,-1.3229659285843371,0.1322431117296219,1.238780856132507,0.663708508014679,walking
1783088003372816000,5.62581591796875,-1.018444344843924,1.2788435860022902,-0.3163584442675113,0.1526733338832855,1.0453612804412842,0.5401487946510315,walking
1783088003382860000,5.635860107421875,0.6688374187082052,1.108690579088777,1.4566045837014914,0.1647374480962753,0.660365879535675,0.3881406486034393,walking
1783088003392904000,5.645904052734375,1.3628554559022188,1.5674446931637822,2.693577405440807,0.1089242547750473,0.2314712852239608,0.3050537407398224,walking
1783088003402948900,5.655948974609375,0.4658424649007618,1.3507732423119243,3.1771599635630845,0.0443670973181724,-0.1502651572227478,0.1246360316872596,walking
1783088003412993000,5.665992919921875,0.5254783106960356,0.1738423629507422,4.276742084175348,-0.0021227698307484,-0.5459256768226624,-0.1247802972793579,walking
1783088003423037000,5.676036865234375,0.2702083952501416,-0.324410233297944,4.735562541484833,-0.0731894895434379,-0.8191457390785217,-0.3830744326114654,walking
1783088003433080800,5.686080810546875,0.1804937836639583,-0.6668162881441414,4.267681410363316,-0.1785357594490051,-0.968316614627838,-0.6512660980224609,walking
1783088003443125000,5.696125,0.4292117932483553,-0.6436243592575192,3.3951007036983967,-0.2596098184585571,-0.9532676339149476,-0.824507474899292,walking
1783088003453169000,5.7061689453125,0.3329787396788597,-0.1447698515929281,2.0481541800677774,-0.2793277502059936,-0.7987797856330872,-0.8907041549682617,walking
1783088003463213800,5.7162138671875,0.736040338756889,0.4097410768419504,1.098659745070338,-0.2815869152545929,-0.5827926397323608,-0.8824488520622253,walking
1783088003473258000,5.726258056640625,1.231994010413438,0.922967370338738,0.3907254107266664,-0.3196514546871185,-0.3409631252288818,-0.8131668567657471,walking
1783088003483302000,5.736302001953125,1.4733540584504603,1.4258919039212166,-0.4234340866297483,-0.3915437459945678,-0.0520645007491111,-0.6717125177383423,walking
1783088003493346000,5.746345947265625,1.5405848894193768,1.9747503595523537,-0.9176268860936164,-0.4164738357067108,0.2195895612239837,-0.4676030576229095,walking
1783088003503390000,5.756389892578125,1.608894893927127,2.3283349571473897,-0.5847030914723873,-0.3532626330852508,0.364267885684967,-0.2164046615362167,walking
1783088003513435000,5.766434814453125,1.6766092706292868,2.2738570786371826,0.0901852978378534,-0.2890857756137848,0.3957594931125641,0.0289765428751707,walking
1783088003523479000,5.77647900390625,1.4689813963241871,1.989226920933276,0.3584557107627392,-0.2777993083000183,0.3821049332618713,0.2147741019725799,walking
1783088003533523000,5.78652294921875,1.2442435433946548,1.660197941793501,0.4882487963676452,-0.3122692406177521,0.3416487574577331,0.3532648086547851,walking
1783088003543566800,5.79656689453125,1.1893885021351278,1.546044177738577,0.6900584859132767,-0.37372887134552,0.3207038044929504,0.4718612134456634,walking
1783088003553611000,5.806611083984375,1.2055771281309424,1.235408787292987,0.7211123803466558,-0.4375666081905365,0.3010739982128143,0.5326524972915649,walking
1783088003563655000,5.816655029296875,1.21100002996251,0.5438955725267529,0.7959265060514211,-0.4912207722663879,0.2737060189247131,0.5366693139076233,walking
1783088003573699800,5.826699951171875,0.883063522234559,0.0589851268015801,0.4454880975276231,-0.5207163691520691,0.2286273539066314,0.5280263423919678,walking
1783088003583744000,5.836743896484375,0.4643452120803296,-0.1499602598428726,0.2376175005078315,-0.4945617020130157,0.1519397795200348,0.5060960650444031,walking
1783088003593788000,5.846787841796875,0.3341615197226405,-0.2712694486103952,0.2826245169699192,-0.4106115996837616,0.0287375692278146,0.4579633474349975,walking
1783088003603832000,5.85683203125,0.2720809111237526,-0.2589068106435239,0.2682610605746507,-0.3290903866291046,-0.0775917991995811,0.3904913365840912,walking
1783088003613876000,5.8668759765625,0.1565202028803527,-0.4336611738726496,0.115607908385992,-0.3141756355762481,-0.148034393787384,0.2935310006141662,walking
1783088003623919900,5.876919921875,0.1434206289410591,-0.6977222985394299,0.2848912928581237,-0.3259564042091369,-0.1998179703950882,0.2017433047294616,walking
1783088003633965000,5.886965087890625,0.152359722200036,-0.8800817299447953,0.6614508155882358,-0.3318065106868744,-0.2887289524078369,0.1181596666574478,walking
1783088003644009000,5.897009033203125,0.2939512360177934,-1.1012653975240885,1.0446019916683436,-0.3127337396144867,-0.4175684154033661,0.0347193740308284,walking
1783088003654052900,5.907052978515625,0.4397621210962533,-1.2958467432513832,1.061191891941428,-0.2921502590179443,-0.5244534015655518,-0.0424682162702083,walking
1783088003664097000,5.917096923828125,0.5440824734009801,-1.3513362830221651,0.6183616154462098,-0.2831045687198639,-0.5646224021911621,-0.0948360860347747,walking
1783088003674141000,5.927140869140625,0.8421645256131887,-1.2580785920016466,0.1161778172284364,-0.2828391790390014,-0.542752206325531,-0.1035374775528907,walking
1783088003684185900,5.937185791015625,1.1025219734564422,-1.1811378295317292,-0.133987614685297,-0.2648239433765411,-0.50247722864151,-0.0881207063794136,walking
1783088003694229800,5.947229736328125,1.0368936092481016,-1.3995429723083972,-0.1253770227283239,-0.2320450097322464,-0.4855974912643432,-0.0647429749369621,walking
1783088003704274000,5.95727392578125,0.6853126065604388,-1.6135878740489482,-0.1089788456350564,-0.1942028105258941,-0.4523023962974548,-0.0343805439770221,walking
1783088003714318000,5.967318115234375,0.2300857898287475,-1.7522347127169369,-0.0361228682607412,-0.1769760251045227,-0.3848268985748291,0.0015672332374379,walking
1783088003724362000,5.977362060546875,0.2438229310192167,-1.860432929368317,0.0125736503690481,-0.1988323181867599,-0.2694475948810577,0.0236253980547189,walking
1783088003734406000,5.987406005859375,0.1760240909039974,-1.8202315596222876,-0.0611526800990104,-0.2561277747154236,-0.1301166117191314,0.0543448403477668,walking
1783088003744451000,5.997451171875,0.0143031045101583,-1.6474258462429046,-0.109003980076313,-0.2996185421943664,0.0100072026252746,0.1023075729608535,walking
1783088003754495000,6.007494873046875,-0.0763265760943293,-1.6071601790890098,-0.0571077886223793,-0.2896163463592529,0.1358411461114883,0.1351851820945739,walking
1783088003764539000,6.017538818359375,-0.4084126047171652,-1.660655037911236,0.0883855549395084,-0.247284859418869,0.2233816534280777,0.1635795384645462,walking
1783088003774582800,6.027582763671875,-0.5631484083987772,-1.631216177459061,0.3406289621710777,-0.1960400491952896,0.2661996781826019,0.2048087269067764,walking
1783088003784627000,6.037626953125,-0.424316714683175,-1.4922931521981957,0.6262310336470603,-0.1488664150238037,0.2754499018192291,0.2402362376451492,walking
1783088003794671000,6.047671142578125,-0.2404454174101352,-1.3244889003679154,0.7376379832118749,-0.1244040429592132,0.2489939033985138,0.2758014798164367,walking
1783088003804715800,6.0577158203125,-0.0093903441578149,-1.2133072839915753,0.8700959041118621,-0.099595621228218,0.1828572303056717,0.3111703991889953,walking
1783088003814760000,6.067760009765625,0.2289109008304774,-1.1491446084216237,0.901055105999112,-0.0593378990888595,0.0823839083313942,0.33800008893013,walking
1783088003824804000,6.07780419921875,0.4008154275864362,-1.2387845473363994,0.6971066508591175,-1.8724240362e-06,-0.0081744845956563,0.3480481803417206,walking
1783088003834848000,6.087847900390625,0.4497698665000498,-1.3664686779633164,0.3569605037689208,0.0414302051067352,-0.0896134003996849,0.3302453458309173,walking
1783088003844892000,6.097891845703125,0.3965846581488847,-1.4806401238054037,0.0322597630918026,0.058399599045515,-0.1244440898299217,0.3122293353080749,walking
1783088003854935800,6.107935791015625,0.3540868480287492,-1.6360814454078674,-0.1854091743648052,0.0616322010755538,-0.1330894380807876,0.2752558588981628,walking
1783088003864981000,6.11798095703125,0.3120847124710679,-1.798522124378383,-0.2336450897455215,0.0578710213303566,-0.1315512061119079,0.2156404703855514,walking
1783088003875025200,6.128025146484375,0.2146212403237819,-1.950622903381288,-0.1885936496198177,0.0503645464777946,-0.1320890039205551,0.1411498785018921,walking
1783088003885068800,6.13806884765625,0.1414440681710839,-2.1237784531116484,-0.0932177974015474,0.0273244734853506,-0.1470580995082855,0.0449604876339435,walking
1783088003895113000,6.148113037109375,0.0263126912556588,-2.167230933608115,-0.1596989790469408,0.0055640432983636,-0.1645125299692154,-0.0565888881683349,walking
1783088003905156900,6.158156982421875,-0.1856964668735861,-2.084884951093793,-0.3531196104317903,-0.0156714711338281,-0.1697602868080139,-0.1454630941152572,walking
1783088003915201800,6.168201904296875,-0.3420110641792416,-1.9212667527765035,-0.423003878518939,-0.0324647054076194,-0.1919969618320465,-0.2029260843992233,walking
1783088003925246000,6.178245849609375,-0.3698183779068291,-1.7274594601616262,-0.50317865447402,-0.0386594831943511,-0.2376161068677902,-0.2205013483762741,walking
1783088003935289900,6.188289794921875,-0.2796773576021194,-1.570468863290548,-0.6821779617965221,-0.0326947160065174,-0.2995319068431854,-0.2144045680761337,walking
1783088003945334000,6.198333984375,-0.0854806272782385,-1.4868632361039518,-1.0407359638899565,-0.00890629645437,-0.3379021883010864,-0.2087852954864502,walking
1783088003955378200,6.208378173828125,-0.0063997840397059,-1.4065882146447897,-1.5192396113127469,0.0007861906196922,-0.3327581286430359,-0.2128845006227493,walking
1783088003965421800,6.218421875,0.0408642175689339,-1.2663807025313376,-1.865082508739829,0.0118617452681064,-0.2954363226890564,-0.1849031895399093,walking
1783088003975467000,6.228467041015625,-0.3589548924565315,-0.762213037019968,-2.2111188829123973,0.0458922982215881,-0.1738969087600708,-0.1085776761174202,walking
1783088003985511200,6.23851123046875,-0.7443187761500477,-0.6508677545145154,-2.3392723846167325,0.1040815711021423,-0.046052660793066,-0.0701775550842285,walking
1783088003995554800,6.248554931640625,-0.371778572063893,-0.8650435891583561,-1.6015993300914764,0.1501941084861755,-0.021275071427226,-0.0757134407758712,walking
1783088004005599000,6.258598876953125,-0.1965131905727088,-0.9532555410966276,-1.2516454902142289,0.147597000002861,-0.0888376012444496,-0.1343943327665329,walking
1783088004015643000,6.268642822265625,0.1193257598653435,-1.0764672024846076,-1.250124564257264,0.1522877961397171,-0.2275587618350982,-0.2134622633457183,walking
1783088004025687000,6.27868701171875,0.7309209499165416,-0.963586965496838,-1.335359546211362,0.2186929136514663,-0.4038965106010437,-0.2749623954296112,walking
1783088004035732000,6.28873193359375,1.029379434225708,-0.7477826528683305,-1.7702958545863627,0.3352040648460388,-0.5689359903335571,-0.3205938041210174,walking
1783088004045776000,6.29877587890625,1.2959234617494046,-0.6728527918294072,-2.2455840470939874,0.4539538621902466,-0.7121309638023376,-0.3727089464664459,walking
1783088004055820000,6.308820068359375,1.5790329857572911,-0.1367883513197302,-2.4742162771135567,0.5148786306381226,-0.8089606165885925,-0.3699083030223846,walking
1783088004065864000,6.318864013671875,1.955158208723366,0.8323523027814924,-2.289149048054218,0.5246545672416687,-0.8678593635559082,-0.2748332023620605,walking
1783088004075907800,6.328907958984375,2.432600656655431,1.7743908688150345,-1.8085925597548485,0.5523358583450317,-0.920872151851654,-0.1015534773468971,walking
1783088004085953000,6.338953125,2.8645062190324064,2.4857480172142385,-0.943961350789666,0.6287055015563965,-1.0014638900756836,0.1308257132768631,walking
1783088004095997000,6.348996826171875,3.1377243174925447,2.775705653551221,0.1053285064339637,0.7091195583343506,-1.101691722869873,0.3743859529495239,walking
1783088004106040800,6.359040771484375,3.099300478813052,2.871025976189971,1.123593695318699,0.7468006014823914,-1.1895201206207275,0.6047118306159973,walking
1783088004116085000,6.3690849609375,2.730431510585546,2.778030881628394,2.157672539407015,0.7276353240013123,-1.2767624855041504,0.8022934794425964,walking
1783088004126129000,6.37912890625,2.0972838294178247,2.6130045700788496,3.112849696215987,0.6764914393424988,-1.391049027442932,0.9772676825523376,walking
1783088004136173000,6.389173095703125,1.2114736388236285,2.43956245849207,3.799946409714222,0.6096760630607605,-1.4943467378616333,1.1026352643966677,walking
1783088004146218000,6.399218017578125,0.4312365770742297,2.053064602332562,3.8778345360368487,0.5480712652206421,-1.5462325811386108,1.1537703275680542,walking
1783088004156262000,6.409261962890625,-0.0326800343304872,1.7309556317143142,3.2649954834043977,0.4938447475433349,-1.4965004920959473,1.1458903551101685,walking
1783088004166306000,6.41930615234375,-0.1215112872108817,1.4334424654312432,2.0159850178688763,0.4586675763130188,-1.340445876121521,1.1063767671585083,walking
1783088004176350000,6.429349853515625,-0.11307517503798,1.115084371779114,0.559643469017744,0.4199822247028351,-1.1343978643417358,1.038609504699707,walking
1783088004186393900,6.439393798828125,-0.2916512885123491,0.6101334469355643,-1.2002297757536171,0.3664510846138,-0.8185860514640808,0.9083489775657654,walking
1783088004196438000,6.44943798828125,-0.8554267427682876,-0.2028488233350217,-3.225013601627946,0.320673406124115,-0.2995177209377289,0.705792248249054,walking
1783088004206483000,6.45948291015625,-1.3994573398515582,-0.7538333312094211,-4.686048276731372,0.309838056564331,0.3153308033943176,0.4619486927986145,walking
1783088004216527000,6.469527099609375,-1.4468018593505023,-0.8040857009790837,-5.236016154909134,0.3308623433113098,0.8752312660217285,0.2476987391710281,walking
1783088004226570800,6.47957080078125,-1.212754910805821,-0.5599801536262035,-4.717704813233017,0.364848256111145,1.264189600944519,0.1222811788320541,walking
1783088004236615000,6.489614990234375,-0.9934858446761964,-0.2486214173421263,-3.4590345389485355,0.3778728246688843,1.4438469409942627,0.040914349257946,walking
1783088004246659000,6.4996591796875,-0.72531012429744,-0.0445380837760865,-2.0743021822810173,0.3493168354034424,1.4343546628952026,-0.0122508676722645,walking
1783088004256703000,6.509702880859375,-0.372659884943068,0.2588971660323441,-0.844551128488779,0.3035607635974884,1.250356912612915,0.0195755288004875,walking
1783088004266748000,6.519747802734375,0.0480976759538054,0.5459305854856967,0.0894575680851936,0.2846086323261261,0.929819107055664,0.1194904074072837,walking
1783088004276792000,6.5297919921875,0.3194274764493107,0.6709023884139954,0.6947346610307693,0.3357471823692322,0.5101625323295593,0.2622878849506378,walking
1783088004286836000,6.5398359375,0.2196966438919305,0.6385850499160587,0.918754428818822,0.4411026537418365,0.0673576742410659,0.3989096581935882,walking
1783088004296880000,6.549880126953125,0.103173958748579,0.428645391537249,0.8459954820781945,0.5391232371330261,-0.3188795447349548,0.4880714416503906,walking
1783088004306923800,6.559923828125,-0.0024549919366836,0.252071411665529,0.8656833483666181,0.615060567855835,-0.6124871969223022,0.5392576456069946,walking
1783088004316969000,6.569968994140625,-0.1624310343593359,0.1843960517995059,1.058586677879095,0.65977942943573,-0.8178781270980835,0.5720124840736389,walking
1783088004327013000,6.58001318359375,-0.2772252882748842,0.141541829457134,1.2758417738378047,0.6778857707977295,-0.9405888319015504,0.5922085642814636,walking
1783088004337056800,6.590056884765625,-0.3691609369114041,0.0145241999149322,1.5229571705311535,0.6701248288154602,-0.9850786924362184,0.5875052809715271,walking
1783088004347101000,6.600100830078125,-0.4636559146419167,-0.2143989758752286,1.555136854124069,0.6258942484855652,-0.9328450560569764,0.5523930788040161,walking
1783088004357145000,6.61014501953125,-0.5788388756141066,-0.4091140309847891,1.3930530257672071,0.566743791103363,-0.7886456251144409,0.5046603083610535,walking
1783088004367189000,6.62018896484375,-0.5945011396482587,-0.6573493716187775,1.3391776431947946,0.512719452381134,-0.601543664932251,0.418876975774765,walking
1783088004377232400,6.630232421875,-0.5114356106877327,-0.976875193876028,1.2966069139689207,0.4595455825328827,-0.4100641906261444,0.3077785968780517,walking
1783088004387276300,6.6402763671875,-0.3645484746798872,-1.3197577801927924,1.3100024021148682,0.405944675207138,-0.2208207696676254,0.1713158339262008,walking
1783088004397320200,6.6503203125,-0.1384302733078599,-1.6569311950825154,1.2427175028711557,0.3246654272079468,-0.036038301885128,0.0134961064904928,walking
1783088004407364400,6.6603642578125,0.1272632748663425,-1.857125266125053,1.2217279063344002,0.2084200531244278,0.1323288679122924,-0.1456501483917236,walking
1783088004417408300,6.670408203125,0.3808665722742677,-1.8084129654042425,1.3746926086902618,0.0462441407144069,0.2954142093658447,-0.2962608337402344,walking
1783088004427452400,6.680452392578125,0.606990326604247,-1.600585476873815,1.5114742380082606,-0.1563728898763656,0.4339672923088074,-0.4097687602043152,walking
1783088004437497000,6.6904970703125,0.8020680775463581,-1.0890398299403488,1.646169708701968,-0.3440538942813873,0.5399021506309509,-0.4285956919193268,walking
1783088004447541200,6.700541259765625,0.896646349646151,-0.5808174822106957,1.6515788742691278,-0.4663845896720886,0.6319737434387207,-0.3616629838943481,walking
1783088004457585400,6.71058544921875,0.8585416599184275,-0.2671107214957475,1.5033207421690225,-0.5092061758041382,0.715232253074646,-0.2389616966247558,walking
1783088004467629300,6.72062939453125,0.7939344554513692,-0.1328065882071852,1.3194178807139396,-0.4808373749256134,0.7494539022445679,-0.0771853104233741,walking
1783088004477673200,6.730673095703125,0.763871033360064,-0.2780123469993472,1.0218377866744994,-0.4019490480422973,0.7468807101249695,0.0869114696979522,walking
1783088004487718400,6.740718505859375,0.9583934885069728,-0.46145840459764,0.7951555216789246,-0.3125408589839935,0.6837859153747559,0.2347619086503982,walking
1783088004497762300,6.75076220703125,1.1527028854250907,-0.4553451824143528,0.5859931312829255,-0.2379735559225082,0.5677231550216675,0.3869240880012512,walking
1783088004507806200,6.76080615234375,1.209217384329438,-0.3736914199478924,0.3479682190179824,-0.1569814980030059,0.3889422118663788,0.5368847846984863,walking
1783088004517850000,6.77085009765625,1.3865917207986116,-0.3501363568373024,0.1820493425428867,-0.041464939713478,0.1700198054313659,0.6572432518005371,walking
1783088004527894300,6.780894287109375,1.2465332617670295,-0.3205225782096386,0.0757259798526763,0.0828948318958282,-0.0517812967300415,0.7770050764083862,walking
1783088004537938400,6.7909384765625,0.729713327692449,-0.2781536551661789,0.0257633868098258,0.1791656166315078,-0.2310541868209839,0.9141356348991394,walking
1783088004547983000,6.800983154296875,-0.0328662045523524,-0.047314270491153,0.1497241129994392,0.2709845006465912,-0.374947726726532,1.1066100597381592,walking
1783088004558027300,6.81102734375,-0.8111524244949221,0.1282734748221933,0.3595651333093643,0.3528814315795898,-0.4984674155712127,1.279375076293945,walking
1783088004568071400,6.821071533203125,-1.288706223846972,-0.1403572958476841,0.4542728770077228,0.3942581713199615,-0.5779651999473572,1.3627046346664429,walking
1783088004578115300,6.831115234375,-1.7416718176484107,-0.7519453255057335,0.1649199285656213,0.3745312392711639,-0.6216644048690796,1.32818341255188,walking
1783088004588159200,6.8411591796875,-1.956283121100068,-1.3597684496723117,-0.2724982597529888,0.3378272950649261,-0.597358226776123,1.2353334426879885,walking
1783088004598203100,6.851203125,-1.5419471176832913,-1.464209651877731,-0.3853846342206001,0.3123235404491424,-0.6607826948165894,1.1077607870101929,walking
1783088004608248300,6.861248291015625,0.0722656102657318,-1.9496851841397584,0.2281266185849904,0.3410830199718475,-0.8882520794868469,0.8891297578811646,walking
1783088004618292200,6.871292236328125,1.01042265869081,-2.098862623041868,0.2547913381487131,0.3696044683456421,-1.1560416221618652,0.6574506759643555,walking
1783088004628336000,6.881336181640625,0.8466846333861351,-2.246868241685629,-0.0776081403374671,0.391692191362381,-1.3522907495498655,0.4371111094951629,walking
1783088004638380300,6.89138037109375,-1.4215233334481716,-2.2603205745853483,-0.8740496101737022,0.41038978099823,-1.2412230968475342,0.3538004755973816,walking
1783088004648424200,6.901424072265625,-4.637529160495102,-1.5335820249199867,-2.765671750792861,0.460888922214508,-0.7541224956512451,0.2987191081047058,walking
1783088004658469000,6.91146923828125,-1.8713725487947463,-1.859358578135073,-3.1230741531103847,0.4672102034091949,-0.2531749010086059,0.1670530140399933,walking
1783088004668513300,6.92151318359375,-0.1873594316497445,-0.8155313702315091,-4.045751892852783,0.250114381313324,0.271009236574173,0.1604933738708496,walking
1783088004678557200,6.93155712890625,0.1014846904873847,1.8181370715610683,-6.107770932143926,0.0061210822314023,0.953135311603546,0.3507938981056213,walking
1783088004688601300,6.941601318359375,1.1873907524466514,2.987399900512397,-7.422320914560556,-0.1093059107661247,1.650190353393555,0.6114675402641296,walking
1783088004698645200,6.951645263671875,0.4330427497133612,2.9775103746607896,-7.359751353400945,-0.044230680912733,2.118415355682373,0.8530539274215698,walking
1783088004708689200,6.961689208984375,-0.3912541107758879,2.398107143162191,-5.688135653275251,0.1716313064098358,2.3258557319641113,0.931126356124878,walking
1783088004718734300,6.971734375,-0.2100242679223418,1.007739703217149,-3.3060037856191395,0.3806208670139313,2.2739362716674805,0.8553822636604309,walking
1783088004728778200,6.9817783203125,-1.7908016131289302,0.2286864444248378,-1.439158358860016,0.4730986058712005,1.9964269399642944,0.7189298868179321,walking
1783088004738822100,6.991822265625,-1.932354402371496,-0.2907018788330257,1.145437862858176,0.5273828506469727,1.4046964645385742,0.4781883955001831,walking
1783088004748866300,7.0018662109375,-0.1392024267241358,-0.9835438579849898,4.1996699504107236,0.5674458146095276,0.416010707616806,0.1680315881967544,walking
1783088004758910200,7.01191015625,0.8154954221352935,-0.5999916998885572,5.332819409582019,0.5568237900733948,-0.5535764098167419,-0.0687222480773925,walking
1783088004768955100,7.021955078125,0.6288162278346717,-0.3633667175494134,4.36197005186677,0.5243598222732544,-1.2038252353668213,-0.2842931449413299,walking
1783088004778999300,7.031999267578125,0.476186310391128,-0.4760444177024066,3.120792179653048,0.4982032179832458,-1.4872454404830933,-0.4629651308059692,walking
1783088004789043200,7.042043212890625,0.5288897265747189,0.2547097973451018,1.945934161043167,0.4532844722270965,-1.5093374252319336,-0.5379186868667603,walking
1783088004799087400,7.05208740234375,1.0969874279439449,1.3558214656122027,0.7963286571115255,0.3516772389411926,-1.2926757335662842,-0.4963696002960205,walking
1783088004809131300,7.06213134765625,1.6834265494287013,2.607845579880476,-0.4767237782686948,0.1849308758974075,-0.8867422938346863,-0.3339591324329376,walking
1783088004819175200,7.072175048828125,2.050974498185515,3.5882553776234385,-1.3185077801316976,-0.0120676849037408,-0.4078754484653473,-0.0675779432058334,walking
1783088004829220400,7.082220458984375,2.4877976432204245,3.872569162854552,-1.157360940364003,-0.142529010772705,-0.0640357732772827,0.2261546105146408,walking
1783088004839264300,7.09226416015625,2.671083541820943,3.5547976369187233,-0.2399357143223285,-0.1576453894376754,0.0764102861285209,0.5070227384567261,walking
1783088004849308200,7.10230810546875,2.3746695689514277,2.915350855606794,0.5810609355777502,-0.0819903090596199,0.1014077812433242,0.728652834892273,walking
1783088004859352300,7.112352294921875,1.7004922505199909,2.043461492206901,1.2289052506178617,0.0172361955046653,0.074931189417839,0.8616894483566284,walking
1783088004869396200,7.122396240234375,1.0440203923881053,1.1747421371452509,1.982773653140664,0.0850109830498695,0.006077557336539,0.8973510265350342,walking
1783088004879440400,7.1324404296875,0.5839359064921736,0.7102982869960367,2.5820833621144295,0.0433163605630397,-0.0440248735249042,0.8969440460205078,walking
1783088004889485300,7.1424853515625,0.4346908091813325,0.5599785461910068,2.5494378145754335,-0.1125443354249,-0.0422975495457649,0.8693091869354248,walking
1783088004899529200,7.152529296875,0.6088531978666782,0.3183466954752803,2.199492742526531,-0.3111239969730377,0.0001086499541997,0.8087817430496216,walking
1783088004909573400,7.162573486328125,0.6395324137687682,0.1222099369995295,1.3341390645056963,-0.4554923772811889,0.0724510252475738,0.7423571944236755,walking
1783088004919617300,7.1726171875,0.6148284728839993,0.0299858268104493,0.5341290885329246,-0.4891190528869629,0.0968847274780273,0.689712643623352,walking
1783088004929661200,7.1826611328125,0.8068284238159656,-0.1669381365202367,0.2440671150386333,-0.4153540134429931,0.0329534150660038,0.6334953904151917,walking
1783088004939706400,7.192706298828125,1.1052394157215952,-0.2669780350267887,0.3765285430699586,-0.300533264875412,-0.0992292314767837,0.5915523767471313,walking
1783088004949750300,7.202750244140625,1.243634617716074,-0.2309587732709944,0.5890805759042501,-0.2142444401979446,-0.2490741312503814,0.5698902606964111,walking
1783088004959794200,7.212794189453125,1.2095666361585258,-0.3538606380574405,0.5791098015099764,-0.1753809303045272,-0.2991353869438171,0.5488369464874268,walking
1783088004969838000,7.222838134765625,0.9724582542166114,-0.3941701443530619,0.3634884442329406,-0.1784478276968002,-0.2411772757768631,0.5430014133453369,walking
1783088004979882200,7.23288232421875,0.9404679557159542,-0.4495473097905516,0.2166834335505962,-0.1817099601030349,-0.1315971165895462,0.5543928146362305,walking
1783088004989926400,7.242926513671875,1.024229650247097,-0.590996054136753,0.0924848069518804,-0.1841049492359161,0.0211940202862024,0.5558301210403442,walking
1783088004999971000,7.25297119140625,0.9796233235403896,-0.8482244101740419,-0.1536982773274183,-0.1985633820295334,0.2140140533447265,0.5293959975242615,walking
1783088005010015200,7.26301513671875,0.7823331572458148,-1.201039923092723,-0.3675760058075189,-0.2576525211334228,0.4113476574420929,0.4798361361026764,walking
1783088005020059400,7.273059326171875,0.665152592715621,-1.485402515901625,-0.2857306662917137,-0.3245197534561157,0.578639805316925,0.4313197731971741,walking
1783088005030103300,7.283103271484375,0.6364829630702734,-1.5171660199090835,-0.1490367152571678,-0.3654360175132751,0.7009673118591309,0.4017472267150879,walking
1783088005040147200,7.293147216796875,0.6222305658340453,-1.3889435446217655,-0.126553665292263,-0.361417144536972,0.7826682329177856,0.3966109454631805,walking
1783088005050192400,7.3031923828125,0.648705023522675,-1.3186788989149034,-0.1235316871225833,-0.3172318637371063,0.8123195767402649,0.4128112196922302,walking
1783088005060236300,7.313236328125,0.6187228499740361,-1.424599672153592,-0.0917529855459928,-0.256761759519577,0.7969872355461121,0.4166280627250671,walking
1783088005070280200,7.3232802734375,0.594695347046107,-1.5550556055814029,0.1548170522242784,-0.191066101193428,0.7235944867134094,0.4148748815059662,walking
1783088005080324000,7.333323974609375,0.4609926867820322,-1.6008565489001572,0.444602546864748,-0.1471087634563446,0.621336042881012,0.4195069372653961,walking
1783088005090368300,7.3433681640625,0.1822111089758575,-1.5853515212543308,0.5586521198928356,-0.1219445616006851,0.5293033123016357,0.4329375326633453,walking
1783088005100412400,7.353412353515625,0.0600960106529295,-1.326930302170664,0.660480509251356,-0.1117888987064361,0.3990357220172882,0.4673583209514618,walking
1783088005110457000,7.36345703125,0.2385268704377114,-1.0658017238244413,0.7003028165519237,-0.100550889968872,0.2256897687911987,0.5137713551521301,walking
1783088005120501200,7.373501220703125,0.4679135720863938,-0.9390135191239416,0.5253039770424366,-0.0804297253489494,0.0413141064345836,0.5564797520637512,walking
1783088005130545200,7.383545166015625,0.5962918224573135,-0.7849995999760925,0.198481421905756,-0.0570162758231163,-0.1244982928037643,0.6052156090736389,walking
1783088005140589300,7.39358935546875,0.6729413468956947,-0.5927785536393523,-0.1000432595074176,-0.0269652642309665,-0.243307963013649,0.6652699708938599,walking
1783088005150633200,7.40363330078125,0.7993931592486798,-0.3877547243528068,-0.2332669040828943,0.0011441335082054,-0.3162042498588562,0.7272275686264038,walking
1783088005160678100,7.41367822265625,1.1221955189585686,-0.2240057392627,-0.2973305031925439,0.0089878980070352,-0.3450925350189209,0.7752890586853027,walking
1783088005170722300,7.423722412109375,1.229692455472797,-0.0691729049474,-0.5200286669880152,0.0054879719391465,-0.3009517192840576,0.8257538080215454,walking
1783088005180766500,7.433766357421875,1.1343502132631835,0.0192227329947054,-0.6583797375798225,0.0122882220894098,-0.2152879238128662,0.8645753860473633,walking
1783088005190810000,7.44381005859375,0.9016000265307724,-0.2008219936825334,-0.6535936723470688,0.0232860129326581,-0.1510194689035415,0.875187337398529,walking
1783088005200854300,7.453854248046875,0.7176672083288431,-0.4926121061436831,-0.5715566096514463,0.0285687930881977,-0.1405833065509796,0.8514880537986755,walking
1783088005210898200,7.463898193359375,0.4496916866973042,-0.8172042718797922,-0.6037251873284578,0.0308487266302108,-0.1602600812911987,0.7837843894958496,walking
1783088005220943000,7.473943115234375,0.055774786452949,-1.1365069529056548,-0.8682400471121072,0.0269356928765773,-0.1679270416498184,0.6835494637489319,walking
1783088005230987300,7.4839873046875,-0.0546592264264821,-1.331616706421226,-0.9556786765903234,0.0318273864686489,-0.2141051888465881,0.5589209794998169,walking
1783088005241031200,7.49403125,0.1130373272456228,-1.4025177503354846,-0.8194821536839008,0.0252311863005161,-0.3038574755191803,0.4174093902111053,walking
1783088005251075300,7.504075439453125,0.2230824869379401,-1.3927350458592176,-0.8858587059110402,-0.0064524421468377,-0.3846980035305023,0.2705986499786377,walking
1783088005261119500,7.514119384765625,0.3415706269353628,-1.4328295942299067,-1.0057067360848189,-0.0498353354632854,-0.4394773542881012,0.138063758611679,walking
1783088005271164200,7.5241640625,0.3011912702739238,-1.240753947713226,-1.037663132315874,-0.0580389387905597,-0.4706922769546509,0.0714130997657775,walking
1783088005281208300,7.534208251953125,-0.0266078748099505,-0.8562567638516425,-1.4634674552083011,-0.0087819937616586,-0.3807360529899597,0.0432075411081314,walking
1783088005291252200,7.544252197265625,-0.1430145323581993,-1.0299695090733467,-1.9454519304841755,0.1036332324147224,-0.2503924369812011,0.0107744988054037,walking
1783088005301296000,7.554296142578125,0.3216549432404339,-1.0617179616421462,-1.706450866663456,0.2034999430179596,-0.1989680230617523,-0.0398679748177528,walking
1783088005311340300,7.56434033203125,0.6743969525314867,-0.9921563496381044,-1.5282617066800597,0.262198656797409,-0.2090528756380081,-0.0932638272643089,walking
1783088005321384200,7.57438427734375,1.286734631513059,-0.7891400607816874,-1.1015735866904257,0.3211538195610046,-0.312643826007843,-0.1186751052737236,walking
1783088005331429000,7.58442919921875,1.888676734817028,-0.5684396466746926,-0.5089402867406606,0.4207502007484436,-0.4682131707668304,-0.1309477537870407,walking
1783088005341473300,7.594473388671875,1.9800293228685857,-0.4518512028187513,-0.2114467019408941,0.552675724029541,-0.5892890691757202,-0.137642502784729,walking
1783088005351517200,7.60451708984375,1.9897724259868264,-0.2314665766626596,0.0874579187005758,0.653016209602356,-0.6919872164726257,-0.1333702653646469,walking
1783088005361561300,7.614561279296875,2.0148969303712247,0.3223724438600241,0.5045768308341503,0.6775549054145813,-0.7955586910247803,-0.1044455096125602,walking
1783088005371606000,7.62460595703125,2.0306921731352805,1.032812915805727,0.953486134982109,0.6464747786521912,-0.9265657067298888,-0.0266939885914325,walking
1783088005381651200,7.634651123046875,2.2077914920553563,1.7333061403632164,1.6090402937471866,0.6406426429748535,-1.1302298307418823,0.1046960949897766,walking
1783088005391695400,7.6446953125,2.447403965772688,2.3545922649540008,2.3717460827201604,0.6806600689888,-1.4286974668502808,0.2964982688426971,walking
1783088005401739000,7.654739013671875,2.4153537537783385,2.718158596728742,3.0526608927130696,0.7514962553977966,-1.7882746458053589,0.5358625054359436,walking
1783088005411783200,7.664783203125,1.8389026500836017,2.91622559261471,3.4095600216835735,0.8251694440841675,-2.152749300003052,0.8226492404937744,walking
1783088005421827300,7.674827392578125,1.0035723544046282,3.038383945557475,3.175278972122073,0.8916211724281311,-2.3992104530334473,1.118289351463318,walking
1783088005431871200,7.684871337890625,0.3807981832131743,2.944954551231861,2.233391504997015,0.8947855234146118,-2.395998239517212,1.340139389038086,walking
1783088005441916200,7.694916259765625,0.0945040378198027,2.552402509599924,0.7937719583660364,0.8049936890602112,-2.1097445487976074,1.4462487697601318,walking
1783088005451960300,7.704960205078125,-0.1864747577697038,1.9189163902580737,-0.8125175753682852,0.6164624094963074,-1.573548674583435,1.4606101512908936,walking
1783088005462004200,7.715004150390625,-0.8196841059967875,1.1991650691315532,-2.660011235925555,0.3859871327877044,-0.7749195098876953,1.3917996883392334,walking
1783088005472048400,7.72504833984375,-1.7580542126506566,0.490712848393619,-4.6743204295367,0.2207614034414291,0.2387821227312088,1.2131348848342896,walking
1783088005482092000,7.735092041015625,-2.6965698652550576,-0.5998702654659748,-5.807937506219744,0.1063915938138961,1.1795177459716797,0.9291264414787292,walking
1783088005492137200,7.74513720703125,-2.465075523802638,-1.1828119002237916,-5.988017594516277,0.0296158548444509,1.9325494766235352,0.7260540127754211,walking
1783088005502181400,7.755181396484375,-1.836217941044271,-0.8021845435328782,-5.526885353133082,0.0013863134663552,2.3751626014709473,0.5844687819480896,walking
1783088005512225000,7.76522509765625,-1.1493667267397043,-0.0778454562246799,-4.608637120270728,-0.0170563422143459,2.5389485359191895,0.4756525456905365,walking
1783088005522269200,7.775269287109375,-0.4853460606634616,0.3195394123911857,-3.361686509874463,-0.0263975709676742,2.4248552322387695,0.4278236925601959,walking
1783088005532313000,7.78531298828125,-0.1123755023360252,0.4375049898192286,-1.721482431578636,0.007214717566967,2.0557990074157715,0.4412952959537506,walking
1783088005542357200,7.795357177734375,0.1694333143368363,0.4353441585235297,-0.2565618549525738,0.1073338612914085,1.458118915557861,0.504437267780304,walking
1783088005552402200,7.805402099609375,0.232944832521677,0.6037113049335777,0.9266472278952598,0.2989682853221893,0.786880373954773,0.625777542591095,walking
1783088005562446000,7.815446044921875,0.0451077003575861,0.7891695791371166,1.414342482033372,0.5151328444480896,0.1838423460721969,0.7828037738800049,walking
1783088005572490200,7.825490234375,-0.1883363138578832,0.8262595388643443,1.5917887146949767,0.6801252961158752,-0.2521120607852936,0.9320327043533324,walking
1783088005582534400,7.835534423828125,-0.3523394198395311,0.6980316567495465,1.6547165877729653,0.7614167332649231,-0.5530956387519836,1.0554804801940918,walking
1783088005592578000,7.845578125,-0.335423210221529,0.3784906369231641,1.8162497965097424,0.7572499513626099,-0.7673959136009216,1.1399171352386477,walking
1783088005602622200,7.855622314453125,-0.1474175896227359,-0.149246120224148,1.7349322802603244,0.6583594679832458,-0.9054527878761292,1.1306148767471311,walking
1783088005612667400,7.86566748046875,0.083188570818305,-0.6678488460622728,1.4867928012162446,0.4860638678073883,-0.9410712122917176,1.0373209714889526,walking
1783088005622711300,7.875711181640625,0.3660658935055136,-0.705888946121186,1.2036065587103366,0.3365125060081482,-0.8833405375480652,0.9443742036819458,walking
1783088005632755200,7.885755126953125,0.696119101126492,-0.4592833986461162,1.0603460887670515,0.2879675924777984,-0.8288216590881348,0.899222731590271,walking
1783088005642799000,7.895799072265625,1.0490551716849208,-0.2738695481061935,0.965423825535178,0.3231235444545746,-0.771558403968811,0.8781186938285828,walking
1783088005652843300,7.90584326171875,1.2783970112785696,-0.1877412705741822,0.7929922061651945,0.3865853250026703,-0.6979153156280518,0.8714749217033386,walking
1783088005662888200,7.91588818359375,1.375906076133251,-0.1989366183273494,0.8061737592995166,0.4445310533046722,-0.6132009625434875,0.8721172213554382,walking
1783088005672932000,7.92593212890625,1.1668804638594388,-0.313859905450046,0.8631886089414358,0.4922170639038086,-0.5118290781974792,0.8797436952590942,walking
1783088005682976300,7.935976318359375,0.5787260628893971,-0.4003194607630372,0.9832119956821204,0.5252083539962769,-0.3999463319778442,0.9041874408721924,walking
1783088005693020200,7.946020263671875,-0.2558747494712471,-0.4348201346494257,1.2836784588128327,0.529165506362915,-0.2930206656455993,0.9432240128517152,walking
1783088005703064300,7.956064208984375,-0.5621934457615018,-0.43474677715227,1.7050415843874216,0.481598824262619,-0.2430777996778488,0.9708515405654908,walking
1783088005713109200,7.966109130859375,-0.524864708842337,-0.5296769314296543,1.8317390420645472,0.3873069584369659,-0.2185053378343582,0.9940178394317628,walking
1783088005723153200,7.976153076171875,-1.3492778891876338,-0.5074786897554994,1.3722288489252328,0.2881075143814087,-0.1111189052462577,1.061820387840271,walking
1783088005734452200,7.9874521484375,-2.2435022723838687,-0.156341485312581,1.091817916351557,0.1611463576555252,-0.0032704640179872,1.2131282091140747,walking
1783088005744496000,7.99749609375,-0.312505860492587,-0.0883782484158873,1.6886597739070652,0.0645318925380706,0.0076009607873857,1.1368988752365112,walking
1783088005754540300,8.007540283203125,2.430513036726415,-0.6442452676348388,1.380822489747405,-0.0573679134249687,0.0152799198403954,0.9488183259963988,walking
1783088005764584200,8.017584228515625,2.77454099368602,0.1945845605976879,-0.1204343056291341,-0.2264203131198883,0.120132565498352,0.9794795513153076,walking
1783088005774629000,8.027629150390625,2.6098142496049404,0.7691331916719675,-0.9384539855450392,-0.2915769517421722,0.2630591094493866,1.177291989326477,walking
1783088005784673300,8.03767333984375,2.5581381306424738,0.2596102827377617,-0.9476198732972144,-0.1419855803251266,0.3948815762996673,1.3047481775283811,walking
1783088005794717200,8.04771728515625,1.8932877357438205,-0.3669008830249309,-0.8673018894791602,0.1292459219694137,0.4744728207588196,1.3427647352218628,walking
1783088005804761000,8.057760986328125,1.236843642401695,-0.7068795645937324,-0.4946580788880586,0.3416577875614166,0.5021134614944458,1.3388291597366333,walking
1783088005814805200,8.06780517578125,0.6684598175674676,-0.791776985156536,-0.0289881940752267,0.3890369832515716,0.4762115180492401,1.3569159507751465,walking
1783088005824850400,8.077850341796875,-0.0508256396129727,-0.7186467208854854,0.3268786692380905,0.3073015809059143,0.392145961523056,1.375338435173035,walking
1783088005834894000,8.08789404296875,-0.5350555557280778,-0.8610491126947104,0.3372667922616005,0.2045200765132904,0.2761911153793335,1.3540765047073364,walking
1783088005844938200,8.097938232421875,-0.8631003461360931,-1.1107111251309514,0.0557633882761001,0.1946707665920257,0.1341031491756439,1.2772468328475952,walking
1783088005854982100,8.107982177734375,-1.0047858218476176,-1.340610598607361,-0.1849392187654972,0.2622463405132293,-0.0459398590028286,1.1664994955062866,walking
1783088005865026300,8.1180263671875,-0.8391907704994082,-1.5133847478047011,-0.2829769836694002,0.3385738730430603,-0.2553157210350036,1.059471845626831,walking
1783088005875070200,8.1280703125,-0.5234491429559887,-1.558626449805498,-0.4334153824180364,0.3941018283367157,-0.4377252161502838,0.9684873223304749,walking
1783088005885115100,8.138115234375,-0.1693167022198438,-1.6027996457919478,-0.4994312846392393,0.4353317320346832,-0.5984923243522644,0.8841414451599121,walking
1783088005895159300,8.1481591796875,-0.0237666600346565,-1.7109221668586134,-0.4366998109161853,0.4541139304637909,-0.7067559361457825,0.8125963807106018,walking
1783088005905203200,8.158203125,-0.1839671588629484,-1.6694437629140912,-0.362098451179266,0.4730770587921142,-0.7698955535888672,0.7949249148368835,walking
1783088005915247000,8.1682470703125,-1.0655874965518712,-1.3562680403359233,-0.4936059394866228,0.5309501886367798,-0.7236213088035583,0.8329460620880127,walking
1783088005925291300,8.178291259765626,-2.0840084605202076,-0.8730578226573765,-1.0911650054007769,0.6003207564353943,-0.6106107234954834,0.8641538023948669,walking
1783088005935336200,8.188336181640626,-1.0189452801033854,-0.3267366304188966,-1.2825409792155027,0.620898962020874,-0.5309374928474426,0.8783721327781677,walking
1783088005945380000,8.198380126953126,0.1564855699583888,0.0629889556154608,-1.5977812331080437,0.5278502702713013,-0.5040992498397827,0.8703049421310425,walking
1783088005955424300,8.20842431640625,0.8195490814402699,0.6527985764466225,-2.04872759604156,0.4062476754188537,-0.5162376761436462,0.8921253085136414,walking
1783088005965468200,8.21846826171875,1.2232228210672735,1.1298425265803933,-2.438964930990338,0.4032591581344604,-0.5170673727989197,0.9714701771736144,walking
1783088005975512300,8.22851220703125,0.9661366499796508,0.8310644549280405,-2.573553434178233,0.5118489861488342,-0.5061225891113281,1.0178672075271606,walking
1783088005985556200,8.23855615234375,-0.1475020530357957,0.5091909005008638,-2.449818917959929,0.6527974009513855,-0.4195459485054016,1.0895500183105469,walking
1783088005995601200,8.24860107421875,-1.161826395340264,0.5508160194396973,-2.1275217312932013,0.7531431913375854,-0.2486322522163391,1.1425151824951172,walking
1783088006005645300,8.258645263671875,-0.7645455716207623,0.3055434741340577,-1.595328579258919,0.751046895980835,-0.0680582523345947,1.1227165460586548,walking
1783088006015689200,8.268689208984375,-0.5733467079386114,0.3923486280143261,-1.5259136822491883,0.6456999778747559,0.10903050750494,1.0878077745437622,walking
1783088006025733000,8.278733154296875,-0.8884820401519536,0.5628787976771593,-1.72304193598032,0.543336808681488,0.3042017519474029,1.0546337366104126,walking
1783088006035777000,8.288777099609375,-0.304557239575684,0.2668150995500385,-1.6479074922800063,0.5119088292121887,0.4367670118808746,0.9522966742515564,walking
1783088006045822200,8.298822265625,0.6413306953623891,0.2706378727085888,-1.298413086608052,0.5075980424880981,0.4419033825397491,0.8696445226669312,walking
1783088006055866400,8.308866455078125,1.1524608933627605,0.6797684164367616,-0.9757914902925492,0.5110527276992798,0.3532515466213226,0.8328869938850403,walking
1783088006065910000,8.318909912109374,1.4365031681761145,0.7320286188974976,-0.5455816259175539,0.5107016563415527,0.2087094336748123,0.800503671169281,walking
1783088006075954200,8.3289541015625,1.5106038849145174,0.945431423342228,0.1544815366595983,0.5141900777816772,0.0280906576663255,0.7969211935997009,walking
1783088006085998300,8.338998291015624,1.8523516219824552,1.0506750279717147,0.992261563578248,0.5099196434020996,-0.1698271483182907,0.799622118473053,walking
1783088006096043000,8.34904296875,1.9243217564329504,1.078977577870339,1.4674942265063524,0.4879906773567199,-0.3287741839885711,0.813597559928894,walking
1783088006106087200,8.359087158203126,1.8579013650640843,1.0873884094715118,1.6586697093129157,0.4327869117259979,-0.4380050599575043,0.834995687007904,walking
1783088006116131300,8.36913134765625,2.0784628090918065,1.0191919483408332,1.8860738588422536,0.3413193225860595,-0.541546642780304,0.8779966831207275,walking
1783088006126175200,8.37917529296875,2.097237359927594,1.0588953054368495,1.7774539096474646,0.2376439869403839,-0.6058940291404724,0.9584019780158995,walking
1783088006136219100,8.38921923828125,2.3623685980439184,1.133442596898973,1.4849983190149068,0.1688478738069534,-0.6177331209182739,1.058436632156372,walking
1783088006146263000,8.399262939453125,2.6132693584948776,1.2530512653589247,0.9773083245962858,0.1478036791086197,-0.5842607021331787,1.1870014667510986,walking
1783088006156308200,8.40930810546875,2.6030805574357507,1.3881690531179307,0.6287813026517629,0.1765921711921692,-0.5322073698043823,1.3364548683166504,walking
1783088006166352400,8.419352294921875,2.482557404479384,1.2521040476366876,0.5487585023880005,0.2139479219913482,-0.4783859848976135,1.461664080619812,walking
1783088006176396000,8.42939599609375,2.180454864579439,0.9942900006659328,0.6524918485850095,0.2501304447650909,-0.4524973928928375,1.5546398162841797,walking
1783088006186440200,8.439440185546875,1.9500936188101767,0.7517218920134008,0.9429138875633476,0.2719878554344177,-0.4673614501953125,1.592525601387024,walking
1783088006196484400,8.449484375,1.988551359759271,0.2940523583047091,0.9900450565725564,0.2498689442873001,-0.4578374624252319,1.571399807929993,walking
1783088006206529000,8.459529052734375,1.8232266497850416,0.18878990284428,0.532349219378829,0.1880027055740356,-0.3674841523170471,1.5633764266967771,walking
1783088006216573200,8.4695732421875,1.4932441693127154,0.3041767158254981,0.0346487040549516,0.1256892532110214,-0.2210233509540558,1.5690561532974243,walking
1783088006226617000,8.4796171875,1.1874819378614423,0.12600436084643,-0.1462403625369072,0.0828654170036315,-0.092773862183094,1.5204265117645264,walking
1783088006236661200,8.4896611328125,1.2378151177823542,-0.1908230161070823,-0.0583691868603229,0.044098574668169,-0.009921858087182,1.4362647533416748,walking
1783088006246705400,8.499705322265624,1.1725064870476722,-0.4407525934383273,-0.0941559550344943,0.0143764065578579,0.0469410270452499,1.3397483825683594,walking
1783088006256750000,8.50975,1.040591586983204,-0.6804762724451721,-0.2333668573260307,0.0051853051409125,0.0955959111452102,1.2282742261886597,walking
1783088006266794200,8.519794189453124,1.0639704167440531,-0.8920905860379338,-0.3082195614755153,0.0190291721373796,0.1142836734652519,1.1128504276275637,walking
1783088006276838400,8.52983837890625,1.1654527691438794,-0.8884332325741648,-0.2511152799844742,0.0288210827857255,0.0890126749873161,1.0370336771011353,walking
1783088006286882000,8.539882080078126,1.3578557479187845,-0.7075581945076584,-0.1822971798241138,0.0420197509229183,0.0256274417042732,1.0073127746582031,walking
1783088006296926200,8.54992626953125,1.6413158389300109,-0.5158648253068328,-0.1393096864908933,0.0716841667890548,-0.0260575897991657,1.0122066736221311,walking
1783088006306970000,8.55997021484375,1.7316028435766695,-0.2913565433494746,-0.1729208641916513,0.0833502411842346,-0.0450905188918113,1.060746431350708,walking
1783088006317015300,8.570015380859376,1.8247019830346107,-0.2185978888697922,-0.0688666154772043,0.0856874287128448,-0.0527375191450119,1.1277706623077393,walking
1783088006327059200,8.58005908203125,1.9935238874748349,-0.2709502996586263,0.12504852142632,0.0709680467844009,-0.089552067220211,1.197067141532898,walking
1783088006337103000,8.59010302734375,1.9782222734466195,-0.3936439285218715,0.0713496644645929,0.0382090397179126,-0.1087819561362266,1.258864402770996,walking
1783088006347147300,8.600147216796875,1.8900299029916523,-0.4734491405121981,-0.133597738584876,0.026526678353548,-0.1030895039439201,1.3230928182601929,walking
1783088006357191400,8.61019140625,1.848774932539463,-0.483470183788985,-0.2664437820196151,0.047258585691452,-0.0877528935670852,1.392794847488403,walking
1783088006367236000,8.620236083984375,1.769801056806743,-0.4861158759921788,-0.2820797425687313,0.0783900097012519,-0.0782216861844062,1.4540003538131714,walking
1783088006377279500,8.630279541015625,1.685259902335703,-0.7581625925853848,-0.116193599319458,0.0873930975794792,-0.0879462212324142,1.4954808950424194,walking
1783088006387323600,8.64032373046875,1.4786545029461382,-1.0261346070855857,-0.0056312838852405,0.0795120000839233,-0.0963655784726142,1.5125662088394165,walking
1783088006397367600,8.650367431640625,1.002983448600769,-1.1385852204844356,0.0134171154558658,0.07212545722723,-0.1225409880280494,1.5325201749801636,walking
1783088006407411500,8.660411376953125,0.9966901936754584,-1.103870757716894,0.2206926691919565,0.1157625466585159,-0.1967422366142273,1.5521185398101809,walking
1783088006417455600,8.67045556640625,1.1185904802039266,-0.976681863261014,0.3146785283565521,0.1813884377479553,-0.298754870891571,1.5648335218429563,walking
1783088006427500500,8.68050048828125,1.1309770835682749,-0.6845104963973164,0.3138239573538303,0.2410052418708801,-0.3952218890190124,1.6067653894424438,walking
1783088006437544700,8.690544677734374,1.2388234180420636,-0.3855756267480552,0.4015601084738969,0.2563538551330566,-0.4915167093276977,1.6670048236846924,walking
1783088006447588600,8.700588623046874,1.2239227860301731,-0.1625708812214434,0.3738438340306282,0.2186296433210373,-0.5637837052345276,1.74438214302063,walking
1783088006457632500,8.710632568359374,1.1987696400731802,0.2208322237931191,0.1748375114679336,0.156168133020401,-0.5965322852134705,1.8550878763198853,walking
1783088006467676700,8.7206767578125,1.1952666003882884,0.588651829098165,-0.1933984195530414,0.1008300706744194,-0.6086419224739075,1.9957515001296997,walking
1783088006477721600,8.7307216796875,1.3335592187911272,0.8774053503423929,-0.6175842013329267,0.0732024386525154,-0.6180607080459595,2.127885341644287,walking
1783088006487765500,8.740765625,1.6572998822644351,0.998607279343158,-0.934000513267517,0.0726574584841728,-0.6365171074867249,2.2290210723876953,walking
1783088006497809700,8.7508095703125,1.6338903651043772,1.1372571867510677,-1.252284372639656,0.0809326991438865,-0.6657684445381165,2.3288233280181885,walking
1783088006507853600,8.760853515625,1.4753028544306754,1.2504302692055702,-1.2875170140624046,0.1116691008210182,-0.7204933762550354,2.4125566482543945,walking
1783088006517897700,8.770897705078125,1.1052096051052211,1.1417758332192898,-1.044166522860527,0.1656154245138168,-0.8090978264808655,2.4338555335998535,walking
1783088006527942700,8.780942626953125,0.7839403001815081,0.7991498520120978,-0.7038228073716163,0.2339554131031036,-0.914476752281189,2.3647937774658203,walking
1783088006537986600,8.790986572265625,0.5428270665124059,0.1669961503177881,-0.3330991511881351,0.3117553889751434,-1.014790654182434,2.2059497833251953,walking
1783088006548030700,8.80103076171875,-0.0181014738798141,-0.3700622696653008,-0.1443827519714832,0.3465283513069153,-1.077349305152893,1.999193787574768,walking
1783088006558074400,8.811074462890625,-0.1894058427855372,-0.7801946839123964,0.1314700789064168,0.3376440405845642,-1.1370357275009155,1.7721188068389893,walking
1783088006568118500,8.821118408203125,0.3009489859506488,-1.023065867164731,0.5241489617884159,0.3203999996185303,-1.1751680374145508,1.544965147972107,walking
1783088006578162700,8.83116259765625,0.455848455761373,-1.0080644051268697,0.3935615109354257,0.2852998077869415,-1.1547540426254272,1.3211439847946167,walking
1783088006588207400,8.841207275390625,0.68103492924124,-1.0040703670546411,0.0514618916898965,0.2366718053817749,-1.0507313013076782,1.1188366413116455,walking
1783088006598251500,8.85125146484375,0.630748803332448,-1.0338426972448824,-0.2915875756263733,0.2056047022342682,-0.8955473303794861,0.96897953748703,walking
1783088006608295700,8.861295654296875,0.4374970987737178,-0.915723390559852,-0.6696031423836946,0.2093728482723236,-0.6767770051956177,0.8737009167671204,walking
1783088006618339600,8.871339599609374,0.5207870841398835,-0.791208245357871,-0.947585386505723,0.2388777434825897,-0.4455483257770538,0.8120697736740112,walking
1783088006628383700,8.8813837890625,0.8523556647598743,-0.7889151659846305,-1.211306465563178,0.2578558921813965,-0.2272954583168029,0.7683937549591064,walking
1783088006638428700,8.8914287109375,1.111146593938768,-0.914473975020647,-1.7091671398848294,0.2235341072082519,-0.0151674877852201,0.7033854722976685,walking
1783088006648472600,8.90147265625,1.110669039554894,-0.9903943084016442,-2.183673826625943,0.1770372241735458,0.1734257787466049,0.6367873549461365,walking
1783088006658516700,8.911516845703124,0.9586965631067752,-0.7575950218304991,-2.430514498031139,0.164579764008522,0.2908128499984741,0.6184884905815125,walking
1783088006668560400,8.921560302734376,1.073387064386904,-0.4570198376283049,-2.5540444315880535,0.2062620371580124,0.3328333795070648,0.6648347973823547,walking
1783088006678604500,8.9316044921875,1.2021893853887915,-0.2443357028469443,-2.6285569439977405,0.2813458740711212,0.3643471002578735,0.7670591473579407,walking
1783088006688648700,8.941648681640626,1.0293351566925644,-0.1540010596662759,-2.4155694423556326,0.3264536261558532,0.391526311635971,0.8840822577476501,walking
1783088006698693600,8.951693603515626,1.020119292318821,-0.0515127450942993,-1.6496803471714256,0.3224210441112518,0.3935282230377197,0.9817920327186584,walking
1783088006708737500,8.961737548828125,1.3613734006509184,0.0929109234094619,-0.4886193832457065,0.3090724050998688,0.3527542054653168,1.0535155534744265,walking
1783088006718781400,8.971781494140625,1.6366083918914198,0.1842085664033889,0.5637976660877466,0.297961950302124,0.2757726013660431,1.102915644645691,walking
1783088006728825600,8.98182568359375,1.747592147608101,0.0585348988160491,1.1820020451456308,0.2731897532939911,0.1877535283565521,1.120930552482605,walking
1783088006738869800,8.991869873046875,1.9553890948697925,-0.1636129376202821,1.4135726667046546,0.2360240370035171,0.0664079338312149,1.12106454372406,walking
1783088006748914400,9.00191455078125,2.213141620911658,-0.3239803174480796,1.375725458869338,0.2039737254381179,-0.0909807533025741,1.1139801740646362,walking
1783088006758958600,9.01195849609375,2.4155323252156373,-0.3909694486156105,1.048486139625311,0.1954268366098404,-0.2784108519554138,1.1121423244476318,walking
1783088006769002800,9.022002685546877,2.5912311296880244,-0.326873993062973,0.6358282985538244,0.2288624346256256,-0.4982776939868927,1.123209834098816,walking
1783088006779046700,9.032046630859377,2.5741958237349984,-0.081595748668909,0.3738374042898416,0.3132462799549103,-0.7246538996696472,1.1520036458969116,walking
1783088006789090600,9.042090576171876,2.2431720175161955,0.1852197892725467,0.2528665075659752,0.4361571371555328,-0.9194740056991576,1.1928867101669312,walking
1783088006799135700,9.0521357421875,1.8262819457024335,0.3661106094300747,0.3531540972232818,0.5630834102630615,-1.070213794708252,1.2362853288650513,walking
1783088006809179600,9.0621796875,1.2943527053013444,0.5597583275690674,0.5683522606521845,0.6677321791648865,-1.147720217704773,1.290547490119934,walking
1783088006819223600,9.0722236328125,0.6921773777633905,0.5737181715995073,0.8243734328567981,0.7223120331764221,-1.193745493888855,1.3576135635375977,walking
1783088006829267500,9.082267333984374,0.1914730044484138,0.4750923776745795,0.9279980579823256,0.7343294024467468,-1.182059407234192,1.4371830224990845,walking
1783088006839311600,9.0923115234375,-0.1910553635582327,0.4036071041315793,0.7862140903323889,0.7155866026878357,-1.1300188302993774,1.5188394784927368,walking
1783088006849355800,9.102355712890626,-0.3219412128359079,0.3218947433456778,0.3764455409616232,0.7015239000320435,-1.0447667837142944,1.5944551229476929,walking
1783088006859400400,9.112400390625,-0.2993634703248739,0.1615621425703167,-0.3320931890159845,0.6859210133552551,-0.8904590010643005,1.6304197311401367,walking
1783088006869444600,9.122444580078126,-0.1696256220385432,-0.0641448476523161,-1.2541238630264997,0.6519624590873718,-0.6503696441650391,1.6190781593322754,walking
1783088006879488500,9.132488525390626,0.0265995453730225,-0.1035112278789281,-1.9640169302225112,0.6251478791236877,-0.3515909612178802,1.6095854043960571,walking
1783088006889532700,9.14253271484375,0.1988254130378365,0.028325638513267,-2.338601938009262,0.6032232642173767,-0.0191420074552297,1.6045337915420532,walking
1783088006899576600,9.15257666015625,0.3826391349047422,0.1832537498965859,-2.400343816173077,0.5800108909606934,0.2822463512420654,1.6041215658187866,walking
1783088006909621500,9.16262158203125,0.5163713135242461,0.3944353711605072,-2.129485724842548,0.5454896688461304,0.4923471212387085,1.6186283826828003,walking
1783088006919665700,9.172665771484375,0.7211673254042863,0.4888745270505547,-1.5901403629660606,0.5035675168037415,0.5800820589065552,1.6469066143035889,walking
1783088006929709600,9.18270947265625,0.8524395436510444,0.4663616664692759,-1.0373176798790693,0.4734248518943786,0.5440170764923096,1.6838607788085938,walking
1783088006939753500,9.19275341796875,0.8966939881801604,0.4235112435191869,-0.5452800126224756,0.4778590202331543,0.4158940017223358,1.727605223655701,walking
1783088006949797600,9.202797607421877,0.8329384321063756,0.4007490843519568,-0.0993435868054628,0.5125008225440979,0.2264706790447235,1.77153742313385,walking
1783088006959842600,9.212842529296877,0.6779553756654262,0.4171668429285287,0.121935942363739,0.5702610611915588,0.0415583550930023,1.812706470489502,walking
1783088006969886500,9.222886474609377,0.4218248978674411,0.4093196365594864,0.3682102120578289,0.6262536644935608,-0.1295151561498642,1.8338831663131712,walking
1783088006979930600,9.2329306640625,0.2482771339491009,0.2596127669557929,0.701514530429244,0.6405625343322754,-0.2861020863056183,1.825869917869568,walking
1783088006989974500,9.242974609375,0.0638531712293624,-0.0265066063925623,0.8470458679139614,0.6078154444694519,-0.4186905026435852,1.7842072248458862,walking
1783088007000018700,9.253018798828125,-0.0311594006344676,-0.4094625521615147,0.849735837650299,0.5499532222747803,-0.51517254114151,1.705962061882019,walking
1783088007010062600,9.2630625,0.1067600005418062,-0.7589575423553585,0.7154203061848878,0.5078229904174805,-0.5627783536911011,1.6169759035110474,walking
1783088007020107500,9.273107421875,0.3177513599306344,-0.8587205236166715,0.3610264380335807,0.4899861812591553,-0.5299743413925171,1.5320295095443726,walking
1783088007030151700,9.283151611328124,0.5407821166813374,-0.8677063786268234,0.0827519329667091,0.4829775691032409,-0.4681039452552795,1.4424934387207031,walking
1783088007040195600,9.293195556640624,0.7913961691454052,-0.8791150768697261,-0.016826047116518,0.4960848391056061,-0.3700668513774872,1.3729192018508911,walking
1783088007050239500,9.303239501953126,0.9498185523852706,-0.7851637044966221,-0.2603109783530235,0.5174614787101746,-0.2498116195201873,1.3266096115112305,walking
1783088007060283600,9.31328369140625,1.087561427950859,-0.6544181404724717,-0.4285632662117481,0.5234682559967041,-0.1139547303318977,1.2976665496826172,walking
1783088007070328600,9.32332861328125,1.1738856664463877,-0.5268938765823841,-0.5350941341727972,0.4923226237297058,0.0044676568359136,1.2929141521453855,walking
1783088007080372500,9.33337255859375,1.261307637050748,-0.3376861867174506,-0.4718143789172172,0.4409854114055633,0.0708485469222068,1.313955783843994,walking
1783088007090416600,9.343416748046875,1.20120811926648,-0.1348313720330596,-0.2068500218003988,0.3863801956176758,0.0786491334438324,1.3520346879959106,walking
1783088007100460500,9.35346044921875,1.034178212809563,-0.013967881206423,0.0842693517923355,0.3375263512134552,0.0343533083796501,1.413967251777649,walking
1783088007110504700,9.363504638671875,0.87693510248214,0.0980596844747662,0.3529845858752727,0.3229247331619262,-0.0561955980956554,1.4819743633270264,walking
1783088007120549600,9.373549560546875,0.851751853647828,0.1951110686898231,0.5120090266615152,0.3403120040893554,-0.1470661014318466,1.559573531150818,walking
1783088007130593500,9.383593505859375,0.7404169464059174,0.2080596898511052,0.4968377610146999,0.3690032660961151,-0.2144420593976974,1.639726996421814,walking
1783088007140637700,9.3936376953125,0.4883426121309399,0.0640425563216209,0.2566051095724105,0.3869854509830475,-0.2159374356269836,1.695982575416565,walking
1783088007150681600,9.403681640625,0.1562897551253438,0.0364493237361311,0.021014730978012,0.3845162689685821,-0.176422506570816,1.7637299299240112,walking
1783088007160725500,9.4137255859375,0.2303168221056461,0.4327010966688394,0.4343208068251609,0.3663431107997894,-0.217428520321846,1.8426744937896729,walking
1783088007170769700,9.423769775390625,1.0292080231815577,0.0240253109708428,1.1695575741142037,0.3508957326412201,-0.316779613494873,1.7907644510269165,walking
1783088007180814600,9.433814697265625,1.337481652931869,-0.5626178086534143,1.2330629548192025,0.2951882481575012,-0.4470167160034179,1.6767654418945312,walking
1783088007190858500,9.4438583984375,1.05695951506868,-0.8777057945936918,0.7942460056185722,0.2305083572864532,-0.4906884431838989,1.577908992767334,walking
1783088007200902700,9.453902587890624,0.7511847163967788,-1.2781561882600188,0.3769984986692666,0.2159427255392074,-0.4863362908363342,1.4671776294708252,walking
1783088007210946600,9.463946533203124,0.6454125578485429,-1.639502359767258,0.1127969426184892,0.2586130201816559,-0.4657543003559112,1.328350305557251,walking
1783088007220990700,9.47399072265625,0.7525273631773889,-1.7423723671332,-0.1378004509717225,0.316583901643753,-0.4433896243572235,1.180012583732605,walking
1783088007231035400,9.484035400390624,0.921850056746602,-1.6523267700269817,-0.4262216715216636,0.3522646129131317,-0.419726550579071,1.058773398399353,walking
1783088007241079600,9.49407958984375,0.88737451730147,-1.480876270648837,-0.6512409717410802,0.3578271567821502,-0.3995608389377594,0.9748649597167968,walking
1783088007251123700,9.504123779296876,0.8715094241715967,-1.5441595330357551,-0.7342074242413044,0.3573476672172546,-0.3882863819599151,0.8836983442306519,walking
1783088007261167600,9.514167724609376,0.8505193892434239,-1.6449971577912568,-0.6554886923134327,0.3751775324344635,-0.3965376615524292,0.8007752299308777,walking
1783088007271211500,9.52421142578125,0.7670256979987025,-1.712669302786887,-0.6416220795243978,0.4214363992214203,-0.412648469209671,0.7320234775543213,walking
1783088007281255400,9.53425537109375,0.7223775779768824,-1.793540536573529,-0.580078354281187,0.4784783720970154,-0.4133094847202301,0.6779158115386963,walking
1783088007291300600,9.544300537109375,0.4111239095024764,-1.7071501009739931,-0.5628758750677109,0.528735876083374,-0.4092174470424652,0.6727330088615417,walking
1783088007301344500,9.554344482421875,0.5676575563862919,-1.5968541813910009,-0.315310981041193,0.5519445538520813,-0.386478841304779,0.6564531326293945,walking
1783088007311388400,9.564388427734375,0.3796623110510408,-1.682554442769289,-0.4184200578600168,0.5367306470870972,-0.32745361328125,0.639889657497406,walking
1783088007321432600,9.5744326171875,-0.1402168644636869,-1.6258059889785943,-0.7218500469714403,0.4743215441703796,-0.2434375584125518,0.6347199082374573,walking
1783088007331476700,9.584476806640623,-0.4644627009801566,-1.3059990116924047,-0.9427139810770748,0.4324967563152313,-0.1693287491798401,0.6986843347549438,walking
1783088007341521400,9.594521484375,-0.2465314593255519,-0.6819079126834869,-0.801059192764759,0.4254606962203979,-0.1548707038164138,0.7956335544586182,walking
1783088007351565600,9.604565673828125,0.0526129614211618,-0.2515551327064633,-0.7229162148982285,0.3972300887107849,-0.1589050740003585,0.8955002427101135,walking
1783088007361609700,9.614609619140625,0.0502104303240776,-0.0862967659667134,-0.9981938762366772,0.343680590391159,-0.1299943178892135,0.9793320298194884,walking
1783088007371653600,9.624653564453125,0.2848125285334885,-0.3352050374262034,-1.3036778752684592,0.3100830316543579,-0.1226401925086975,0.9957160949707032,walking
1783088007381697500,9.634697509765624,0.7201436814449728,-0.4647074695214629,-1.5951871249616143,0.314071923494339,-0.1026395857334137,1.0000219345092771,walking
1783088007391742700,9.64474267578125,0.9255284529983996,-0.2303456098087132,-1.9137872106760736,0.3627908527851105,-0.0587224811315536,1.0242244005203247,walking
1783088007401786600,9.65478662109375,0.9361255425974726,0.158286774161458,-1.856937780728936,0.4368877112865448,-0.0293733812868595,1.0718475580215454,walking
1783088007411830800,9.664830810546874,1.0645381336294113,0.5176432331562042,-1.321975748503208,0.5381877422332764,-0.0547954179346561,1.0983647108078003,walking
1783088007421874400,9.67487451171875,1.2641719404406844,0.5443199354186654,-0.5722007527738809,0.6159693598747253,-0.1210319623351097,1.092778205871582,walking
1783088007431918600,9.684918701171876,1.073475034931302,0.7979219176523387,0.0008311901271343,0.6139945983886719,-0.1549747884273529,1.110633134841919,walking
1783088007441962800,9.694962646484376,0.721983756353706,1.0137449349813163,0.3542319555878639,0.5296988487243652,-0.144465684890747,1.1249734163284302,walking
1783088007452007400,9.70500732421875,0.5438336132064462,1.049140511880815,0.5336299068391323,0.3807818293571472,-0.1156502515077591,1.1439112424850464,walking
1783088007462051600,9.715051513671876,0.4349428842462599,1.1339807954289018,0.4605366135776043,0.2405626773834228,-0.0971133187413215,1.1505835056304932,walking
1783088007472095700,9.725095703125,0.700615535762906,1.1187981316052376,0.2139414413660764,0.1776976585388183,-0.0812985002994537,1.180254340171814,walking
1783088007482139600,9.7351396484375,0.5897219425477087,1.350016140334308,-0.3425841878920793,0.163136824965477,-0.0455918982625007,1.251075267791748,walking
1783088007492183800,9.745183837890623,0.4591685400947928,1.5617369830414651,-0.71043667255342,0.1797826439142227,-0.0012660166248679,1.3326106071472168,walking
1783088007502228700,9.755228759765624,0.5879182541266084,1.5480229304656383,-0.6537474016040563,0.2072861790657043,-0.0016559031791985,1.3754205703735352,walking
1783088007512272600,9.765272705078123,0.7414414671480655,1.3566355584740637,-0.3435679382324219,0.2306500822305679,-0.0306723397225141,1.391992688179016,walking
1783088007522316800,9.77531689453125,0.7110070197872818,1.112212031213194,0.0716892716825008,0.226908341050148,-0.0939831361174583,1.3854652643203735,walking
1783088007532360400,9.7853603515625,0.8932816955186426,0.8401796354062855,0.767349230864644,0.2045728415250778,-0.2311227917671203,1.357100248336792,walking
1783088007542404600,9.795404541015625,1.204585048353672,0.6939226139955222,1.4278437686413523,0.1748509109020233,-0.4075809419155121,1.3386003971099854,walking
1783088007552449800,9.80544970703125,1.3645109680242835,0.7346196583040058,1.57938048402071,0.1243362873792648,-0.5547686815261841,1.3660184144973757,walking
1783088007562493400,9.815493408203125,1.3563503117918967,0.8445126961745322,1.4002899912834166,0.0735759064555168,-0.6512166857719421,1.4121803045272827,walking
1783088007572537600,9.82553759765625,1.3640287374652922,0.8327100301779806,1.1561135706514118,0.0417693741619586,-0.7178481817245483,1.430095076560974,walking
1783088007582581500,9.83558154296875,1.4907576131939888,0.7000811366252601,0.9246440713793038,0.0224843602627515,-0.7589271664619446,1.4379087686538696,walking
1783088007592625700,9.845625732421874,1.4443579733297227,0.7115357198365032,0.6006704759329557,0.0045721475034952,-0.7759908437728882,1.454536199569702,walking
1783088007602669800,9.855669921875,1.2339733476623893,0.5921516539126634,0.3707973059415817,0.013574962504208,-0.7517510056495667,1.4593591690063477,walking
1783088007612714500,9.865714599609374,1.0519476782560349,0.2916391596831381,0.1945522657632827,0.055596686899662,-0.7078732848167419,1.4274741411209106,walking
1783088007622758700,9.875758544921876,1.1643554754264651,-0.0219214705593884,0.1997264535307884,0.1053597182035446,-0.6701129078865051,1.3649632930755615,walking
1783088007632802800,9.885802734375,1.1532850692272183,-0.1448667360961437,0.0536404047727584,0.1258266270160675,-0.5884469747543335,1.303519606590271,walking
1783088007642846500,9.895846435546876,0.9221423176914452,-0.2599608497411012,-0.2787409535348415,0.1167553663253784,-0.4562079310417175,1.2251120805740356,walking
1783088007652890600,9.905890625,0.7801014526709914,-0.4643197853781282,-0.5308762242168188,0.0835444331169128,-0.2860014736652374,1.128674030303955,walking
1783088007662935800,9.915935791015626,0.7729273232579231,-0.4771987023040652,-0.6235346341699362,0.0344341397285461,-0.1329096555709839,1.0326594114303589,walking
1783088007672979700,9.925979736328124,0.9909611485041676,-0.4476695332199334,-0.5450263301223516,-0.0149971470236778,-0.0274009089916944,0.9614586234092712,walking
1783088007683023600,9.936023681640624,1.0889227794319392,-0.4794374211415648,-0.5282938065081835,-0.0588085427880287,0.0169415231794118,0.9028397798538208,walking
1783088007693067500,9.946067626953123,1.1089324250206352,-0.5583832398235797,-0.3493032670140266,-0.0886560529470443,-0.0059466939419507,0.8527348041534424,walking
1783088007703111700,9.956111572265623,1.0354778972312808,-0.6242319687843323,-0.1060930610656738,-0.0936654582619667,-0.065200962126255,0.8097902536392212,walking
1783088007713156600,9.966156494140623,0.8795020303606986,-0.5813660560041666,0.0586918429434299,-0.0773175060749054,-0.1526924818754196,0.778998613357544,walking
1783088007723200500,9.976200439453123,0.9760556941866874,-0.5139961088255047,0.3556739710897207,-0.0522369220852851,-0.2600511610507965,0.7541606426239014,walking
1783088007733244700,9.98624462890625,1.031201388955861,-0.4065083785310387,0.525347816184163,-0.0324175059795379,-0.3648205697536468,0.7523434162139893,walking
1783088007743288600,9.99628857421875,0.9365556045778096,-0.329268486984074,0.5654033477187156,-0.0246453341096639,-0.4197077751159668,0.7654131650924683,walking
1783088007753332700,10.006332763671876,0.922008754439652,-0.3192676097124814,0.5800993970692158,-0.0397152416408062,-0.4202450215816498,0.7888636589050293,walking
1783088007763376600,10.016376708984374,0.8214581299319863,-0.286517140494287,0.646674102216959,-0.0634498670697212,-0.3846830427646637,0.8229555487632751,walking
1783088007773421600,10.026421630859376,0.6610818361453712,-0.3043573330894112,0.762224142935872,-0.0960644334554672,-0.3212956190109253,0.8503400683403015,walking
1783088007783465700,10.0364658203125,0.6313729265801609,-0.3872863761886954,0.7451368145346641,-0.1246255040168762,-0.2453747689723968,0.8603357076644897,walking
1783088007793509600,10.046509521484374,0.6660635700806975,-0.4734413955971598,0.7169371404886246,-0.1464094072580337,-0.1965488940477371,0.8497936725616455,walking
1783088007803553500,10.056553466796874,0.7257591832391918,-0.607594722238183,0.5648568197518586,-0.1335037350654602,-0.1663275957107544,0.828396201133728,walking
1783088007813597700,10.06659765625,0.7826499681100249,-0.6829469003424048,0.2990583498984575,-0.1074289381504058,-0.1382911205291748,0.8113974928855896,walking
1783088007823642600,10.076642578125,0.9303564576767384,-0.7828954673036932,0.0900152019679546,-0.0938840955495834,-0.102020189166069,0.7780800461769104,walking
1783088007833686500,10.0866865234375,1.141487956188619,-1.0202715602710843,-0.1554506739526987,-0.1008947938680648,-0.04972830042243,0.7272832989692688,walking
1783088007843730700,10.096730712890626,1.276013038751483,-1.2198691267251969,-0.5748989058166742,-0.1021131873130798,0.035300575196743,0.6696099042892456,walking
1783088007853774600,10.106774658203124,1.2734129392556846,-1.3593082848146556,-0.9552677577018738,-0.0760561451315879,0.1299259811639785,0.6109039783477783,walking
1783088007863818800,10.11681884765625,1.1654764422804116,-1.3409636498287318,-1.092727432411909,-0.0390299558639526,0.2194124460220337,0.560565173625946,walking
1783088007873863700,10.12686376953125,1.1859244792863726,-1.2311170814484358,-0.8459937285125255,-0.0098240040242671,0.2734050452709198,0.5111590027809143,walking
1783088007883907600,10.136907470703123,1.187760024150461,-1.2070078915864229,-0.4646662607282399,0.015074155293405,0.3140880465507507,0.4575645327568054,walking
1783088007893951700,10.14695166015625,1.0695610763579606,-1.3690385284513231,-0.1406616856217384,0.0192299336194992,0.3537339568138122,0.3755343556404114,walking
1783088007903995400,10.156995361328123,1.0381985543668268,-1.6178297494024036,0.1847112552285194,0.0017452160827815,0.3793178796768188,0.2802733480930328,walking
1783088007914039600,10.16703955078125,1.0260406451918185,-1.6025529775545,0.3967518314093351,-0.0209344942122697,0.3797443211078644,0.2054893225431442,walking
1783088007924083700,10.177083740234377,1.0826165188945829,-1.274300681875646,0.4370949477136134,-0.0352039784193038,0.3582544922828674,0.1666939854621887,walking
1783088007934128600,10.187128662109377,1.2830462983891366,-0.8350199145555496,0.3077922759741544,-0.0332732684910297,0.3180068731307983,0.165104329586029,walking
1783088007944172500,10.197172607421876,1.482250043220073,-0.500284102076292,0.0763964264601469,-0.0420526452362537,0.254968523979187,0.1790172159671783,walking
1783088007954216700,10.207216796875,1.5036721859551965,-0.2153852104336023,-0.3285013020038604,-0.0397277437150478,0.1979866474866867,0.2156828790903091,walking
1783088007964260600,10.217260498046874,1.3506570685863497,0.084743983566761,-0.6122481010019779,-0.0135451406240463,0.1406895369291305,0.2897802591323852,walking
1783088007974304800,10.2273046875,1.1730084452204406,0.2767223071888089,-0.7178256137609481,0.0459723807871341,0.0780953839421272,0.3846997022628784,walking
1783088007984349700,10.237349609375,1.1470825613252815,0.3950634399309754,-0.6758522659063338,0.1328047513961792,0.0047724349424242,0.4733901619911194,walking
1783088007994393600,10.2473935546875,1.1903611465595665,0.4522688437089324,-0.4840495911121368,0.1897836625576019,-0.088858813047409,0.5377995371818542,walking
1783088008004437800,10.257437744140624,1.2221750655800103,0.4864554832100868,-0.4201017273366451,0.1988474577665329,-0.1755806505680084,0.5925527811050415,walking
1783088008014481700,10.267481689453126,1.1676586086250842,0.51117959010005,-0.5952449437528848,0.1787161231040954,-0.2197429239749908,0.6431501507759094,walking
1783088008024525600,10.277525634765626,1.0680784365847706,0.4071519371315836,-0.8484259240955114,0.1457587033510208,-0.2121145725250244,0.6757856011390686,walking
1783088008034570800,10.28757080078125,0.9396122156694532,0.1613797717407345,-1.1062643748551606,0.1076857671141624,-0.1542743742465973,0.6747996807098389,walking
1783088008044614700,10.29761474609375,0.7488998203299939,-0.0691088998004794,-1.4148948552191256,0.0769941657781601,-0.0681653246283531,0.6425653100013733,walking
1783088008054658600,10.307658447265624,0.5922989534288644,-0.2199438966512679,-1.8288456587105988,0.0798341259360313,0.068537563085556,0.5861771702766418,walking
1783088008064702500,10.317702392578123,0.4968075120069086,-0.1664122129499912,-2.0729852544635534,0.1354033797979354,0.2288912683725357,0.5271567702293396,walking
1783088008074746600,10.32774658203125,0.5180104590333998,0.0062675359621644,-2.0786171228706833,0.2322467416524887,0.3690091371536255,0.4808919429779053,walking
1783088008084790800,10.337790771484377,0.5105335472814738,0.2121352687269449,-1.7868091824918984,0.3082456290721893,0.451421707868576,0.4499262869358063,walking
1783088008094835500,10.34783544921875,0.5032831377618014,0.3892489084333181,-1.2942150503963232,0.3254188597202301,0.4722203016281128,0.4335108995437622,walking
1783088008104879600,10.357879638671877,0.508877012246102,0.4712020922377705,-0.8801438353955745,0.2900523245334625,0.4456392824649811,0.4225139021873474,walking
1783088008114923800,10.367923828125,0.6196949098765849,0.539313213172555,-0.5675567263603211,0.236796349287033,0.3965133130550384,0.4163688123226166,walking
1783088008124967700,10.3779677734375,0.7182752572245895,0.6887114552184939,-0.2967015576392412,0.189376100897789,0.3091371357440948,0.4227422773838043,walking
1783088008135011600,10.388011474609376,0.8348867896951735,0.8340352874323725,-0.0283270998179912,0.1680452823638916,0.1743047088384628,0.4419698715209961,walking
1783088008145056800,10.398056884765625,0.8738720616497099,0.8987877455890179,0.3147100925385951,0.1810297966003418,-0.0029124189168214,0.4814877212047577,walking
1783088008155100700,10.4081005859375,0.9938187298923732,0.9244234143659472,0.8261895423680543,0.2090103924274444,-0.2462029904127121,0.5366925001144409,walking
1783088008165144600,10.41814453125,1.291948420638591,0.7377329680189489,1.3646879320263865,0.2358784973621368,-0.5468956828117371,0.5882979035377502,walking
1783088008175188500,10.4281884765625,1.4981883477166291,0.4956415369674563,1.6653455338150265,0.2929248511791229,-0.8661845326423645,0.6333192586898804,walking
1783088008185232600,10.438232666015624,1.4518420454747971,0.2987754413038492,1.8223861073076724,0.3932919502258301,-1.1487882137298584,0.6820172667503357,walking
1783088008195277600,10.448277587890624,1.1047117385856806,0.1109673891037702,1.90390995978415,0.534953236579895,-1.349896788597107,0.7199450731277466,walking
1783088008205321500,10.458321533203126,0.4633085625089704,-0.0955260743439197,1.9903911424070595,0.6753073930740356,-1.434623956680298,0.7456807494163513,walking
1783088008215365600,10.46836572265625,-0.2542801737561821,-0.3064312167540192,2.0270985325574875,0.7657926082611084,-1.378867506980896,0.7543814182281494,walking
1783088008225409500,10.478409423828126,-0.9354714626029134,-0.4023617802456021,1.9026924006879329,0.7438886165618896,-1.1943998336791992,0.7444608807563782,walking
1783088008235453700,10.48845361328125,-1.5065068248592317,-0.5011711140438914,1.4274953935950994,0.6126121282577515,-0.885851263999939,0.7104226350784302,walking
1783088008245498600,10.49849853515625,-1.9272072487413885,-0.5958844107002019,0.595643587681651,0.4507140219211578,-0.4861938655376434,0.6543362140655518,walking
1783088008255542500,10.50854248046875,-2.340794625747949,-0.5823813705265521,-0.3398100470036268,0.3060148656368255,-0.0858851671218872,0.5888376832008362,walking
1783088008265586700,10.518586669921875,-2.277135808046907,-0.4033341324090957,-1.3358669112116095,0.211807906627655,0.332150936126709,0.5293753743171692,walking
1783088008275630600,10.528630615234375,-1.947945939256996,0.105223584754765,-2.307718723967671,0.1652858108282089,0.7087429761886597,0.5113781690597534,walking
1783088008285674500,10.538674560546877,-1.4402319794408975,0.5588444275945424,-2.844128616914153,0.1422721147537231,1.0062062740325928,0.5125187635421753,walking
1783088008295718700,10.54871875,-1.079779834163934,0.7686278724983334,-2.8481244085520503,0.1224849969148635,1.2242817878723145,0.529401957988739,walking
1783088008305763800,10.558763916015623,-0.5856161146640777,0.8025821645483374,-2.287770745438338,0.0916900634765625,1.328452706336975,0.5577835440635681,walking
1783088008315807500,10.568807373046877,-0.0925875366739928,0.6470052338674664,-1.4139379928857088,0.0353989154100418,1.2577687501907349,0.5976575016975403,walking
1783088008325851600,10.5788515625,0.2492475864164531,0.375787369313836,-0.3926058176457881,0.006954756565392,1.0675934553146362,0.6071748733520508,walking
1783088008335895600,10.5888955078125,0.3733271166801452,0.1547846112594008,0.2704997794121503,0.0391702279448509,0.8306997418403625,0.5962046980857849,walking
1783088008345939700,10.598939697265624,0.2357641277261078,0.1313619423568248,0.71562138171494,0.1105267032980918,0.6017336845397949,0.5917907953262329,walking
1783088008355984600,10.608984619140625,0.079367989616841,0.1041425115197896,0.9715034377098084,0.1634143143892288,0.4203634858131408,0.5947455763816833,walking
1783088008366028500,10.619028564453124,-0.168968473304063,-0.0404632355526089,0.9602163200199604,0.1667568534612655,0.298447698354721,0.5927351117134094,walking
1783088008376072400,10.629072509765624,-0.3829361450899392,-0.2148530032530426,0.9145832806140184,0.1283424794673919,0.2174388766288757,0.5794466733932495,walking
1783088008386116600,10.63911669921875,-0.4950150025669485,-0.3375336265042424,0.8209791142433881,0.0932593345642089,0.1662859469652176,0.5671159625053406,walking
1783088008396160300,10.64916015625,-0.4648963431570678,-0.3061737348616123,0.6836445272177457,0.0784556567668914,0.1349523961544037,0.5643004775047302,walking
1783088008406204400,10.659204345703126,-0.4724163633983582,-0.0612274989008903,0.4925988082706928,0.0775661617517471,0.1278034001588821,0.5797353386878967,walking
1783088008416249600,10.66924951171875,-0.367510174029693,0.1568365753531456,0.2945423337787389,0.077876828610897,0.142154723405838,0.6002952456474304,walking
1783088008426293200,10.679293212890624,-0.1191389320563525,0.2928831683948636,0.1939075381189584,0.0634446293115615,0.1653585880994796,0.6356683969497681,walking
1783088008436337400,10.68933740234375,0.0036965894956141,0.2079875013977289,0.1058142441242933,0.0398447588086128,0.2062189280986786,0.6675949096679688,walking
1783088008446381600,10.699381591796875,0.1251442368857562,-0.0067041738137602,0.0294330152332782,0.0268378816545009,0.2503102421760559,0.6845874786376953,walking
1783088008456425500,10.709425537109375,0.1459516817886382,-0.1679573965653777,0.1112684178769588,0.0276723690330982,0.2900047898292541,0.6874755620956421,walking
1783088008466470400,10.719470458984375,0.0726275754459202,-0.3105687549501657,0.419796022388339,0.0224413890391588,0.3268972933292389,0.6706358790397644,walking
1783088008476514300,10.729514404296877,0.2177219828180968,-0.4533732978194951,0.9648480714738368,-0.008559925481677,0.3124633431434631,0.6360751390457153,walking
1783088008486558500,10.739558349609377,0.2818666112747043,-0.5419678193345666,1.4146785821199417,-0.0467099733650684,0.2570647895336151,0.6114166378974915,walking
1783088008496602600,10.7496025390625,0.2384378039147704,-0.5545487762272358,1.742523466041684,-0.1173850744962692,0.0907554626464843,0.6101691722869873,walking
1783088008506646300,10.759646240234376,-0.041375783820264,-0.5299439118027687,1.5485639054745437,-0.053473200649023,-0.0387724377214908,0.6070905327796936,walking
1783088008516691500,10.76969140625,-0.1338058283776044,-0.4754164950624108,0.8834083901494741,-0.0795908644795417,-0.2037671506404876,0.6561278104782104,walking
1783088008526735600,10.779735595703125,-0.5313021580113098,-0.4412888922721147,0.0338128377526998,-0.0313820578157901,-0.1146077215671539,0.6509413123130798,walking
1783088008536779500,10.789779541015625,-0.89893752932325,-0.8825587875828147,0.0370791460722684,-0.0197743643075227,-0.0522302277386188,0.6121084094047546,walking
1783088008546823400,10.799823486328124,-0.3831969149179756,-1.096189263303578,0.5271762006551027,-0.0465436615049839,0.0097218248993158,0.5506242513656616,walking
1783088008556867300,10.809867431640624,0.0159324958102777,-1.452358616694808,0.7796972557842731,-0.1142069548368454,0.0441512838006019,0.4099806845188141,walking
1783088008566912500,10.81991259765625,0.4254229954246431,-1.9503908481910823,0.815733030283451,-0.1784951239824295,0.0561171397566795,0.2359010428190231,walking
1783088008576956400,10.829956298828124,0.7226521571345627,-2.088786342446506,0.4600719186753034,-0.2240640968084335,0.0719503760337829,0.1186021640896797,walking
1783088008587000300,10.840000244140626,0.563062045289576,-1.990511553916335,-0.0562409426599741,-0.1952281892299652,0.0872773975133895,0.0363733321428298,walking
1783088008597044500,10.85004443359375,0.3013987390121445,-1.982943456749618,-0.317854820305109,-0.0395716987550258,0.0307793617248535,-0.0096112238243222,walking
