time,seconds_elapsed,accel_x,accel_y,accel_z,gyro_x,gyro_y,gyro_z,label
1783087012208534800,0.05553466796875,0.5694350143875926,-0.241815682850033,-0.1743009203732013,0.1183683201670646,-0.135050281882286,0.2791025340557098,walking
1783087012218578700,0.06557861328125,0.4050779804017395,-0.3231714852832257,-0.1302735625982284,0.1593370586633682,-0.1103358715772628,0.2856531143188476,walking
1783087012228622600,0.07562255859375,0.325013606018573,-0.3095093090251088,-0.0217769475221633,0.2038733661174774,-0.0792189687490463,0.29332435131073,walking
1783087012238666800,0.085666748046875,0.246830588402599,-0.2891562568262219,0.0321767609834671,0.2240461260080337,-0.0484538488090038,0.2948741316795349,walking
1783087012248712000,0.0957119140625,0.1600388054605573,-0.2696384864076971,0.0899246010750532,0.2122856080532074,-0.0285880006849765,0.2975724339485168,walking
1783087012258755600,0.105755615234375,0.0766556619182229,-0.2517804658949375,0.1718371606081724,0.1869640052318573,-0.0200423803180456,0.3016739785671234,walking
1783087012268799700,0.1157998046875,0.1074132037535309,-0.2682701206639409,0.2248708316594362,0.1628823578357696,-0.0203851293772459,0.3007791638374328,walking
1783087012278845000,0.125844970703125,0.2216799997288733,-0.3091308311015367,0.2035749456524848,0.152516022324562,-0.0596630945801734,0.2953223288059234,walking
1783087012288888600,0.135888671875,0.286821091876924,-0.2882690987281501,0.1175058509618043,0.1960070431232452,-0.117437444627285,0.3013208508491516,walking
1783087012298932700,0.1459326171875,0.3955115490246564,-0.2799266561880708,-0.1536953547179698,0.2746890485286712,-0.1258993744850158,0.3184295296669006,walking
1783087012308978000,0.15597802734375,0.3871754631601273,-0.3336148456253111,-0.353297305086255,0.3144678771495819,-0.135600745677948,0.3244402706623077,walking
1783087012319021800,0.166021728515625,0.3696268008574843,-0.3474292898356914,-0.2513718850940465,0.2798999547958374,-0.1657674312591552,0.3164322972297668,walking
1783087012329065700,0.176065673828125,0.4759340891957282,-0.4104163457550108,-0.0290729497492313,0.1960308700799942,-0.1984601318836212,0.2997449338436126,walking
1783087012339111000,0.18611083984375,0.5206335010133684,-0.5279669126413762,0.1331307055950164,0.0768061056733131,-0.1873481124639511,0.2903518378734588,walking
1783087012349154800,0.19615478515625,0.4792692249678075,-0.6117176473870873,-0.0620703794658184,-0.0160354152321815,-0.1782347708940506,0.2830635905265808,walking
1783087012359198700,0.20619873046875,0.4357924868129194,-0.5859453466184437,0.0035708442240953,-0.0617222376167774,-0.1585984677076339,0.2647623121738434,walking
1783087012369244000,0.216243896484375,0.3923047888725995,-0.5869440022669732,-0.0222024794578552,-0.0667979568243026,-0.1419438570737838,0.2331218123435974,walking
1783087012379287800,0.226287841796875,0.4353476656548679,-0.6626078766688704,-0.0805108760416507,-0.0566581450402736,-0.1481518596410751,0.1932482719421386,walking
1783087012389331700,0.236331787109375,0.5131500133901834,-0.7497270649343729,-0.1366109489262104,-0.0433748289942741,-0.1530534029006958,0.1545647978782653,walking
1783087012399377000,0.246376953125,0.5309028199627995,-0.8106608415856957,-0.2399246084064245,-0.0493426099419593,-0.1704917550086975,0.1128882467746734,walking
1783087012409420800,0.2564208984375,0.6062295713648199,-0.8585203248694538,-0.2791904508680105,-0.0699525400996208,-0.19939985871315,0.0795060619711875,walking
1783087012419464700,0.266464599609375,0.6741467771627009,-0.8900681402996182,-0.3044511488527059,-0.0741681084036827,-0.226283311843872,0.0753416195511818,walking
1783087012429509600,0.276509521484375,0.6260499779917299,-0.860283389019221,-0.2426531565874815,-0.0445617474615573,-0.2477135062217712,0.0862288922071456,walking
1783087012439553800,0.2865537109375,0.6120587159097194,-0.7542066945664584,-0.1740513295263052,0.0114137576892972,-0.2752640843391418,0.0894016698002815,walking
1783087012449598000,0.296597900390625,0.6246576468504965,-0.6856427152976393,-0.1178933889746665,0.0576901771128177,-0.3084553182125091,0.083028458058834,walking
1783087012459642600,0.306642578125,0.6973010043874383,-0.613704437290132,-0.0793985308855772,0.0781290754675865,-0.3404658436775207,0.0719344764947891,walking
1783087012469686500,0.3166865234375,0.7696519548490643,-0.6054428049013019,-0.0873117882281541,0.0887276604771614,-0.351915568113327,0.0677370727062225,walking
1783087012479730700,0.326730712890625,0.8152680431202054,-0.6064230481103062,-0.0889262376874685,0.0883559510111808,-0.337472140789032,0.0585747472941875,walking
1783087012489775600,0.336775634765625,0.7464915901444852,-0.6537215365104377,-0.0577022473841905,0.0679835677146911,-0.3080244958400726,0.0470232851803302,walking
1783087012499819500,0.346819580078125,0.5664896816506981,-0.6750359810873866,0.0414244818001985,0.0251119472086429,-0.276690661907196,0.0245302133262157,walking
1783087012509863700,0.35686376953125,0.4840494449816644,-0.7585359559424221,0.1065004728227853,-0.0286887008696794,-0.2241616696119308,-0.0031496181618422,walking
1783087012519908400,0.366908447265625,0.415676312109828,-0.8844267734117806,0.1436982768386602,-0.0694854408502578,-0.1745384335517883,-0.0128763653337955,walking
1783087012529952500,0.376952392578125,0.3470369295172393,-0.9117600398868322,0.1815367168456315,-0.0830800756812095,-0.1212270110845565,-0.0127943400293588,walking
1783087012539996700,0.38699658203125,0.3746078041404485,-0.9254688317656516,0.1493804141283035,-0.0723888650536537,-0.080361507833004,-0.0055101122707128,walking
1783087012550041300,0.397041259765625,0.4630643784895539,-0.865432734606415,0.1530056188881397,-0.061704259365797,-0.069485954940319,0.0008199558360502,walking
1783087012560085500,0.40708544921875,0.6302898075185716,-0.8145797685950994,0.1213660335212945,-0.0672845765948295,-0.0743434056639671,0.0002469508908689,walking
1783087012570129700,0.417129638671875,0.8708714185290038,-0.8498762690342963,0.0203168118417263,-0.0785353705286979,-0.0831464827060699,-0.0155738238245248,walking
1783087012580174300,0.42717431640625,1.0371347245275977,-0.8736788771651685,-0.0624549948692321,-0.088182158768177,-0.1008740663528442,-0.0378360450267791,walking
1783087012590218500,0.437218505859375,1.1223033632472157,-0.7439758079312742,-0.1151525658339261,-0.0942669510841369,-0.1169411838054657,-0.0439397431910038,walking
1783087012600262700,0.4472626953125,1.116286002653837,-0.67683382428959,-0.1993546976089477,-0.0896433293819427,-0.1238456144928932,-0.0352443940937519,walking
1783087012610307300,0.457307373046875,0.9630521279677748,-0.7303992641299962,-0.1852063452690839,-0.0732158869504928,-0.1334630846977234,-0.0244639180600643,walking
1783087012620351500,0.4673515625,0.7717667550459504,-0.7533996159672737,-0.0421685781657695,-0.0536613650619983,-0.1564717292785644,-0.027821097522974,walking
1783087012630395600,0.477395751953125,0.6727066613569855,-0.79736925220564,0.0879495016098022,-0.0410156100988388,-0.185306578874588,-0.0306033045053482,walking
1783087012640440600,0.487440673828125,0.6783199711941182,-0.800537945369631,0.0949731166362762,-0.0348624065518379,-0.2153456211090088,-0.0248298570513725,walking
1783087012650484500,0.497484375,0.6937684463471174,-0.5945385490491986,0.0605015227138996,-0.0275437757372856,-0.245195135474205,-0.0008632717654109,walking
1783087012660528600,0.507528564453125,0.8018351455733179,-0.3231248696625232,-0.0066518591046333,-0.0240674838423728,-0.2822619676589966,0.0176233686506748,walking
1783087012670573600,0.517573486328125,0.888202492558211,-0.1888388565525412,-0.0558808771759271,-0.0124124251306056,-0.3499912321567535,0.0306760519742965,walking
1783087012680617500,0.527617431640625,0.9417752389222382,-0.2136063641928136,-0.0351449631392955,0.0047205812297761,-0.4477597773075104,0.0435344278812408,walking
1783087012690661400,0.537661376953125,0.9492882449008524,-0.3123157447479665,-0.015712532916665,0.0366934277117252,-0.5582601428031921,0.0483089424669742,walking
1783087012700706600,0.54770654296875,0.953271615448594,-0.4140665388256311,-0.0415367100030183,0.1015404760837555,-0.6635543704032898,0.046422503888607,walking
1783087012710750500,0.55775048828125,0.942035789554566,-0.4768525192148983,-0.032380174601078,0.1727049350738525,-0.7494288086891174,0.0390687175095081,walking
1783087012720794400,0.56779443359375,0.9009327947936951,-0.521267268872261,-0.0032791678011417,0.2418314218521118,-0.8067877888679504,0.0257721953094005,walking
1783087012730839600,0.577839599609375,0.9275247413821518,-0.4864930387414992,-0.0652764820307493,0.311755895614624,-0.8622819781303406,0.0290079358965158,walking
1783087012740883700,0.5878837890625,0.7967794696189463,-0.3520759465977549,-0.0481821393668651,0.3611810505390167,-0.8859755992889404,0.0460863672196865,walking
1783087012750927400,0.59792724609375,0.5843965097412467,-0.2344013149403035,0.0520049125254154,0.3781603276729584,-0.8780266046524048,0.0803628489375114,walking
1783087012760972500,0.60797265625,0.4311541594877839,-0.1408434719294309,0.1336105980664491,0.3520377278327942,-0.8642035722732544,0.1256640553474426,walking
1783087012771016700,0.6180166015625,0.3235547855123877,0.0214295953892171,0.2446101358741521,0.3264365196228027,-0.8286862969398499,0.1844490766525268,walking
1783087012781060400,0.628060302734375,0.1964893713057041,0.2559460611417889,0.2181546751469373,0.315337598323822,-0.7666024565696716,0.2715128064155578,walking
1783087012791105500,0.63810546875,0.0307402984395623,0.4874219901546835,0.1258165831893682,0.314928263425827,-0.6695678234100342,0.3622898459434509,walking
1783087012801149700,0.648149658203125,-0.0677764821529388,0.7231386254772544,-0.0263648598343133,0.327804684638977,-0.558142900466919,0.451129138469696,walking
1783087012811193300,0.658193359375,-0.1540688642054796,0.9240689018398522,-0.2028121445864439,0.3434315919876098,-0.4024417400360107,0.5213127732276917,walking
1783087012821238500,0.668238525390625,-0.2588487968459725,0.981234704259783,-0.39502690731287,0.3346222341060638,-0.2065965086221695,0.5594975352287292,walking
1783087012831282700,0.67828271484375,-0.383480554164946,0.9363698727473616,-0.5264133995890617,0.2761829197406769,0.0254135522991418,0.5650390386581421,walking
1783087012841326600,0.68832666015625,-0.5439733139380812,0.7722668135225772,-0.6655436378598213,0.170932799577713,0.2505442500114441,0.5313171148300171,walking
1783087012851371500,0.69837158203125,-0.6387199283421039,0.4740918223299086,-0.7622627213805914,0.0578182339668273,0.4329130053520202,0.4620919823646545,walking
1783087012861415700,0.708415771484375,-0.58845601426512,0.0977739994011819,-0.774999453356862,-0.0333309322595596,0.5557544231414795,0.3701023459434509,walking
1783087012871459600,0.71845947265625,-0.6388599213346838,-0.1913724666833877,-0.7432265969991684,-0.0804337337613105,0.6192367076873779,0.2546021342277527,walking
1783087012881504500,0.72850439453125,-0.582459988720715,-0.4108410009078681,-0.7827893765807151,-0.0710241869091987,0.6076566576957703,0.1337095946073532,walking
1783087012891548700,0.738548583984375,-0.4895923199310898,-0.5898451305359602,-0.7278665307819843,-0.0234750472009181,0.5508700609207153,0.0326183997094631,walking
1783087012901592600,0.748592529296875,-0.4818590953305363,-0.63566872407794,-0.5930611699730157,0.0402042642235755,0.4776633083820343,-0.0638707131147384,walking
1783087012911637500,0.758637451171875,-0.5638432587951422,-0.6874521028071642,-0.4444873960524797,0.1107599213719368,0.3838936984539032,-0.1139328107237815,walking
1783087012921681700,0.768681640625,-0.7681490029402077,-0.5768770740218461,-0.2361398291707038,0.161825031042099,0.2679414451122284,-0.1342475861310959,walking
1783087012931725600,0.7787255859375,-0.8474984339870512,-0.5601105020076036,-0.0797048203557729,0.1890081763267517,0.1319180876016616,-0.1185658276081085,walking
1783087012941770500,0.7887705078125,-0.8361362052343785,-0.5673059664696455,-0.0771814393579959,0.2514471411705017,0.003975661471486,-0.0794564038515091,walking
1783087012951814700,0.798814697265625,-0.8961742020897566,-0.5381077829055487,-0.210728909060359,0.3654871582984924,-0.0740541592240333,-0.0239691790193319,walking
1783087012961858600,0.808858642578125,-1.0849785718508065,-0.4659428565353155,-0.3544429679900407,0.498866319656372,-0.0876688584685325,0.0469982177019119,walking
1783087012971903500,0.818903564453125,-1.35771487814337,-0.2607709970802068,-0.3913496801048517,0.5850411653518677,-0.0544448569416999,0.1263364404439926,walking
1783087012981947600,0.82894775390625,-1.419427091821283,0.0216565360128879,-0.3246609931886196,0.5990852117538452,0.022059679031372,0.2132260054349899,walking
1783087012991991600,0.838991455078125,-1.237497576265782,0.2485274554483592,-0.270129192534089,0.5472992658615112,0.1081932336091995,0.2986207902431488,walking
1783087013002036500,0.849036376953125,-1.0115737284220754,0.3748489924851805,-0.1992822168946266,0.4515994191169739,0.1621208190917968,0.367805004119873,walking
1783087013012080400,0.859080322265625,-0.8527581080809236,0.3575724251221865,0.0387333430200815,0.3725916743278503,0.1937964558601379,0.4265649914741516,walking
1783087013022124500,0.86912451171875,-0.7720857578672469,0.3533126487858593,0.2392231821388006,0.3214642107486725,0.2228503972291946,0.4760668575763702,walking
1783087013032169500,0.87916943359375,-0.7786226122900843,0.2917460541237145,0.4105582384437322,0.2839658260345459,0.2613104581832886,0.4900830686092376,walking
1783087013042213400,0.88921337890625,-0.7912439011931419,0.1910459381427615,0.5762362919002771,0.2469977289438247,0.2983249127864837,0.4693875014781952,walking
1783087013052257500,0.899257568359375,-0.7551143109306693,0.1522443521920591,0.7479577171742916,0.1930143982172012,0.3368496596813202,0.4320997595787048,walking
1783087013062302500,0.909302490234375,-0.7192462942138313,0.1270237670220434,0.8350292669057846,0.1178320050239563,0.3610599339008331,0.3924092948436737,walking
1783087013072346400,0.919346435546875,-0.6815045925796032,0.0798829534016549,0.8868874644368886,0.0354007743299007,0.34320929646492,0.3727492988109588,walking
1783087013082390500,0.929390625,-0.5855791436545551,0.0846159002076834,0.911402312490344,-0.0180255472660064,0.300134003162384,0.3671475052833557,walking
1783087013092435700,0.939435791015625,-0.4321792647518217,0.0462575279798358,0.6402724184811115,-0.0007597422227263,0.2806838750839233,0.3659323155879974,walking
1783087013102479400,0.949479248046875,-0.3762180158160627,-0.0523236961510032,0.1559060165047645,0.0666380375623703,0.287889152765274,0.3551881909370422,walking
1783087013112523500,0.9595234375,-0.3946550052605569,-0.2240096117202192,-0.1452402455836534,0.127848133444786,0.3065480589866638,0.3265568017959595,walking
1783087013122568700,0.969568603515625,-0.456655972751975,-0.4232168636824935,-0.185336693650484,0.1592683345079422,0.3116970062255859,0.296407014131546,walking
1783087013132612400,0.9796123046875,-0.4357509857587516,-0.5416667174961418,-0.0670557666629552,0.1619043350219726,0.2923262417316437,0.2679921388626098,walking
1783087013142656500,0.989656494140625,-0.2718013635300099,-0.5725178558990359,0.2082347541570663,0.1480691581964492,0.2573744654655456,0.2430742532014846,walking
1783087013152701700,0.99970166015625,-0.1004632384851574,-0.543083233230561,0.4227753304600715,0.1292699128389358,0.2281385511159896,0.2256579846143722,walking
1783087013162745600,1.00974560546875,-0.011586246766895,-0.542219602138549,0.604230214241147,0.1098891347646713,0.205019474029541,0.2190769612789154,walking
1783087013172789500,1.01978955078125,0.0642607291169464,-0.5738984235372394,0.7291933954715728,0.0866679698228836,0.1687530726194381,0.2286246567964553,walking
1783087013182834700,1.029834716796875,0.2149552945837378,-0.5140318377260118,0.8615642226099968,0.0542199946939945,0.114630714058876,0.2652550339698791,walking
1783087013192878600,1.039878662109375,0.3808842540614306,-0.3803464208576828,0.932715734153986,0.0139250345528125,0.0320591405034065,0.3209902048110962,walking
1783087013202922500,1.049922607421875,0.5406013532869518,-0.3251158973492681,0.886114726498723,-0.0077536394819617,-0.057559959590435,0.3829206526279449,walking
1783087013212967700,1.0599677734375,0.6764854492433369,-0.3941363882139325,0.6270791749089956,-0.0016563321696594,-0.1309758573770523,0.4467747211456299,walking
1783087013223011600,1.070011474609375,0.7413828688286245,-0.4430006646260619,0.3475853571802377,0.0410110913217067,-0.1797990500926971,0.5094462037086487,walking
1783087013233055500,1.080055419921875,0.7635564144529402,-0.5125076238334179,0.1071872860431671,0.12273870408535,-0.1811045408248901,0.5562493801116943,walking
1783087013243100700,1.0901005859375,0.6081229838959873,-0.6373425755742937,-0.1634802511513233,0.1953531503677368,-0.1527360081672668,0.584816038608551,walking
1783087013253144600,1.10014453125,0.3821460906907916,-0.6986649131517857,-0.1401817931503057,0.221808448433876,-0.1193412989377975,0.6029811501502991,walking
1783087013263189500,1.110189453125,0.2567233291245996,-0.7372977914720773,0.142275550559163,0.2023688852787017,-0.0875483080744743,0.6172193884849548,walking
1783087013273233700,1.120233642578125,0.1474687352880835,-0.779443500218913,0.435711968922615,0.1634361296892166,-0.0435741879045963,0.6204077005386353,walking
1783087013283277600,1.130277587890625,0.0754150142073631,-0.7835659869764,0.575361847153306,0.1175042614340782,0.0003015641123056,0.6128570437431335,walking
1783087013293322500,1.140322509765625,0.0005297229625284,-0.8116457609698176,0.6505079812914133,0.0644860491156578,0.0399445816874504,0.5851119756698608,walking
1783087013303366700,1.15036669921875,0.0313775734297931,-0.8339671175669878,0.6388643052488565,0.010277266614139,0.0472496338188648,0.564667284488678,walking
1783087013313410600,1.16041064453125,0.1631632941566407,-0.7971568515639752,0.5549363142400979,-0.0315777733922004,0.0513684786856174,0.5582906603813171,walking
1783087013323455500,1.17045556640625,0.1910021720662713,-0.685456837336719,0.3700292441785335,-0.0676735565066337,0.0449376553297042,0.5512298941612244,walking
1783087013333499400,1.18049951171875,0.1271479779236018,-0.5824518784794956,0.2763531816154718,-0.083033338189125,0.0357004813849926,0.534224271774292,walking
1783087013343543600,1.19054345703125,0.0592180587746202,-0.6035523880448193,0.3240951759994029,-0.0920815020799636,0.0413600504398345,0.5221989154815674,walking
1783087013353588500,1.20058837890625,-0.0768859635427594,-0.6653069064944982,0.3718658119559287,-0.1039251163601875,0.053487554192543,0.5095084309577942,walking
1783087013363632400,1.21063232421875,-0.1879097590088844,-0.8079599120639264,0.4366121326327323,-0.125563383102417,0.0543157085776329,0.4972343146800995,walking
1783087013373676500,1.220676513671875,-0.2557142982125282,-0.9570249035675078,0.4904693950265645,-0.1522045880556106,0.0427333563566207,0.472653329372406,walking
1783087013383721500,1.230721435546875,-0.2301848662890493,-1.0592100704744458,0.4447001620203256,-0.1674156337976455,0.0047633368521928,0.451053649187088,walking
1783087013393765400,1.240765380859375,-0.1267833823949098,-1.0887833709612489,0.4112807074993848,-0.1849586814641952,-0.0573860518634319,0.4329446852207184,walking
1783087013403809500,1.2508095703125,-0.0171093941025435,-1.058480733286589,0.3443459368675947,-0.1899810135364532,-0.1232264935970306,0.4220378994941711,walking
1783087013413854700,1.260854736328125,0.0517813329026103,-1.0944631701633334,0.2497919224262237,-0.1768383085727691,-0.1685337871313095,0.4049827456474304,walking
1783087013423898400,1.2708984375,0.004173778553307,-1.1812244849018751,0.0918669673144817,-0.1463057249784469,-0.1866994798183441,0.377353698015213,walking
1783087013433942500,1.280942626953125,-0.1166262916482984,-1.257784431360662,-0.0277297184467315,-0.1009781882166862,-0.1513257771730423,0.338167130947113,walking
1783087013443987700,1.29098779296875,-0.334518662597239,-1.3565719917185604,-0.2020908445745706,-0.0754017382860183,-0.0921973884105682,0.2999676465988159,walking
1783087013454031400,1.30103125,-0.4583179146148264,-1.436036865838617,-0.1933294459700584,-0.0766600891947746,-0.038779966533184,0.2770269215106964,walking
1783087013464075500,1.311075439453125,-0.4795877893976867,-1.4530131350807844,-0.1434223825067281,-0.1013250425457954,-0.0074447682127356,0.2661853432655334,walking
1783087013474121000,1.321120849609375,-0.4598651440568268,-1.4367925065115092,-0.1318599550068378,-0.1272903382778167,-0.0007714191451668,0.247948557138443,walking
1783087013484164900,1.331164794921875,-0.3400176984049379,-1.3623160883285104,-0.2257733334571122,-0.1423085629940033,-0.0194044914096593,0.2160410583019256,walking
1783087013494208800,1.341208740234375,-0.2820728744365274,-1.3040318032726643,-0.443655036881566,-0.1411783099174499,-0.0396868586540222,0.1725716143846511,walking
1783087013504254000,1.35125390625,-0.2370753564551472,-1.267898121356964,-0.6218219850331544,-0.1292961537837982,-0.0570201352238655,0.1334311068058014,walking
1783087013514297900,1.3612978515625,-0.2833687594659626,-1.1720767173282802,-0.6763982093513011,-0.1213114783167839,-0.093190923333168,0.0954123586416244,walking
1783087013524343000,1.371343017578125,-0.3668659578420221,-1.1928178920619188,-0.6530214254170655,-0.1007542610168457,-0.1409870386123657,0.0512088313698768,walking
1783087013534387000,1.381386962890625,-0.4620321128323674,-1.2767965903446077,-0.6448422106146812,-0.0397071540355682,-0.1955328285694122,0.0048115043900907,walking
1783087013544430800,1.391430908203125,-0.685546269185841,-1.2787611684158444,-0.781797442933917,0.0612179599702358,-0.1686265617609024,-0.013630473986268,walking
1783087013554476000,1.40147607421875,-1.149237255141139,-1.1259065023057162,-1.1862550264149905,0.1564999967813491,-0.0235053170472383,0.0341993682086467,walking
1783087013564520000,1.41152001953125,-1.538479879964143,-0.6318629020541906,-1.8541034340858455,0.2186912447214126,0.1751989871263504,0.0775480195879936,walking
1783087013574564000,1.421564208984375,-1.097303508155793,-0.2336896595396101,-2.4020447748720644,0.2331402152776718,0.3139424920082092,0.103684552013874,walking
1783087013584609000,1.431609130859375,-0.5660755478918552,-0.0232644096009433,-2.464513798266649,0.2440735250711441,0.4079377055168152,0.1549478322267532,walking
1783087013594653000,1.44165283203125,-0.4206245821669697,0.3584127484038472,-2.1648370242089032,0.2805953025817871,0.4855597913265228,0.2416768819093704,walking
1783087013604697000,1.451697021484375,-0.5974677343688904,0.6781162653155625,-1.7553145585536956,0.3296520411968231,0.5320895314216614,0.3226095736026764,walking
1783087013614741800,1.46174169921875,-0.7126641393445432,0.7640743008472025,-1.1002356160849331,0.3292160630226135,0.5542398691177368,0.355061262845993,walking
1783087013624786000,1.471785888671875,-0.6918731341198087,0.6843504835300147,-0.4073632417947053,0.2487991005182266,0.5476534366607666,0.3582244217395782,walking
1783087013634830000,1.481830078125,-0.6030174774505198,0.6644833151519298,0.203382637950778,0.1214491352438926,0.5126648545265198,0.3557314276695251,walking
1783087013644874800,1.491874755859375,-0.6218756149165332,0.6696089876025915,0.5982897182762622,0.0153499534353613,0.4405427575111389,0.3395949006080627,walking
1783087013654919000,1.5019189453125,-0.5812520742356777,0.6743012370720506,0.9268570712536572,-0.0370197780430316,0.3048054575920105,0.315932959318161,walking
1783087013664963000,1.511963134765625,-0.4303869745075702,0.6106342360645532,1.173752687716484,-0.0445690304040908,0.1626166105270385,0.2863037288188934,walking
1783087013675007700,1.5220078125,-0.5079477685719728,0.4785030629009008,1.1278028374463318,-0.0207875333726406,0.0795739293098449,0.2363758683204651,walking
1783087013685052000,1.532052001953125,-0.9528248945944012,0.3398400037504732,0.820641845113039,0.005256287753582,-0.0188096314668655,0.1733946502208709,walking
1783087013695096000,1.542095947265625,-0.7833662996858358,0.4488517287418246,1.162280861109495,-8.36164690554e-05,-0.0954953506588935,0.1117904111742973,walking
1783087013705140700,1.552140625,-0.1953514533169567,0.5621164350025355,1.5200480050861835,-0.0795790255069732,-0.1093042939901351,0.0701203644275665,walking
1783087013715185000,1.562184814453125,-0.2348798922374844,0.7531548474259674,1.3735194732576608,-0.1697797626256942,-0.0328598469495773,0.0661376118659973,walking
1783087013725230000,1.57222998046875,-0.3353361164599657,0.97544939885661,1.141786354613304,-0.2080647647380828,0.0646314695477485,0.0807295143604278,walking
1783087013735273700,1.582273681640625,-0.2149165700085461,0.9269944338977336,1.1452502313315869,-0.214311733841896,0.1355045884847641,0.0734835863113403,walking
1783087013745318000,1.59231787109375,0.0253410697445273,0.7734526623062788,1.2023159343779086,-0.214749202132225,0.1692011058330536,0.0478160977363586,walking
1783087013755363000,1.602363037109375,0.3212824566662311,0.6521938885517418,1.2140583946198225,-0.2356504946947097,0.1721774637699127,0.0220891647040843,walking
1783087013765406700,1.61240673828125,0.6258567935071885,0.5440080929905176,1.0232441463410853,-0.262653648853302,0.1563535779714584,0.0181420408189296,walking
1783087013775451000,1.622450927734375,0.8537737148642539,0.5377762128636241,0.6504997979849576,-0.26858851313591,0.1421062052249908,0.0233551785349845,walking
1783087013785496000,1.63249609375,0.9251444221168756,0.514423832718283,0.1791752484112977,-0.2519702017307281,0.1607277244329452,0.0392158776521682,walking
1783087013795540000,1.6425400390625,0.9199325326874852,0.4935995097458362,-0.2998562222778797,-0.2154366970062255,0.1973088979721069,0.0678403303027153,walking
1783087013805584000,1.652583984375,0.8215743036575615,0.4881787998713552,-0.5354886864483356,-0.1793197691440582,0.2339021563529968,0.0982790663838386,walking
1783087013815629000,1.662629150390625,0.5957746667154133,0.381184844443202,-0.5212047250300645,-0.1799709051847458,0.235512837767601,0.1230126395821571,walking
1783087013825673000,1.6726728515625,0.3868193431988358,0.2416470482848584,-0.3087286800414323,-0.1975795179605484,0.1956664472818374,0.13970448076725,walking
1783087013835716900,1.682716796875,0.2615328482981771,0.1431514566108584,0.0427396560519933,-0.1861052811145782,0.1151183396577835,0.1632377803325653,walking
1783087013845762000,1.692761962890625,0.1070401326574385,0.1766625349380075,0.371697469651699,-0.1256824433803558,0.0442506521940231,0.1860738396644592,walking
1783087013855806000,1.702805908203125,-0.0796214529212564,0.1754385461010038,0.531450224712491,-0.0649168416857719,-0.0263228509575128,0.1966820061206817,walking
1783087013865849900,1.712849853515625,-0.1310747959785163,0.139491180537641,0.7105161675304174,-0.0539820119738578,-0.1098873391747474,0.1935147941112518,walking
1783087013875895000,1.72289501953125,0.0281187908295541,0.1758772297792136,0.9495984798938036,-0.0944956168532371,-0.2053467631340026,0.1928050518035888,walking
1783087013885939000,1.73293896484375,0.2819699985839426,0.3293184636056423,1.0930196933567524,-0.1462613940238952,-0.2997154891490936,0.2066372036933899,walking
1783087013895983000,1.742983154296875,0.4967720023021101,0.5166694196879863,1.0050994178414343,-0.179077923297882,-0.3627117872238159,0.2337596416473388,walking
1783087013906028000,1.753028076171875,0.7471312032222748,0.694687753149122,0.57699558583498,-0.1733337044715881,-0.3936074674129486,0.2818848788738251,walking
1783087013916072000,1.763072021484375,0.9721364749163388,0.9174538676142692,0.0877758986085653,-0.1444376111030578,-0.3997383415699005,0.3419995903968811,walking
1783087013926116900,1.773116943359375,1.0470217661611736,1.0343785576872526,-0.266184838822484,-0.1046955659985542,-0.3733356595039367,0.4085143804550171,walking
1783087013936160800,1.783160888671875,1.002284360420704,1.092099071380496,-0.4948796126842498,-0.0716289579868316,-0.3249486982822418,0.481401652097702,walking
1783087013946205000,1.793204833984375,0.9731471132636068,1.2236420693926513,-0.4184165507286786,-0.0732357650995254,-0.2902802228927612,0.5409032106399536,walking
1783087013956249900,1.803249755859375,0.9740316410131752,1.1651169613182544,-0.1323603057444095,-0.1254347860813141,-0.271688163280487,0.5899568200111389,walking
1783087013966293800,1.813293701171875,0.9286690891116856,1.0249139792494475,0.1743634642153978,-0.2069580256938934,-0.249299481511116,0.6000518798828125,walking
1783087013976338000,1.823337890625,0.8320245321318507,0.665749389564991,0.4863216276973485,-0.2738584876060486,-0.2101520746946334,0.5518553256988525,walking
1783087013986382800,1.8333828125,0.5169764398105442,0.0913024652995169,0.7037538337886333,-0.324570894241333,-0.1668678075075149,0.4681993722915649,walking
1783087013996426800,1.8434267578125,0.1337399235345423,-0.2353251517869532,0.8186252445936203,-0.3849503397941589,-0.0989835634827613,0.3587477207183838,walking
1783087014006471000,1.853470947265625,-0.0746915222384035,-0.5468218352369963,0.7195762568205595,-0.449084609746933,-0.0028691911138594,0.2265835553407669,walking
1783087014016516000,1.86351611328125,-0.1488429462507367,-0.8995593144834041,0.4189724310457706,-0.4940882921218872,0.092051200568676,0.0908345207571983,walking
1783087014026559700,1.873559814453125,-0.1635464482553303,-0.9664470311030744,0.1997293761402368,-0.5073931217193604,0.1819256842136383,-0.0299981348216533,walking
1783087014036604000,1.88360400390625,-0.0460737689107656,-0.9167740686565636,0.0451455481499433,-0.4588718712329864,0.272352784872055,-0.1256705969572067,walking
1783087014046649000,1.893649169921875,-0.0328381475016474,-0.8914404515661298,-0.1713596062242984,-0.3987213969230652,0.3421421647071838,-0.2227037996053695,walking
1783087014056692700,1.903692626953125,-0.0589898029766976,-1.0618842581197618,-0.3018915274977684,-0.3730988502502441,0.3750993013381958,-0.3090365529060364,walking
1783087014066738000,1.913738037109375,0.0532506748028099,-1.2137202487066387,-0.2652677239775657,-0.3791749179363251,0.3780283629894256,-0.3572962582111358,walking
1783087014076782000,1.923781982421875,0.0533047430776059,-1.1627914409801363,-0.1688157669603824,-0.3874344527721405,0.3693222105503082,-0.364344835281372,walking
1783087014086825700,1.93382568359375,0.0390085066996514,-1.1032141935043036,-0.0825555336117744,-0.3749369978904724,0.3590103387832641,-0.3543447256088257,walking
1783087014096871000,1.943870849609375,0.0276756501719355,-1.1222862659819424,0.0711538496315479,-0.3384421169757843,0.3550659418106079,-0.3331387639045715,walking
1783087014106915000,1.9539150390625,0.0074736238162964,-1.112394255912304,0.1974883192151784,-0.3048709630966186,0.3379982709884643,-0.2955247163772583,walking
1783087014116959000,1.963958984375,0.1187662993516772,-0.981574019216746,0.2830588167339563,-0.3057607114315033,0.2885875999927521,-0.2438388913869857,walking
1783087014127004000,1.97400390625,0.3401335798695683,-0.8406788171000779,0.3030664164960384,-0.3260111808776855,0.2312508970499038,-0.1797320395708084,walking
1783087014137048000,1.984048095703125,0.4702568472769111,-0.7325618489913642,0.1551011298626661,-0.3266303539276123,0.1706961989402771,-0.0962677672505378,walking
1783087014147092000,1.994092041015625,0.4133781912352889,-0.6254552269689738,-0.0788292065650224,-0.2857305109500885,0.1113336235284805,-0.0132810398936271,walking
1783087014157137000,2.004136962890625,0.2528142659220844,-0.6836727303989231,-0.2344540680408477,-0.194120705127716,0.0614153370261192,0.0585454814136028,walking
1783087014167181000,2.01418115234375,0.0722883335541933,-0.8035492560148239,-0.2130026992112398,-0.0821809694170951,0.0210183858871459,0.1259897500276565,walking
1783087014177225000,2.024224853515625,-0.0732063982471823,-0.7642191161453723,-0.0432458520084619,0.0141884395852684,-0.0015388545580208,0.1793397963047027,walking
1783087014187270000,2.034269775390625,-0.1385799109116196,-0.6674187840819359,0.2111754837840795,0.0606851950287818,-0.012116840109229,0.2027589380741119,walking
1783087014197314000,2.04431396484375,-0.1351519822895527,-0.6378668186441063,0.49517771884799,0.0552579350769519,-0.0191683582961559,0.2048753499984741,walking
1783087014207358700,2.054358642578125,0.081776658193767,-0.5518687433630227,0.707366763588786,0.0114829624071717,-0.0271148812025785,0.1963128894567489,walking
1783087014217403000,2.06440283203125,0.3330617417871951,-0.4332388568073511,0.7402741769343614,-0.0494616143405437,-0.0232799295336008,0.1653531044721603,walking
1783087014227447000,2.074447021484375,0.4695946570411324,-0.4099985587343573,0.5395663111507892,-0.112343855202198,0.0010418356396257,0.1162599474191665,walking
1783087014237492000,2.084491943359375,0.580781899440661,-0.4607330129325389,0.2554600311905145,-0.158321738243103,0.0264699645340442,0.065511018037796,walking
1783087014247535900,2.094535888671875,0.5765495225679129,-0.5261427659541368,-0.0267810394197702,-0.1686831265687942,0.0386945828795433,0.0296035129576921,walking
1783087014257579800,2.104579833984375,0.5231555668368936,-0.5635530436769127,-0.2206523371815681,-0.1417369991540908,0.0354553796350955,-0.0063446327112615,walking
1783087014267625000,2.114625,0.5544890088640153,-0.6889017170935868,-0.3804506849497556,-0.0794753283262252,0.0162110049277544,-0.04904680326581,walking
1783087014277668900,2.1246689453125,0.580665433454141,-0.8115472690314054,-0.5184235698789358,-0.0055723385885357,-0.013042221777141,-0.0977211371064186,walking
1783087014287712800,2.134712646484375,0.6754111710753291,-0.8048007173806428,-0.5825117189079523,0.0569836124777793,-0.0435883924365043,-0.1307669281959533,walking
1783087014297758000,2.144758056640625,0.7621183444738387,-0.6249938930675387,-0.5655494781911373,0.0840586349368095,-0.0629634261131286,-0.1551646739244461,walking
1783087014307801900,2.1548017578125,0.8559142340242862,-0.4763987840980291,-0.5845622216969728,0.0690364837646484,-0.0510678030550479,-0.1667463779449463,walking
1783087014317845800,2.164845703125,0.9414614237327128,-0.3057525868400931,-0.6480453905701636,0.0207728147506713,-0.0074928947724401,-0.1583023071289062,walking
1783087014327891000,2.174890869140625,0.991995752248913,-0.1577262176692485,-0.7341127316951751,-0.0459201447665691,0.062326580286026,-0.1293927878141403,walking
1783087014337934800,2.184934814453125,0.9987727721031756,0.0154798932045698,-0.9465589660674332,-0.1041602790355682,0.1529211997985839,-0.0914944112300872,walking
1783087014347980000,2.19497998046875,0.9930679845903068,0.1715931227192282,-1.2419430113673209,-0.1227413490414619,0.244369700551033,-0.0604483857750892,walking
1783087014358024000,2.20502392578125,1.04451066012308,0.1598024394214153,-1.4947738630980252,-0.0968346521258354,0.3156587779521942,-0.0627546831965446,walking
1783087014368068000,2.215068115234375,1.0228109425555914,-0.0357031815439462,-1.618090446165204,-0.0420114211738109,0.3608000874519348,-0.0895593538880348,walking
1783087014378113000,2.225113037109375,0.8597664524730294,-0.1549070685952902,-1.5895207697629927,0.0260158330202102,0.3782837390899658,-0.1279903650283813,walking
1783087014388157000,2.235156982421875,0.6198535345043986,-0.2774211031079292,-1.2963579076439142,0.0768934413790702,0.3776298463344574,-0.1890387535095214,walking
1783087014398201000,2.245201171875,0.4214407939206808,-0.4505564868330955,-0.8650918122142552,0.0860483199357986,0.3620088100433349,-0.2690811157226562,walking
1783087014408245800,2.255245849609375,0.291043020420894,-0.4780900981858372,-0.3951782984822988,0.0582791902124881,0.3331272602081299,-0.3557758629322052,walking
1783087014418290000,2.2652900390625,0.0575524636499583,-0.5534808547347784,-0.0499140777260065,0.0081257428973913,0.2785849273204803,-0.4599800109863281,walking
1783087014428334000,2.275333984375,-0.2387688625000417,-0.7662374702304601,0.2544476392775774,-0.0291643254458904,0.1775692850351333,-0.5538688898086548,walking
1783087014438378800,2.285378662109375,-0.3636166006572544,-0.8874708172827959,0.5939531503766775,-0.0419256575405597,0.0237653460353612,-0.6259148716926575,walking
1783087014448423000,2.2954228515625,-0.4135087588123977,-0.8748167951539159,0.6232482184439897,-8.95066186785e-05,-0.1219498738646507,-0.6611421704292297,walking
1783087014458467000,2.305467041015625,-0.4051701887298375,-0.5255757797211408,0.3427373326271772,0.0994831547141075,-0.2398200631141662,-0.6557575464248657,walking
1783087014468511700,2.31551171875,-0.3525700867902487,-0.0514276971593499,-0.0213397251486778,0.2271692305803299,-0.3096816837787628,-0.6349464654922485,walking
1783087014478556000,2.325555908203125,-0.2532637632552534,0.2806475178085267,-0.3459837672024965,0.3202413916587829,-0.3385780453681946,-0.6252472400665283,walking
1783087014488601000,2.33560107421875,-0.0182472390260547,0.4625063062153756,-0.4624216966718435,0.3394917249679565,-0.3697206974029541,-0.6379979848861694,walking
1783087014498644700,2.345644775390625,0.2880565519560128,0.5297722084976733,-0.4340858290255069,0.3158116936683655,-0.4010708928108215,-0.6357188820838928,walking
1783087014508689000,2.35568896484375,0.3598508914481848,0.6637006403416394,-0.415844069892168,0.2829629778861999,-0.4145005047321319,-0.6158642172813416,walking
1783087014518734000,2.365734130859375,0.198806854467839,0.8124987245373427,-0.4061719861835241,0.2575683891773224,-0.4344379901885986,-0.5563989877700806,walking
1783087014528777700,2.37577783203125,-0.0086322192668914,1.0989756791517138,-0.1735392883509397,0.2545422315597534,-0.457013875246048,-0.4670324027538299,walking
1783087014538822000,2.38582177734375,-0.0907066913634538,1.381846279837191,0.117016021618247,0.277620404958725,-0.4920224547386169,-0.3822959363460541,walking
1783087014548867000,2.3958671875,-0.160538790871948,1.519132205415517,0.4023550582438707,0.2974222898483276,-0.5400335788726807,-0.3451219797134399,walking
1783087014558910700,2.40591064453125,-0.3824240308493375,1.3932503019049762,0.7247901920765638,0.2843243479728699,-0.6025835275650024,-0.3525862693786621,walking
1783087014568955000,2.415954833984375,-0.7286578272901475,1.1120610784351823,1.112589486223459,0.2306951433420181,-0.6536599397659302,-0.3793216049671173,walking
1783087014579000000,2.426,-1.1999946518234907,0.8287596851170063,1.300067283555865,0.1770478934049606,-0.6396796703338623,-0.3965623676776886,walking
1783087014589044000,2.4360439453125,-1.6552774365261196,0.6050450377553701,1.042918568626046,0.1389509886503219,-0.4795712232589721,-0.4360386729240417,walking
1783087014599089000,2.4460888671875,-2.1420272265076634,0.2085765533320605,0.2001297736346721,0.1157567277550697,-0.2052429914474487,-0.4865905344486236,walking
1783087014609133000,2.456133056640625,-2.286345096549391,0.0602811579614877,-0.8440665598422289,0.1065112948417663,0.129879355430603,-0.5315225720405579,walking
1783087014619177000,2.466177001953125,-2.27419303259328,0.1006203287430107,-1.8868553646087645,0.0980038270354271,0.4632376134395599,-0.5587317943572998,walking
1783087014629222000,2.476221923828125,-1.8511558363266287,0.2471561670951545,-2.6266882275164125,0.0848529189825058,0.7346380949020386,-0.5393778085708618,walking
1783087014639266000,2.48626611328125,-1.0453225610278547,0.6357067180007696,-2.8340362619668245,0.0791409686207771,0.97002774477005,-0.5225500464439392,walking
1783087014649310000,2.49631005859375,-0.677145374456793,0.8251362339228391,-2.740898544064164,0.0780778229236602,1.0837877988815308,-0.5154193043708801,walking
1783087014659355000,2.50635498046875,-0.5904854742661119,0.7955880678772926,-2.1403116547614336,0.0599627345800399,1.0546549558639526,-0.4912015199661255,walking
1783087014669399000,2.51639892578125,-0.3169660547718405,0.7479393047347664,-1.0033967055767774,0.0343638621270656,0.9555553793907166,-0.4731250703334808,walking
1783087014679443000,2.52644287109375,-0.2840497274674475,0.6851413416467607,-0.2402577858835458,0.028166152536869,0.8006930947303772,-0.4444068670272827,walking
1783087014689488000,2.53648779296875,-0.5416403409458697,0.6830122206635773,0.2979839986652136,0.0675018727779388,0.6201714873313904,-0.3846988677978515,walking
1783087014699532000,2.546531982421875,-0.5720057416584342,0.7011718544714153,0.7130705281883478,0.1378940045833587,0.4191997349262237,-0.2978350520133972,walking
1783087014709576000,2.556575927734375,-0.4553974240582436,0.7321259417921304,0.9954173972606658,0.2044175565242767,0.2072130739688873,-0.2049010545015335,walking
1783087014719620900,2.566620849609375,-0.3533017620656639,0.7546658365108072,1.2080559393346308,0.2493993937969207,-0.0117887798696756,-0.1418389976024627,walking
1783087014729664800,2.576664794921875,-0.0907187471274286,0.6252040286868811,1.4005220464736223,0.26897132396698,-0.2001291811466217,-0.1108517572283744,walking
1783087014739710000,2.5867099609375,0.1159301991429179,0.484804501132667,1.6064257273346183,0.261542946100235,-0.3305665552616119,-0.107874609529972,walking
1783087014749753900,2.59675390625,0.0421455626163631,0.3390304409332573,1.7316262244522571,0.2372639775276184,-0.3860982656478882,-0.1061406731605529,walking
1783087014759797800,2.6067978515625,-0.1973839820578694,0.3901822437606752,1.8115338739037512,0.1997916996479034,-0.4049798250198364,-0.0912141874432563,walking
1783087014769843000,2.616843017578125,-0.3573855973131954,0.5719640214085578,1.9431465761512516,0.1505403667688369,-0.4078812301158905,-0.0783405825495719,walking
1783087014779886800,2.626886962890625,-0.2523375152558088,0.697893563453108,2.061107769665122,0.0797077417373657,-0.3803896903991699,-0.0925128608942031,walking
1783087014789930800,2.6369306640625,-0.2303469249829649,0.5881503093168139,1.9828975717812776,-0.0187768992036581,-0.3235253393650055,-0.144187182188034,walking
1783087014799976000,2.646975830078125,-0.3207707077518105,0.3163799254469573,1.7869494677454232,-0.1377775818109512,-0.2528189420700073,-0.2184347808361053,walking
1783087014810020000,2.65702001953125,-0.3393110114403069,-0.082697134039551,1.5264754077851772,-0.2517177164554596,-0.1734543442726135,-0.3075717091560364,walking
1783087014820063700,2.667063720703125,-0.3483788456454872,-0.4511823636464774,1.2151140411525965,-0.3241996467113495,-0.0881530195474624,-0.4138928353786468,walking
1783087014830109000,2.67710888671875,-0.3195721456170082,-0.8204948378577828,0.896571823105216,-0.3187735080718994,-0.0117617547512054,-0.5241664052009583,walking
1783087014840153000,2.687153076171875,-0.2667924493268132,-1.0764359305635094,0.5811158806353807,-0.1815895587205886,0.034387893974781,-0.6394394636154175,walking
1783087014850198000,2.697197998046875,-0.2621300104737282,-1.2448796493411065,0.3341150502324104,0.0294898357242345,0.0815270841121673,-0.7594757676124573,walking
1783087014860242000,2.707241943359375,-0.2806419648505747,-1.28444827414155,0.2977572041720152,0.1833156198263168,0.1020683124661445,-0.8563149571418762,walking
1783087014870286000,2.7172861328125,-0.2765992653310298,-1.0763823006801307,0.5154290642380714,0.2019155770540237,0.0985477939248085,-0.921375811100006,walking
1783087014880330800,2.727330810546875,-0.2783615988284349,-0.969662339887768,0.7872346655517816,0.1218774691224098,0.104646161198616,-0.9537745118141174,walking
1783087014890375000,2.737375,-0.4017584075249731,-0.9416410911485552,1.0136743539631363,0.0029705110937356,0.0931719243526458,-0.9706701636314392,walking
1783087014900419000,2.747419189453125,-0.5299591093719005,-0.970843804757297,1.326165016886592,-0.1107110455632209,0.0557715557515621,-0.9781789183616638,walking
1783087014910463700,2.757463623046875,-0.6158404264055192,-1.1508302234210073,1.588731665211916,-0.1775364279747009,-0.0113946953788399,-0.9690565466880798,walking
1783087014920508000,2.7675078125,-0.5534712101235986,-1.2908705622740089,1.691049299392104,-0.1842427998781204,-0.0679264143109321,-0.9368325471878052,walking
1783087014930552000,2.777552001953125,-0.5923970069758594,-1.2651048373766245,1.421287186604738,-0.1331356763839721,-0.1125752702355384,-0.8819319009780884,walking
1783087014940596700,2.7875966796875,-0.5593200822822749,-1.145092264290899,1.0451882671236992,-0.0272606424987316,-0.1314834505319595,-0.8063540458679199,walking
1783087014950641000,2.797640869140625,-0.4368493023894726,-1.0853452132061123,0.7572767496615648,0.1157473921775817,-0.1254727840423584,-0.7336925268173218,walking
1783087014960686000,2.80768603515625,-0.534910740429908,-1.0635234036289154,0.3981961849987506,0.2583713829517364,-0.08799359947443,-0.6586393117904663,walking
1783087014970729700,2.817729736328125,-0.6720303695306181,-0.991831793858856,0.2537888831079006,0.3532844483852386,-0.0369714461266994,-0.602541446685791,walking
1783087014980774000,2.82777392578125,-0.7151353517636656,-0.8467699735820293,0.3561936110496521,0.3659855723381042,0.0557899139821529,-0.5596104860305786,walking
1783087014990819000,2.837819091796875,-0.7682640076220035,-0.69125529448241,0.4192418956369161,0.2909503281116485,0.1795606911182403,-0.5274707078933716,walking
1783087015000862700,2.84786279296875,-0.9889501009427012,-0.6089169107526541,0.3239326789140701,0.1649258136749267,0.3158346712589264,-0.5182199478149414,walking
1783087015010907000,2.857906982421875,-1.2322450625650585,-0.6315776553720236,0.2710369550287723,0.0335187278687953,0.4534020125865936,-0.5214667916297913,walking
1783087015020952000,2.8679521484375,-1.469456758750975,-0.8331995672605931,0.1007990463107824,-0.0644837319850921,0.5659432411193848,-0.5441212058067322,walking
1783087015030996000,2.877995849609375,-1.5655715927682816,-1.130291731652617,-0.175426125010848,-0.1083055436611175,0.6299195289611816,-0.5888243913650513,walking
1783087015041040000,2.888039794921875,-1.5129372962981462,-1.4544392223611473,-0.4208148440420627,-0.0953314229846,0.6428356170654297,-0.6459745168685913,walking
1783087015051085000,2.8980849609375,-1.2364493823871017,-1.6204643356896935,-0.745073686170578,-0.0407097116112709,0.6016191840171814,-0.7124179005622864,walking
1783087015061129000,2.90812890625,-0.9745688166297972,-1.6726916587941347,-1.169170036101341,0.0180361568927764,0.5614808201789856,-0.8502886891365051,walking
1783087015071174000,2.918173828125,-0.8127550373859703,-2.21265719839558,-1.5323440075576304,0.0791239216923713,0.5123411417007446,-1.023231029510498,walking
1783087015081218000,2.928218017578125,-0.9000964901000261,-2.6810832500487565,-1.8247867387086152,0.1354830712080001,0.4560890793800354,-1.1512593030929563,walking
1783087015091262000,2.938261962890625,-1.4019665461935102,-2.625562438356876,-2.023367529335618,0.1668807417154312,0.4302370250225067,-1.2176817655563354,walking
1783087015101307000,2.948306884765625,-2.1474175412438807,-2.294324112604558,-2.2323750214308498,0.162934198975563,0.4862792491912842,-1.1535040140151978,walking
1783087015111351000,2.95835107421875,-2.904083611661195,-1.4380498130962251,-2.674180046531558,0.1283183544874191,0.6313847303390503,-0.9604374766349792,walking
1783087015121395000,2.96839501953125,-2.9481717597126957,-0.2587941440492868,-3.3334546871244903,0.0643609464168548,0.7810317277908325,-0.7500216960906982,walking
1783087015131439900,2.97843994140625,-2.199007589358091,0.3998309465937316,-3.831407131382823,0.0035663382150232,0.8694935441017151,-0.5405192971229553,walking
1783087015141484000,2.988484130859375,-1.40200936242193,0.8847996983774006,-3.994318642735481,-0.0042156847193837,0.878232479095459,-0.3075793087482452,walking
1783087015151528000,2.99852783203125,-0.7338403444945811,1.4485115858778357,-3.6407483659267426,0.0323409177362918,0.7993900775909424,-0.1390318274497985,walking
1783087015161572900,3.00857275390625,-0.3269084798544645,1.393887576895207,-2.830685197973251,0.0535404793918132,0.645438551902771,-0.0258719809353351,walking
1783087015171617000,3.018616943359375,-0.4137830457091331,1.2216570330552756,-1.765268966335058,0.0330580919981002,0.4923515319824219,0.0691409781575203,walking
1783087015181662000,3.028661865234375,-0.796918001306802,1.1629152134902774,-0.8077028685629367,-0.0104116201400756,0.2870766520500183,0.0648900419473648,walking
1783087015191705900,3.038705810546875,-0.7974304808735847,0.8105731633022427,0.1778010374486446,-0.0453997775912284,0.0482650808990001,-0.008713605813682,walking
1783087015201749800,3.048749755859375,-0.7788481646742671,0.5492515466019511,0.9797644855767488,-0.0590916201472282,-0.1707668751478195,-0.1318259537220001,walking
1783087015211795000,3.058794921875,-0.9212177501924336,0.3696289928145706,1.501344473659992,-0.0662183761596679,-0.3982114791870117,-0.2780914604663849,walking
1783087015221838800,3.0688388671875,-0.9672562285941092,0.4835195758886635,2.115502207675576,-0.0931567847728729,-0.6585738062858582,-0.389185756444931,walking
1783087015231882800,3.0788828125,-0.7272153733968735,0.6872010506555437,2.97030175845623,-0.1424998342990875,-0.9084544777870178,-0.5176989436149597,walking
1783087015241928000,3.088927978515625,-0.4323634622123092,0.6680182112798094,3.4501761097103354,-0.1740202009677887,-1.0753346681594849,-0.6796550750732422,walking
1783087015251971800,3.098971923828125,-0.2053478005439042,0.5914369297720492,3.3086855720490216,-0.1363539695739746,-1.1354655027389526,-0.8146506547927856,walking
1783087015262015700,3.109015625,-0.1353780461303889,0.7794166852772235,2.768196300834417,-0.0287697110325098,-1.110630989074707,-0.9181860685348512,walking
1783087015272061000,3.11906103515625,0.3510973108239472,1.0008775623627006,2.2900194011479615,0.0755448341369628,-1.0545828342437744,-1.0079164505004885,walking
1783087015282105000,3.12910498046875,1.0751735094122588,1.1508205788098276,1.8358400476425885,0.111407496035099,-0.9243995547294616,-1.0546379089355469,walking
1783087015292150000,3.13914990234375,1.264178370181471,1.408621035646647,1.0311994892597198,0.090336300432682,-0.6743787527084351,-1.0293803215026855,walking
1783087015302194000,3.14919384765625,1.2331783978924151,1.7209171989113092,0.0624888971388339,0.0530006475746631,-0.3642829954624176,-0.9570354223251344,walking
1783087015312238000,3.159238037109375,1.3865717009238898,1.992033356656134,-0.4725292491883039,0.003874692833051,-0.0534402467310428,-0.8557457327842712,walking
1783087015322283000,3.169282958984375,1.5751869778536258,2.2543854854479433,-0.6123936469525099,-0.0787184536457061,0.2087290436029434,-0.7302261590957642,walking
1783087015332327000,3.179326904296875,1.466898014178872,2.311341882900894,-0.4854857613950967,-0.2015257775783538,0.40159472823143,-0.6094245314598083,walking
1783087015342371000,3.18937109375,1.1829203290343284,2.1515984801903367,-0.055888475960493,-0.3117460310459137,0.5338792204856873,-0.4917799830436706,walking
1783087015352416000,3.199416015625,0.6584361439421773,2.002389623236656,0.4387374542236328,-0.3547987937927246,0.6162639260292053,-0.3813203573226928,walking
1783087015362460000,3.2094599609375,0.2411393910236656,1.9574505574442445,0.837438081613183,-0.3497486412525177,0.5890522599220276,-0.3060370683670044,walking
1783087015373761800,3.22076171875,0.1941654584027826,1.5161391610793769,0.9968985757291317,-0.3285493552684784,0.4496440291404724,-0.2318717539310455,walking
1783087015383806000,3.230805908203125,0.1614962377272546,1.4881467000432311,0.9979080450326204,-0.3080517947673797,0.2752908766269684,-0.1631872355937957,walking
1783087015393849900,3.240849853515625,0.3326521380729973,1.2638001845188438,0.6832172417163849,-0.2649219036102295,0.0831651017069816,-0.0950470566749572,walking
1783087015403894800,3.250894775390625,0.4672098077312112,1.146887915536016,0.4238105187267065,-0.2119520157575607,-0.0939706265926361,-0.0346117839217186,walking
1783087015413939000,3.26093896484375,0.5667968479037284,1.1412306204266849,0.1785100625008344,-0.174604907631874,-0.2444986253976822,0.0300681442022323,walking
1783087015423982800,3.27098291015625,0.6623835663937032,1.028312974037975,-0.0894780263513326,-0.1345532685518264,-0.3584506511688232,0.074791245162487,walking
1783087015434028000,3.281028076171875,0.5740018108464777,0.7392851658970118,-0.3812298526287078,-0.0433575697243213,-0.389928936958313,0.0725501999258995,walking
1783087015444072000,3.291072021484375,0.6323311040878296,0.976083312845975,0.1840221039205789,0.0578642040491104,-0.3908857405185699,0.0351104699075222,walking
1783087015454116900,3.301116943359375,0.6678147976621985,0.984073142556101,0.1795399900704622,0.0934576168656349,-0.3448450267314911,-0.0508718155324459,walking
1783087015464161500,3.31116162109375,0.5111249373033643,0.594949029546231,0.5399877514332533,0.0034699379466474,-0.3521575331687927,-0.1463280320167541,walking
1783087015474205700,3.321205810546875,0.2343352639667689,0.1560487859763205,0.4895470194846391,-0.1612377613782882,-0.3239662051200866,-0.2214117050170898,walking
1783087015484250600,3.331250732421875,0.0196269298814237,-0.0187802499242126,0.5547206256628037,-0.3017102479934692,-0.2850889265537262,-0.3061340153217315,walking
1783087015494294500,3.34129443359375,0.2744634223461151,0.0473085714027285,0.968003320634365,-0.389371395111084,-0.2563171982765198,-0.4043228924274444,walking
1783087015504338700,3.351338623046875,0.3976112247176468,-0.0545619035318493,0.830084211719036,-0.4011423885822296,-0.1946997195482254,-0.5017417073249817,walking
1783087015514383600,3.361383544921875,0.2971837881982326,-0.159823482209444,0.4238929363131523,-0.3599225282669067,-0.0735993981361389,-0.5750521421432495,walking
1783087015524427800,3.371427734375,0.2705427417710423,-0.3368715093336999,0.2116869404375553,-0.3098015785217285,0.0919418931007385,-0.6348441243171692,walking
1783087015534472700,3.38147265625,0.1549213893815875,-0.4839566521316766,0.1638245345443487,-0.2920537292957306,0.2535971105098724,-0.6672518253326416,walking
1783087015544516600,3.3915166015625,0.1746729685559868,-0.4679594570547342,-0.0057265609532594,-0.2914605736732483,0.3920768797397613,-0.6585785150527954,walking
1783087015554560800,3.401560791015625,0.2849129201680421,-0.4183778261534869,-0.1609393344968557,-0.266226589679718,0.5110421776771545,-0.606759786605835,walking
1783087015564605700,3.411605712890625,0.3433678856156766,-0.4404235076144337,-0.2559410927057266,-0.2385699450969696,0.6192365288734436,-0.6165392398834229,walking
1783087015574649600,3.421649658203125,0.2837045672915875,-0.5011256674669683,-0.3471376134127378,-0.2482103258371353,0.7138362526893616,-0.5251203775405884,walking
1783087015584693800,3.43169384765625,0.290691941960901,-0.7064328437395393,-0.2820674676090479,-0.3156161308288574,0.7470618486404419,-0.5390976667404175,walking
1783087015594738700,3.44173876953125,0.2398058043323457,-0.9546351588867604,-0.1103805291265249,-0.4079785645008087,0.7124170064926147,-0.4471073150634765,walking
1783087015604782600,3.451782470703125,0.1055056165665388,-1.1283926200330257,0.1180856966763734,-0.5203492641448975,0.6168292164802551,-0.4304403066635132,walking
1783087015614826800,3.46182666015625,-0.0475070165842771,-1.1028051743119955,-0.0589127922177314,-0.600255012512207,0.5573251247406006,-0.2691925466060638,walking
1783087015624871700,3.47187158203125,-0.1301595808297395,-1.361473792285472,0.0271750071734189,-0.5946157574653625,0.4791191220283508,-0.2422045469284057,walking
1783087015634915600,3.48191552734375,-0.2168975146926939,-1.5109490450903773,0.0220820679485797,-0.4991094470024109,0.4346142411231994,-0.1518994271755218,walking
1783087015644960800,3.491960693359375,-0.273137434439361,-1.6863170101732017,-0.0561801523834466,-0.3846847116947174,0.3881855309009552,-0.1957533806562423,walking
1783087015655004700,3.502004638671875,-0.2001688635360449,-1.648342230435461,0.0524503182053565,-0.3033469915390014,0.3614228963851928,-0.1647861450910568,walking
1783087015665048600,3.512048583984375,-0.3071278207160532,-1.5229880040608346,0.0987257471680641,-0.2960178554058075,0.3641230762004852,-0.230986401438713,walking
1783087015675093800,3.52209375,-0.3330248438429087,-1.3662014053292573,0.082858315950632,-0.3152099251747131,0.3665172457695007,-0.2029824703931808,walking
1783087015685137400,3.532137451171875,-0.3958343512382358,-1.2801919318713246,0.0837286690443754,-0.2971991300582886,0.3520313501358032,-0.2402064800262451,walking
1783087015695181600,3.542181640625,-0.4103837586596608,-1.2171882170781492,0.1461556068629026,-0.2225248962640762,0.2827657163143158,-0.1808752417564392,walking
1783087015705226800,3.552226806640625,-0.2827103686224669,-1.3332131818324326,0.1860924804538488,-0.1123986095190048,0.1892998814582824,-0.2085735648870468,walking
1783087015715270400,3.5622705078125,0.006991758583486,-1.3055552134476602,0.3729559452801942,-0.0042500337585806,0.0701212882995605,-0.1629674732685089,walking
1783087015725315600,3.572315673828125,0.2386243394628167,-1.465649621552974,0.3737421272218227,0.0477694943547248,-0.0454346053302288,-0.2029018253087997,walking
1783087015735359700,3.58235986328125,0.4142322507813573,-1.378698629461229,0.2549918291568755,0.0509682148694992,-0.1435891240835189,-0.1787379086017608,walking
1783087015745403600,3.592403564453125,0.5498294195551425,-1.4124365022815764,0.1029658689558506,0.0225378591567277,-0.2117204368114471,-0.2186134606599807,walking
1783087015755448600,3.602448486328125,0.5242044183026999,-1.3236907357275485,-0.307155147114396,-0.0653557777404785,-0.1829566955566406,-0.1961622089147567,walking
1783087015765492700,3.61249267578125,0.4310678694438189,-1.427962718845904,0.1394704300105571,-0.051445685327053,-0.231160432100296,-0.2366197407245636,walking
1783087015775536600,3.62253662109375,0.0930864991720765,-1.3754087941356004,0.5417763884156942,0.04612747579813,-0.2183476984500885,-0.2159933000802993,walking
1783087015785581600,3.63258154296875,-0.0403551720682531,-1.4741925551012158,0.5033393979936838,0.0669076740741729,-0.2547729909420013,-0.2806459963321686,walking
1783087015795625700,3.642625732421875,0.0982886709250509,-1.3468101838998496,0.7064408809155225,0.0262966006994247,-0.3550788462162018,-0.2796867191791534,walking
1783087015805669600,3.652669677734375,0.0076224577024579,-1.4001761556454002,0.8432002984017133,-0.0250802263617515,-0.5153014659881592,-0.3065116703510284,walking
1783087015815714600,3.662714599609375,0.0351806189745664,-1.4132013491742312,0.7319342186123132,-0.0607641860842704,-0.7402224540710449,-0.3060733079910278,walking
1783087015825758700,3.6727587890625,0.1949734137848019,-1.6478785584464668,0.6585469108402728,-0.0808885395526886,-0.9580119252204896,-0.3449231684207916,walking
1783087015835803600,3.6828037109375,0.3764773974046111,-1.579103566775471,0.5735013139784336,-0.0578103847801685,-1.1713454723358154,-0.3735377490520477,walking
1783087015845847600,3.69284765625,0.3157508337631821,-1.4050297331564128,0.5989134031325578,-0.017795480787754,-1.3198602199554443,-0.4013046622276306,walking
1783087015855891700,3.7028916015625,-0.0253283563934266,-0.7697448938295245,-0.073005614978075,0.0001185389701277,-1.2711321115493774,-0.3570466637611389,walking
1783087015865936600,3.7129365234375,-0.1070909860618412,-0.8530152977123856,0.2590419813305139,0.1004295498132705,-1.2440468072891235,-0.3295904695987701,walking
1783087015875980500,3.72298046875,0.2598458450593054,-0.8946095831215382,0.7145522911787032,0.2423283606767654,-1.2583725452423096,-0.3688577115535736,walking
1783087015886024700,3.733024658203125,0.5552884886786341,-0.9463437158815562,0.0420335536092519,0.4253540933132171,-1.2416547536849976,-0.4611487686634063,walking
1783087015896069600,3.743069580078125,0.305877674524486,-0.8004580120012164,-0.5420055209964514,0.6087164878845215,-1.1636883020401,-0.5139776468276978,walking
1783087015906113500,3.753113525390625,0.3812662391163408,-0.7124529808118939,-1.1628881793528794,0.7079826593399048,-1.0537794828414917,-0.5240432024002075,walking
1783087015916158700,3.76315869140625,0.5522323159784078,-0.6882026289135217,-1.6551602398872374,0.7125052213668823,-0.9022472500801086,-0.5057901740074158,walking
1783087015926202600,3.77320263671875,0.6244421044036745,-0.8595129891686141,-2.294307453730702,0.6538591384887695,-0.6224620938301086,-0.4620543122291565,walking
1783087015936246500,3.78324658203125,0.6723381203055382,-0.8606520762011408,-2.894706711506843,0.5663008093833923,-0.2764008045196533,-0.4457879960536957,walking
1783087015946291700,3.793291748046875,0.8865124936446547,-0.7568731372967362,-3.2100995256125926,0.4425124228000641,0.0955149382352829,-0.4646881818771362,walking
1783087015956335600,3.803335693359375,1.151072069352865,-0.119797615160793,-3.181386641347408,0.294082760810852,0.4133235514163971,-0.4662463963031769,walking
1783087015966379500,3.813379638671875,1.3429624224305152,0.5661987358801066,-2.673751007464528,0.15133997797966,0.633564829826355,-0.4276598989963531,walking
1783087015976424700,3.8234248046875,1.276900635240972,0.8849237631484865,-1.9603250899672504,0.0250755194574594,0.7564846277236938,-0.3628015518188476,walking
1783087015986468600,3.833468505859375,0.8989563801541924,0.8328926932685077,-1.363752112480998,-0.058015402406454,0.808297336101532,-0.2793385088443756,walking
1783087015996512800,3.8435126953125,0.4080680290631949,0.4867661565944552,-0.8381605506688355,-0.0751677528023719,0.7952648997306824,-0.2058461606502533,walking
1783087016006557700,3.8535576171875,-0.0445630720868706,0.0997811014398932,-0.3850204770833254,-0.0406699739396572,0.7269593477249146,-0.1679073572158813,walking
1783087016016601600,3.8636015625,-0.2198424821034073,-0.1778698649011552,-0.0916413418650627,0.0515510328114032,0.5859923362731934,-0.1460731625556945,walking
1783087016026646500,3.873646484375,-0.2141799262970685,-0.2123164705127477,-0.0933785409212112,0.1831972450017929,0.4164242446422577,-0.1321257203817367,walking
1783087016036690700,3.883690673828125,-0.1959709003895521,0.0392998908616602,-0.2923439469516277,0.3184565305709839,0.2543970048427582,-0.1242217272520065,walking
1783087016046734600,3.893734619140625,-0.0824623023703694,0.5299010955743492,-0.4863485157042742,0.4219756424427032,0.1319562196731567,-0.0876919403672218,walking
1783087016056779500,3.903779541015625,-0.0115540980629622,1.0895863579072058,-0.5158499199986457,0.4799425303936004,0.0212472863495349,-0.0208239573985338,walking
1783087016066823700,3.91382373046875,0.1386252113580703,1.4015188024260103,-0.3648112172693014,0.4954884648323059,-0.1088353469967842,0.0621907673776149,walking
1783087016076867600,3.92386767578125,0.3506824464127421,1.6039531997412442,-0.051613867381215,0.4848398268222809,-0.2900882363319397,0.1593615263700485,walking
1783087016086912500,3.93391259765625,0.5352766511328518,1.6868898416250944,0.2041144593566656,0.4757022559642792,-0.4928187131881714,0.2704009413719177,walking
1783087016096956700,3.943956787109375,0.5858858715161681,1.7496144472159445,0.5913035126507282,0.4934893846511841,-0.7083653807640076,0.3841771781444549,walking
1783087016107001600,3.954001708984375,0.5244985058784485,1.7208920644700527,1.090782143563032,0.5229337215423584,-0.9204921126365662,0.5040184855461121,walking
1783087016117045800,3.964045654296875,0.2964871842361986,1.659014284966886,1.5020277797490358,0.5500409603118896,-1.0903583765029907,0.6109193563461304,walking
1783087016127089700,3.974089599609375,-0.0196270760118961,1.495486687542498,1.6791425884991884,0.5524429678916931,-1.1663528680801392,0.6660428047180176,walking
1783087016137134600,3.984134521484375,-0.3402957846939564,1.1946604511886834,1.3008663249790668,0.5066803097724915,-1.0880697965621948,0.6737622022628784,walking
1783087016147178800,3.9941787109375,-0.71178896394521,0.7812433161824941,0.4783306289434432,0.4217342734336853,-0.8860904574394226,0.643252968788147,walking
1783087016157222400,4.004222412109375,-0.9879545140340924,0.3224191325459629,-0.5594061531305313,0.3337823152542114,-0.5811142921447754,0.5861065983772278,walking
1783087016167267600,4.014267578125,-1.4683365225493907,-0.1863034197907895,-1.4859972669243813,0.2684505581855774,-0.2037951201200485,0.4982779026031494,walking
1783087016177311700,4.024311767578125,-1.989411191459,-0.5819686980724335,-2.082351633223891,0.2548878788948059,0.2147121131420135,0.3895562291145324,walking
1783087016187356700,4.034356689453125,-2.1177631383448836,-0.6931294908564537,-2.242548040398955,0.2820915877819061,0.6091555953025818,0.2969163656234741,walking
1783087016197400600,4.044400634765625,-1.8923212287992237,-0.6084856066633015,-2.01538120675683,0.3162378370761871,0.8940006494522095,0.2267788499593734,walking
1783087016207444700,4.05444482421875,-1.6229808485552668,-0.6328495019387453,-1.5318050783753394,0.3016965389251709,1.0315712690353394,0.1662063896656036,walking
1783087016217489700,4.06448974609375,-0.939062180571258,-0.5734993412170559,-0.949640565469861,0.2436979413032531,1.021072506904602,0.1165789067745208,walking
1783087016227533600,4.074533447265625,-0.4209714959084987,-0.4998474642246961,-0.6180822139829397,0.1756252646446228,0.9491528272628784,0.0593497082591056,walking
1783087016237577700,4.08457763671875,-0.4640184643439948,-0.4398890354115515,-0.5159416899353265,0.1067026555538177,0.8683186769485474,0.0419760420918464,walking
1783087016247622700,4.09462255859375,-0.4584824575267732,-0.2258014635730534,-0.2837058824658394,0.0673095285892486,0.7801249623298645,0.1014631241559982,walking
1783087016257666600,4.10466650390625,-0.3776762518003583,-0.0131649673257023,0.1183224280416965,0.0837066173553466,0.6270765662193298,0.2159252613782882,walking
1783087016267711700,4.114711669921875,-0.0079665949650108,0.0538733367457985,0.6474117688417435,0.1409066170454025,0.4077392518520355,0.318274438381195,walking
1783087016277755600,4.124755615234375,0.2158512205101549,-0.0770176270984113,1.123854392081499,0.2128777503967285,0.1538627594709396,0.3983016312122345,walking
1783087016287799600,4.134799560546875,0.470124087742716,-0.1210715806193649,1.4854273580819368,0.2784729599952698,-0.0946750566363334,0.4674305021762848,walking
1783087016297844700,4.1448447265625,0.5060634161300956,-0.0822918411742895,1.6059347289472818,0.339426577091217,-0.3086147606372833,0.5321328043937683,walking
1783087016307888600,4.154888671875,0.4416507113218307,0.0089378511499613,1.5210679957836866,0.4188655316829681,-0.4424775838851928,0.5937885642051697,walking
1783087016317932500,4.1649326171875,0.3346946036860346,0.1020006041202694,1.460062030678987,0.4894597828388214,-0.4994918704032898,0.6529740691184998,walking
1783087016327977700,4.174977783203125,0.1920487585097551,0.2210951125130057,1.4624468799889088,0.5310750603675842,-0.5027495622634888,0.710525631904602,walking
1783087016338021600,4.185021728515625,0.1335173668250441,0.3592378375837579,1.5026485419958828,0.4625199735164642,-0.4732297360897064,0.7843191623687744,walking
1783087016348066600,4.195066650390625,-0.0060780047394335,0.3271467090571299,1.6920839031368493,0.3113918900489807,-0.447342574596405,0.8858187794685364,walking
1783087016358110700,4.20511083984375,-0.0279106279715895,-0.0048746933642774,1.842152299529314,0.1839622855186462,-0.4240716099739074,0.9843597412109376,walking
1783087016368154600,4.215154541015625,-0.1398794492028653,-0.3529552501829341,1.7958540742129083,0.1230291202664375,-0.4039012491703033,1.05134916305542,walking
1783087016378199600,4.225199462890625,-0.0917161606669425,-0.5516293085839599,1.623611839935183,0.1221721097826957,-0.3945319950580597,1.0981873273849487,walking
1783087016388243700,4.23524365234375,0.2192195278994738,-0.5238557509955019,1.409737618586421,0.1938067376613617,-0.4054472148418426,1.1313564777374268,walking
1783087016398287600,4.24528759765625,0.5119827231764793,-0.4546007207226007,1.1447639091193675,0.2755106687545776,-0.4157848358154297,1.137325406074524,walking
1783087016408332500,4.25533251953125,0.4407490863069891,-0.3432856141597032,0.864066560819745,0.3244856595993042,-0.4083535075187683,1.1455386877059937,walking
1783087016418376700,4.265376708984375,-0.0304360547959804,-0.2134545346319675,0.7214864743560552,0.3395375907421112,-0.410350352525711,1.2115824222564695,walking
1783087016428421600,4.275421630859375,-0.4950798114314675,-0.2706079159617424,0.5335013120234012,0.3336319625377655,-0.4250485897064209,1.35511314868927,walking
1783087016438465500,4.285465576171875,-0.5891907582804561,-0.4889736765760928,0.2176169150084257,0.2787109017372131,-0.3834486603736877,1.5350325107574463,walking
1783087016448509700,4.295509765625,-0.8253665355473756,-0.490806444961205,-0.1390501587718725,0.0939263924956321,-0.2282169163227081,1.7886743545532229,walking
1783087016458554600,4.3055546875,-0.9897720848500728,-0.9874773980416356,0.2672989375442266,0.1819819509983062,-0.1154701262712478,1.8761816024780271,walking
1783087016468598000,4.315597900390625,-0.4243582157373428,-1.8618083093747495,1.3517623994797467,0.6232576370239258,-0.0779499039053917,1.694830298423767,walking
1783087016478642000,4.325641845703125,-0.3506587732762098,-0.7746068738427012,1.0942395905405282,0.7932424545288086,-0.1287188082933426,1.5234403610229492,walking
1783087016488687000,4.33568701171875,-0.123774848228693,-0.8095846637215465,0.8646399767935276,0.59438556432724,-0.1824385970830917,1.4638359546661377,walking
1783087016498731000,4.34573095703125,-0.04773468786031,-1.3512217167317866,0.5458721332967281,0.3394464254379272,-0.138126790523529,1.339169144630432,walking
1783087016508776000,4.35577587890625,-0.1941919080182909,-1.320304892681539,0.097871760687232,0.208067700266838,-0.0167043283581733,1.2096372842788696,walking
1783087016518820000,4.365820068359375,-0.141486738269031,-1.2755027511417865,0.1405664085537195,0.1641705483198166,0.0416607074439525,1.1278462409973145,walking
1783087016528864000,4.375864013671875,0.1045440780580043,-1.488826937392354,0.0253729261875152,0.1327619850635528,0.0297900214791297,1.0666965246200562,walking
1783087016538909000,4.385908935546875,0.0893959010258317,-1.4262866023272276,-0.378739789378643,0.1398808807134628,0.0061150528490543,1.0386699438095093,walking
1783087016548953000,4.395953125,-0.0704775578051805,-1.188536707611382,-0.6627975540220737,0.2371293157339096,-0.0202287323772907,1.0257179737091064,walking
1783087016558997000,4.4059970703125,-0.2294230881363153,-1.2218234025981276,-0.773415983557701,0.3898515105247497,-0.0117950355634093,1.0164573192596436,walking
1783087016569042000,4.4160419921875,-0.292699628521502,-1.4757178649723528,-0.681413407164812,0.5510300397872925,-0.0056999186053872,1.0105522871017456,walking
1783087016579086000,4.426086181640625,-0.421895917277038,-1.416943896703422,-0.6301181042134761,0.7011580467224121,0.050727404654026,1.0152533054351809,walking
1783087016589131000,4.436131103515625,-0.5304463083669543,-1.365175861673802,-0.1508949103444814,0.7801328897476196,0.0737151578068733,1.0222795009613037,walking
1783087016599175000,4.4461748046875,-0.5697291019633413,-1.3296386843465269,0.3574737139880657,0.7256786823272705,0.0521499440073967,1.052819013595581,walking
1783087016609219000,4.456218994140625,-0.7691045500993728,-1.0772937895018606,0.4903700263053178,0.5609674453735352,0.0305209290236234,1.1208215951919556,walking
1783087016619264000,4.466263916015625,-0.8572738319396972,-0.665331456413865,0.3920014220118522,0.372896134853363,0.0426108837127685,1.2183454036712646,walking
1783087016629308000,4.476307861328125,-0.8055635184466838,-0.3347524348204955,0.1228454584240913,0.2358900159597396,0.0794161111116409,1.334442138671875,walking
1783087016639353000,4.48635302734375,-0.9109241735845804,-0.2422578005943447,-0.0356575888365507,0.18466517329216,0.1045957654714584,1.419546365737915,walking
1783087016649397000,4.49639697265625,-1.035775711134076,-0.151537665227428,-0.0910731865882873,0.2089599967002868,0.0774256289005279,1.4452064037322998,walking
1783087016659441000,4.50644091796875,-0.9912298824429512,-0.1925813675491139,0.208998139744997,0.2489622682332992,-0.0313442684710025,1.4798579216003418,walking
1783087016669486000,4.516486083984375,-0.8020730459824204,-0.0654170595452189,0.6194225226759911,0.2754233777523041,-0.2401800453662872,1.6057593822479248,walking
1783087016679530000,4.526530029296875,-1.106545237623155,0.9716464994423092,0.0873386762350797,0.3486509919166565,-0.3441176116466522,1.871895432472229,walking
1783087016689574000,4.536573974609375,-0.7209767712682486,1.993435916930437,-1.3286761229246855,0.4020087718963623,-0.2594617307186126,2.1082637310028076,walking
1783087016699619000,4.546619140625,-0.6318763460576534,2.1473221180453894,-2.486193715155125,0.3788898587226867,-0.0161555930972099,2.314059019088745,walking
1783087016709663000,4.5566630859375,-0.7434224118322134,2.5213559216901658,-3.738887253117561,0.3156247138977051,0.4255606234073639,2.4677979946136475,walking
1783087016719708000,4.5667080078125,0.2351936343617737,2.425838030652702,-4.350263831982017,0.1997929066419601,0.8836315274238586,2.533160924911499,walking
1783087016729752000,4.576751953125,1.3364802208043634,1.807274462893605,-3.601953648108244,0.0550806373357772,1.147219181060791,2.4735267162323,walking
1783087016739796000,4.5867958984375,1.9944053464844824,0.7357523886609822,-1.8488614417791365,-0.025380915030837,1.0950318574905396,2.297612428665161,walking
1783087016749841000,4.5968408203125,1.8411130196094512,-0.0803607269812375,0.0045253684699535,0.0063342810608446,0.7864021062850952,2.089036703109741,walking
1783087016759885000,4.606885009765625,1.2154333362348375,-0.3076607585489749,1.2332324661672114,0.0861918330192565,0.4169234037399292,1.900776982307434,walking
1783087016769930000,4.616929931640625,0.4183706657603382,-0.8878491490758955,1.6880980483710766,0.0906204804778099,0.1573361307382583,1.689984679222107,walking
1783087016779974000,4.626973876953125,-0.1383425950244069,-1.494720087084174,1.49635031863451,0.0155350528657436,0.0303257070481777,1.444942593574524,walking
1783087016790018000,4.63701806640625,-0.0292819163247942,-1.6817980714440344,0.9015724078714848,-0.0785169228911399,-0.0414775535464286,1.248013973236084,walking
1783087016800063000,4.64706298828125,0.3413018929965793,-1.231553134778142,0.2204296343415975,-0.1363762319087982,-0.0896568000316619,1.1657942533493042,walking
1783087016810107000,4.65710693359375,0.0346324835725128,-0.556735034225136,-0.93779990555048,-0.0713299438357353,-0.0428358763456344,1.1394633054733276,walking
1783087016820151000,4.667151123046875,-0.2210451358914375,-0.0223041132014244,-2.044264186891913,0.0987866595387458,0.1312533617019653,1.1383363008499146,walking
1783087016830196000,4.677196044921875,0.6416809701047838,0.2445364130508154,-1.971644940882921,0.2578380107879638,0.2862638831138611,1.1402835845947266,walking
1783087016840240000,4.687240234375,1.8576194793827832,0.2441062049400061,-1.274669807448983,0.3550851941108703,0.3766156136989593,1.1452977657318115,walking
1783087016850285000,4.69728515625,2.8418600874602795,0.0356939753241837,-0.748117291650176,0.3815328776836395,0.4490550458431244,1.1706128120422363,walking
1783087016860329000,4.707328857421875,3.3905881947100163,0.1651280183583497,-0.3697679628938436,0.3324524164199829,0.5291439890861511,1.233215570449829,walking
1783087016870373000,4.717373046875,3.575272854192555,0.4938819799490272,0.0819879628568887,0.2351844906806945,0.5316965579986572,1.3826234340667725,walking
1783087016880418000,4.72741796875,3.1874379042103884,0.6910843948949128,0.4756353985100984,0.176458328962326,0.4211266636848449,1.5693086385726929,walking
1783087016890462000,4.7374619140625,2.831924092118442,0.3282691006831824,0.8610247089058161,0.1907004863023758,0.2434893995523452,1.6850605010986328,walking
1783087016900506000,4.747506103515625,2.6547593067467212,0.0771657303322106,1.087933768394589,0.2142819762229919,0.029703352600336,1.7285622358322144,walking
1783087016910551000,4.757551025390625,2.543883395318687,-0.0008449263915419,1.1142191332519054,0.249337151646614,-0.1815783232450485,1.7622889280319214,walking
1783087016920595000,4.767594970703125,2.3902879938438533,-0.1801508154451847,0.9233639684408904,0.2929812967777252,-0.3422473669052124,1.78848397731781,walking
1783087016930640000,4.777639892578125,2.3243448645979163,0.1156263208255171,0.6400859559983014,0.3506359457969665,-0.4888722002506256,1.8106786012649536,walking
1783087016940684000,4.78768408203125,2.3567468126393853,0.7481791048400104,0.2104115136742591,0.4647894203662872,-0.5912744998931885,1.8449559211730957,walking
1783087016950728000,4.79772802734375,2.4804943344697357,0.972662983008474,0.1070949315845966,0.5642322301864624,-0.5992895364761353,1.8791625499725344,walking
1783087016960772900,4.80777294921875,2.65618758598417,0.942186157810688,0.5080366158992051,0.6053298711776733,-0.6488701701164246,1.908157467842102,walking
1783087016970817000,4.817817138671875,2.537501000805199,0.7373074360832571,0.950610287284851,0.6124674677848816,-0.6889795660972595,1.9188493490219116,walking
1783087016980862000,4.827862060546875,2.2323075091525912,0.3955527578178793,1.167583059170842,0.542269229888916,-0.718159556388855,1.898878574371338,walking
1783087016990906000,4.837906005859375,2.0072757878430187,0.2019047474179416,1.1715431949734687,0.4253414571285248,-0.7084022164344788,1.839089274406433,walking
1783087017000950000,4.847949951171875,1.854415422644466,-0.0564143264655023,0.8892594542652368,0.32493656873703,-0.6425890922546387,1.7423381805419922,walking
1783087017010995000,4.857994873046875,1.7681119346760212,-0.2133824192438274,0.2789198172330856,0.2701583206653595,-0.5459645986557007,1.6340126991271973,walking
1783087017021039000,4.8680390625,1.747864096417278,-0.004532821124047,-0.2550999657064676,0.2822128534317016,-0.4398522973060608,1.5610055923461914,walking
1783087017031083000,4.8780830078125,1.8980575804941355,0.2004514798697084,-0.4644108246624469,0.3318105041980743,-0.3818773925304413,1.5244064331054688,walking
1783087017041128000,4.8881279296875,1.8762997760638591,0.4112362107705324,-0.6893114669382572,0.4002731740474701,-0.2962045669555664,1.494044303894043,walking
1783087017051172000,4.898172119140625,1.7300991610154508,0.2734942119877785,-0.6557365295946598,0.429232656955719,-0.182226151227951,1.466842770576477,walking
1783087017061217000,4.908217041015625,1.7555010210365056,-0.0216380505081266,-0.4966290867000818,0.4209635555744171,-0.0423151068389415,1.4369122982025146,walking
1783087017071261000,4.918260986328125,1.6687708320885897,-0.2728784912422299,-0.2318324873656034,0.3998787701129913,0.0922472700476646,1.4214651584625244,walking
1783087017081305000,4.92830517578125,1.691428800228983,-0.4240267187606543,-0.2056891613274812,0.4131476879119873,0.2149334996938705,1.417535424232483,walking
1783087017091350000,4.93835009765625,1.5421595913901924,-0.3981061686277389,-0.2835410472929477,0.4567952156066894,0.3684353828430176,1.4137959480285645,walking
1783087017101394000,4.948393798828125,1.5399664652600884,-0.3093487847011536,-0.0987649101346731,0.4803988337516784,0.4859566688537597,1.4167827367782593,walking
1783087017111439000,4.958439208984375,1.6095995350651442,-0.3457315460070967,0.3433563413083553,0.1841440349817276,0.6782416105270386,1.443392992019653,walking
1783087017121483000,4.96848291015625,1.8463259319521488,-0.5711117884933948,1.3120394609004258,-0.1407656073570251,0.5304979681968689,1.4787477254867554,walking
1783087017131527000,4.97852685546875,1.566121627866477,-0.4165481995735317,0.4128454725980758,-0.2236712276935577,0.4990366101264953,1.511659860610962,walking
1783087017141572000,4.988572021484375,1.1136420640163125,-0.210779177942872,-0.2598813547641039,-0.0543077737092971,0.4528883099555969,1.5568342208862305,walking
1783087017151616000,4.998615966796875,1.3324753690771758,-0.1167277792613953,-0.3690384795755148,0.167368471622467,0.3742839395999908,1.6365349292755127,walking
1783087017161661000,5.008660888671875,1.7049058291785415,-0.1375404848612844,-0.0122094932317733,0.3629635274410248,0.2583376169204712,1.7152321338653564,walking
1783087017171705000,5.018705078125,1.8893230698965489,0.001043883029744,0.041604514542222,0.5337556600570679,0.1441688239574432,1.7848751544952393,walking
1783087017181749000,5.0287490234375,1.7189334777481853,0.1019705012429505,-0.3128215023130178,0.6532580852508545,0.1148221269249916,1.813953757286072,walking
1783087017191794000,5.0387939453125,1.5175746007099746,0.200584093273431,-0.4562070599406957,0.7087345123291016,0.1129029095172882,1.7932257652282717,walking
1783087017201838000,5.048838134765625,1.485352247019112,0.307986556437239,-0.3421305989056825,0.726637601852417,0.1242493093013763,1.7943323850631714,walking
1783087017211882200,5.05888232421875,1.4859430525191126,0.0816816003214567,-0.1074286935836076,0.614730179309845,0.1483158618211746,1.7900207042694092,walking
1783087017221927000,5.068927001953125,1.5012452510692178,-0.4371307496793568,0.6346072323262691,0.2975333333015442,0.1656248122453689,1.7347766160964966,walking
1783087017231971000,5.07897119140625,1.7350342793300746,-0.5507667734704912,1.0414911661714314,-0.0551117323338985,0.0821911245584487,1.700205683708191,walking
1783087017242016000,5.08901611328125,1.7595790841303764,-0.317552622488141,0.5509457832992076,-0.2249396443367004,-0.0332023128867149,1.6941536664962769,walking
1783087017252060000,5.099059814453125,1.4982077830694616,-0.0493683534767478,-0.5564888043791055,-0.0672407895326614,-0.173181340098381,1.6622533798217771,walking
1783087017262104000,5.10910400390625,1.7522949184715746,-0.3005527531746775,-1.0460971986621617,0.2369430661201477,-0.2001298666000366,1.6174867153167725,walking
1783087017272149000,5.11914892578125,1.954746413052082,-0.4347686967231333,-0.8157341993272305,0.3885726928710937,-0.2502080500125885,1.562092423439026,walking
1783087017282193000,5.12919287109375,1.7437110683910548,-0.1423085760459304,-0.6536760899335146,0.373793214559555,-0.2424151301383972,1.503217697143555,walking
1783087017292238000,5.139238037109375,1.6525385130815209,0.137757269417122,-0.4003945718258619,0.2781759798526764,-0.236333429813385,1.451290488243103,walking
1783087017302282000,5.149281982421875,1.7937872048109769,0.2288032757375389,-0.1612263347446918,0.1868527382612228,-0.2599828243255615,1.4340018033981323,walking
1783087017312326000,5.159325927734375,1.8934962639279664,0.1634447414465248,-0.0782709881603717,0.1433611810207367,-0.2913506627082824,1.4483556747436523,walking
1783087017322371000,5.16937109375,1.884335929133743,0.036224355873838,-0.0179857385456562,0.1312177032232284,-0.3491210043430328,1.4678068161010742,walking
1783087017332415000,5.1794150390625,1.8616387980267404,-0.0418324050139635,0.0130097036987543,0.1296023577451706,-0.4205808341503143,1.489322543144226,walking
1783087017342459000,5.189458984375,1.8310856927223504,0.0310813669621944,-0.1060568207085132,0.1282294988632202,-0.4788494706153869,1.515688180923462,walking
1783087017352504000,5.199504150390625,1.6765607553124426,0.0805702050134539,-0.37486616281569,0.1462307870388031,-0.5076876282691956,1.5409115552902222,walking
1783087017362548200,5.20954833984375,1.5495191603727638,0.0073810501620173,-0.5454378335326909,0.2034685015678405,-0.5322132110595703,1.5687298774719238,walking
1783087017372593000,5.219593017578125,1.5316585095115005,0.0284306332577019,-0.5404845950394869,0.2902222275733948,-0.5505381226539612,1.6107032299041748,walking
1783087017382637000,5.229636962890625,1.5982299997888505,-0.025672639786452,-0.4238274698615074,0.3331747651100158,-0.5278615951538086,1.634781837463379,walking
1783087017392681200,5.23968115234375,1.6631502157278355,-0.0240856628559529,-0.2250695691019296,0.3080672919750213,-0.5205300450325012,1.650708556175232,walking
1783087017402726000,5.249725830078125,1.4991646454028784,-0.0242658417284488,-0.1561404097825288,0.263255625963211,-0.508441150188446,1.6491854190826416,walking
1783087017412770000,5.25977001953125,1.367457689000666,-0.0104824502434581,-0.1785048018038272,0.2302948832511901,-0.4824196696281433,1.6433634757995603,walking
1783087017422815000,5.26981494140625,1.38340549197793,0.0657747869417071,-0.1288432375341653,0.2266615331172943,-0.4694852530956268,1.647829532623291,walking
1783087017432859000,5.27985888671875,1.4227406002834435,0.0722853378795087,-0.0395002357393503,0.2418215274810791,-0.4512933790683746,1.6650638580322266,walking
1783087017442903000,5.289903076171875,1.3115811957389116,0.0744351363245397,-0.0162584763616323,0.2486599832773208,-0.4463098049163818,1.6806182861328125,walking
1783087017452948000,5.299947998046875,0.882877059751749,0.0765665953952819,-0.0858300252377986,0.2441286891698837,-0.4179673790931701,1.674250602722168,walking
1783087017462992000,5.309991943359375,0.4502972513750195,0.1450271873548626,-0.1353174019843339,0.2377229779958725,-0.4230337738990783,1.6231871843338013,walking
1783087017473035800,5.320035888671875,0.0462178535565733,0.3125177701260894,-0.378171049579978,0.3057878017425537,-0.4766007661819458,1.5172231197357178,walking
1783087017483081000,5.3300810546875,0.0111788350097835,0.3514824376840144,-0.6818494604945182,0.4366800487041473,-0.4437408149242401,1.3844778537750244,walking
1783087017493124600,5.34012451171875,0.2930243304312229,0.3676163378179073,-0.5725649099111557,0.5449663400650024,-0.360994815826416,1.2957602739334106,walking
1783087017503169800,5.350169677734375,0.5361240617424249,0.288879047320038,-0.2669984932929277,0.5681193470954895,-0.2743203639984131,1.2587194442749023,walking
1783087017513213700,5.360213623046875,0.792923086451739,0.3172079007036983,0.1883534111231565,0.4718519747257232,-0.2068834155797958,1.2292455434799194,walking
1783087017523257900,5.3702578125,0.8825481200583278,0.2600203979086131,0.5180938995331525,0.2788955569267273,-0.1599577218294143,1.1603010892868042,walking
1783087017533302800,5.380302734375,0.9022427083484827,-0.0730172323506325,0.4512772023230791,0.0767583698034286,-0.149916872382164,1.0539597272872925,walking
1783087017543346700,5.3903466796875,1.1839368126004934,-0.436156278624013,-0.0105640641123056,-0.0079597141593694,-0.1670170277357101,0.9584417939186096,walking
1783087017553391600,5.4003916015625,1.3926498517937955,-0.7077434148814529,-0.8690291516631841,0.0500175207853317,-0.190997689962387,0.883528470993042,walking
1783087017563435800,5.410435791015625,1.2583218992382288,-0.9110953654330224,-1.5092179835140704,0.1890909820795059,-0.1531142145395279,0.8419429063796997,walking
1783087017573479700,5.420479736328125,1.344205846620351,-1.1579509421464056,-1.2261200038135052,0.306227833032608,-0.1023449152708053,0.8447690606117249,walking
1783087017583524600,5.430524658203125,1.6666240293182433,-1.207638006183505,-0.5345534514248371,0.3551282584667206,-0.0785314589738845,0.911999762058258,walking
1783087017593568800,5.44056884765625,1.7190164798565208,-0.9054702190276236,0.0241992062330245,0.3343306481838226,-0.0697684660553932,0.9961902499198914,walking
1783087017603614000,5.450614013671875,1.575775445266068,-0.5116239728666842,0.4644149163156748,0.2791635394096374,-0.0795012563467025,1.0698367357254028,walking
1783087017613657600,5.46065771484375,1.3496394159764051,-0.3461700835548341,0.6453390542209148,0.2503131926059723,-0.0856073349714279,1.134182333946228,walking
1783087017623701800,5.47070166015625,1.0932537943735718,-0.4768772152647376,0.7319412328749895,0.2373689115047454,-0.0791113525629043,1.184841871261597,walking
1783087017633747000,5.480746826171875,1.0369060303382576,-0.7057692652642726,0.7553244465500116,0.2241194993257522,-0.0972621068358421,1.2305526733398438,walking
1783087017643790800,5.490790771484375,1.0376026343002915,-0.7408744809150696,0.5071732770681381,0.2349750697612762,-0.145489290356636,1.2733923196792605,walking
1783087017653835800,5.500835693359375,1.034913102955371,-0.5039282307323069,0.0480728337734937,0.3258934915065765,-0.1626007407903671,1.313169240951538,walking
1783087017663880000,5.5108798828125,0.967769365748018,-0.317783800895512,-0.2795861721873283,0.447939783334732,-0.1336324661970138,1.3502247333526611,walking
1783087017673923800,5.520923828125,0.9029172466091812,-0.0596781505670398,-0.2239239061981439,0.5311102271080017,-0.0808125734329223,1.3840750455856323,walking
1783087017683968800,5.53096875,0.7752436373762785,0.2130442733306437,0.0175333186030387,0.560601532459259,-0.0201276540756225,1.4255343675613403,walking
1783087017694012700,5.5410126953125,0.534307367709279,0.2209114265091717,0.1772550940036773,0.5597643256187439,0.0509929694235324,1.474159836769104,walking
1783087017704056800,5.551056884765625,0.3330583807863295,-0.0854701789494603,0.1026841294050216,0.538310706615448,0.1695776581764221,1.486912965774536,walking
1783087017714101800,5.561101806640625,0.2304746430158614,-0.37297318867594,-0.1290682784616947,0.494852066040039,0.3049681782722473,1.445401310920715,walking
1783087017724145700,5.571145751953125,0.193635004787892,-0.4924299910424277,-0.3402010921478271,0.4277284145355224,0.4367296695709228,1.352702260017395,walking
1783087017734190600,5.581190673828125,0.1717979976415634,-0.5366264217739924,-0.4975672443330288,0.3556778728961944,0.5367118120193481,1.2350215911865234,walking
1783087017744234800,5.59123486328125,0.2433035833202302,-0.4494216741168871,-0.6759744309812784,0.3221635818481445,0.5599300265312195,1.1385691165924072,walking
1783087017754278700,5.601278564453125,0.3162973617300391,-0.1687241796867921,-0.8140589595913886,0.3508875966072082,0.540748119354248,1.1046935319900513,walking
1783087017764323600,5.611323486328125,0.2799193496644497,0.1253443625677377,-0.7164478956669569,0.3955035507678985,0.4537234902381897,1.133105754852295,walking
1783087017774367700,5.62136767578125,0.2233309087410569,0.4407993917221203,-0.4314601566970348,0.4382706582546234,0.2847529351711273,1.2058110237121582,walking
1783087017784413000,5.631412841796875,0.1232869185812771,0.5582444889400154,-0.078630469122529,0.4853247106075287,0.0952221602201461,1.2951194047927856,walking
1783087017794456800,5.641456787109375,0.0839893658071756,0.4803097835293039,0.3787894737392663,0.5144688487052917,-0.096003733575344,1.3800785541534424,walking
1783087017804500700,5.651500732421875,-0.0038233576804399,0.3495809879768639,0.7490922741621733,0.5184915065765381,-0.2705417275428772,1.444501519203186,walking
1783087017814546000,5.6615458984375,-0.281594443269819,0.2148716714208945,0.8483703945159912,0.487930417060852,-0.4012465178966522,1.4881702661514282,walking
1783087017824589800,5.67158984375,-0.7237561728537082,0.0787455103369429,0.7967886758387088,0.4186032712459564,-0.4610605835914612,1.488111972808838,walking
1783087017834634800,5.681634765625,-1.1640328193433582,-0.1558518751647323,0.571137507456541,0.3140762448310852,-0.4666453003883362,1.4451066255569458,walking
1783087017844678700,5.6916787109375,-1.5541647942215204,-0.5268478454835712,0.0974047276973724,0.2205654680728912,-0.3871065378189087,1.370815634727478,walking
1783087017854722800,5.701722900390625,-1.9527504169292744,-0.8128364320591092,-0.6458399894803762,0.1735754162073135,-0.2035044282674789,1.2637503147125244,walking
1783087017864767700,5.711767822265625,-2.1572069677218795,-0.8035644535839557,-1.4493775550574064,0.1779323369264602,0.059281937777996,1.144366979598999,walking
1783087017874811600,5.721811767578125,-2.03256585805267,-0.5997525573704391,-1.8918962813854217,0.2192647755146026,0.3302752673625946,1.0497336387634275,walking
1783087017884855800,5.731855712890625,-1.7106418886125088,-0.4976817740907892,-1.7897142562836408,0.2693844139575958,0.5462608337402344,0.9930250644683838,walking
1783087017894900700,5.741900634765625,-1.3348415136866272,-0.3812793908588588,-1.1360077712118626,0.2991475760936737,0.6380398273468018,0.9871472716331482,walking
1783087017904944600,5.751944580078125,-0.5902310611136258,-0.2394884820114821,-0.1110410388618707,0.2975198328495025,0.5986010432243347,1.033308982849121,walking
1783087017914989800,5.76198974609375,0.05810410618335,-0.4120399649014696,0.5334416907906532,0.2654879689216614,0.455201655626297,1.0806361436843872,walking
1783087017925033700,5.77203369140625,0.2021352682381868,-0.6600010551713407,0.6988403427839279,0.220380961894989,0.2721807062625885,1.0913132429122925,walking
1783087017935077600,5.78207763671875,-0.0615337883710861,-0.9997367217645048,0.6347615461051463,0.1829414367675781,0.1161745861172676,1.062664031982422,walking
1783087017945122800,5.792122802734375,-0.4297653354778885,-1.301347824885696,0.4673913017779588,0.157412901520729,-0.0117815202102065,1.0014221668243408,walking
1783087017955166700,5.802166748046875,-0.4995499425828457,-1.233682840283215,0.4694160856038332,0.1462082266807556,-0.1458337008953094,0.9614022970199584,walking
1783087017965212000,5.8122119140625,0.006916209129244,-0.9790241886034609,0.5786486137390137,0.1510972678661346,-0.282034695148468,0.9559545516967772,walking
1783087017975255800,5.822255859375,0.5239205598600208,-0.6719839000403881,0.503590742406249,0.1640184372663498,-0.4158969521522522,1.0027244091033936,walking
1783087017985299700,5.8322998046875,0.5715412659518421,-0.2230016219877637,0.3919926541835069,0.159814640879631,-0.5190774202346802,1.0595365762710571,walking
1783087017995344600,5.8423447265625,0.0385230612702667,-0.0823993201367557,0.0969751041084528,0.1212033703923225,-0.5677826404571533,1.0853040218353271,walking
1783087018005388800,5.852388916015625,-0.1709633003830909,0.0382076386455446,0.2112310133635997,-0.0051329955458641,-0.5514487028121948,1.0905896425247192,walking
1783087018015433700,5.862433837890625,0.0800412127032876,-0.2539445485936478,1.2546592850774525,-0.2731119990348816,-0.6760029792785645,1.0371063947677612,walking
1783087018025477600,5.8724775390625,0.5602909731410444,-1.572091496056318,1.766418136370182,-0.5316713452339172,-0.8168697953224182,0.9941874742507936,walking
1783087018035521800,5.882521728515625,0.6988030795134603,-1.5407072006247935,1.1979951485693454,-0.670490562915802,-0.8131519556045532,0.9979321360588074,walking
1783087018045566700,5.892566650390625,0.3067208473503589,-1.0015530504714698,1.0261287618666888,-0.69933021068573,-0.8464281558990479,1.0008729696273804,walking
1783087018055610600,5.902610595703125,-0.0151332717239856,-0.7585706619296223,0.8435153557002544,-0.5790967345237732,-0.9970867037773132,0.9722697734832764,walking
1783087018065655800,5.91265576171875,0.5296237399376929,-0.8766087200719863,0.2749211029857397,-0.3228399455547333,-1.0298913717269895,0.9427443742752076,walking
1783087018075699700,5.92269970703125,1.133374353968352,-1.1230931253854184,-0.3121054629981518,-0.0267377141863107,-0.9510886669158936,0.9411143660545348,walking
1783087018085743600,5.93274365234375,1.115326948363334,-1.2102552760098129,-0.4565723861217498,0.1627912074327469,-0.8160485625267029,0.9429237246513368,walking
1783087018095788800,5.942788818359375,0.923236396538466,-1.2565543050438166,-0.0302776493638753,0.2054370641708374,-0.6965634226799011,0.933070421218872,walking
1783087018105832700,5.952832763671875,0.7436503753691911,-1.365103380959481,0.49098143620193,0.1319940090179443,-0.5762367844581604,0.9135185480117798,walking
1783087018115878000,5.9628779296875,0.7000562944449484,-1.5686054075062277,0.6812836433053017,0.0389692150056362,-0.4303367137908935,0.8904457092285156,walking
1783087018125921800,5.972921875,0.4539338543117046,-1.6152189823821186,0.5426601855129003,-0.0123472353443503,-0.1690337359905243,0.8754643201828003,walking
1783087018135966000,5.982966064453125,-0.1435048000931739,-1.542285263596475,0.307231719481945,0.005678373388946,0.1120941117405891,0.8489599227905273,walking
1783087018146010600,5.9930107421875,-0.1735436722651124,-1.582291256900877,0.3345937736600637,0.0622492432594299,0.3257925510406494,0.7904862761497498,walking
1783087018156054800,6.0030546875,0.3599222761839628,-1.4649091784492134,0.4741816925704479,0.0868921801447868,0.4906522035598755,0.718390166759491,walking
1783087018166099700,6.013099609375,0.8111531551472843,-1.4038004836224018,0.831723795619607,0.0572954043745994,0.5166153311729431,0.6829243302345276,walking
1783087018176143600,6.0231435546875,1.141050149293244,-1.4144133553124962,0.9778455002129076,0.0694314315915107,0.4427598118782043,0.6860914826393127,walking
1783087018186187800,6.033187744140625,1.059452062536776,-1.3439803673014044,0.9427730177879332,0.1046192422509193,0.3019739091396332,0.6958135962486267,walking
1783087018196232700,6.043232666015625,0.7385907538920641,-1.3903247698470949,0.9898673619180918,0.1050963923335075,0.1079883351922035,0.6730310916900635,walking
1783087018206276600,6.053276611328125,0.3826537479519843,-1.5195523305237293,1.0413310071736577,0.0815724208950996,-0.1093181520700454,0.6570513248443604,walking
1783087018216320800,6.06332080078125,0.1551686421409249,-1.597908220488578,1.1051526142209769,0.0744786038994789,-0.3571932911872864,0.6729413866996765,walking
1783087018226365700,6.07336572265625,0.058759793613106,-1.42379697746858,1.0455226136446,0.1169062256813049,-0.6256689429283142,0.7303767204284668,walking
1783087018236409600,6.08340966796875,-0.189995625372231,-0.8973558130897581,0.5252712438166142,0.2563886642456054,-0.8123981356620789,0.8157394528388977,walking
1783087018246454800,6.093454833984375,-0.5731564460635185,-0.3527874558679759,-0.16039046844244,0.4872639775276184,-0.8648914694786072,0.9258393049240112,walking
1783087018256498700,6.103498779296875,-0.8851863596074283,0.2217261038929223,-0.8323778756141662,0.6973530054092407,-0.6904512047767639,1.076969027519226,walking
1783087018266542600,6.11354248046875,-1.1016022282630205,1.0661477607831358,-1.5431214221596716,0.7571074366569519,-0.3403952121734619,1.270508050918579,walking
1783087018276587800,6.123587890625,-0.6773620859473943,1.562015507721901,-1.7388725423187017,0.6450958251953125,0.0515715517103672,1.4245219230651855,walking
1783087018286632000,6.1336318359375,-0.3764034553855657,1.353662387882173,-1.7230244003236292,0.4341209828853607,0.4317929148674011,1.4833170175552368,walking
1783087018296676600,6.143676513671875,-0.3762215229474008,1.158990806588158,-2.038080529820919,0.2044198215007782,0.8042059540748596,1.4554418325424194,walking
1783087018306720800,6.153720703125,0.2761139660321176,0.9507108981151132,-2.2934902921289204,0.0257054753601551,1.080540895462036,1.3922038078308103,walking
1783087018316765000,6.163764892578125,0.8653884570732713,0.6419998267956077,-2.2023153987318276,-0.1091333851218223,1.1468065977096558,1.333800196647644,walking
1783087018326809600,6.1738095703125,0.9245049551695584,0.0235915226634591,-2.007852564817667,-0.1516827046871185,1.0609511137008667,1.18699848651886,walking
1783087018336853800,6.183853759765625,0.1184394785501062,-0.3813854815818369,-1.8322183500140905,-0.0675419569015502,0.9350005388259888,1.0245214700698853,walking
1783087018346898700,6.193898681640625,-0.906941241428256,-0.5592724437482655,-1.2293389658600091,0.0437086671590805,0.7278785109519958,0.8694716691970825,walking
1783087018356942600,6.203942626953125,-1.429859930769354,-0.8895563183199614,-0.423386155834794,0.1353169232606887,0.5028055906295776,0.7146154046058655,walking
1783087018366986800,6.21398681640625,-1.896464904475212,-1.0332475808959454,-0.0431231024116277,0.1620460003614425,0.3178943693637848,0.572756826877594,walking
1783087018377031700,6.22403173828125,-2.1944974184572694,-0.7248381959367542,-0.2114005247116088,0.1515006422996521,0.2080441564321518,0.4701942801475525,walking
1783087018387075600,6.23407568359375,-1.888978494242579,-0.1376851540289819,-0.4191097936898469,0.2165355682373047,0.1073281913995742,0.4285006523132324,walking
1783087018397120800,6.244120849609375,-1.434589881900698,0.4122868158020079,-0.6096504857242107,0.2753192782402038,0.0115565387532114,0.415751188993454,walking
1783087018407165000,6.2541650390625,-0.6898727540828287,0.74164539222233,-0.6204471895486116,0.2652029991149902,-0.1207548901438713,0.412341296672821,walking
1783087018417208600,6.26420849609375,0.4837693128660321,0.9274320215974002,-0.3081692925930023,0.2103842943906784,-0.2693029940128326,0.4245417714118957,walking
1783087018427253800,6.274253662109375,1.3836686729587613,0.7685659862432629,-0.0846551362395286,0.1427490562200546,-0.4190392196178436,0.3871664404869079,walking
1783087018437298000,6.2842978515625,1.933991355923563,0.512015164141357,0.1283119071364402,0.0984352454543113,-0.5365423560142517,0.3288757801055908,walking
1783087018447342600,6.294342529296875,2.076229350951314,0.4337944448634981,0.215083597138524,0.106186643242836,-0.5874212384223938,0.2996963262557983,walking
1783087018457386800,6.30438671875,2.02582851262167,0.5017172766845673,0.3554442539870738,0.1308520585298538,-0.5984342694282532,0.3078533411026001,walking
1783087018467431200,6.31443115234375,2.0694391062892974,0.7536210036329924,0.6502852784514427,0.126730814576149,-0.5937111377716064,0.3508774936199188,walking
1783087018477476000,6.32447607421875,1.8595323272667823,1.0994386204883455,0.9702689274787902,0.0860212296247482,-0.5903154015541077,0.4394489526748657,walking
1783087018487520300,6.334520263671875,1.5792257318504157,1.3421744869232175,1.0304559774160384,0.0575331375002861,-0.5558277368545532,0.5744925141334534,walking
1783087018497565200,6.344565185546875,1.1075624518416822,1.4559513804897666,0.6860492502719163,0.0981723964214325,-0.4659699499607086,0.7477075457572937,walking
1783087018507609000,6.354609130859375,0.7126100710697472,1.3984706669017672,0.4378402131229639,0.1979810148477554,-0.3609876036643982,0.898531436920166,walking
1783087018517653200,6.3646533203125,0.7498856164969503,1.1770295904953032,0.6118629010766744,0.2832489609718323,-0.2887273132801056,0.9799399971961976,walking
1783087018527698200,6.3746982421875,0.899138897114247,0.9102955202922224,0.8746282868444919,0.2711662054061889,-0.2855211496353149,0.9800419807434082,walking
1783087018537742000,6.3847421875,0.7911138450726867,0.6962048066485673,0.8579144679307937,0.167851522564888,-0.2726186513900757,0.9385323524475098,walking
1783087018547787300,6.394787353515625,0.567770222980529,0.5271176754008978,0.4506733912110328,0.0490995682775974,-0.1897395104169845,0.8912330269813538,walking
1783087018557831200,6.4048310546875,0.5430475773952901,0.3647754153035581,0.0574900659382343,-0.0178088452666997,-0.0393037647008895,0.8431655764579773,walking
1783087018567875000,6.414875,0.7670794740125536,0.2495053605698048,-0.1236906770765781,-0.0452777557075023,0.1188003793358802,0.8043124675750732,walking
1783087018577920300,6.424920166015625,0.9774749133348464,0.1478444367326796,-0.2618196293503045,-0.0721739530563354,0.2391779720783233,0.7602295279502869,walking
1783087018587964200,6.434964111328125,1.234267216042429,-0.0083188424687832,-0.3853852187424897,-0.119128406047821,0.310887336730957,0.7046216726303101,walking
1783087018598009000,6.445009033203125,1.3456523921668528,-0.1205140198018401,-0.3704062607973813,-0.1677657216787338,0.3202943503856659,0.6537461876869202,walking
1783087018608053200,6.45505322265625,1.263910805286467,-0.1594973920602351,-0.3093774993389844,-0.2194371819496154,0.2872272133827209,0.6230553984642029,walking
1783087018618097200,6.46509716796875,1.0596706737235189,-0.3387104151986539,-0.1980325090944767,-0.2574856579303741,0.2247487902641296,0.6104421615600586,walking
1783087018628142000,6.47514208984375,0.9798222071133552,-0.5242526413585991,0.1139157175153493,-0.2550001144409179,0.1377811282873153,0.5950493812561035,walking
1783087018638186200,6.485186279296875,0.8809041522435843,-0.583726720720902,0.3851204303264617,-0.2173441499471664,0.0308851227164268,0.568210244178772,walking
1783087018648231200,6.495231201171875,0.794716253478825,-0.5143438993498682,0.5849485906660556,-0.1712624132633209,-0.0963737592101097,0.5242307782173157,walking
1783087018658275000,6.505275146484375,0.6377215649545193,-0.426378104192391,0.7771124999880791,-0.1336707323789596,-0.203823983669281,0.4947943687438965,walking
1783087018668319200,6.5153193359375,0.4199593962565064,-0.3607262860432267,0.7704863598465919,-0.0972594693303108,-0.2782715857028961,0.4866578876972198,walking
1783087018678364200,6.5253642578125,0.3689740360371768,-0.4152672929175198,0.8235738069117069,-0.0695760846138,-0.3230294585227966,0.4923992753028869,walking
1783087018688408000,6.535407958984375,0.4217565088063478,-0.4119074610956013,0.8589970024704933,-0.0637919604778289,-0.3503859639167785,0.5130438804626465,walking
1783087018698453200,6.545453369140625,0.4512381854869425,-0.388832655782625,0.772502375844121,-0.0765438452363014,-0.3582597970962524,0.5302242040634155,walking
1783087018708497400,6.555497314453125,0.5134064723692834,-0.4165723841667175,0.5479284813046456,-0.0923616886138916,-0.3379041850566864,0.5529678463935852,walking
1783087018718541000,6.565541015625,0.6391856461577117,-0.5411528496898711,0.272747850599885,-0.1223398670554161,-0.2898041605949402,0.5816388130187988,walking
1783087018728586200,6.575586181640625,0.6925880043908953,-0.690050302606821,-0.0578203208059072,-0.1546163111925125,-0.1821810454130172,0.5989134311676025,walking
1783087018738630100,6.585630126953125,0.7539879372492432,-0.8792595999069511,-0.2500105336129665,-0.1745830476284027,-0.0411309041082859,0.5871148109436035,walking
1783087018748675000,6.595675048828125,0.7464261236928403,-1.1550263599365949,-0.1658411350637674,-0.1832455098628997,0.0866590142250061,0.5399020314216614,walking
1783087018758719200,6.60571923828125,0.7988030844010412,-1.342156074483693,-0.0300906023591756,-0.2157056778669357,0.1906553655862808,0.4639407098293304,walking
1783087018768763100,6.61576318359375,0.7742972964368761,-1.3976663647815584,0.2110959888070821,-0.2773251235485077,0.2337796688079834,0.3871585726737976,walking
1783087018778808000,6.62580810546875,0.6714983084805309,-1.4848372832342982,0.4226245238125324,-0.3338474333286285,0.217623695731163,0.3343399465084076,walking
1783087018788852200,6.635852294921875,0.4571098539993166,-1.462802561558783,0.4060317009299993,-0.3511960506439209,0.1704162359237671,0.2996948957443237,walking
1783087018798897200,6.645897216796875,0.4014525564461946,-1.411377348617464,0.2594967393606901,-0.3204592168331146,0.1148734614253044,0.2712270617485046,walking
1783087018808941000,6.655941162109375,0.4549810252770781,-1.3578328054346145,0.1235094752907752,-0.2688074707984924,0.0730525180697441,0.2621347606182098,walking
1783087018818985200,6.665985107421875,0.549271274215728,-1.1995111060902477,-0.0206552500158548,-0.2229233831167221,0.0490529909729957,0.2650639116764068,walking
1783087018829030400,6.676030517578125,0.7102711067281663,-1.108939000891894,-0.1095095915108919,-0.1941111832857132,0.045227363705635,0.2727372944355011,walking
1783087018839074000,6.686073974609375,0.81267174301669,-1.0545445628814398,-0.1974012254536152,-0.1719644963741302,0.050781961530447,0.2714983224868774,walking
1783087018849119200,6.696119140625,0.8040824861086905,-1.0430581232272087,-0.211698630875349,-0.1549431681632995,0.0425932742655277,0.2698412835597992,walking
1783087018859163400,6.706163330078125,0.8249912724941968,-1.059368183645606,-0.1718348225206136,-0.1363439708948135,0.0226721893996,0.2903209328651428,walking
1783087018869207000,6.71620703125,0.8200834805779159,-1.171469837476313,-0.1535410409390926,-0.1137856692075729,-0.0213703699409961,0.3225371837615967,walking
1783087018879252200,6.726252197265625,0.8820357866220175,-1.352135762836784,-0.0599450578749179,-0.0805123969912529,-0.0941897183656692,0.3374814987182617,walking
1783087018889296100,6.736296142578125,0.9157553931333124,-1.4813476875528693,0.0518184500426054,-0.0365518182516098,-0.2019037306308746,0.323445975780487,walking
1783087018899341000,6.746341064453125,1.0179770195931197,-1.5689429688975214,0.1466898598700761,0.0159102380275726,-0.325595498085022,0.2757459580898285,walking
1783087018909385200,6.75638525390625,1.1526060009218753,-1.6522569196611645,0.2427250527799129,0.0586744807660579,-0.4592459797859192,0.1933285742998123,walking
1783087018919429000,6.76642919921875,1.1327544685043394,-1.7213627507217228,0.3411339890837669,0.0903467014431953,-0.591652512550354,0.0960211455821991,walking
1783087018929474000,6.77647412109375,1.1129435603581368,-1.7466688952833411,0.294573897960782,0.1160057261586189,-0.7022461295127869,-0.0061169411055743,walking
1783087018939518200,6.786518310546875,1.1093461203880608,-1.7148730964414771,0.2177250515580177,0.1572263091802597,-0.8092997074127197,-0.0914017781615257,walking
1783087018949563400,6.7965634765625,0.9140789843536912,-1.451605167979002,0.0397065719664096,0.2061496376991272,-0.8441396951675415,-0.1266790777444839,walking
1783087018959607000,6.80660693359375,0.4451062586031853,-0.6840820418521761,-0.5459989745467901,0.2209943085908889,-0.7752590775489807,-0.0593419857323169,walking
1783087018969651200,6.816651123046875,0.2158123498044908,0.0987175638616085,-0.9397387646585702,0.2036877572536468,-0.6394594311714172,0.0842335596680641,walking
1783087018979696400,6.8266962890625,0.1527785321339964,0.4361297559432685,-1.087393670168519,0.1539938002824783,-0.5234677791595459,0.2095085680484771,walking
1783087018989740000,6.836739990234375,0.288771933683753,0.2958445024184882,-1.402742060610652,0.0855028927326202,-0.4526452422142029,0.259097695350647,walking
1783087018999785200,6.84678515625,0.5764189549908042,0.2840323379412293,-1.8462766859829425,0.0272667091339826,-0.4205565154552459,0.2995328903198242,walking
1783087019009829400,6.856829345703125,0.9344251684203744,0.2895771125867962,-2.3614357011079785,0.0165464207530021,-0.3671886324882507,0.3394432961940765,walking
1783087019019873000,6.866873046875,1.1019953192338348,0.0755773651622235,-2.885627332994342,0.062432687729597,-0.2453681379556656,0.3672344982624054,walking
1783087019029918200,6.876918212890625,1.0906304601326584,0.1231171149723231,-3.047944385585189,0.1025678515434265,-0.0835611298680305,0.388596773147583,walking
1783087019039962000,6.886962158203125,1.0838628656938671,0.5702658391885459,-2.8111995762586592,0.0961386710405349,0.0728450715541839,0.4149748086929321,walking
1783087019050007000,6.897007080078125,0.926801833935082,0.9450383323714135,-2.3105951561868188,0.0771109163761138,0.2111709862947464,0.4441031217575073,walking
1783087019060051200,6.90705126953125,0.5915390749722719,1.1222745755441486,-1.7142635862410067,0.0714251175522804,0.3299595415592193,0.4481632709503174,walking
1783087019070095000,6.91709521484375,0.2488283380910754,1.1874077035814523,-1.0989607738435268,0.0962143540382385,0.4005982875823974,0.4452367424964905,walking
1783087019080140000,6.92714013671875,0.1433545779675245,1.2764973151370882,-0.5093541282385587,0.1518386453390121,0.3976926803588867,0.436505913734436,walking
1783087019090184200,6.93718408203125,0.1900000092864036,1.342758570421487,-0.1420288823217153,0.2268966436386108,0.2928309738636017,0.436400443315506,walking
1783087019100229400,6.9472294921875,0.3708455289974808,1.4308544947646558,0.1412836169123649,0.2965051233768463,0.0864026024937629,0.4579143226146698,walking
1783087019110273000,6.95727294921875,0.5231446070514619,1.5717960202410817,0.3059638915032148,0.3554714918136596,-0.1979947686195373,0.508971631526947,walking
1783087019120317200,6.967317138671875,0.6265510593816638,1.5406182071670889,0.4075023580044508,0.4004316329956054,-0.4870718717575073,0.5629534125328064,walking
1783087019130362400,6.9773623046875,0.587379909466207,1.4583634100675582,0.5752244845092296,0.4429135620594024,-0.7642720937728882,0.6079152822494507,walking
1783087019140406000,6.987406005859375,0.3392076971963048,1.487175224662572,0.8911503825783729,0.4701495468616485,-1.004228949546814,0.6446026563644409,walking
1783087019150451200,6.997451171875,-0.081634911635518,1.452300164505839,1.3527490724295377,0.4897613227367401,-1.2143807411193848,0.6838531494140625,walking
1783087019160495400,7.007495361328125,-0.4304474725231528,1.2458311048470436,1.80674313249588,0.4919537901878357,-1.3887858390808103,0.7100850343704224,walking
1783087019170540000,7.0175400390625,-0.5970464402168989,0.8974696487277746,1.91914669188261,0.4771988093852997,-1.518596649169922,0.695530354976654,walking
1783087019180584200,7.027584228515625,-0.7182149053394794,0.3987609792746603,1.6521020213603972,0.4561829268932342,-1.5130668878555298,0.6333873271942139,walking
1783087019190628000,7.037628173828125,-0.8226397409319877,-0.1124726791001856,0.9587386486828328,0.4382955431938171,-1.3610539436340332,0.530703604221344,walking
1783087019200673000,7.047673095703125,-0.8993795740023255,-0.4704635488301515,0.1432756675124168,0.4277240633964538,-1.0804563760757446,0.4063829481601715,walking
1783087019210717200,7.05771728515625,-1.0066858102500438,-0.7389440973743796,-0.7002811892420053,0.4245588779449463,-0.7090886831283569,0.2689366936683655,walking
1783087019220762400,7.067762451171875,-1.0534715268224475,-0.942575010997802,-1.2009756256848574,0.4250262379646301,-0.3199135959148407,0.1186002567410469,walking
1783087019230806000,7.077805908203125,-1.1784028516098857,-1.0983102009803056,-1.4317209023356436,0.4190221428871155,0.0521768666803836,-0.029406514018774,walking
1783087019240850200,7.08785009765625,-1.2553782470017671,-1.1076086290709677,-1.5911591846197843,0.4087219536304474,0.387237399816513,-0.1462329030036926,walking
1783087019250895400,7.097895263671875,-1.4487518243744968,-0.8659580736547708,-1.7852888410568235,0.3926764130592346,0.731052815914154,-0.2125741094350814,walking
1783087019260939000,7.10793896484375,-1.5836387259870766,-0.4738577943783253,-1.6501678384274243,0.3555033504962921,1.0211602449417114,-0.2140944600105285,walking
1783087019270984200,7.117984130859375,-1.4578238963633774,-0.0993094653401523,-1.128736903426051,0.2873674631118774,1.2120226621627808,-0.1630509793758392,walking
1783087019281028400,7.1280283203125,-1.4803922865241763,0.227083612338081,-0.4876642744779586,0.2102981656789779,1.2846088409423828,-0.0731303468346595,walking
1783087019291072300,7.138072265625,-1.3546467227444052,0.5219266095638275,0.1319277595460414,0.1658894270658493,1.2519779205322266,0.0538241378962993,walking
1783087019301117200,7.1481171875,-0.7991130271330475,0.7084274516228586,0.7408674666523933,0.1698324680328369,1.1018507480621338,0.1955357939004898,walking
1783087019311161300,7.158161376953125,-0.3998097576752304,0.6845278128582983,1.067881744968891,0.2094179689884185,0.8875011801719666,0.2984099686145782,walking
1783087019321206000,7.1682060546875,-0.2584285256072878,0.4312248866364359,1.0532985083431006,0.263258695602417,0.6515023112297058,0.3574155569076538,walking
1783087019331250200,7.178250244140625,0.0722144646003842,0.262923937330395,1.1093898133993148,0.3265718817710876,0.423430472612381,0.4043686985969543,walking
1783087019341294300,7.18829443359375,0.2969225069135427,0.1744344105597585,1.155731293335557,0.3939469158649444,0.235209971666336,0.4382195174694061,walking
1783087019351339000,7.198339111328125,0.2078516000583767,0.0700057755749672,1.0103811576366424,0.4670704007148742,0.1287924498319625,0.4531907439231872,walking
1783087019361383200,7.208383056640625,0.0487310054212808,0.0717459703058004,0.8170335914880037,0.5299615263938904,0.0970228165388107,0.4640458822250366,walking
1783087019371428400,7.218428466796875,0.0987660791784524,0.1474956963602453,0.9227718477666378,0.562645435333252,0.0872263759374618,0.4749717712402344,walking
1783087019381472000,7.228471923828125,0.172815065729618,0.1360892631396651,1.1439894176155327,0.5688105225563049,0.0650363117456436,0.4804253280162811,walking
1783087019391516200,7.23851611328125,0.0055140872463583,0.0779861068043857,1.1692758345633745,0.5461092591285706,0.054147183895111,0.4678386747837066,walking
1783087019401561300,7.248561279296875,-0.4569577321775257,0.0144585142675787,0.9950485639482736,0.502813994884491,0.087467260658741,0.4488813877105713,walking
1783087019411605000,7.25860498046875,-0.4944442900069057,0.0100691202022135,0.8976058423280715,0.4426872730255127,0.120709903538227,0.461974561214447,walking
1783087019421650200,7.268650146484375,0.1139896595343947,-0.0638699762336909,1.0408628051400184,0.3535913825035095,0.1105298474431037,0.4659997522830963,walking
1783087019431694300,7.2786943359375,0.4483795811854302,-0.3144709500204771,1.0559078140586613,0.2511837780475616,0.0520167388021945,0.4310595989227295,walking
1783087019441738200,7.28873828125,0.502237720362097,-0.4478050692331045,0.8529910400539636,0.1753923147916793,-0.0053562386892735,0.3864415884017944,walking
1783087019451783200,7.298783203125,0.5035442729160189,-0.4572934669379144,0.5853530798137188,0.1485252827405929,-0.0222779642790555,0.37111696600914,walking
1783087019461827300,7.308827392578125,0.4889214349322021,-0.4698804882451892,0.3873749312549829,0.1546275615692138,0.0048249550163745,0.3732346594333648,walking
1783087019471871700,7.318871826171875,0.4097574434548616,-0.5619513806339353,0.3458995960503816,0.153677612543106,0.0459857061505317,0.3668723702430725,walking
1783087019481915600,7.32891552734375,0.3094273298300802,-0.7091906910803168,0.4711977083235978,0.1161439418792724,0.0839745998382568,0.337611973285675,walking
1783087019491959800,7.338959716796875,0.1765948765292763,-0.8720365898508579,0.6983078433424234,0.0563780814409256,0.1186124682426452,0.3026228249073028,walking
1783087019502004700,7.349004638671875,0.0150172441288828,-0.8490718207836151,0.8861293395459652,0.0022684142459183,0.1573545336723327,0.288437157869339,walking
1783087019512048600,7.359048583984375,-0.0937672479778528,-0.6393293654773384,0.9954822791904212,-0.0464679636061191,0.1750680208206176,0.3081152439117431,walking
1783087019522093800,7.36909375,0.0399133465848863,-0.5002591137655079,1.1475701987117528,-0.0969355702400207,0.1310736536979675,0.3453947901725769,walking
1783087019532138000,7.379137939453125,0.2696931392043828,-0.495454636093229,1.2363286786168812,-0.1387504041194915,0.0241621267050504,0.3913939595222473,walking
1783087019542181600,7.389181640625,0.4313179717473685,-0.477021884432435,1.2081652449280025,-0.1642017066478729,-0.1172732412815094,0.444534569978714,walking
1783087019552226800,7.399226806640625,0.462174443912506,-0.3768900698587298,1.164274665275216,-0.1642879843711853,-0.2683083117008209,0.5040687918663025,walking
1783087019562271000,7.40927099609375,0.4001761067695915,-0.3530576511114836,1.0867886900126933,-0.1571664214134216,-0.3955850303173065,0.5438092350959778,walking
1783087019572315600,7.419315673828125,0.3092550420030951,-0.5483315091475844,0.9880307941406964,-0.1346989274024963,-0.4740391075611114,0.5357779860496521,walking
1783087019582359800,7.42935986328125,-0.1007677743896841,-0.9206150350589304,0.7936895407795905,-0.0943658128380775,-0.4859286546707153,0.4860270619392395,walking
1783087019592404700,7.43940478515625,-0.7400801156669855,-1.0372687992360443,0.5639268454253673,-0.0339799597859382,-0.4353176653385162,0.4538441002368927,walking
1783087019602448600,7.44944873046875,-1.0700406765684485,-0.9701181938964872,0.4113099335938692,0.025516215711832,-0.3231407403945923,0.4602460563182831,walking
1783087019612492800,7.459492919921875,-1.042685928913951,-0.8367742108769715,0.4234697424650192,0.03769351541996,-0.2237683534622192,0.4998528361320495,walking
1783087019622537700,7.469537841796875,-0.7484715119153261,-0.5994903262376785,0.4694938270151615,-0.0097721358761191,-0.1690209507942199,0.5386797189712524,walking
1783087019632581600,7.47958154296875,-0.4341454502582549,-0.4576629578374326,0.0910574044972658,-0.1128593683242797,-0.1060326546430587,0.5491814017295837,walking
1783087019642626800,7.489626708984375,-0.1042795819029211,-0.5006297737088055,-0.3305395298331975,-0.1986161321401596,-0.0717832371592521,0.5498331189155579,walking
1783087019652671000,7.4996708984375,-0.0128390233069658,-0.556151754444465,-0.4842915831744671,-0.2095923572778701,-0.0593659803271293,0.5468887090682983,walking
1783087019662714600,7.509714599609375,-0.118439040158689,-0.773127595070377,-0.6122410867393017,-0.1583058089017868,-0.0291469432413578,0.5272653102874756,walking
1783087019672759800,7.519759765625,-0.3358613093778491,-0.9838646143719554,-0.6835247002303599,-0.1087438538670539,-0.0046647721901535,0.4981217980384826,walking
1783087019682804000,7.529803955078125,-0.433751774765551,-1.2045332451011983,-0.3718389239490032,-0.0938843935728073,-0.0124171134084463,0.4624255299568176,walking
1783087019692848600,7.5398486328125,-0.4920554951742291,-1.3998850637443363,0.0857774182677268,-0.1228862181305885,-0.0688556209206581,0.4343867003917694,walking
1783087019702892800,7.549892822265625,-0.644637335692346,-1.478540228916705,0.4770961187124252,-0.1867395043373108,-0.1533683985471725,0.4093560874462127,walking
1783087019712937000,7.55993701171875,-0.7075298451960086,-1.6108619562163948,0.6319073257178068,-0.2347919940948486,-0.252500057220459,0.3817047476768493,walking
1783087019722981600,7.569981689453125,-0.8956845188766718,-1.7637451177686452,0.4609574693381786,-0.2297806292772293,-0.3503346145153045,0.3560373783111572,walking
1783087019733025800,7.58002587890625,-0.8813643171012401,-1.917048842820525,0.128802905523777,-0.1824807524681091,-0.4278432428836822,0.3066804707050323,walking
1783087019743070700,7.59007080078125,-0.7719920882344246,-1.9556569520257412,-0.1805214023232459,-0.1049494296312332,-0.4615291655063629,0.2513127624988556,walking
1783087019753114600,7.600114501953125,-0.8459092650994658,-1.8772201057791709,-0.562879382199049,-0.0009945331839844,-0.4665433764457702,0.2098425328731537,walking
1783087019763158800,7.61015869140625,-0.8832073146194219,-1.9459417598277329,-0.728219582003355,0.0800419524312019,-0.4402901530265808,0.1563889384269714,walking
1783087019773204000,7.620203857421875,-0.9441405067488552,-2.0216113333180545,-0.7498959917604923,0.1103817522525787,-0.3983498811721802,0.08210139721632,walking
1783087019783247600,7.63024755859375,-0.7895221919670701,-2.0619962429374454,-0.5457546443969011,0.0995626077055931,-0.3748480677604675,-0.0021699329372495,walking
1783087019793292800,7.640292724609375,-0.5317629439234733,-2.131889863374829,-0.2343301494002342,0.0896167680621147,-0.3895258009433746,-0.0919791832566261,walking
1783087019803337000,7.6503369140625,-0.2701519888877868,-2.2078341621533033,0.0053811085164546,0.0876209139823913,-0.4425421357154846,-0.2075057327747345,walking
1783087019813380600,7.660380615234375,-0.2609910695716738,-2.265571480850875,0.2574818924069404,0.0949251651763916,-0.5213927030563354,-0.3398264944553375,walking
1783087019823425800,7.67042578125,-0.835140326064825,-2.2189628744110466,0.4605436278402805,0.1080743819475174,-0.5556725263595581,-0.4244798421859741,walking
1783087019833470000,7.680469970703125,-1.7246525860473512,-1.3497317704349756,-0.4540414063394069,0.1092376485466957,-0.3305842876434326,-0.4205317199230194,walking
1783087019843514600,7.6905146484375,-0.9838172680988908,-0.6836834709886461,-1.8183493991374968,0.103330984711647,0.0867964178323745,-0.4047826826572418,walking
1783087019853558800,7.700558837890625,-1.113397587735951,0.0330263635501265,-3.040506344538927,0.1023962125182151,0.5900217890739441,-0.3012703955173492,walking
1783087019863603000,7.71060302734375,-1.0739844457581638,0.9503970098603516,-4.22358566352725,0.0877103433012962,1.1471680402755735,-0.2239791601896286,walking
1783087019873647600,7.720647705078125,-0.6412190516814589,1.7951885960415004,-5.01846996704936,0.0468476004898548,1.6674858331680298,-0.1226357594132423,walking
1783087019883691800,7.73069189453125,-0.0877218303337693,2.449384618195891,-4.883571082738041,0.0008994170930236,2.0154614448547363,0.0143845863640308,walking
1783087019893737000,7.740737060546875,0.2921779427349567,2.6007728650152684,-4.112950867378712,0.0023250074591487,2.205019474029541,0.1576370894908905,walking
1783087019903780600,7.750780517578125,-0.0114098672866821,2.4843749752953648,-3.3066409144788977,0.040132887661457,2.288954734802246,0.2816268503665924,walking
1783087019913824800,7.76082470703125,0.1955618811972439,2.0178440897390244,-2.022596544963122,0.0976451858878135,2.1893880367279053,0.2881390750408172,walking
1783087019923870000,7.770869873046875,1.5938365871354936,1.5971283221572636,0.0063087447553873,0.1742830574512481,1.819424510002136,0.2506936192512512,walking
1783087019933913600,7.78091357421875,2.0617653567910192,1.7504560126066206,1.427880008998513,0.2058945149183273,1.313753604888916,0.248954564332962,walking
1783087019943958800,7.790958740234375,1.627878995860368,1.8919453812241551,2.1388509345591067,0.2033321857452392,0.7852625846862793,0.2688748836517334,walking
1783087019954003000,7.8010029296875,0.9792115278691051,1.4928015401117505,2.6936358576297756,0.1916888505220413,0.3639819622039795,0.2640196681022644,walking
1783087019964046600,7.811046630859375,0.3136113375164568,1.0231552259486167,2.8695810380786657,0.1712328046560287,0.0428835563361644,0.2077225446701049,walking
1783087019974091800,7.821091796875,-0.0313230667635798,0.6936295493330806,2.947080457344651,0.1361730992794037,-0.2155668884515762,0.1053162813186645,walking
1783087019984136000,7.831135986328125,-0.3465677045702934,0.6226460878323763,2.7953368212163445,0.0921331048011779,-0.3928983509540558,-0.0107062337920069,walking
1783087019994180600,7.8411806640625,-0.3926476109609008,0.6350055109288543,2.531076228454709,0.0886097401380539,-0.4919753968715668,-0.1196276620030403,walking
1783087020004224800,7.851224853515625,-0.1537125981137156,0.615419278384,2.0323095452040434,0.151024505496025,-0.5192226767539978,-0.2113900184631347,walking
1783087020014269000,7.86126904296875,0.0605222732409834,0.6562425794206559,1.3440116392225026,0.2409408241510391,-0.4838566780090332,-0.2704820930957794,walking
1783087020024313600,7.871313720703125,0.3533423132717609,0.990227865793556,0.6419307070821523,0.2943260967731476,-0.3912401795387268,-0.2638299167156219,walking
1783087020034357800,7.881357666015625,0.8161036171615124,1.5919573492601513,0.0479191045165061,0.2574160397052765,-0.2784236073493957,-0.1802393943071365,walking
1783087020044403000,7.89140283203125,1.249814913786203,2.1906591554686425,-0.2143821708709001,0.1446239650249481,-0.2247086763381958,-0.0284193567931652,walking
1783087020054446600,7.901446533203125,1.541164735133946,2.6121371395945547,-0.1108680203825235,0.0034947998356074,-0.1938197314739227,0.16020168364048,walking
1783087020064490800,7.91149072265625,1.520962927974015,2.897163457009196,-0.1186263794243335,-0.1556335538625717,-0.1279620677232742,0.3630445599555969,walking
1783087020074536000,7.921535888671875,1.4300978311784565,2.92193286434561,-0.1844552346408367,-0.2961254119873047,-0.0204686410725116,0.5545892119407654,walking
1783087020084579600,7.93157958984375,1.3305075761355458,2.7149665226891635,-0.1062140570968389,-0.3948884904384613,0.0904135033488273,0.7290776968002319,walking
1783087020094624800,7.941624755859375,1.1275808652587234,2.3726895010501146,-0.0126186585545539,-0.4510998427867889,0.2084956765174865,0.8460858464241028,walking
1783087020104669000,7.9516689453125,0.8542802030816674,1.753767329111695,0.1812257512003183,-0.4923685491085052,0.3235084414482116,0.8838852643966675,walking
1783087020114712800,7.961712890625,0.4746504791259765,1.0198383564855902,0.4598223278284072,-0.5099656581878662,0.4021156430244446,0.8319978713989258,walking
1783087020124757800,7.9717578125,0.0904668912582099,0.2462775576297193,0.6494763001561165,-0.5002886652946472,0.4464011490345001,0.7070652842521667,walking
1783087020134802000,7.981802001953125,-0.1497279123917222,-0.3466555289842188,0.8871773872941732,-0.4812436103820801,0.4420202672481537,0.5427082777023315,walking
1783087020144846600,7.9918466796875,-0.2677330911777913,-0.6936093102626502,1.0593389575511216,-0.4602961838245392,0.3442921638488769,0.3737198412418365,walking
1783087020154890800,8.001890869140626,-0.1859555562011897,-0.8735027899459004,0.9891519071251154,-0.3971805870532989,0.1717744469642639,0.2082981318235397,walking
1783087020164935000,8.011934814453125,-0.1174481294251978,-1.0186045038416982,0.6594283698499203,-0.267691433429718,-0.0329132117331028,0.0469031296670436,walking
1783087020174979600,8.0219794921875,-0.0100090605780482,-1.072398784001917,0.4124029895275831,-0.104900911450386,-0.2609263956546783,-0.1131416708230972,walking
1783087020185023700,8.032023681640625,0.1513021759711205,-0.8950186023138463,0.3495236317664384,0.0369198657572269,-0.4485129714012146,-0.2551163136959076,walking
1783087020195069000,8.04206884765625,0.2885505460180342,-0.6515037143304944,0.3177753253281116,0.103212870657444,-0.5726075172424316,-0.3530937433242798,walking
1783087020205112600,8.052112548828125,0.4294735129244625,-0.5236980031505227,0.2213642848432064,0.0726376101374626,-0.634457528591156,-0.3951498866081238,walking
1783087020215156700,8.06215673828125,0.4991359549544751,-0.4587184582397342,-0.0703939711749553,-0.0193919166922569,-0.629597544670105,-0.3955283463001251,walking
1783087020225202000,8.072201904296875,0.5904721763931214,-0.4502217019207775,-0.4475093742221593,-0.1165697276592254,-0.5672020316123962,-0.3502910733222961,walking
1783087020235245800,8.082245849609375,0.646441900896281,-0.3803850723676383,-0.7329138772994279,-0.159095898270607,-0.4951578974723816,-0.268703818321228,walking
1783087020245290800,8.092290771484375,0.7079745202235878,-0.2264604389384388,-0.6761854433834552,-0.1472130864858627,-0.411259651184082,-0.1485104411840438,walking
1783087020255335000,8.1023349609375,0.7224328152954578,0.1154857433110475,-0.6548170766621828,-0.1018043234944343,-0.2991994023323059,0.0047078747302293,walking
1783087020265378800,8.11237890625,0.8019910667873918,0.5010951261982322,-0.4953559980243444,-0.0299142003059387,-0.2073317319154739,0.1613106727600097,walking
1783087020275423700,8.122423828125,0.8533993285939097,0.8198049558974801,-0.0800257228732109,0.030976578593254,-0.1550903618335724,0.3117380142211914,walking
1783087020285468000,8.132468017578125,0.626240970519185,0.9075308778844772,0.3708943365752696,0.0141768306493759,-0.1449296623468399,0.4445166289806366,walking
1783087020295512600,8.1425126953125,0.319174232340604,0.7889424923829734,0.6341910527408122,-0.0529566667973995,-0.1350607872009277,0.5648015141487122,walking
1783087020305556700,8.152556640625,0.0536586710818111,0.644303573693335,0.7688760020405053,-0.1089053750038147,-0.1408710777759552,0.6614488363265991,walking
1783087020315601000,8.162600830078125,-0.0264502000302076,0.4003464949004351,0.8841665150403976,-0.1215990707278251,-0.1772498488426208,0.7147818207740784,walking
1783087020325645600,8.1726455078125,-0.0308764920398592,0.1187748479843139,0.7474573664367199,-0.083584263920784,-0.2303485721349716,0.721673309803009,walking
1783087020335689700,8.182689697265625,-0.0760388451941311,-0.0474922574065625,0.6156675540566444,-0.0391560792922973,-0.2683010101318359,0.6898882389068604,walking
1783087020345735000,8.19273486328125,-0.0780786804586649,-0.1286008070804178,0.6031757367521524,-0.0189939513802528,-0.3062763810157776,0.6153052449226379,walking
1783087020355778800,8.20277880859375,0.0594778787545859,-0.185391784838587,0.5996323650568723,-0.0054571041837334,-0.3006075620651245,0.5243140459060669,walking
1783087020365822700,8.21282275390625,0.0415735348820686,-0.2374887595616281,0.5381166968643665,-0.0129309548065066,-0.2555805444717407,0.4317431449890136,walking
1783087020375868000,8.222867919921875,0.098629739447683,-0.3817819335535168,0.5614613320946693,-0.0539095476269722,-0.1956024020910263,0.3389482200145721,walking
1783087020385911800,8.232911865234374,0.3159184454150497,-0.474326946260035,0.5415075083464383,-0.1184213832020759,-0.1412588208913803,0.2559375464916229,walking
1783087020395956700,8.242956787109375,0.5900456215441227,-0.6851452871695161,0.276966345077753,-0.1810141950845718,-0.0995838120579719,0.1830534934997558,walking
1783087020406001000,8.2530009765625,0.7859701985739171,-1.0361002669133246,-0.1611602837711572,-0.2034844905138015,-0.0330692008137702,0.1151782944798469,walking
1783087020416044800,8.263044921875,0.8526279058299958,-1.4112484615407883,-0.4840162733644246,-0.1964569389820099,0.0397445522248744,0.0493010058999061,walking
1783087020426089700,8.27308984375,1.062306429054588,-1.7595871213063596,-0.5384674099981784,-0.1838239580392837,0.0876351743936538,-0.0018983182962983,walking
1783087020436134000,8.2831337890625,1.205405424825847,-1.9726313215717672,-0.5305974072754382,-0.1915132999420166,0.1002875864505767,-0.0381593890488147,walking
1783087020446178800,8.2931787109375,1.2756057731248438,-2.0184220357574523,-0.5082932210087776,-0.2125199735164642,0.0957436934113502,-0.0559618063271045,walking
1783087020456222700,8.30322265625,1.325756143824756,-1.8136968971565364,-0.5984475391864776,-0.2058764398097992,0.1062362790107727,-0.0454575009644031,walking
1783087020466267000,8.313266845703126,1.2256903802245855,-1.4476333417385816,-0.7277285836160182,-0.1112335175275802,0.1429716199636459,-0.0024882529396563,walking
1783087020476312300,8.323312255859374,0.8766112773552537,-1.2048666417740286,-0.7332032156348228,0.0317105948925018,0.1692250669002533,0.064586654305458,walking
1783087020486356500,8.3333564453125,0.7948921945676207,-1.13102808310315,-0.493113187533617,0.1681857109069824,0.1886227577924728,0.1236991286277771,walking
1783087020496401400,8.3434013671875,0.7120524371869862,-1.012388990327716,-0.0464344189167022,0.2487910836935043,0.1740430146455764,0.1697137504816055,walking
1783087020506445300,8.3534453125,0.7455699452549218,-0.9841549756206572,0.3682686642467975,0.2332501411437988,0.1373267024755478,0.1959452629089355,walking
1783087020516489500,8.363489501953126,0.8213929557412862,-0.8678092544794083,0.6585171002238989,0.1515773832798004,0.1077152714133262,0.2127114534378051,walking
1783087020526534400,8.373534423828126,0.8120382674187421,-0.7847596537403762,0.822381966778636,0.0392947867512702,0.0786417871713638,0.2205743789672851,walking
1783087020536578300,8.383578369140626,0.8692442557185888,-0.7194941314950585,0.8074836728543042,-0.0571084469556808,0.0345283895730972,0.2196390777826309,walking
1783087020546623500,8.39362353515625,0.9283277283281088,-0.5703232684642077,0.6791647514551877,-0.1161776334047317,-0.0362299345433712,0.2284972816705703,walking
1783087020556667400,8.40366748046875,0.9983886681564152,-0.4563891385093331,0.3369131565183401,-0.1332809776067733,-0.1297220736742019,0.251668632030487,walking
1783087020566711600,8.413711669921875,0.9946395447559654,-0.4222488223679363,-0.1424567523449659,-0.1009388417005539,-0.1996005773544311,0.2765770852565765,walking
1783087020576756500,8.423756591796876,0.8623369605481624,-0.3536031561650335,-0.4386152891486883,-0.047731015831232,-0.2612999081611633,0.291484922170639,walking
1783087020586800400,8.43380029296875,0.7965241796836257,-0.2333487371474504,-0.4992682030320167,-0.0079681556671857,-0.3150755167007446,0.2991204857826233,walking
1783087020596845300,8.44384521484375,0.6980946389831603,-0.0495095885783433,-0.6958931834161282,0.0664008855819702,-0.3220037221908569,0.2953300178050995,walking
1783087020606889500,8.453889404296875,0.3301679200418293,0.0234052793763577,-0.8903869969904422,0.1680066883563995,-0.3094220161437988,0.2870030105113983,walking
1783087020616933400,8.463933349609375,0.2220293246231973,-0.0830776577897369,-0.7238695701003074,0.2193953096866607,-0.2805155515670776,0.2366343736648559,walking
1783087020626978300,8.473978271484375,0.2504505324654281,-0.0859504367470741,-0.5031476748138666,0.2030536830425262,-0.2522883117198944,0.1666820049285888,walking
1783087020637022500,8.4840224609375,0.1173763793632388,-0.0789376353755593,-0.65103638907969,0.1410622149705886,-0.1785344779491424,0.1101803928613662,walking
1783087020647067400,8.4940673828125,0.0709687023229897,-0.1272919164389371,-1.0755804827779532,0.0852300971746444,-0.0597169734537601,0.0780396535992622,walking
1783087020657111300,8.504111328125,0.0762137633696198,-0.0008735679641366,-1.4760510424494742,0.0722706168889999,0.0478499680757522,0.0817166790366172,walking
1783087020667155500,8.514155517578125,0.2688543502926826,0.2637418295845389,-1.8282506154268976,0.0892476588487625,0.1360471099615097,0.1115831211209297,walking
1783087020677200400,8.524200439453125,0.4962701902598142,0.64311933234483,-2.0742302860885857,0.1067158654332161,0.2052323073148727,0.15705606341362,walking
1783087020687244300,8.534244384765625,0.5593951933450997,0.9020207361608744,-1.946398271423578,0.1261218637228012,0.260204017162323,0.1988581418991089,walking
1783087020697289500,8.54428955078125,0.5047654852740466,0.8201863564305008,-1.3903531191587448,0.1207201853394508,0.2693003118038177,0.218552753329277,walking
1783087020707333400,8.55433349609375,0.4461171892113983,0.6122651982672512,-0.7743523876249789,0.1161455810070037,0.2320554256439209,0.2257824689149856,walking
1783087020717377500,8.56437744140625,0.3256542420096695,0.4343535400509834,-0.1776373713195324,0.1256988644599914,0.1564224511384964,0.2149404734373092,walking
1783087020727422500,8.57442236328125,0.2123058029882609,0.3597330372221767,0.394236049196124,0.1311058849096298,0.0455609299242496,0.2007714509963989,walking
1783087020737466400,8.58446630859375,0.0778453100942075,0.4372198892675339,0.8171101638555526,0.1434600204229354,-0.0820036903023719,0.1996268332004547,walking
1783087020747511300,8.59451123046875,-0.0543861085735261,0.5944498478524387,1.0586708490312098,0.165251612663269,-0.2274120301008224,0.2181202918291092,walking
1783087020757555500,8.604555419921875,-0.1403773157224059,0.774628281956911,1.1733376771748063,0.1958915442228317,-0.3852789103984833,0.2479253262281417,walking
1783087020767599400,8.614599365234374,-0.1225578736543655,0.8495287707708775,1.1555249571084976,0.2168189287185669,-0.5595390796661377,0.2704116702079773,walking
1783087020777644300,8.624644287109374,-0.0197992177084088,0.8245552191644907,1.1411445495784285,0.2295959740877151,-0.7360411286354065,0.2867813110351562,walking
1783087020787688400,8.6346884765625,0.0118469435296952,0.7526322848565876,1.1115279944717884,0.2692244946956634,-0.8797965049743652,0.2954233586788177,walking
1783087020797733400,8.6447333984375,-0.2358738717108964,0.6007299510352313,0.8557201727569103,0.3532956838607788,-0.9522387385368348,0.2944049537181854,walking
1783087020807777300,8.65477734375,-0.6247919407546519,0.3150245653152466,0.5851707089841366,0.4376193881034851,-0.917067289352417,0.2803643643856048,walking
1783087020817821400,8.664821533203124,-1.0246572280094026,-0.0317943375371396,0.1927911013096571,0.4596011340618133,-0.7631543874740601,0.2310458272695541,walking
1783087020827866400,8.674866455078124,-1.6225170304358003,-0.2727982656128704,-0.313942030775547,0.399511456489563,-0.4792971312999725,0.1655969768762588,walking
1783087020837910500,8.68491064453125,-2.1037150315091013,-0.2383751870073377,-0.8462865739792584,0.2987914979457855,-0.1089867278933525,0.1364071369171142,walking
1783087020847954400,8.694954345703126,-2.043175807133317,0.0126942080087959,-1.1635983734488486,0.2258047014474868,0.2481350004673004,0.1398029625415802,walking
1783087020857999400,8.704999267578126,-1.451064485231042,0.2342332648970186,-1.4582710556089875,0.1786028295755386,0.5455072522163391,0.1435993015766143,walking
1783087020868043500,8.71504345703125,-1.3621616284191609,0.0101088676907122,-1.8724375476777553,0.1186715438961982,0.7830754518508911,0.108021005988121,walking
1783087020878088400,8.72508837890625,-1.1589235135056075,-0.1506353826254606,-2.022595375919342,0.059556558728218,0.9333504438400269,0.107533112168312,walking
1783087020888132400,8.73513232421875,-0.574148525840789,-0.0270503578804433,-1.8555191461026668,0.0230480842292308,1.007069706916809,0.1233411058783531,walking
1783087020898176500,8.745176513671876,-0.4027848279632627,0.1557262760236859,-1.5753525436788796,0.031363271176815,1.0145689249038696,0.1346094757318496,walking
1783087020908221400,8.755221435546876,-0.2960566838644445,0.4366273302018642,-0.9298761268138884,0.0751383155584335,0.9480969309806824,0.1704383939504623,walking
1783087020918265300,8.765265380859375,-0.205675571193546,0.6533329755842685,-0.1543371597528457,0.1109852641820907,0.8303545713424683,0.2270089983940124,walking
1783087020928310300,8.775310302734376,-0.2893997101932763,0.6762018099963665,0.6123655899018049,0.1165516227483749,0.6730553507804871,0.2747176587581634,walking
1783087020938354400,8.7853544921875,-0.4942709792666137,0.4921782447710633,1.2516665330022572,0.1009457632899284,0.510557234287262,0.3027908504009247,walking
1783087020948398300,8.7953984375,-0.7155693592667579,0.3092643943533301,1.587931454744935,0.0881733745336532,0.3664019703865051,0.3177864849567413,walking
1783087020958443500,8.805443603515625,-0.837532335767895,0.1646200688362121,1.8237848681896924,0.0927534848451614,0.2311354726552963,0.3100955486297607,walking
1783087020968487400,8.8154873046875,-0.7746933100171387,0.0269331612415611,1.9894424633800984,0.1017461419105529,0.0863219797611236,0.2805734872817993,walking
1783087020978532400,8.825532470703125,-0.5988830079942942,-0.0009583236381411,1.9743460165351627,0.0897264927625656,-0.0532617457211017,0.2297143042087555,walking
1783087020988576500,8.835576416015625,-0.3998331385508179,0.0085403031997382,1.842674277576804,0.0652082785964012,-0.155322715640068,0.1895475387573242,walking
1783087020998620400,8.845620361328125,-0.3376727427139878,-0.0541416322931647,1.5977923390239477,0.0515585094690322,-0.2216191738843917,0.1706563979387283,walking
1783087021008665300,8.855665283203125,-0.3124371791705489,-0.1061832235671579,1.2238795314103363,0.0615644082427024,-0.2535600662231445,0.1611633896827697,walking
1783087021018709500,8.86570947265625,-0.1703694261431693,-0.100394118771702,0.8646504981875419,0.1045800521969795,-0.2523163855075836,0.1583686619997024,walking
1783087021028754400,8.87575439453125,-0.1433735749289393,-0.1831497050002217,0.7501262933850288,0.1574469059705734,-0.2458036988973617,0.1440032720565796,walking
1783087021038798300,8.88579833984375,-0.1763217586763203,-0.3223383954599499,0.8152642437279224,0.1873989403247833,-0.2130169868469238,0.1313354074954986,walking
1783087021048842500,8.895842529296875,-0.1840479690141975,-0.4533925870418548,0.9946247855782508,0.160122811794281,-0.1855450570583343,0.1294349282979965,walking
1783087021058887400,8.905887451171875,-0.2195396997645497,-0.6529842352118342,1.1613865426182746,0.0946172997355461,-0.1667202413082122,0.1291672885417938,walking
1783087021068931300,8.915931396484375,-0.2972038080729544,-0.961210226428136,1.2114274615943432,0.0180242955684661,-0.1496777385473251,0.1168103888630867,walking
1783087021078976500,8.9259765625,-0.2755398194059729,-1.2625636284612118,1.0674591356426475,-0.0358700938522815,-0.1194311529397964,0.0909843817353248,walking
1783087021089020400,8.9360205078125,-0.2407756722778081,-1.3623556896865368,0.769646986413002,-0.0659716203808784,-0.0808284059166908,0.0550874695181846,walking
1783087021099064300,8.946064208984374,-0.3682172263205051,-1.3268468616709113,0.3238064221858978,-0.0816467255353927,-0.0183285400271415,0.0320465974509716,walking
1783087021109109500,8.956109619140625,-0.5791549558259547,-1.215319427531585,0.0067196636438369,-0.0721519812941551,0.0579024776816368,0.0413250401616096,walking
1783087021119153400,8.9661533203125,-0.6620847295776009,-1.0723849016070366,-0.1280360128045082,-0.0277355127036571,0.1186382621526718,0.0528333559632301,walking
1783087021129198300,8.9761982421875,-0.5022627086728811,-0.8594549753710627,-0.1116758296340703,0.0392000190913677,0.1432771682739257,0.0607675276696682,walking
1783087021139242500,8.986242431640624,-0.4055861491195857,-0.7794352438472211,-0.0208364518016576,0.0956654250621795,0.1498549133539199,0.0752836242318153,walking
1783087021149286400,8.996286376953124,-0.1781488279730081,-0.8223514255098998,0.1352560271859169,0.14218370616436,0.1603663265705108,0.0865025073289871,walking
1783087021159331300,9.006331298828124,-0.1345496324822306,-0.8535820647496729,0.3312584917575121,0.17160364985466,0.1681800484657287,0.1026718914508819,walking
1783087021169375500,9.01637548828125,-0.200238202445209,-0.9036035483729092,0.4658902495652437,0.1736258715391159,0.1803960651159286,0.1373506337404251,walking
1783087021179419400,9.02641943359375,-0.0980611457794904,-0.9754182730659842,0.676952336102724,0.1388116925954818,0.157053992152214,0.1650549620389938,walking
1783087021189464300,9.03646435546875,-0.0386602777838707,-0.9780050746887922,0.7136047811955213,0.0972131714224815,0.0993282869458198,0.1969245225191116,walking
1783087021199508500,9.046508544921876,-0.0025369711317121,-0.7760466243222356,0.4774859948128461,0.0914258509874343,0.0344108082354068,0.2360159903764724,walking
1783087021209553400,9.056553466796874,-0.1954813633069396,-0.6074279143039136,0.2141758346438407,0.1214477568864822,-0.0137054938822984,0.2820174396038055,walking
1783087021223990500,9.070990478515624,-0.7312973820134997,-0.6532511425197124,0.0408662633955478,0.1706669628620147,-0.0533301346004009,0.3399795293807983,walking
1783087021234034400,9.081034423828124,-1.0657837497763336,-0.7421861480355262,0.0340723654717206,0.2248280346393585,-0.0526613406836986,0.3516364693641662,walking
1783087021244079400,9.091079345703124,-1.3208714405231177,-0.8416019232943653,0.1914116296499967,0.277800977230072,-0.0576257370412349,0.3436903953552246,walking
1783087021254123500,9.10112353515625,-1.315810942263156,-0.9172266347296536,0.2688023278445005,0.267467737197876,-0.0473239459097385,0.3201060593128204,walking
1783087021264168400,9.11116845703125,-1.266405836972594,-0.8003321936644613,0.113563835337758,0.204458937048912,-0.0273041650652885,0.3113583624362945,walking
1783087021274212400,9.12121240234375,-1.1388495705090462,-0.6757971016529947,-0.3770551972925662,0.1684414148330688,0.034188687801361,0.3271966278553009,walking
1783087021284256500,9.131256591796877,-0.9387408396624028,-0.543598927667737,-1.1834165881186722,0.1877232193946838,0.1330633461475372,0.3384064137935638,walking
1783087021294301400,9.141301513671875,-0.5958579610846937,-0.35403168377541,-1.8103759360402825,0.2238619178533554,0.2384362965822219,0.348016083240509,walking
1783087021304345300,9.151345458984377,-0.5108142639189959,0.1092519634880125,-2.280456623032689,0.2296473681926727,0.4042868018150329,0.3951247334480285,walking
1783087021314390500,9.161390625,-0.3051195496335625,0.7438393220700323,-2.6043179902762175,0.20094595849514,0.580363929271698,0.4675079584121704,walking
1783087021324434400,9.171434326171877,0.3358066565811634,1.155719895158708,-2.477127196124196,0.1235310584306716,0.6674564480781555,0.5124791860580444,walking
1783087021334478300,9.181478271484377,0.7806469577245414,1.1858451304398476,-1.969774470835924,0.0105770323425531,0.6410544514656067,0.5050826072692871,walking
1783087021344523500,9.1915234375,0.6749537096314132,0.8098223449349403,-1.2629478054732084,-0.0851295217871666,0.5386151671409607,0.4716628193855285,walking
1783087021354567400,9.2015673828125,-0.2366825577452778,0.2555571348894387,-0.6852513778924941,-0.1087468340992927,0.4578921198844909,0.45540252327919,walking
1783087021364612400,9.2116123046875,-1.2916076443769038,-0.3040978053703904,-0.2902344074517488,-0.0520702339708805,0.3904704749584198,0.4219841063022613,walking
1783087021374656500,9.221656494140625,-1.5909528483927249,-0.8878726760819554,0.1977420017153024,0.0215354971587657,0.2412701845169067,0.3065366148948669,walking
1783087021384700400,9.231700439453125,-1.343891519974172,-1.1367349164426326,0.4729314002484083,0.0600538626313209,0.0285429991781711,0.152325764298439,walking
1783087021394745300,9.241745361328125,-1.1110251595161855,-0.8448296531692147,0.2840337992459535,0.0796883255243301,-0.163571685552597,0.046253640204668,walking
1783087021404789500,9.25178955078125,-0.9226099352031946,-0.5201482747796923,0.0222124163299798,0.1138252615928649,-0.2827867567539215,-0.0197386927902698,walking
1783087021414833400,9.26183349609375,-0.7366887196630238,-0.3455318587165326,-0.1323766723573207,0.1440231502056121,-0.3294954895973205,-0.079251691699028,walking
1783087021424878300,9.27187841796875,-0.6097739659734069,-0.1472206788111478,-0.2529845809876919,0.1521087735891342,-0.3076690137386322,-0.099674142897129,walking
1783087021434922500,9.281922607421874,-0.5085903042592108,0.0875860020596533,-0.5037129074811935,0.152864009141922,-0.2332636713981628,-0.0986659303307533,walking
1783087021444967400,9.291967529296874,-0.124864835422486,0.2830752564121037,-0.5680272664815187,0.1529169976711273,-0.1617098599672317,-0.0958552286028862,walking
1783087021455011300,9.30201123046875,0.2163634078159928,0.5502512251637875,-0.557082678619027,0.1151433885097503,-0.0983854830265045,-0.0699939727783203,walking
1783087021465055500,9.312055419921874,0.5292420471437275,0.9311153862852602,-0.457799297568202,0.0556049644947052,-0.0667303502559661,-0.0052226996049284,walking
1783087021475099400,9.322099365234376,0.8640833658240735,1.1585488349743187,-0.184974874600768,0.0108923092484474,-0.0738259702920913,0.0725607872009277,walking
1783087021485143300,9.332143310546876,1.154498536670208,1.1405388387702404,0.1298164664804935,-0.0150207821279764,-0.1113547086715698,0.138456717133522,walking
1783087021495188200,9.342188232421876,1.4094909503489732,1.0655715683303773,0.5329331567466259,-0.0321430452167987,-0.1593842953443527,0.2044338136911392,walking
1783087021505232400,9.352232421875,1.497199482809752,1.0982975606944412,0.8868974013090133,-0.0535178408026695,-0.1902420818805694,0.2819128930568695,walking
1783087021515276300,9.3622763671875,1.4811422281086444,1.1544293438915163,1.168942072564363,-0.1015495508909225,-0.2076474577188491,0.3661304712295532,walking
1783087021525321200,9.3723212890625,1.3877636871874333,1.159359566835314,1.405045076856017,-0.1653349250555038,-0.229365274310112,0.456856369972229,walking
1783087021535365400,9.382365478515624,1.2520793515868485,1.115325267862901,1.443168763545155,-0.2317894846200943,-0.2653266787528991,0.5384024381637573,walking
1783087021545410300,9.392410400390624,1.0091158138759433,1.1156344799425453,1.0755383972018957,-0.2438943535089492,-0.2996750473976135,0.6204818487167358,walking
1783087021555454200,9.4024541015625,0.6131992642469704,1.0902746324323118,0.5825690020531415,-0.1901880204677581,-0.3098564445972442,0.692406952381134,walking
1783087021565498400,9.412498291015623,0.3732438223108649,0.9201143189951776,0.3555827856749296,-0.1028312817215919,-0.3181726932525635,0.7285884022712708,walking
1783087021575543300,9.422543212890623,0.2430386487737298,0.7819556291703135,0.3585802139252424,-0.0314392074942588,-0.3203466534614563,0.7344150543212891,walking
1783087021585587200,9.432587158203123,0.2900065900452435,0.671404054325819,0.5026525847733021,-0.003559905802831,-0.321713924407959,0.7188920378684998,walking
1783087021596260400,9.44326025390625,0.4448265648789704,0.5837078698899597,0.6319336292028427,-0.0109488973394036,-0.2987638413906097,0.6745485067367554,walking
1783087021606304500,9.453304443359375,0.5141400473408401,0.3973992624673992,0.5579641376286745,-0.0157489795237779,-0.2411785870790481,0.6066318154335022,walking
1783087021616348200,9.46334814453125,0.5432303866162895,0.1431857972718775,0.4119710278511047,-0.0105053912848234,-0.1483859568834304,0.5239836573600769,walking
1783087021626393300,9.473393310546877,0.6254292157448827,-0.042327129728347,0.3567997602492571,-0.0262127164751291,-0.0643869340419769,0.4379180073738098,walking
1783087021636437200,9.483437255859377,0.7648774339236318,-0.1342076141115278,0.2490747140675783,-0.0847041234374046,0.0178195144981145,0.3469953536987304,walking
1783087021646482200,9.493482177734377,0.952839069250226,-0.2208023401115089,0.1566115344256162,-0.1714805662631988,0.0698310509324073,0.2617989778518677,walking
1783087021656526300,9.5035263671875,1.106040941362828,-0.3829796189054846,-0.0165384623467922,-0.2453903406858444,0.0897309556603431,0.1886268109083175,walking
1783087021666570200,9.5135703125,1.1065890767648816,-0.518672137812525,-0.3369587492257356,-0.2769679725170135,0.0994834527373313,0.1219851970672607,walking
1783087021676615200,9.523615234375,1.069270130587369,-0.5870033312387765,-0.464998269161582,-0.2653063833713531,0.0866190418601036,0.0798242539167404,walking
1783087021686659300,9.533659423828125,0.9789660286754368,-0.6128596570290624,-0.4254372431457042,-0.2355066835880279,0.0587155073881149,0.0610023625195026,walking
1783087021696704500,9.54370458984375,0.9039588646166026,-0.6673029026173055,-0.3230418675541877,-0.2044234722852707,0.0263783298432827,0.0552170053124427,walking
1783087021706748200,9.553748046875,0.8467588676661253,-0.6907863617964088,-0.1709013410627841,-0.1764546781778335,-0.0092667508870363,0.0534745007753372,walking
1783087021716792300,9.563792236328124,0.6579756868235767,-0.6492791701488196,0.0137941320747137,-0.1401822417974472,-0.0473672784864902,0.0621392652392387,walking
1783087021726837500,9.57383740234375,0.5810429615296423,-0.6022888709150255,0.2880558943688869,-0.0950826779007911,-0.096890352666378,0.0842192694544792,walking
1783087021736881200,9.583881103515624,0.5268377624809741,-0.5803942883625626,0.4846493105709552,-0.0450939089059829,-0.1260944604873657,0.1131872087717056,walking
1783087021746925300,9.59392529296875,0.4638841704398393,-0.5227744585648179,0.6025719256401062,-0.023587018251419,-0.1337316036224365,0.161719873547554,walking
1783087021756970500,9.603970458984374,0.5380038841396569,-0.4678459136776626,0.6841425398677587,-0.0339568331837654,-0.1153376772999763,0.2238141894340515,walking
1783087021767014100,9.61401416015625,0.7160242634274065,-0.4299583738319575,0.6611012714982032,-0.0627946034073829,-0.082599438726902,0.2867428362369537,walking
1783087021777059300,9.624059326171874,0.8679501242548227,-0.2988423690602183,0.5390542699754238,-0.0909548699855804,-0.0403502285480499,0.3498393297195434,walking
1783087021787103200,9.634103271484374,0.9834127789512276,-0.1729724482484161,0.3779834180533886,-0.1071620732545852,-0.0082719214260578,0.4119487702846527,walking
1783087021797147400,9.6441474609375,1.0353398039348425,-0.1522097923353314,0.1949450644731521,-0.1231205239892005,0.0090533262118697,0.4665669202804565,walking
1783087021807192300,9.6541923828125,0.9773786133535206,-0.2482037764519453,0.0751531484007835,-0.1255549192428589,0.0198580361902713,0.485806405544281,walking
1783087021817236200,9.664236328125,0.8176825569160282,-0.4332932173430919,0.0209761525332927,-0.1137173995375633,0.0341353081166744,0.4917456805706024,walking
1783087021827281200,9.67428125,0.7154872339412569,-0.5791171080335974,0.0316249723196029,-0.096962921321392,0.0536986216902732,0.4896545708179474,walking
1783087021837325300,9.6843251953125,0.7300760235249996,-0.6314733182147145,0.0966530325472354,-0.0875315517187118,0.0699079260230064,0.4770631492137909,walking
1783087021847369200,9.694369140625,0.7521143984623253,-0.6212095522232354,0.1152723928213119,-0.086738996207714,0.1003798171877861,0.4647018313407898,walking
1783087021857414100,9.7044140625,0.7593485874995589,-0.5486133948288857,0.1642670176148414,-0.0924128592014312,0.1271794885396957,0.4513389468193054,walking
1783087021867458300,9.714458251953126,0.7273588735207915,-0.5202784039653837,0.2307686575263738,-0.1130891144275665,0.1294399797916412,0.4368646442890167,walking
1783087021877503500,9.72450341796875,0.7394483936347067,-0.6018025487028063,0.2104629516005516,-0.1447270661592483,0.1124935001134872,0.4192048907279968,walking
1783087021887547100,9.734547119140624,0.8070563873529434,-0.6282879661768674,0.0764735833495855,-0.1456232219934463,0.0815270617604255,0.4129488468170166,walking
1783087021897591300,9.74459130859375,0.7008747712209821,-0.600773497916013,-0.1952811645597219,-0.1226328164339065,0.0511494427919387,0.4126370847225189,walking
1783087021907636500,9.754636474609375,0.5719361104883254,-0.4906628717720508,-0.531506338813901,-0.0772892981767654,0.0528514683246612,0.4375477433204651,walking
1783087021917680400,9.764680419921875,0.5194698640614748,-0.2917949347667395,-0.7463146261423825,-0.0357887744903564,0.073699839413166,0.4810256958007812,walking
1783087021927724300,9.774724365234375,0.5559511903710663,-0.1802612900823354,-0.6509025335669517,-0.0252932589501142,0.0767875090241432,0.5120858550071716,walking
1783087021937769500,9.78476953125,0.5532053987942636,-0.05873831243366,-0.3999117567449808,-0.029952585697174,0.0683083161711692,0.5385279059410095,walking
1783087021947813400,9.7948134765625,0.524400598461926,-0.0330544206008315,-0.1236146892309188,-0.0422523953020572,0.0615281760692596,0.5541998147964478,walking
1783087021957858300,9.8048583984375,0.4695874966479837,-0.0964677391082048,0.1423965465903282,-0.0439034290611743,0.0539258532226085,0.5522720813751221,walking
1783087021967902200,9.814902099609377,0.4375624190948903,-0.2211759226642549,0.3307318375349045,-0.0536852180957794,0.0240579694509506,0.5323638916015625,walking
1783087021977946400,9.8249462890625,0.5407689649388194,-0.3831779179565608,0.4035509900301695,-0.082152634859085,-0.033316470682621,0.5066339373588562,walking
1783087021987991300,9.8349912109375,0.6630145577736198,-0.4603488359205424,0.3720657184422016,-0.1012602820992469,-0.0993130654096603,0.4907114207744598,walking
1783087021998035200,9.84503515625,0.6867942234203219,-0.4798350421570241,0.1298275723963975,-0.1046563014388084,-0.1733058542013168,0.4808778166770935,walking
1783087022008080100,9.855080078125,0.7788171119488775,-0.3291875307023525,-0.164607209354639,-0.0697960555553436,-0.2286727130413055,0.4829098284244537,walking
1783087022018124300,9.865124267578125,0.7860805270805954,-0.0692819182798266,-0.4035615114241838,-0.0112970629706978,-0.2497498244047165,0.5023612976074219,walking
1783087022028168200,9.875168212890625,0.7454267373919486,0.1569214771576225,-0.5769149218142032,0.0377543717622756,-0.2506366670131683,0.5341770648956299,walking
1783087022038213400,9.88521337890625,0.7323470371969044,0.2759109908059239,-0.5962912379354238,0.0616652965545654,-0.2401978075504303,0.5546026229858398,walking
1783087022048257300,9.89525732421875,0.7427870365381241,0.2615348210595548,-0.5353706130266189,0.0473832972347736,-0.2472309470176696,0.556072473526001,walking
1783087022058302500,9.905302490234376,0.8357841769263148,0.1391176710501313,-0.5777390976786613,0.0157539956271648,-0.2546367049217224,0.5316740274429321,walking
1783087022068346400,9.915346435546876,0.8708125279486179,-0.0211998782865703,-0.7386731714785099,-0.0035107783041894,-0.2469966262578964,0.4941093325614929,walking
1783087022078390300,9.925390380859374,0.95266853498891,-0.277056799840182,-0.8449193772792816,-0.0088922260329127,-0.2310157567262649,0.4402763545513153,walking
1783087022088435500,9.935435546875,1.1241793862521647,-0.4846311903923749,-0.8414455636888742,-0.0015845120651647,-0.206015333533287,0.3828226327896118,walking
1783087022098479400,9.945479248046874,1.2791237181179225,-0.6131340900562703,-0.8457569971472024,-0.0249399878084659,-0.1600721478462219,0.3252504169940948,walking
1783087022108523300,9.955523193359374,1.3186366672083734,-0.5490323508933186,-0.7987754657417535,-0.0919810682535171,-0.0982050448656082,0.28125661611557,walking
1783087022118568200,9.965568115234374,1.2938568846084175,-0.448191657397896,-0.6478448995620012,-0.1419794857501983,-0.0391237363219261,0.2607171833515167,walking
1783087022128612400,9.9756123046875,1.099466531408578,-0.3477393786981702,-0.5867845739215612,-0.1188006624579429,0.0282880589365959,0.2553205490112304,walking
1783087022138657300,9.9856572265625,0.7557661989681422,-0.3638428106285631,-0.6175023682683706,-0.0430549457669258,0.1088828518986702,0.2464732974767685,walking
1783087022148701200,9.995701171875,0.518685289555043,-0.5246319229997695,-0.5989683481901884,0.0276234839111566,0.1603348553180694,0.2426061183214187,walking
1783087022158745300,10.005745361328126,0.434054995495826,-0.631109599468857,-0.528846764215827,0.0781937167048454,0.1534697711467743,0.2460371404886245,walking
1783087022168790300,10.015790283203126,0.3894504223547875,-0.5704118235304951,-0.4955699330359697,0.1337387412786483,0.0894356593489646,0.2500148415565491,walking
1783087022178834200,10.025834228515626,0.3739741824120283,-0.4834373044326901,-0.5042214415252209,0.2040607929229736,-0.0019561983644962,0.2539201080799103,walking
1783087022188879400,10.03587939453125,0.3713680915668607,-0.355362859313935,-0.5477122082054615,0.2670594751834869,-0.0853331089019775,0.2556996345520019,walking
1783087022198923300,10.04592333984375,0.3712634621486068,-0.1686376339145004,-0.5743868646413087,0.3142120838165283,-0.1387546509504318,0.2621870040893554,walking
1783087022208967200,10.05596728515625,0.3910504048973321,0.1336006611943244,-0.5891419507026672,0.3681909143924713,-0.1628762334585189,0.2774237394332886,walking
1783087022219012400,10.066012451171876,0.3571932896114885,0.5249368972957134,-0.5694207666665315,0.4151008129119873,-0.169043093919754,0.3084679841995239,walking
1783087022229056300,10.07605615234375,0.402619262138009,0.9156820356361568,-0.3482593109190464,0.4377344846725464,-0.2023113071918487,0.3528868556022644,walking
1783087022239100200,10.08610009765625,0.5031104115433991,1.281827131857723,0.0029594343274831,0.4329389333724975,-0.2750369906425476,0.3984645009040832,walking
1783087022249145300,10.096145263671875,0.5500314449332654,1.513164236921817,0.3974041578382253,0.4000947177410126,-0.3816302716732025,0.4499873518943786,walking
1783087022259189200,10.106189208984375,0.5330934618748724,1.5161678026519716,0.8480290337324142,0.3588322401046753,-0.5104945302009583,0.4988643527030945,walking
1783087022269234200,10.116234130859375,0.4784368657968938,1.3166881634891032,1.3353092773288489,0.3293129503726959,-0.6722493171691895,0.5303274989128113,walking
1783087022279278300,10.1262783203125,0.3606955986440182,0.9906900764778256,1.6818068392723795,0.3272309899330139,-0.8615355491638184,0.5345366597175598,walking
1783087022289322500,10.136322509765623,0.2416973171673715,0.689904756656289,1.8487158958286043,0.3641282916069031,-1.045268177986145,0.5151776075363159,walking
1783087022299367200,10.1463671875,0.1678176958337426,0.511067654158175,1.890062051695585,0.4178576171398163,-1.2019461393356323,0.4832768440246582,walking
1783087022309411300,10.156411376953123,0.0497165093272924,0.3793240190073847,1.5680997960716485,0.4667974710464477,-1.2733482122421265,0.4348752200603485,walking
1783087022319456300,10.166456298828123,-0.16671747950688,0.2421903613813221,0.8810983596414327,0.505442202091217,-1.2042038440704346,0.3793562054634094,walking
1783087022329500200,10.176500244140623,-0.3747873984910547,0.2259453290231525,0.1235690965235233,0.5183523893356323,-0.9875372648239136,0.3381296694278717,walking
1783087022339544300,10.18654443359375,-0.5875633032090961,0.2819510016225278,-0.5152127911388874,0.5069113969802856,-0.6589060425758362,0.3136237263679504,walking
1783087022349589200,10.19658935546875,-0.652215077470243,0.2875933914236724,-1.0148585953116416,0.4509426951408386,-0.279947280883789,0.309024453163147,walking
1783087022359633200,10.206633056640625,-0.6158794432416558,0.2244426693752408,-1.393610659649968,0.3486995100975036,0.0906290262937545,0.3206642568111419,walking
1783087022369678300,10.21667822265625,-0.5695164821259677,0.1386645204551518,-1.6555144601523877,0.2364683151245117,0.4190335273742676,0.3405292928218841,walking
1783087022379722200,10.22672216796875,-0.5610279091134667,0.0560403055213391,-1.841178486061096,0.1444994956254959,0.6961058378219604,0.3515596985816955,walking
1783087022389766100,10.23676611328125,-0.5189389720551669,-0.0120491881035268,-1.7201403693199158,0.0784565731883049,0.8566685914993286,0.3473481833934784,walking
1783087022399811300,10.246811279296876,-0.4348731800109148,-0.0036195056714117,-1.2423434088617562,0.0244461987167596,0.9217959046363832,0.343633621931076,walking
1783087022409855500,10.25685546875,-0.3626023090481758,0.1217953648492693,-0.7128121695131063,-0.0134487189352512,0.9053295850753784,0.3571403622627258,walking
1783087022419899100,10.266899169921874,-0.2426670389823615,0.1682359212458133,-0.2330330953270196,-0.0189215559512376,0.8335344195365906,0.38825723528862,walking
1783087022429944300,10.2769443359375,-0.1637735350094735,0.1767692101828754,0.2020183638602495,0.0028718893881887,0.6892696619033813,0.4266333878040313,walking
1783087022439988500,10.286988525390624,-0.1000105262815952,0.1167789979919791,0.5975473754763603,0.0575072579085826,0.5087336897850037,0.4576364755630493,walking
1783087022450033200,10.297033203125,-0.1184191664144396,0.0790169842220842,0.9508908577919004,0.0955427885055542,0.3011064827442169,0.478654682636261,walking
1783087022460077300,10.307077392578124,-0.1819692630439996,0.0011354337707161,1.2455080103725191,0.1197768971323967,0.0982437282800674,0.5009797811508179,walking
1783087022470121500,10.31712158203125,-0.2908342730410397,-0.137766987093538,1.3957961869955062,0.1429855525493621,-0.084945797920227,0.5277647972106934,walking
1783087022480167000,10.3271669921875,-0.3396358594805002,-0.2928619794763624,1.39485627579689,0.1905003786087036,-0.2222747057676315,0.5367399454116821,walking
1783087022490210800,10.3372109375,-0.3173945093169808,-0.3968168594695627,1.2662678898066282,0.2566554248332977,-0.3074276745319366,0.5239959359169006,walking
1783087022500255700,10.347255859375,-0.2336602873146533,-0.2982916033096611,1.0615344217687843,0.3048609495162964,-0.311272919178009,0.5092605948448181,walking
1783087022510300000,10.3572998046875,-0.1013148868784308,-0.0963400210753083,0.910744140842557,0.3187964856624603,-0.2754814028739929,0.5096187591552734,walking
1783087022520343800,10.36734375,0.0547758385434746,0.0044680853247642,0.77048986697793,0.288689523935318,-0.2234230935573578,0.5177482962608337,walking
1783087022530388700,10.377388671875,0.2121449133381247,-0.0009894494287669,0.6036345864355563,0.2447188794612884,-0.1686882078647613,0.5202274322509766,walking
1783087022540433000,10.387432861328126,0.4138086185418069,-0.1138056812696158,0.620233839058876,0.1961451768875122,-0.1513637006282806,0.5156521797180176,walking
1783087022550476800,10.397476806640626,0.5212529480859637,-0.2890970739848911,0.5160334598720073,0.1583722233772277,-0.1554130315780639,0.5028054118156433,walking
1783087022560521700,10.407521728515626,0.5094105346009135,-0.3733735131051391,0.4026631012797355,0.1539509743452072,-0.1722165495157241,0.4908038973808288,walking
1783087022570566000,10.41756591796875,0.449525974741578,-0.3487764666609466,0.1763040768891572,0.1625809520483017,-0.1554809808731079,0.4821276068687439,walking
1783087022580611000,10.427611083984376,0.349372386727482,-0.2944608660403638,0.0162953012406826,0.1594193875789642,-0.1090918779373169,0.4895348846912384,walking
1783087022590655000,10.437655029296875,0.3774940271012484,-0.1500338365357369,0.0949941594243049,0.1132124736905098,-0.0754553601145744,0.522255003452301,walking
1783087022600699000,10.447698974609375,0.4488565510474145,0.1768001167777925,0.1373199739784002,0.0371318645775318,-0.0568577721714973,0.5913040041923523,walking
1783087022610743800,10.457743896484375,0.5611608878433704,0.6300646935258061,0.146128718855977,-0.0203026663511991,-0.0132740754634141,0.6755227446556091,walking
1783087022620788000,10.4677880859375,0.5262639081157744,0.5808738885730504,0.139319623363018,-0.0483508631587028,0.0149234887212514,0.7401849627494812,walking
1783087022630833000,10.4778330078125,0.4460227889262139,0.6121890642911195,0.169890702715516,-0.0468144863843917,0.0187192913144826,0.8150642514228821,walking
1783087022640876800,10.487876708984375,0.4528079190216958,0.5578799664765596,0.2453220835357904,-0.0071833198890089,-0.013270303606987,0.8789023756980896,walking
1783087022650921000,10.4979208984375,0.3423648460529744,0.1230402503438293,0.4358516696542501,0.0362618938088417,-0.0524589866399765,0.899713933467865,walking
1783087022660966000,10.5079658203125,0.1275979136481881,-0.4762327798813581,0.6180044725716114,0.0513860769569873,-0.0913354307413101,0.8798737525939941,walking
1783087022671009800,10.518009765625,-0.0611420125745236,-1.0245251260623336,0.7900619979321957,0.0300059523433446,-0.1175116375088691,0.8227173089981079,walking
1783087022681054000,10.528053955078123,-0.3438990698829293,-1.4270442888267338,0.8070072875142097,-0.028054466471076,-0.1272976100444793,0.7321519255638123,walking
1783087022691099000,10.538098876953123,-0.4418637695506215,-1.5751443077556788,0.6680915687769651,-0.0737859979271888,-0.0831280127167701,0.6324053406715393,walking
1783087022701142800,10.548142822265625,-0.4096650889962911,-1.4069909502267837,0.4637169971793889,-0.0637156590819358,0.0248423852026462,0.5538688898086548,walking
1783087022711187700,10.558187744140625,-0.3080605715215206,-1.3756994476452469,0.4429460118293762,-0.0724894404411315,0.1036439910531044,0.485459953546524,walking
1783087022721232000,10.56823193359375,0.0255053203955292,-1.3273020580925046,0.4137538196146488,-0.1134243607521057,0.0938712358474731,0.4106849730014801,walking
1783087022731275800,10.57827587890625,0.3938502647489309,-1.1942096386812626,0.0574877278506755,-0.1374266296625137,0.0598647966980934,0.3540632426738739,walking
1783087022741321000,10.588321044921877,0.4210748101525008,-1.042803125552833,-0.3598942191332578,-0.1477752327919006,0.0464948154985904,0.3360457122325897,walking
1783087022751364900,10.59836474609375,0.3584247311025857,-0.9533066867619752,-0.5706365721970796,-0.1678136587142944,0.0562478452920913,0.344239205121994,walking
1783087022761409800,10.608409912109376,0.4197863777771592,-0.9984307537324726,-0.5192191041707992,-0.1779435575008392,0.0986961424350738,0.3548772037029266,walking
1783087022771454000,10.618453857421876,0.4677322241701185,-0.977962404590845,-0.3100134591549635,-0.1671375185251236,0.1772615164518356,0.3905803561210632,walking
1783087022781497900,10.628497802734374,0.4418035637959838,-0.9417753850527107,-0.0299169993579387,-0.158755749464035,0.2629005014896393,0.4436749219894409,walking
1783087022791542800,10.638542724609374,0.4404423584453761,-1.0595895713113248,0.1833791298419237,-0.1037945002317428,0.339089035987854,0.4586024880409241,walking
1783087022801587000,10.6485869140625,0.6740704970560968,-1.2077267073802649,0.2908013936847448,-0.1429373770952224,0.1937403380870819,0.4816960096359253,walking
1783087022811630800,10.658630859375,0.7935755590111017,-1.070400888182968,-0.2344575751721858,-0.1533782929182052,0.0538372918963432,0.5058122277259827,walking
1783087022821675800,10.66867578125,0.7597764575228094,-1.0543088544294237,-0.777375534838438,-0.1316010504961013,-0.0825656130909919,0.5361791253089905,walking
1783087022831720000,10.678719970703124,0.5372650484710931,-1.1246231844969092,-1.1918576687276363,-0.0781852304935455,-0.2007087618112564,0.5512765645980835,walking
1783087022841764900,10.688764892578124,0.2317861640058457,-1.2989157754331826,-1.1925526652544736,0.0019712066277861,-0.2639151513576507,0.5390480160713196,walking
1783087022851808800,10.698808837890626,0.0022075930468738,-1.5253709536746145,-0.9195096311002968,0.1117632165551185,-0.2612597048282623,0.4910029768943786,walking
