time,seconds_elapsed,accel_x,accel_y,accel_z,gyro_x,gyro_y,gyro_z,label
1783088475549295600,0.052295654296875,-0.082189769039303,-0.21411665180251,-0.8783014223992824,0.1643046736717224,0.0857598930597305,0.07283266633749,walking
1783088475559339800,0.06233984375,-0.2695677592590451,-0.2699472600959241,-0.7829343380093574,0.2294347137212753,0.1417086124420166,0.051358338445425,walking
1783088475569384700,0.072384765625,-0.3855667127892375,-0.3605830781802535,-0.5191641591131687,0.2011942863464355,0.184020385146141,-0.0027847900055348,walking
1783088475579428600,0.0824287109375,-0.3320771146640181,-0.4056475239180028,-0.3466992219954729,0.1071708425879478,0.2414207458496093,-0.0577967651188373,walking
1783088475589472800,0.09247265625,-0.3184194684505462,-0.2910071453899145,-0.2469821257025003,-0.0063943341374397,0.3027767837047577,-0.0856217369437217,walking
1783088475599517700,0.102517578125,-0.3975000194281339,-0.1566457289561629,-0.1767699408352375,-0.0887114331126213,0.3581767082214355,-0.0931707620620727,walking
1783088475609561600,0.1125615234375,-0.576094837602973,-0.0816879569970071,-0.148525258603692,-0.1261866390705108,0.4049599170684814,-0.0901233032345771,walking
1783088475619605800,0.122605712890625,-0.7864268563002348,0.0072515785634517,-0.1454956816494464,-0.1260375082492828,0.3676339387893677,-0.100611075758934,walking
1783088475629651000,0.13265087890625,-0.6092715694092213,0.011900573413074,-0.1751052224934101,-0.0800420567393302,0.323714405298233,-0.1080399602651596,walking
1783088475639694600,0.142694580078125,-0.2919955719053745,0.0395101726114749,-0.3806640354394912,-0.0196535047143697,0.279655784368515,-0.1050459891557693,walking
1783088475649738800,0.15273876953125,-0.1159917931370437,-0.0326009777449071,-0.4619254375874996,0.0282844584435224,0.2175798863172531,-0.0972716882824897,walking
1783088475659784000,0.162783935546875,-0.1475651813998818,-0.0756393244825303,-0.437882883220911,0.0685650780797004,0.1513946652412414,-0.0622012689709663,walking
1783088475669827600,0.17282763671875,-0.2205927159488201,0.0258291455224156,-0.3105670013844966,0.0850412547588348,0.1040298119187355,-0.0272198505699634,walking
1783088475679872800,0.182872802734375,-0.0436200921483337,-0.0817896638058126,-0.2178004548817873,0.0520593635737896,0.0769962295889854,-0.045727003365755,walking
1783088475689917000,0.1929169921875,0.0831228121057152,-0.4062206476308405,-0.2306418162763118,-0.0380641371011734,0.0732747241854667,-0.0710004046559333,walking
1783088475699960800,0.2029609375,-0.0642684740319848,-0.4957508425608277,-0.4379810828983783,-0.1480738669633865,0.0593344345688819,-0.0906389355659484,walking
1783088475710005800,0.213005859375,-0.1993979522287845,-0.6177241943255066,-0.536457823741436,-0.2129002660512924,0.0475278422236442,-0.1055009737610817,walking
1783088475720049700,0.223049560546875,-0.2718047245308757,-0.5428501551270485,-0.5268909539729356,-0.2112194597721099,0.0319114401936531,-0.101758599281311,walking
1783088475730093800,0.23309375,-0.1056162373341619,-0.2261035883247852,-0.5458890844315291,-0.1810956597328186,0.0181857720017433,-0.0786753892898559,walking
1783088475740138800,0.243138671875,0.1282606153406202,-0.007076660387963,-0.541983893686533,-0.1512941867113113,-0.0030886270105838,-0.0302306767553091,walking
1783088475750182700,0.2531826171875,-0.1085075748614966,0.0235064016632735,-0.416508086758852,-0.1372390836477279,-0.0160321220755577,0.0392626486718654,walking
1783088475760227600,0.2632275390625,-0.4284519147917628,-0.0579443855769932,-0.1371305888861417,-0.1400089561939239,-0.0747683495283126,0.0870014801621437,walking
1783088475770271700,0.273271728515625,-0.18948928328529,-0.2578717685073614,0.3295978650689125,-0.1517391055822372,-0.1365989595651626,0.0999708026647567,walking
1783088475780315600,0.283315673828125,0.15058525987342,-0.4002206765636801,0.470233247205615,-0.1653575301170349,-0.1544086933135986,0.1087445020675659,walking
1783088475790360600,0.293360595703125,0.1004750750534236,-0.3759244396969676,0.3666963003635406,-0.174911618232727,-0.1225447654724121,0.1129634827375412,walking
1783088475800405200,0.3034052734375,-0.0029550504133105,-0.3843700503505766,0.2847445778638124,-0.190352514386177,-0.0316550768911838,0.1148626282811164,walking
1783088475810449200,0.31344921875,-0.0995049148470163,-0.3680602821931242,0.217450326269865,-0.1904949992895126,0.0448817759752273,0.1036030501127243,walking
1783088475820494000,0.323494140625,0.2415688684821128,-0.3482933593191206,0.500998387825489,-0.1912177801132202,0.0914223790168762,0.0772505402565002,walking
1783088475830538000,0.3335380859375,0.7490148250117897,-0.4508396876886487,0.7265420041799545,-0.2042752653360366,0.088394895195961,0.0756467804312706,walking
1783088475840582100,0.34358203125,0.8415661213286221,-0.3930880482047796,0.7643079634726047,-0.2133954614400863,0.0560502223670482,0.1256155520677566,walking
1783088475850627000,0.353626953125,0.5928861056670546,-0.1994751091182231,0.6687550011217593,-0.1961999535560608,0.0381886661052703,0.1832343637943267,walking
1783088475860671000,0.3636708984375,0.4338156337819993,-0.2163392962880432,0.5043295780748128,-0.1612939536571502,0.0321981497108936,0.2154741585254669,walking
1783088475870716200,0.373716064453125,0.4996621707856655,-0.2684033916547894,0.5423427901268005,-0.1151978373527526,0.0109008513391017,0.2292019575834274,walking
1783088475880760300,0.38376025390625,0.4883879125773906,-0.1640837700024247,0.6413648898929357,-0.0692316219210624,-0.024395490065217,0.2489943355321884,walking
1783088475890804000,0.393803955078125,0.406613154079765,-0.0106076109930872,0.7020932071000338,-0.0335705615580081,-0.0719371736049652,0.2413063198328018,walking
1783088475900849200,0.40384912109375,0.6484621546775102,-0.0502533926829695,0.7889373778164386,-0.0112646855413913,-0.1121399328112602,0.223067045211792,walking
1783088475910893300,0.413893310546875,0.7710390252932906,-0.0528777498371899,0.8070154708206653,-0.0118644293397665,-0.1444707065820694,0.2143049836158752,walking
1783088475920937000,0.42393701171875,0.7359028299823402,-0.058197337424755,0.9277812003612518,-0.0403991676867008,-0.1856458038091659,0.2182594388723373,walking
1783088475930982100,0.433982177734375,0.6044857964374125,-0.0706635818965733,1.0547276643633845,-0.0931542590260505,-0.2256502211093902,0.2231255769729614,walking
1783088475941026300,0.4440263671875,0.5720556452147663,-0.0458215477153658,1.1012217045128343,-0.1307093054056167,-0.2621416449546814,0.2225025445222854,walking
1783088475951071200,0.4540712890625,0.6106288292370736,-0.0750200235404074,1.0250462273269891,-0.1318019926548004,-0.271243005990982,0.2336545288562774,walking
1783088475961115100,0.464115234375,0.5754594623088837,-0.162313253198564,0.7280395492613315,-0.1010223925113678,-0.2519204914569855,0.2322367131710052,walking
1783088475971159300,0.4741591796875,0.6461765279583632,-0.3529040679849684,0.4421510620594024,-0.0762246400117874,-0.2049106359481811,0.2369987070560455,walking
1783088475981204000,0.484203857421875,0.691904113779962,-0.5123215997420251,0.2291144605785608,-0.0766259729862213,-0.1598683297634124,0.253777414560318,walking
1783088475991248100,0.494248046875,0.7392975869871675,-0.6478627274796366,0.1210211656063795,-0.1024567708373069,-0.1346492618322372,0.2637869119644165,walking
1783088476001292300,0.504292236328125,0.8054315626300871,-0.7566967578165232,0.0123135381281375,-0.1340159028768539,-0.1249225735664367,0.2574633955955505,walking
1783088476011337000,0.5143369140625,0.7447739725716411,-0.7492953955188393,-0.1774976705878972,-0.1475026905536651,-0.0934440121054649,0.250891774892807,walking
1783088476021381000,0.524381103515625,0.5191790644213556,-0.7174588262751698,-0.4134077826559543,-0.1222607120871543,-0.0336764454841613,0.2345432639122009,walking
1783088476031425300,0.53442529296875,0.4162016511581838,-0.6974089948065578,-0.4913765729993581,-0.0570263192057609,0.0307265147566795,0.2170601487159729,walking
1783088476041470000,0.544469970703125,0.3037717882864177,-0.5959057457491755,-0.3691781803071499,0.0093245329335331,0.0781073719263076,0.2123289406299591,walking
1783088476051514000,0.55451416015625,0.246261848603934,-0.5300928187541664,-0.1402601190835237,0.0657635703682899,0.0974397957324981,0.2228577435016632,walking
1783088476061559300,0.564559326171875,0.2232724565520882,-0.4684168454334139,0.1182750817686319,0.0958649739623069,0.0803221389651298,0.2535437047481537,walking
1783088476071603000,0.57460302734375,0.2422197336062788,-0.5320686488717794,0.3769388774365186,0.0991041809320449,0.031966857612133,0.2923145294189453,walking
1783088476081647000,0.584647216796875,0.3133266753561795,-0.6895647110469639,0.5791296752542257,0.0790657401084899,-0.0222514010965824,0.3349633812904358,walking
1783088476091692300,0.5946923828125,0.3636303369216621,-0.8323295064277947,0.5819762968569994,0.060787659138441,-0.0609926730394363,0.3763691484928131,walking
1783088476101736200,0.604736083984375,0.3514719893552362,-0.8884390777930616,0.4179144464254379,0.0588518530130386,-0.0571479462087154,0.4072147309780121,walking
1783088476111780000,0.614780029296875,0.2405376257382333,-0.8525751527294516,0.0732768331348896,0.0514605157077312,-0.001557654235512,0.4398688077926636,walking
1783088476121825300,0.6248251953125,0.2188334511913359,-0.7369209209837019,-0.2160048036366701,0.0251075532287359,0.064116396009922,0.4900701344013214,walking
1783088476131869200,0.634869140625,0.2790726697072386,-0.5810512909665704,-0.4464472979485988,-0.0028393934480845,0.1027103960514068,0.5465264916419983,walking
1783088476141914000,0.6449140625,0.3768316176697611,-0.4735347729690373,-0.6660434040755033,-0.0081224339082837,0.1352842897176742,0.6070722937583923,walking
1783088476151958300,0.654958251953125,0.2427330899558961,-0.4038238156221806,-0.9442138642460108,0.0066069778986275,0.1593526005744934,0.667170524597168,walking
1783088476162002200,0.665002197265625,0.2126354733340442,-0.4528888753034174,-1.0301759914308786,0.0145244821906089,0.1917681992053985,0.7266831994056702,walking
1783088476172047000,0.675047119140625,0.2524368839770555,-0.4665722404800355,-0.9746528416514396,-0.0019679418765008,0.2406041622161865,0.7605139017105103,walking
1783088476182091300,0.68509130859375,0.4488716024860739,-0.5434270782321691,-0.7486673267483711,-0.0484437756240367,0.2647921741008758,0.7982863187789917,walking
1783088476192135200,0.69513525390625,0.4862072075374424,-0.6571456657402217,-0.4071148199915885,-0.1072578281164169,0.2216748297214508,0.8287867307662964,walking
1783088476202180000,0.70518017578125,0.4505598478339612,-0.8108426278933882,-0.0693359865546226,-0.1455425918102264,0.1147352382540702,0.8471652269363403,walking
1783088476212224300,0.715224365234375,0.3767399938635528,-0.9494348137646912,0.1553039589583873,-0.1236245036125183,-0.0454680137336254,0.8459811806678772,walking
1783088476222269200,0.725269287109375,0.3183481567800045,-1.141538225071132,0.2535018828600645,-0.0521495975553989,-0.2274041622877121,0.8116007447242737,walking
1783088476232313000,0.73531298828125,0.2786712492994964,-1.3306620360448955,0.0826297678917646,0.0541115961968898,-0.4143292903900146,0.7578160762786865,walking
1783088476242357200,0.745357177734375,0.2613211783088743,-1.4458672088488935,-0.0839069482207298,0.1353492140769958,-0.5635607242584229,0.6981555819511414,walking
1783088476252402200,0.755402099609375,0.2031409381493926,-1.5340880747459829,-0.2612567347705364,0.1699189096689224,-0.6581133604049683,0.6282649040222168,walking
1783088476262446000,0.765446044921875,0.1659277904339134,-1.638557187871635,-0.3561217148572206,0.1536006182432174,-0.6969771981239319,0.5688900947570801,walking
1783088476272490200,0.775490234375,0.2766068641155958,-1.701825544950366,-0.3788847508072853,0.1334332972764969,-0.6870151162147522,0.5293221473693848,walking
1783088476282535200,0.78553515625,0.23470161306113,-1.6736806698314846,-0.4166659076690673,0.125487744808197,-0.6051963567733765,0.5071015954017639,walking
1783088476292579000,0.7955791015625,0.0974045815669,-1.5202069950401782,-0.5711982977330684,0.1640625745058059,-0.5375941395759583,0.5079168081283569,walking
1783088476302623000,0.805623046875,0.2350254381880164,-1.2230183845363556,-0.2048077023178338,0.2264691740274429,-0.4768065214157104,0.523690402507782,walking
1783088476312668200,0.815668212890625,0.4021957760289311,-1.1231468283340331,-0.0665174220025539,0.2516911625862121,-0.4113942086696625,0.5243114829063416,walking
1783088476322712000,0.825712158203125,0.4185616582877933,-1.1444915219187737,-0.0714636462330818,0.229571983218193,-0.3487943708896637,0.5258635878562927,walking
1783088476332757200,0.83575732421875,0.3338251273751259,-1.144200868409127,-0.0067050505965948,0.1790899038314819,-0.3010065853595733,0.5347649455070496,walking
1783088476342801200,0.84580126953125,0.3864074013970792,-1.2646620620451867,0.0271142168968915,0.1293082386255264,-0.2725796699523926,0.540968656539917,walking
1783088476352845300,0.85584521484375,0.5184013580471277,-1.3740240617789328,0.0021247370690107,0.0975846722722053,-0.2689926624298095,0.5527172088623047,walking
1783088476362890200,0.86589013671875,0.6603330636046827,-1.317759007591009,-0.0024976620346307,0.1003683358430862,-0.2735969722270965,0.5822142362594604,walking
1783088476372934100,0.87593408203125,0.7772326192364096,-1.1491147978052496,-0.0729208593040704,0.1405767500400543,-0.2611123621463775,0.6226500272750854,walking
1783088476382978300,0.885978271484375,0.7933798903085291,-1.0813957449279723,-0.2304062539547681,0.206243097782135,-0.2274302691221237,0.6613505482673645,walking
1783088476393023200,0.896023193359375,0.7138295298621058,-1.044287518891692,-0.3427893550753593,0.2716167569160461,-0.1765681505203247,0.687759280204773,walking
1783088476403067100,0.906067138671875,0.6186664436116814,-1.0003782345384358,-0.4394517399728297,0.3224645853042602,-0.0994895100593566,0.7199591398239136,walking
1783088476413111300,0.916111328125,0.5269362544193864,-0.8815998794227838,-0.5329658899724483,0.3519646823406219,-0.0406682789325714,0.7510438561439514,walking
1783088476423156200,0.92615625,0.6852464094564318,-0.7497814254701137,-0.3716203127622604,0.3512785732746124,-0.0098736677318811,0.7781288623809814,walking
1783088476433200000,0.9362001953125,0.857683435653895,-0.7284682960674166,-0.2792775446295738,0.3151639699935913,-0.0126910265535116,0.8076401948928833,walking
1783088476443245000,0.9462451171875,0.916191592593491,-0.7508269890002905,-0.2860924853414296,0.2718380987644195,-0.0393410921096801,0.8336918354034424,walking
1783088476453289000,0.9562890625,1.019961617539078,-0.8497042734682559,-0.3748287534147501,0.2397654056549072,-0.0814528614282608,0.8425644040107727,walking
1783088476463333000,0.9663330078125,1.119671991830319,-0.9693979898631572,-0.466085479876399,0.2170563638210296,-0.1399880349636078,0.8494271039962769,walking
1783088476473378300,0.97637841796875,1.0949782800786196,-0.9964369495667516,-0.5262380430221557,0.2103547751903534,-0.2134667783975601,0.8710495829582214,walking
1783088476483422000,0.986421875,0.9780131118647754,-0.9543994504347444,-0.5096440510958433,0.2322143912315368,-0.2834948301315307,0.9054137468338012,walking
1783088476493466000,0.996466064453125,0.743811118888855,-0.8273207383550703,-0.4067506628543138,0.2707923948764801,-0.3424715995788574,0.9461761116981506,walking
1783088476503511300,1.00651123046875,0.5702233152210712,-0.6325181510925293,-0.2574550044000148,0.3049590587615967,-0.3809545040130615,0.9801695346832277,walking
1783088476513555000,1.016554931640625,0.5383528437077999,-0.4057226349808275,-0.0980851111769676,0.3112590312957763,-0.391607403755188,1.0030434131622314,walking
1783088476523599000,1.02659912109375,0.5242212963722646,-0.3060100687325001,0.0621095424324274,0.2826875448226928,-0.4030382037162781,1.0129280090332031,walking
1783088476533644300,1.036644287109375,0.4943773622505366,-0.2691005801387131,0.1194692599892616,0.2329055815935135,-0.3794066607952118,1.0219875574111938,walking
1783088476543688000,1.04668798828125,0.458135836046189,-0.0905209595330059,-0.0493663807153701,0.1738098859786987,-0.3347077071666717,1.0394933223724363,walking
1783088476553733000,1.056733154296875,0.5060559634760022,0.0361146849542856,-0.2329348956495523,0.1270714104175567,-0.2735167741775512,1.067409634590149,walking
1783088476563777300,1.06677734375,0.6357742302790284,0.0882819484345614,-0.366658306440711,0.1103453263640403,-0.2147242873907089,1.108940839767456,walking
1783088476573821200,1.0768212890625,0.8167854619458317,0.1215364216521382,-0.3809288238555193,0.108510673046112,-0.1789993196725845,1.1599327325820925,walking
1783088476583866000,1.0868662109375,0.9997731082521378,0.1815491379357874,-0.2840595182090997,0.1177309453487396,-0.1660531759262085,1.2272775173187256,walking
1783088476593910300,1.09691015625,1.1700621626354752,0.2757996393859386,-0.1000958664774894,0.1446579098701477,-0.1856982558965683,1.3083326816558838,walking
1783088476603954200,1.1069541015625,1.3490430575184524,0.3940262058377266,0.1603244174689054,0.1957782059907913,-0.2334482222795486,1.3996676206588743,walking
1783088476613999000,1.1169990234375,1.500739931895584,0.4768745849162339,0.4831757308870553,0.2708039879798889,-0.3105893433094024,1.4854575395584106,walking
1783088476624043300,1.127043212890625,1.6409212866544722,0.5130927302449941,0.7949521080613136,0.3417365252971649,-0.4046400785446167,1.543302297592163,walking
1783088476634087200,1.137087158203125,1.712332910439372,0.4524557445831597,1.0842226389169691,0.3871154487133026,-0.5092812776565552,1.5798797607421875,walking
1783088476644132000,1.147132080078125,1.6625170323908327,0.3317600115388631,1.3539298066467047,0.403806984424591,-0.6187682151794434,1.594233155250549,walking
1783088476654176300,1.15717626953125,1.430794289010018,0.1125995203502476,1.6006535736739635,0.396155446767807,-0.7163987159729004,1.5948991775512695,walking
1783088476664221000,1.167220947265625,1.0591538102425635,-0.0511364591278135,1.723456946521997,0.3769104480743408,-0.7716820240020752,1.5738528966903689,walking
1783088476674265000,1.17726513671875,0.6071710899986327,-0.126833359016478,1.6523071885436773,0.3529662191867828,-0.7886730432510376,1.5418709516525269,walking
1783088476684309200,1.187309326171875,0.2116530381679534,-0.1950003017917275,1.388919871485233,0.3429883420467376,-0.7564046382904053,1.5023185014724731,walking
1783088476694354200,1.197354248046875,-0.1488017374575138,-0.21368761273548,0.845839999255538,0.3651184141635895,-0.6455063819885254,1.4573172330856323,walking
1783088476704398000,1.207398193359375,-0.2772204659692943,-0.1955839468985795,0.024642273825407,0.4152231216430664,-0.4616420269012451,1.4163702726364136,walking
1783088476714442200,1.217442138671875,-0.177984869582951,-0.0346250309184193,-0.8240197971135378,0.479697972536087,-0.2208970636129379,1.400859236717224,walking
1783088476724487200,1.227487060546875,0.0075694123409688,0.1728983600988984,-1.3941139329969885,0.5449727773666382,0.0080995475873351,1.4056696891784668,walking
1783088476734531000,1.237531005859375,0.1743310232505202,0.2462649173438549,-1.592900475329161,0.5943158268928528,0.1942438632249832,1.3958868980407717,walking
1783088476744575200,1.2475751953125,0.1914350105255842,0.1024693176105618,-1.5165730224519969,0.6072843074798584,0.2999222874641418,1.352520227432251,walking
1783088476754620200,1.2576201171875,0.0486351438313722,-0.0961054816670715,-1.2255804901093243,0.5973445773124695,0.3250566720962524,1.2783043384552002,walking
1783088476764664000,1.2676640625,-0.1254042029961943,-0.2049633312709629,-0.9238806857913732,0.5838397741317749,0.3058236539363861,1.1868228912353516,walking
1783088476774709200,1.277709228515625,-0.2357878008626401,-0.2880382125817239,-0.6976853275299072,0.590924859046936,0.2618740200996399,1.097945213317871,walking
1783088476784753200,1.287753173828125,-0.3549950489148497,-0.3976939345650375,-0.5577537097483873,0.6089369654655457,0.2094388008117675,1.007532835006714,walking
1783088476794797000,1.297797119140625,-0.4929683722354471,-0.5574886290714144,-0.4183715425431728,0.610107421875,0.1568725109100341,0.9188380241394044,walking
1783088476804841200,1.30784130859375,-0.6488301112070679,-0.666473758316785,-0.403147085404396,0.5956458449363708,0.1170543953776359,0.8526043891906738,walking
1783088476814885400,1.317885498046875,-0.8079768631987273,-0.6731348236411809,-0.5075380187273025,0.5843402147293091,0.0938462764024734,0.8070105314254761,walking
1783088476824929500,1.327929443359375,-0.8955676144987345,-0.5487338063381612,-0.7442477567404508,0.5845129489898682,0.1037314757704734,0.7816344499588013,walking
1783088476834974200,1.33797412109375,-0.9317036345019936,-0.4108051989421248,-1.0942974582076073,0.5989307761192322,0.1393291503190994,0.7681047916412354,walking
1783088476845018400,1.348018310546875,-0.9405325453847646,-0.207163033272326,-1.367647950875759,0.6220364570617676,0.197553738951683,0.7762840986251831,walking
1783088476855062300,1.358062255859375,-0.9687371878668666,0.038055297628045,-1.502752002370357,0.6427977085113525,0.2725795209407806,0.8029415607452393,walking
1783088476865107200,1.368107177734375,-0.915019772335142,0.2427206688657402,-1.455537831252813,0.644389808177948,0.3337807059288025,0.838665783405304,walking
1783088476875151400,1.3781513671875,-0.8667020238898694,0.3820120890475809,-1.175695638477802,0.6147390007972717,0.3590016365051269,0.8675214052200317,walking
1783088476885195300,1.3881953125,-0.7953241562440991,0.3865186066865921,-0.7602046198070049,0.55576491355896,0.3628113865852356,0.8677036166191101,walking
1783088476895240200,1.398240234375,-0.6789132609121501,0.2453844812475144,-0.3184937027305364,0.4983754158020019,0.321420818567276,0.8552149534225464,walking
1783088476905284400,1.408284423828125,-0.4861778353124856,0.1237521249402314,0.0987754315286874,0.4677077233791351,0.250819444656372,0.8529037833213806,walking
1783088476915329500,1.41832958984375,-0.303066270365566,0.0219571994598954,0.3777893567860126,0.4547354578971863,0.148760974407196,0.8625074028968811,walking
1783088476925373400,1.42837353515625,-0.1719885517776012,-0.1045150711592286,0.553791235858202,0.4395182728767395,0.0467179752886295,0.8623580932617188,walking
1783088476935417300,1.438417236328125,-0.1872952803723514,-0.2870657873529941,0.6611112083703279,0.4152621924877167,-0.0510570555925369,0.8537009358406067,walking
1783088476945462500,1.448462646484375,-0.2094675108224153,-0.4307755354337394,0.8112024011164903,0.3774618208408355,-0.1438010334968567,0.8458641171455383,walking
1783088476955506400,1.45850634765625,-0.1788980389051139,-0.535133589400351,0.9186597362726926,0.3278404772281647,-0.2169934809207916,0.8311887979507446,walking
1783088476965550300,1.46855029296875,-0.0366711497932672,-0.6717923229910433,0.9066600863993168,0.274780660867691,-0.2687220573425293,0.8123775124549866,walking
1783088476975595500,1.478595458984375,0.222800016734749,-0.6969301983136683,0.7244348027676344,0.2342415004968643,-0.3161335289478302,0.7925047278404236,walking
1783088476985639400,1.488639404296875,0.4787760346233844,-0.5806082964394241,0.4806383213639259,0.2296068668365478,-0.3483973443508148,0.7925497889518738,walking
1783088476995684400,1.498684326171875,0.6869352393262088,-0.4156136952023953,0.1903998222589492,0.2573346197605133,-0.3651345372200012,0.8175893425941467,walking
1783088477005728300,1.508728271484375,0.813864313802123,-0.2899989912606776,-0.0360176543205976,0.2920089960098266,-0.3674913346767425,0.854374885559082,walking
1783088477015772400,1.5187724609375,0.9035494070328772,-0.3367380922123789,-0.0470019896715879,0.3187577724456787,-0.3541813790798187,0.8871381878852844,walking
1783088477025817300,1.5288173828125,0.8938992428950965,-0.4370880795814096,0.0523316602617502,0.3331747055053711,-0.3357681035995483,0.9231269955635072,walking
1783088477035861200,1.538861328125,0.8850612719230353,-0.4490209478288888,0.2237245842337608,0.3562603294849396,-0.3228312730789184,0.9626392722129822,walking
1783088477045905400,1.548905517578125,0.9657663553625344,-0.3598716419752687,0.4419464793980121,0.373939961194992,-0.2924515008926391,1.0194668769836426,walking
1783088477055950300,1.558950439453125,0.8375244447223842,-0.2637516933914274,0.5655465555816889,0.3675358593463897,-0.2527714669704437,1.0845465660095217,walking
1783088477065994200,1.568994140625,0.6049312021173536,-0.1500230959460139,0.7238222238272428,0.3175022900104522,-0.2384118437767028,1.1671245098114014,walking
1783088477076038400,1.579038330078125,0.4405918499186634,0.0219946088608354,0.9394424120604992,0.2350377887487411,-0.2590595781803131,1.25516676902771,walking
1783088477086083300,1.589083251953125,0.5615563169017433,0.0875083337135612,1.1401765813291072,0.1527414470911026,-0.3083336651325226,1.307103991508484,walking
1783088477096127200,1.599127197265625,0.7932944039821624,-0.1194941021695733,1.1815057860612868,0.1046857759356498,-0.3590301275253296,1.33056640625,walking
1783088477106171400,1.60917138671875,0.7439009891293943,-0.2788624610226601,0.9602350247204304,0.1095034182071685,-0.3817669153213501,1.3510240316390991,walking
1783088477116216300,1.61921630859375,0.2917754994139075,-0.3351659475248307,0.6142670396089553,0.1662947833538055,-0.4084946513175964,1.351115107536316,walking
1783088477126260200,1.62926025390625,0.1257391340389847,-0.5134977308493107,0.6639274348348378,0.2444300204515457,-0.4866886138916015,1.3233612775802612,walking
1783088477136305400,1.639305419921875,0.4292665921755135,-0.7061787228479981,1.1240215653419494,0.2952383458614349,-0.6256451606750488,1.3061587810516355,walking
1783088477146349300,1.649349365234375,0.7752700869917869,-0.7756853167291731,1.5068255354195832,0.3237839639186859,-0.7978161573410034,1.287783145904541,walking
1783088477156393200,1.659393310546875,0.9818106044515966,-0.8415690439380705,1.6994453718155622,0.3518795073032379,-0.9524102807044984,1.2545901536941528,walking
1783088477166438400,1.6694384765625,1.0293383715629576,-0.9642171531591563,1.6290315268963576,0.3775813579559326,-1.036388635635376,1.208174705505371,walking
1783088477176482600,1.679482666015625,0.7728915212921798,-1.1575965757507831,1.3084464048445223,0.3790157437324524,-1.0527477264404297,1.1579493284225464,walking
1783088477186526200,1.689526123046875,0.4324890613533556,-1.337535721206665,0.9662018241703508,0.3615172207355499,-1.0163061618804932,1.096550464630127,walking
1783088477196571400,1.6995712890625,0.1639155738286674,-1.4695695714756845,0.6004933658003807,0.336138367652893,-0.940853714942932,1.0130470991134644,walking
1783088477206615600,1.709615478515625,0.061676557842642,-1.6614361052863298,0.2746826180547476,0.3168263435363769,-0.8322607278823853,0.9193928241729736,walking
1783088477216659200,1.7196591796875,0.0825964501440525,-1.7513099990874528,-0.1315969201564788,0.3044849634170532,-0.6876867413520813,0.8275697231292725,walking
1783088477226704400,1.729704345703125,0.1218348200768232,-1.7734115023888646,-0.6407300991207361,0.310398519039154,-0.5062658786773682,0.7376130819320679,walking
1783088477236748500,1.73974853515625,0.0582896918833255,-1.702889082528651,-1.2025959203630685,0.3156675696372986,-0.2751226723194122,0.645104169845581,walking
1783088477246793200,1.749793212890625,-0.0179433607086539,-1.7133657606184485,-1.717470273327827,0.2949311733245849,-0.0024934988468885,0.5563609004020691,walking
1783088477256837400,1.75983740234375,-0.3418284010887146,-1.546479062024504,-2.137255774322152,0.2347818166017532,0.3023598790168762,0.5143327116966248,walking
1783088477266881500,1.769881591796875,-1.017265656453371,-0.9344213690280914,-2.536154554632306,0.1597202122211456,0.6229488253593445,0.522773027420044,walking
1783088477276926200,1.77992626953125,-1.4550108847692609,-0.2380177518717944,-2.770506915864348,0.0936591699719429,0.9185338616371156,0.5695894956588745,walking
1783088477286970400,1.789970458984375,-1.1270173861570656,0.3818658124446868,-2.708766206744313,0.0414900109171867,1.107209086418152,0.6500682830810547,walking
1783088477297014500,1.8000146484375,-0.0927402430176734,0.8104123467173426,-2.2931097683787343,-0.0006952597759664,1.205085039138794,0.7498723864555359,walking
1783088477307059200,1.81005908203125,0.299122647306323,0.9871182824056596,-2.057946090763807,-0.008152144961059,1.1832082271575928,0.8176384568214417,walking
1783088477317103400,1.820103271484375,0.2957248215615749,0.7902667267240583,-1.4680068522036074,0.0498869232833385,1.083956241607666,0.8811551332473755,walking
1783088477327147300,1.830147216796875,-0.004797609540075,0.6166982853438705,-0.8260831593841313,0.1559397727251052,0.9878242015838624,0.927851140499115,walking
1783088477337192200,1.840192138671875,-0.867229701025784,0.2122282807726412,-0.5013000011205673,0.2954966127872467,0.9229069948196412,0.938681662082672,walking
1783088477347236400,1.850236328125,-1.418752115169167,-0.1274982526659965,-0.1608043099403381,0.3989974856376648,0.8717769980430603,0.9061967134475708,walking
1783088477357281500,1.860281494140625,-1.7933043897300958,-0.3086090722497552,-0.0728103846669197,0.4040114283561706,0.8517434000968933,0.8208926916122437,walking
1783088477367325200,1.8703251953125,-1.9833043990164991,-0.3461868154939264,-0.0981985084235668,0.358559638261795,0.8396458625793457,0.6947740912437439,walking
1783088477377369300,1.880369384765625,-1.632176108532399,-0.1977800687033682,-0.0017611644536256,0.283101350069046,0.83022141456604,0.5861093997955322,walking
1783088477387414500,1.89041455078125,-1.199677694828808,0.1388968679063022,-0.1689297487288713,0.1855438351631164,0.7936387062072754,0.5021606087684631,walking
1783088477397458400,1.90045849609375,-0.8042912334885448,0.3230042389575391,-0.3511158693939447,0.1023421660065651,0.7027828693389893,0.4325679838657379,walking
1783088477407502300,1.91050244140625,-0.2358746754284948,0.3167047004219144,-0.3361176222264767,0.0637155994772911,0.5797919034957886,0.3947641253471374,walking
1783088477417547500,1.920547607421875,0.5779494524937123,0.2962927576426416,-0.2566664843708277,0.0563317202031612,0.4228318631649017,0.38466677069664,walking
1783088477427591400,1.93059130859375,1.3047586562424898,0.2570920893717557,-0.1272404785126447,0.0583059825003147,0.237727865576744,0.4048673808574676,walking
1783088477437635300,1.94063525390625,1.7993305181518195,0.2069501942392438,0.0801899735242128,0.0623428001999855,0.0567088164389133,0.4313455820083618,walking
1783088477447680500,1.950680419921875,2.2679336799375713,0.1162812045376747,0.3295668854087591,0.071954108774662,-0.0747122466564178,0.4548106789588928,walking
1783088477457724400,1.960724365234375,2.2672025891840457,0.0184621969509869,0.4115145162552595,0.0988336578011512,-0.1226605921983718,0.4917324483394623,walking
1783088477467768300,1.970768310546875,2.0159736196920273,0.1926264122672379,0.3943973772376775,0.1529825031757354,-0.1212059557437896,0.5570285320281982,walking
1783088477477813200,1.980813232421875,1.8426734007939696,0.5406733956098556,0.6187871473819017,0.1932750642299652,-0.1250622123479843,0.6457805037498474,walking
1783088477487857400,1.990857421875,1.7385712212845683,0.898243701840192,0.9292477657824754,0.1858870685100555,-0.1090971231460571,0.7649093866348267,walking
1783088477497902300,2.00090234375,1.5448121517255902,1.2832653479672969,1.0972843650639057,0.1163902804255485,-0.0957701206207275,0.8937554955482483,walking
1783088477507946200,2.0109462890625,1.265330024434626,1.481759337093681,1.3472270941376685,0.0151131991297006,-0.0947179049253463,1.0000020265579224,walking
1783088477517990400,2.020990478515625,0.8907974774874746,1.436178320135921,1.5329466496258972,-0.0844882279634475,-0.0996985584497451,1.0598171949386597,walking
1783088477528035300,2.031035400390625,0.7521204628769308,1.256010699686408,1.5909423269987106,-0.1490313708782196,-0.1042587459087371,1.066636323928833,walking
1783088477538079200,2.041079345703125,0.7687674270994961,0.8891765252221375,1.4413240124613045,-0.1915695071220398,-0.0608601346611976,1.0427806377410889,walking
1783088477548123400,2.051123291015625,0.5648388457037509,0.5027411398395896,0.9206821820110082,-0.2076084613800048,0.0133728794753551,0.9902101755142212,walking
1783088477558168300,2.061168212890625,0.3953789356209337,0.2422869536235928,0.4878472298294306,-0.1990583688020706,0.0845887362957,0.9203786253929138,walking
1783088477568212200,2.071212158203125,0.2960716622378677,-0.0129853729750961,0.2413315525949001,-0.2002466171979904,0.1320661753416061,0.84583979845047,walking
1783088477578256400,2.08125634765625,0.2175410002280026,-0.225703921482712,0.1000952819555997,-0.2104057818651199,0.1547685712575912,0.7744694948196411,walking
1783088477588301300,2.09130126953125,0.2959611145354807,-0.3999732776738703,0.0580646509557962,-0.2279906570911407,0.1449593752622604,0.7106441259384155,walking
1783088477598345200,2.10134521484375,0.4769432662382721,-0.5413896541204303,0.0690653529196977,-0.2415762394666671,0.0950847566127777,0.6620350480079651,walking
1783088477608389400,2.111389404296875,0.6211586988188326,-0.694111414565891,0.0716062695741653,-0.2374568581581115,0.0053622759878635,0.6167493462562561,walking
1783088477618434300,2.121434326171875,0.6138455993264913,-0.8597709825176745,0.045381110471487,-0.2212416678667068,-0.1005401909351348,0.5748673677444458,walking
1783088477628478200,2.131478271484375,0.5282871575716883,-0.9400161933604628,0.0114519528627395,-0.2077105045318603,-0.2413630932569503,0.5447728037834167,walking
1783088477638523400,2.1415234375,0.5685203106954694,-0.9713920132245868,0.1690174270123243,-0.2021106779575348,-0.4046633541584015,0.5382019877433777,walking
1783088477648567600,2.151567626953125,0.5831771240141242,-1.0006578551974148,0.3467769634068012,-0.1933118253946304,-0.5384066104888916,0.5446902513504028,walking
1783088477658611200,2.161611083984375,0.5329598255578428,-1.071238946442306,0.3629121056497096,-0.1696371138095855,-0.6096746921539307,0.5479925870895386,walking
1783088477668656400,2.171656494140625,0.4194305500768124,-1.1172223336558789,0.3229676332741976,-0.1404802501201629,-0.6060709953308105,0.5415304899215698,walking
1783088477678700500,2.181700439453125,0.2976185994189232,-1.1048106689155102,0.2734142055541276,-0.1333618909120559,-0.5507946610450745,0.5411560535430908,walking
1783088477688744200,2.191744140625,0.3042528498016297,-1.055047543967515,0.2790349680453539,-0.1529132425785064,-0.480934202671051,0.5636603236198425,walking
1783088477698789400,2.201789306640625,0.3740640526525676,-0.999493122266978,0.2815612716525792,-0.187840074300766,-0.4313485324382782,0.5937543511390686,walking
1783088477708833500,2.21183349609375,0.5913917754560709,-0.9688608873117714,0.3591191431075334,-0.2258711755275726,-0.3910627663135528,0.6464064121246338,walking
1783088477718877400,2.22187744140625,0.6435818352900445,-0.9719313077330588,0.3452121983081102,-0.2536405026912689,-0.3677728772163391,0.7107345461845398,walking
1783088477728922400,2.23192236328125,0.5895287580631673,-1.0963310098618269,0.250093535721302,-0.2555801272392273,-0.3530145585536957,0.7596243023872375,walking
1783088477738966500,2.241966552734375,0.5445278790809214,-1.3287202543273566,0.1459866800367832,-0.2304324358701706,-0.3452759683132171,0.7909209728240967,walking
1783088477749011200,2.25201123046875,0.4942379537798464,-1.6339096543267368,0.0346942967623472,-0.186214417219162,-0.357264369726181,0.8005498647689819,walking
1783088477759055400,2.262055419921875,0.5022511643655598,-1.9105271859668191,-0.0109708913475275,-0.1273191422224044,-0.3887003362178802,0.7864683866500854,walking
1783088477769099500,2.272099609375,0.5030390998728573,-2.0717999902017414,0.0018120178580284,-0.0708848983049392,-0.4416588842868805,0.7509332895278931,walking
1783088477779144200,2.282144287109375,0.4444632845245301,-2.128169819938391,0.122788175278902,-0.014803783968091,-0.5070357322692871,0.6863452196121216,walking
1783088477789188400,2.292188232421875,0.4190620090253651,-2.1841522577926513,0.2426736148536205,0.041619949042797,-0.5634663105010986,0.6081416606903076,walking
1783088477799233300,2.3022333984375,0.2861500607475638,-2.092498056446016,0.2750368383198976,0.0885227397084236,-0.6062459945678711,0.5268454551696777,walking
1783088477809278200,2.3122783203125,0.1654093195177614,-1.9298862586922945,0.4060732019841671,0.1150929480791091,-0.6230051517486572,0.4480901062488556,walking
1783088477819322400,2.322322265625,0.0838201467201113,-1.665453231973201,0.5426549248158932,0.1066683083772659,-0.5998455286026001,0.3873500525951385,walking
1783088477829366300,2.3323662109375,-0.0882867707401514,-1.3194324937611817,0.5710650267422199,0.0636925101280212,-0.5405762195587158,0.3502728343009949,walking
1783088477839411200,2.3424111328125,-0.1855262248732149,-0.8898353544570505,0.5822451769262552,0.01015364844352,-0.4804830551147461,0.3526731431484222,walking
1783088477849455000,2.352455078125,-0.0004424830704927,-0.5471035747878253,0.6840811650693416,-0.0345124118030071,-0.4258135557174682,0.3790567815303802,walking
1783088477859499300,2.362499267578125,0.2864902524873614,-0.3773815066374838,0.5939087267130613,-0.0498937629163265,-0.3852200508117676,0.4055094420909881,walking
1783088477869544200,2.372544189453125,0.5471427377544343,-0.418846758839488,0.3994038072228431,-0.0272145494818687,-0.336734265089035,0.4177064299583435,walking
1783088477879588000,2.382588134765625,0.7251840136997402,-0.6320940804615617,0.2135655937910079,0.0196538884192705,-0.2817344069480896,0.4032449424266815,walking
1783088477889633300,2.39263330078125,0.8041912071801721,-0.9427664419166744,0.1425058521836996,0.054779153317213,-0.2403130829334259,0.3635752201080322,walking
1783088477899677200,2.40267724609375,0.8086572466783225,-1.1415554684668778,0.146070851188898,0.0646134093403816,-0.2092627584934234,0.3230685591697693,walking
1783088477909721000,2.41272119140625,0.8114926162347197,-1.1115404155619442,0.0466781645447015,0.0550751760601997,-0.1878719329833984,0.3020380437374115,walking
1783088477919766300,2.422766357421875,0.8457992288537323,-0.901587751571089,-0.0735813690394163,0.0443381108343601,-0.1835379004478454,0.2809053361415863,walking
1783088477929810200,2.43281005859375,0.8687446356333792,-0.8501170920528471,-0.1980693339735269,0.0359488874673843,-0.1893824785947799,0.2458496242761612,walking
1783088477939854000,2.44285400390625,0.704506844113022,-0.8808825249336659,-0.5360305382400751,0.0411971770226955,-0.198776513338089,0.177403450012207,walking
1783088477949899300,2.452899169921875,0.6764370800569653,-1.1115024216391145,-0.8730161754727364,0.0722344890236854,-0.2327776551246643,0.0652564689517021,walking
1783088477959943200,2.462943115234375,0.7060150567188859,-1.5139546566471456,-1.141210016030073,0.1330525577068328,-0.2456183582544326,-0.0758702978491783,walking
1783088477969987000,2.472987060546875,0.4432333043381571,-1.7433232381172477,-1.653993534195423,0.2080098837614059,-0.1810574233531952,-0.2036074697971344,walking
1783088477980032300,2.4830322265625,0.22006591559574,-1.5452194173522291,-2.29947754984498,0.2859646081924438,-0.0240811165422201,-0.2746486067771911,walking
1783088477990076400,2.493076416015625,0.2473644030183553,-1.0803237317822874,-2.8453859234988688,0.3358885049819946,0.1943445950746536,-0.2743716835975647,walking
1783088478000120000,2.5031201171875,0.4237587885394692,-0.4992844235144555,-3.1662890254586933,0.3424254953861236,0.426145076751709,-0.2377862483263015,walking
1783088478010165200,2.513165283203125,0.5750023661911488,-0.0695670188315212,-3.242137170386314,0.3202354609966278,0.6330902576446533,-0.1963921934366226,walking
1783088478020209400,2.52320947265625,0.6713521780081093,0.1537880014374852,-3.0362808357983826,0.2968044281005859,0.8099166750907898,-0.1659432053565979,walking
1783088478030254000,2.533254150390625,0.7839457070089876,0.1937996938303113,-2.6343460487931964,0.2763709425926208,0.9349554777145386,-0.1424556225538253,walking
1783088478040298200,2.54329833984375,0.765273593634367,0.2650121417813003,-2.186725030890107,0.2622127830982208,0.994400680065155,-0.1147081404924392,walking
1783088478050342400,2.55334228515625,0.6926493791893125,0.4755941166516393,-1.7436399028509857,0.2656468749046325,0.979975402355194,-0.0716454461216926,walking
1783088478060387000,2.563386962890625,0.6902483093969524,0.7635810374375432,-1.332282038462162,0.2775802314281463,0.8850451707839966,0.0016921502538025,walking
1783088478070431200,2.57343115234375,0.6901626769401132,1.0957132432896644,-0.9276531900674104,0.3055369853973388,0.7211751937866211,0.1130399703979492,walking
1783088478080475400,2.583475341796875,0.5687476897105574,1.4384171851038932,-0.52227615365386,0.3506682515144348,0.5151922106742859,0.241887167096138,walking
1783088478090520000,2.59352001953125,0.4395094615094363,1.6955863582998514,-0.0006008885025978,0.385156512260437,0.2606423199176788,0.3656941056251526,walking
1783088478100564200,2.603564208984375,0.3388477778427303,1.891477033060044,0.6786053640067577,0.3913123905658722,-0.038517490029335,0.4780744314193725,walking
1783088478110608400,2.6136083984375,0.2041618056297302,1.9059490643963215,1.3706073852032423,0.3720383644104004,-0.3567424714565277,0.5621102452278137,walking
1783088478120653000,2.623653076171875,0.0544565434612333,1.7547772368066012,1.9504601140350104,0.3319644331932068,-0.6691139340400696,0.6088401675224304,walking
1783088478130697200,2.633697265625,-0.0692794340617954,1.5404793832182884,2.37868435755074,0.2854412496089935,-0.951602816581726,0.6191731095314026,walking
1783088478140741400,2.643741455078125,-0.2193886008560657,1.3205281800433992,2.4904402666836973,0.2509040236473083,-1.160907745361328,0.597472608089447,walking
1783088478150786000,2.6537861328125,-0.4839151510775089,1.108312101165205,2.2633698791533705,0.2515267133712768,-1.2986478805541992,0.5323910713195801,walking
1783088478160830200,2.663830322265625,-0.8149377882525324,0.8978488573037088,1.7537328423202037,0.2859525978565216,-1.3418430089950562,0.4386558532714844,walking
1783088478170875400,2.67387548828125,-0.986276936210692,0.684881886992976,0.93440500241518,0.3427631258964538,-1.251476526260376,0.3418195843696594,walking
1783088478180919300,2.683919189453125,-0.9457188619814813,0.5373132715269923,0.0061801499396562,0.3991036415100097,-1.0476560592651367,0.2336941957473755,walking
1783088478190963200,2.693963134765625,-0.8657647430397569,0.4409688665375113,-0.8147498644649982,0.4365050792694092,-0.7531682848930359,0.115016259253025,walking
1783088478201008400,2.70400830078125,-0.7010727780111133,0.4223842853158712,-1.4901485413849354,0.4346142411231994,-0.3928511440753937,-0.0036797672510147,walking
1783088478211052300,2.71405224609375,-0.5333414452865719,0.3586727145142853,-1.9640385575324295,0.3931044340133667,-0.0333096757531166,-0.1111491620540618,walking
1783088478221096200,2.72409619140625,-0.4800735270880162,0.2684779912609606,-2.109112798899412,0.3389506638050079,0.2937195897102356,-0.2026407271623611,walking
1783088478231141400,2.734141357421875,-0.5153941390551626,0.1248791562087833,-2.0113240403205155,0.3092261254787445,0.5535667538642883,-0.2776367962360382,walking
1783088478241185300,2.744185302734375,-0.6177306240662932,0.0007831132017076,-1.6482745720267296,0.2974008917808532,0.7292725443840027,-0.3368609845638275,walking
1783088478251229200,2.754229248046875,-0.7050181546360254,-0.0874618642233312,-1.1058896963238716,0.2858493328094482,0.8156890273094177,-0.3727041482925415,walking
1783088478261274400,2.7642744140625,-0.7640861374154686,-0.0816169375874102,-0.5903682776272297,0.2609314620494842,0.8139427900314331,-0.3714529871940613,walking
1783088478271318300,2.774318359375,-0.8057745308488607,0.0373491221200674,-0.133959557634592,0.2370262295007705,0.755865752696991,-0.3390471935272217,walking
1783088478281362200,2.784362060546875,-0.8246599947132169,0.1500377455258741,0.2259755780309438,0.2227386385202407,0.6544235348701477,-0.292096197605133,walking
1783088478291407400,2.794407470703125,-0.7272790862828493,0.2318998169807717,0.6217383984029292,0.1973277330398559,0.5060895085334778,-0.2378641068935394,walking
1783088478301451300,2.804451171875,-0.5794850645631552,0.2479153148993849,0.9224363322019576,0.1452618688344955,0.3526882231235504,-0.1792143732309341,walking
1783088478311496200,2.81449609375,-0.4666659101128578,0.1981429471990093,0.969685574632883,0.081814520061016,0.2018957883119583,-0.1093472391366958,walking
1783088478321540000,2.8245400390625,-0.4443487182341515,0.1034296870753169,1.0309288556247949,0.0346510000526905,0.0540679767727851,-0.0360277518630027,walking
1783088478331584300,2.834584228515625,-0.4848771279774606,-0.0418126408675685,1.1139490841388702,0.0179293118417263,-0.0661860331892967,0.0312538854777812,walking
1783088478341629200,2.844629150390625,-0.4798844342567026,-0.1536891441728919,1.0780775602906942,0.0191844590008258,-0.1583867967128753,0.0885818898677825,walking
1783088478351673000,2.854673095703125,-0.4028346584543585,-0.1226790523486211,1.0055857400536536,0.034615471959114,-0.218958243727684,0.1465843468904495,walking
1783088478361717200,2.86471728515625,-0.2994027794219553,-0.0627394013011828,0.9335849182039498,0.0606215074658393,-0.244268923997879,0.186328038573265,walking
1783088478371762200,2.87476220703125,-0.1370879187881946,-0.1115534088307991,0.8694371479421853,0.0945160090923309,-0.2353606224060058,0.2149469256401062,walking
1783088478381806000,2.88480615234375,0.0528467701770365,-0.1317690253203734,0.7811872020810842,0.126000702381134,-0.210845947265625,0.2407122105360031,walking
1783088478391850200,2.894850341796875,0.1905618809528649,-0.1519449673866853,0.8872510370522737,0.1443225443363189,-0.2202877402305603,0.2724277377128601,walking
1783088478401895200,2.904895263671875,0.2315386189855635,-0.2741447848509997,1.2813269272506236,0.1362398415803909,-0.2928594052791595,0.3003443479537964,walking
1783088478411939000,2.91493896484375,0.2862538133829831,-0.4961813063999638,1.6968056709617376,0.1143685355782508,-0.3849858343601227,0.3288692235946655,walking
1783088478421983200,2.924983154296875,0.3251799024961888,-0.7685784803986548,1.8262223244696856,0.0978558734059333,-0.4530431926250458,0.346127301454544,walking
1783088478432028400,2.9350283203125,0.3514243508212268,-1.014150008650869,1.7876088084369897,0.0913389101624488,-0.4830801486968994,0.350677490234375,walking
1783088478442072000,2.945072021484375,0.4347777568124234,-1.1108612011261283,1.7004034031927584,0.0887929275631904,-0.4734211266040802,0.3496231436729431,walking
1783088478452117200,2.9551171875,0.505725270216912,-1.1520346307747065,1.6788041503250597,0.0754076242446899,-0.4556871652603149,0.3559601306915283,walking
1783088478462161400,2.965161376953125,0.5171119027584791,-1.1852676228128374,1.693386802428961,0.0568515174090862,-0.4149181842803955,0.3732427060604095,walking
1783088478472205000,2.975205078125,0.4402585263110697,-1.2286740722104907,1.516493527474999,0.0378782376646995,-0.3348653614521026,0.4237247407436371,walking
1783088478482250200,2.985250244140625,0.1430873053334653,-1.211134835323319,1.2736129918724295,0.0115646105259656,-0.2454420179128646,0.5044766068458557,walking
1783088478492294400,2.99529443359375,0.0488704138919711,-1.1250079460307956,1.132825049522519,-0.0052857105620205,-0.1696317195892334,0.5649152398109436,walking
1783088478502338000,3.005338134765625,0.3803120071314275,-1.2378006508655846,1.0215765053898096,-0.0023205471225082,-0.109670378267765,0.5963085889816284,walking
1783088478512383200,3.01538330078125,0.6693573509290814,-1.4149118063539263,0.7417892576724291,0.0166754405945539,-0.0631626844406127,0.6427944898605347,walking
1783088478522427400,3.025427490234375,0.6003361294120549,-1.3178072306469082,0.38404198743999,0.0713330879807472,-0.0024719042703509,0.7211595773696899,walking
1783088478532471300,3.03547119140625,0.2820364879488944,-1.0525766238093377,0.1464075357973575,0.1354931890964508,0.053554568439722,0.8479659557342529,walking
1783088478542516200,3.04551611328125,-0.1370287359468638,-0.7372979376025498,0.0545861611902713,0.2009334415197372,0.115000881254673,0.982451319694519,walking
1783088478552560400,3.055560302734375,-0.4929359312705695,-0.5592533371889964,0.0063619362473487,0.2534761130809784,0.1864176094532013,1.0622869729995728,walking
1783088478562604300,3.065604248046875,-0.6608854367904364,-0.7030005312032997,-0.0592886397927999,0.2717182338237762,0.2797137200832367,1.1210362911224363,walking
1783088478572649200,3.075649169921875,-1.039883877105266,-0.7112316223233938,-0.2688847454309463,0.2521941363811493,0.3673867881298065,1.1651723384857178,walking
1783088478582693400,3.085693359375,-1.2392691159829496,-0.7879355072975158,-0.2688783156901598,0.2106698453426361,0.386139452457428,1.166501760482788,walking
1783088478592738000,3.095738037109375,-1.128496372668445,-1.052684906489402,-0.1377916831433773,0.1524600982666015,0.3287016749382019,1.135164737701416,walking
1783088478602782200,3.1057822265625,-0.9604254327259956,-1.336377491082251,-0.2166249813616275,0.0900180339813232,0.2098754197359085,1.0772184133529663,walking
1783088478612826400,3.115826416015625,-0.8023194219589233,-1.6994545780353247,-0.5433370618611574,0.0613290704786777,0.0485326647758483,0.9831414818763732,walking
1783088478622871000,3.12587109375,-0.6915969475269317,-2.141013373290002,-0.9058388331443072,0.0893838703632354,-0.1230081990361213,0.841647744178772,walking
1783088478632915200,3.135915283203125,-0.7395651518821715,-2.6121377241164443,-1.1917583000063896,0.1709483563899994,-0.2581827640533447,0.6771019697189331,walking
1783088478642959000,3.145958984375,-1.3334740247257053,-2.8443437209695577,-1.542804026773572,0.289335161447525,-0.1571552455425262,0.5947743654251099,walking
1783088478653004300,3.15600439453125,-3.176574857151508,-2.1018943919532,-2.927911646494269,0.4091403186321258,0.1696801334619522,0.6010366082191467,walking
1783088478663048200,3.166048095703125,-3.1637580456763503,-0.8522410254042595,-3.852197405955195,0.4473643898963928,0.5023587346076965,0.5831143260002136,walking
1783088478673092000,3.176092041015625,-0.9783256849452852,-0.4750912451634183,-3.716534551534056,0.3141453266143799,0.8454591631889343,0.5786819458007812,walking
1783088478683137300,3.18613720703125,0.0930564693599939,0.0891318797947838,-3.903391586619615,0.1413631737232208,1.0527812242507937,0.6233934760093689,walking
1783088478693181200,3.19618115234375,1.0315649615712463,1.1757467841431497,-3.4942923148125407,0.0507817454636096,1.131122589111328,0.7328827977180481,walking
1783088478703225000,3.20622509765625,1.5449442536726592,1.6572819082163273,-2.9116578463077545,0.0585176981985569,1.0521007776260376,0.8488797545433044,walking
1783088478713270300,3.216270263671875,1.3308866385810076,1.3503059170611202,-1.9859978758841752,0.1223180815577507,0.864836573600769,0.947294533252716,walking
1783088478723314200,3.226314208984375,0.6567074204534292,0.9232742443308234,-1.083228951704502,0.2198270559310913,0.6336233615875244,0.9828392267227172,walking
1783088478733359400,3.236359375,0.1143095391385257,0.3635806525610387,-0.379933383077383,0.3165085613727569,0.428488165140152,0.9739977717399596,walking
1783088478743403300,3.2464033203125,-0.6052509355910122,0.0481875461943447,0.0422381362706422,0.3606890738010406,0.2828531861305237,0.9389090538024902,walking
1783088478753447200,3.256447265625,-1.355228906546533,0.0713821054294705,0.2758276964366435,0.3455570936203003,0.1336797028779983,0.8654963970184326,walking
1783088478763492400,3.266492431640625,-1.2084754799209534,0.1418593344410881,0.8941004645556211,0.2681808173656463,-0.0267246179282665,0.792914867401123,walking
1783088478773536300,3.276536376953125,-0.6977966789498925,0.3295508841220289,1.2902291956305505,0.1707558333873748,-0.1653384119272232,0.7266392707824707,walking
1783088478783580400,3.286580322265625,-0.2797184202648699,0.5738710606062785,1.2636790423572062,0.0923110991716384,-0.2281131148338318,0.6493897438049316,walking
1783088478793625000,3.296625,-0.1142570782989263,0.7130082766070962,0.9073200116127728,0.0541607961058616,-0.299130231142044,0.5446865558624268,walking
1783088478803668700,3.306668701171875,0.50532808759287,0.6487313270077109,1.1057792216867208,0.0415224991738796,-0.3818882405757904,0.4663664996623993,walking
1783088478813712600,3.316712646484375,1.003342929562926,0.7511294790782034,1.165858135074377,0.032192051410675,-0.4471273422241211,0.4087763130664825,walking
1783088478823757600,3.326757568359375,1.4459180622532963,0.9137814627118408,1.089566338032484,0.0261205770075321,-0.4578492343425751,0.3846212029457092,walking
1783088478833801700,3.3368017578125,1.6595083520941436,1.148822390729934,0.8934276798605918,0.0122064016759395,-0.3707935214042663,0.426022469997406,walking
1783088478843845600,3.346845703125,1.647411379326135,1.5095159435473382,0.4708493332773447,0.000199805945158,-0.2079095393419265,0.5223252773284912,walking
1783088478853890600,3.356890625,1.825684564331174,1.913834410818666,0.2916021886736154,-0.0009409647900611,-0.024028617888689,0.6666162610054016,walking
1783088478863934700,3.366934814453125,1.791143996825814,2.334948237807303,0.2364034485429525,-0.0074918083846569,0.1448400318622589,0.8485482335090637,walking
1783088478873978600,3.376978515625,1.4444362992629407,2.482804072716832,0.1685872189015149,-0.0157315656542778,0.2701936066150665,1.0080150365829468,walking
1783088478884023600,3.3870234375,1.3159133797243237,2.1105321641780437,0.4684527935296297,-0.0200674589723348,0.345093160867691,1.111385941505432,walking
1783088478894067700,3.397067626953125,0.9404252856180072,1.53444331792444,0.7878957598090172,-0.0269567128270864,0.3944785892963409,1.136009693145752,walking
1783088478904112600,3.407112548828125,0.3318102804213762,0.9878111600406468,0.8372451893895864,-0.0379702188074588,0.4114972651004791,1.0986194610595703,walking
1783088478914156800,3.41715673828125,0.0539148377999663,0.5658810847656801,1.0252712682545184,-0.0758509784936904,0.3645765483379364,1.008281111717224,walking
1783088478924200400,3.427200439453125,0.2771054612874984,0.3368666504954919,1.3259756317943334,-0.1437179148197174,0.2991136610507965,0.9061614274978638,walking
1783088478934245600,3.43724560546875,0.3386496249221265,0.369349079894647,1.2275327932208775,-0.225651279091835,0.2496952414512634,0.8146457076072693,walking
1783088478944289800,3.447289794921875,0.2140250279963016,0.189574550415948,1.0054618214130402,-0.3014102280139923,0.1858717799186706,0.7290833592414856,walking
1783088478954333400,3.45733349609375,0.2138798473719507,0.0182313838697969,0.8424608782112598,-0.3275333940982818,0.0961616337299346,0.6461668610572815,walking
1783088478964378600,3.467378662109375,0.4321038614280522,-0.0321823139414191,0.681958181566,-0.3247216343879699,-0.0111626926809549,0.5869008302688599,walking
1783088478974422800,3.4774228515625,0.91508845365718,-0.0732566671296954,0.4369371268033981,-0.3084490001201629,-0.1110723987221717,0.529913604259491,walking
1783088478984466400,3.487466552734375,1.1991001141365616,-0.2292189438663422,0.0845469996899366,-0.2712965607643127,-0.1525599062442779,0.4756431579589844,walking
1783088478994511600,3.49751171875,1.1476916331343352,-0.5477342739067972,-0.073680737760663,-0.2559636533260345,-0.2428363263607025,0.4186862111091614,walking
1783088479004555800,3.5075556640625,1.1800855439998208,-0.6657884064011276,0.0799286922395229,-0.2348389327526092,-0.3128028810024261,0.3819271326065063,walking
1783088479014599700,3.517599609375,1.078283019734919,-0.7197619886510074,0.1211702186882495,-0.2099632173776626,-0.3719488680362701,0.3650889098644256,walking
1783088479024644600,3.52764453125,0.9454254319928586,-0.6579951221764088,0.3399848190486431,-0.2035412639379501,-0.4238384366035461,0.3706405460834503,walking
1783088479034688800,3.537688720703125,0.8042211639270186,-0.560319614713639,0.5636316618710756,-0.1909066140651703,-0.4319319725036621,0.3844078481197357,walking
1783088479044732700,3.547732666015625,0.6074012454926967,-0.406383363911882,0.6656535279750824,-0.1852428615093231,-0.403026819229126,0.3880984485149383,walking
1783088479054777600,3.557777587890625,0.4745810671515763,-0.2435034167412668,0.7502391061097383,-0.1893707513809204,-0.3541115224361419,0.3828930258750915,walking
1783088479064821800,3.56782177734375,0.3888540638968348,-0.1488552942756563,0.6808516816288233,-0.1962963044643402,-0.2614732086658478,0.3780508637428283,walking
1783088479074866400,3.577866455078125,0.4439408680856228,-0.056794411824271,0.4343979637145996,-0.2001305520534515,-0.1455884724855423,0.3669129312038421,walking
1783088479084910600,3.58791064453125,0.473843838918209,0.0015077742144465,0.338574952250719,-0.216010183095932,-0.024522241204977,0.353030115365982,walking
1783088479094954800,3.597954833984375,0.3770459910728037,-0.1165543223906308,0.2332242339849471,-0.2613552212715149,0.0629020258784294,0.3431246280670166,walking
1783088479104999400,3.60799951171875,0.255633488061279,-0.4224928602568805,0.179984226706624,-0.2973385155200958,0.0897139385342598,0.3421642780303955,walking
1783088479115043600,3.618043701171875,0.2583158590130507,-0.8436603901941329,0.2703852131217718,-0.292014479637146,0.0823254957795143,0.3129172027111053,walking
1783088479125087700,3.628087646484375,0.0562001722581684,-1.4519465287625788,0.2034656400591135,-0.2325695157051086,0.0511244311928749,0.2591719627380371,walking
1783088479135132700,3.638132568359375,-0.1593167017310857,-1.845830111259222,0.1669482195228338,-0.1441872864961624,-0.0003723218105733,0.1943559646606445,walking
1783088479145176600,3.648176513671875,-0.1344287825815379,-1.961669928704947,0.2602308988541364,-0.0613025240600109,-0.0621496699750423,0.1264639943838119,walking
1783088479155220700,3.658220703125,0.0684310005389153,-1.9154202187053857,0.3588613689541816,-0.0063082478009164,-0.1139137968420982,0.0569333918392658,walking
1783088479165265700,3.668265625,0.1401176418729126,-1.8529624473571775,0.3413870870620012,0.0141312479972839,-0.1575179994106292,-0.0012628037948161,walking
1783088479175309600,3.6783095703125,0.1004345969125628,-1.7201655037611725,0.3426759578287601,0.0101403202861547,-0.1945180892944336,-0.0283498372882604,walking
1783088479185353700,3.688353759765625,0.0675602090537548,-1.4816475472822783,0.3251934926301241,-0.0068951216526329,-0.2283109426498413,-0.0145272314548492,walking
1783088479195398700,3.698398681640625,0.0957762497127056,-1.316608960773051,0.2887392004579305,-0.0193534418940544,-0.2562095522880554,0.0426452159881591,walking
1783088479205442600,3.708442626953125,0.1565614116735756,-1.1615174755215645,0.2185883903890848,-0.0174812413752079,-0.2549773156642914,0.1335807144641876,walking
1783088479215486700,3.71848681640625,0.1423923088066279,-0.9243968916852028,0.0142418758422136,-0.0053061721846461,-0.2172750681638717,0.2456756383180618,walking
1783088479225531600,3.72853173828125,0.0364808879181742,-0.8016335585866123,-0.2203460477113723,0.0206236969679594,-0.1675101667642593,0.3596290946006775,walking
1783088479235575600,3.738575439453125,0.2398864683531224,-0.7669254524946212,-0.1730699172735214,0.0514861829578876,-0.1501618027687072,0.4574396014213562,walking
1783088479245620700,3.748620849609375,0.650649289458245,-0.7342797588251531,0.0127934305995702,0.0593941733241081,-0.1349969655275344,0.5654123425483704,walking
1783088479255664600,3.75866455078125,0.8285625551097094,-0.5109394977338612,-0.0823275700747966,0.039224874228239,-0.1142860651016235,0.6859350204467773,walking
1783088479265708800,3.768708740234375,0.963798708551377,-0.3174433168947696,-0.194589090642333,0.0014734982978552,-0.088877648115158,0.8064960837364197,walking
1783088479275753700,3.778753662109375,0.9432412198215724,-0.2457667585633695,-0.146195938873291,-0.052890121936798,-0.0944820865988731,0.9111140966415404,walking
1783088479285797600,3.788797607421875,0.803377406579256,-0.3633136721879244,0.0114396779030561,-0.102672591805458,-0.1610904037952423,0.9768656492233276,walking
1783088479295841800,3.798841796875,0.7380408649243414,-0.5882572768226265,0.1621545555055141,-0.1164599955081939,-0.265390008687973,1.006733775138855,walking
1783088479305886700,3.80888671875,0.6354024743571877,-0.8570254101365804,0.2180272493749857,-0.0993798151612281,-0.3923612833023071,0.9996442198753356,walking
1783088479315930600,3.8189306640625,0.3718300099901854,-0.9793342774659396,0.0762064568459987,-0.0568602532148361,-0.5345228314399719,0.9683241844177246,walking
1783088479325974800,3.828974853515625,0.0179597273215651,-1.0968876208312808,-0.0379758026510477,0.0113166701048612,-0.687315046787262,0.917119562625885,walking
1783088479336019700,3.839019775390625,-0.2496054599434137,-1.305190617918968,-0.0150111066490411,0.090598464012146,-0.8345170021057129,0.854114830493927,walking
1783088479346063600,3.849063720703125,-0.4501818083018064,-1.410026372399926,0.0300116919040679,0.1600515842437744,-0.9764206409454346,0.7959018349647522,walking
1783088479356107800,3.859107666015625,-0.5703511793844401,-1.1319251780733466,0.1003086324453353,0.2062376141548156,-1.0645476579666138,0.7740229964256287,walking
1783088479366152700,3.869152587890625,-0.5755366191983222,-0.6305775384187698,-0.122446814495325,0.2328316867351532,-1.03425931930542,0.7631818056106567,walking
1783088479376196600,3.879196533203125,-0.3512362809032202,-0.4559242974765598,-0.8110504254251718,0.2219803184270858,-0.8240095376968384,0.7933437824249268,walking
1783088479386241800,3.88924169921875,-0.149205934344232,-0.3069208999671042,-1.9011060082793232,0.1752122938632965,-0.5156673789024353,0.7911741137504578,walking
1783088479396285400,3.899285400390625,0.4936221599690615,-0.651931584353745,-2.6990853552073237,0.1133441254496574,-0.2845074236392975,0.7029699087142944,walking
1783088479406329600,3.90932958984375,1.1519735482372342,-1.1287822038725015,-2.8936417126238343,0.0843556150794029,-0.2118523865938186,0.6101813912391663,walking
1783088479416374800,3.919374755859375,1.6822954995721575,-0.8353485619880259,-2.7827976576387883,0.1143622398376464,-0.2470601201057434,0.6022995114326477,walking
1783088479426418400,3.92941845703125,2.239976144084334,-0.2731194603912532,-2.6989877400517464,0.19998499751091,-0.2831864356994629,0.6877999901771545,walking
1783088479436462600,3.939462646484375,2.716968217900395,0.1562900473862886,-2.7209920665889977,0.312347948551178,-0.2554855048656463,0.8459005355834961,walking
1783088479446507800,3.9495078125,2.8093241377756,0.5707065686933696,-2.6625240955293177,0.4006048440933227,-0.2177871316671371,1.0360748767852783,walking
1783088479456551400,3.959551513671875,2.786624230189622,0.9721684774897992,-2.0627923617511987,0.4849371314048767,-0.2107229828834533,1.227999210357666,walking
1783088479470988800,3.97398876953125,2.760489964240789,1.277449209034443,0.3266922067552805,0.6257333755493164,-0.3242737948894501,1.454761624336243,walking
1783088479481033500,3.984033447265625,2.7809210501119495,1.306457569114864,0.3254302239954471,0.7125952243804932,-0.4991357028484344,1.5560855865478516,walking
1783088479491077600,3.99407763671875,2.563415486523509,1.2647799893364309,1.702481963032484,0.7590596675872803,-0.7365520000457764,1.6031947135925293,walking
1783088479501121800,4.004121826171875,2.1483333409145473,1.0177826660647988,3.0248259603261944,0.7425094246864319,-1.0400816202163696,1.6170222759246826,walking
1783088479511166500,4.01416650390625,1.7116572031348942,0.7663699375037103,4.0882261759668586,0.6743905544281006,-1.3777331113815308,1.6236556768417358,walking
1783088479521210600,4.024210693359375,1.1846017062500118,0.5358363308422267,4.673519634547829,0.5958512425422668,-1.6446048021316528,1.6319117546081543,walking
1783088479531254500,4.034254638671875,0.7078203525751828,0.4052358013119548,4.430429255586862,0.5464229583740234,-1.8270471096038816,1.6423883438110352,walking
1783088479541299500,4.044299560546875,0.52546530508399,0.4911292471747845,3.6991748359322543,0.5605931878089905,-1.9083369970321655,1.644966721534729,walking
1783088479551343600,4.054343505859375,0.4840422845885157,0.6264757291231304,2.512466220530867,0.6476146578788757,-1.8369333744049072,1.6283900737762451,walking
1783088479561388800,4.064388916015625,0.312211261460185,0.655444122519344,0.9573515782386064,0.7456309795379639,-1.5872856378555298,1.5916043519973757,walking
1783088479571432700,4.0744326171875,0.1017632151678204,0.6075390465281904,-0.6443167254358529,0.7897103428840637,-1.134348750114441,1.5449066162109375,walking
1783088479581476600,4.0844765625,0.0111953477531671,0.4385347712583839,-2.152984673851728,0.747329592704773,-0.5087408423423767,1.4818050861358645,walking
1783088479591521800,4.094521728515625,-0.026507190914452,0.1438853969085961,-3.4221821873694656,0.6221688985824585,0.1593928039073944,1.3833106756210327,walking
1783088479601565700,4.104565673828125,-0.0919479235962033,-0.3494678829912096,-4.194830693686008,0.4486754536628723,0.7744414806365967,1.272222638130188,walking
1783088479611609600,4.114609619140625,-0.1466398832485079,-0.8218086969353258,-4.393446555626392,0.2752823531627655,1.2587164640426636,1.203282117843628,walking
1783088479621654800,4.12465478515625,-0.1464966753855347,-1.048988390059024,-4.112330105131864,0.1352287381887436,1.5619982481002808,1.1870795488357544,walking
1783088479631698700,4.13469873046875,-0.0558057661131024,-1.023139370792359,-3.459640103626251,0.0651415213942527,1.6915903091430664,1.239679932594299,walking
1783088479641742600,4.14474267578125,0.1205289981752634,-0.943109483200684,-2.7174194687992332,0.0681451857089996,1.6771684885025024,1.303669810295105,walking
1783088479651787800,4.154787841796875,0.4099889141231775,-0.8076187704760581,-1.9989257465183736,0.1191513761878013,1.5151066780090332,1.4474618434906006,walking
1783088479661831700,4.164831787109375,0.7943839527845382,-0.3477938853643834,-1.4853957938998936,0.238299086689949,1.155613899230957,1.697559118270874,walking
1783088479671875800,4.174875732421875,0.5669070302799344,0.2469855597686022,-0.3391436920493841,0.3451485633850097,0.7673647999763489,1.9149361848831177,walking
1783088479681920800,4.184920654296875,0.5387867050804197,0.2128981428582221,-0.0595557662963867,0.4378747045993805,0.4422046840190887,2.089376449584961,walking
1783088479691964700,4.194964599609375,0.4730862985491752,0.2740633171126246,-0.0151379478991031,0.4924393892288208,0.1792809069156646,2.2348906993865967,walking
1783088479702009600,4.205009521484375,0.271962545441091,0.4807380554113536,0.07799450930655,0.4899707436561584,-0.0311315655708313,2.331407308578491,walking
1783088479712053500,4.215053466796875,0.0654587067298591,0.4162945901386439,0.0891892725378274,0.4512095153331756,-0.1590730100870132,2.3663461208343506,walking
1783088479722097700,4.22509765625,-0.1928197428822517,0.143352678271383,0.0690711981385946,0.3802041709423065,-0.2054435163736343,2.3340680599212646,walking
1783088479732142600,4.235142578125,-0.4318643535837531,-0.150024849511683,-0.0650783291101455,0.3148126602172851,-0.1881947517395019,2.2621378898620605,walking
1783088479742186500,4.2451865234375,-0.6270034793242811,-0.3519084810763597,-0.2641974643975496,0.291520893573761,-0.1787982434034347,2.1756134033203125,walking
1783088479752230700,4.255230712890625,-0.6218652396529912,-0.5422342882510275,-0.2996376110911369,0.3251606225967407,-0.1971554160118103,2.0621306896209717,walking
1783088479762275600,4.265275634765625,-0.3437744205899536,-0.8443326634325087,-0.206485864663124,0.3884835541248321,-0.2347862422466278,1.9148117303848269,walking
1783088479772319500,4.275319580078125,-0.1441115338146686,-1.2239137990061193,-0.2115431480526924,0.4726532995700836,-0.2759019732475281,1.7531639337539673,walking
1783088479782363600,4.28536376953125,0.0290257496066391,-1.495279036141187,-0.1954477532982826,0.5634351372718811,-0.3267571032047272,1.596541166305542,walking
1783088479792408800,4.295408935546875,0.2439348669610917,-1.5541655248738824,0.0142307699263095,0.6312668919563293,-0.3844033479690552,1.442678928375244,walking
1783088479802452700,4.30545263671875,0.6258439340256154,-1.5142602154649794,0.4925380179941654,0.6440499424934387,-0.4446797668933868,1.297319412231445,walking
1783088479812496600,4.31549658203125,0.9595216157540678,-1.3896796038113537,0.9347925404280424,0.6039280891418457,-0.4847328960895538,1.195378661155701,walking
1783088479822541800,4.325541748046875,1.2245831496350466,-1.1402666707653553,1.2364981899648904,0.5312733054161072,-0.4806774258613586,1.1507787704467771,walking
1783088479832585700,4.335585693359375,1.2598159371882676,-0.8192261330962181,1.2233791806727647,0.4557799100875854,-0.4539225101470947,1.1638469696044922,walking
1783088479843258600,4.346258544921875,1.0174363368451596,-0.1139016889899969,1.346793378895521,0.3780018389225006,-0.4190523624420166,1.2444597482681274,walking
1783088479853302800,4.356302734375,0.917623232831806,0.0304341550998389,1.2709820588469505,0.3077641725540161,-0.3660993874073028,1.3524022102355957,walking
1783088479863346700,4.3663466796875,0.7902841162502765,0.1992369895134121,1.0327946494966744,0.2473908066749572,-0.2563001811504364,1.489216446876526,walking
1783088479873391600,4.3763916015625,0.1949693221315741,0.2264958025127649,0.6410702908605337,0.2209789007902145,-0.1035963743925094,1.6251775026321411,walking
1783088479883435800,4.386435791015625,-0.2577723997861146,-0.0587467880010604,0.4115554327875375,0.2334616333246231,0.0493680052459239,1.7077043056488037,walking
1783088479893480000,4.39647998046875,-0.4154303745247423,-0.5709200653135776,0.3325643136590719,0.2590489983558655,0.1734444200992584,1.7063114643096924,walking
1783088479903524600,4.406524658203125,-0.0820024297736585,-1.1204621192947029,0.6042255380660295,0.2945364117622375,0.1864030957221985,1.598357081413269,walking
1783088479913568800,4.41656884765625,0.5879001339480281,-1.3033730471029876,0.8524374978244305,0.3390929698944092,0.1087319999933242,1.4438252449035645,walking
1783088479923613000,4.426613037109375,1.1562957953505215,-0.9419915120214224,0.9140601335227488,0.3936009407043457,-0.0395722091197967,1.3557971715927124,walking
1783088479933657600,4.43665771484375,1.6734071135871111,-0.4653653489083051,0.6682301004648208,0.4607621431350708,-0.1698066443204879,1.347167730331421,walking
1783088479943701800,4.44670166015625,1.769062513399124,-0.1264936787333339,0.254644038632512,0.5200955271720886,-0.237942561507225,1.377739667892456,walking
1783088479953746000,4.456745849609375,1.5513433070600031,-0.3340012876596301,-0.055534255695343,0.5600115060806274,-0.2461230009794235,1.3784695863723757,walking
1783088479963790600,4.46679052734375,1.2104118548110128,-0.9376302480719984,-0.1697942566037178,0.5881434082984924,-0.2167480587959289,1.335093975067139,walking
1783088479973834800,4.476834716796875,0.7160591886103153,-1.3888853846937417,-0.0701864659041166,0.5954611897468567,-0.1941335499286651,1.2675836086273191,walking
1783088479983879000,4.48687890625,0.2674482828870415,-1.6570267644114791,0.099436525785923,0.5926524996757507,-0.2081561237573623,1.1736725568771362,walking
1783088479993923600,4.496923583984375,0.0511465421304106,-1.8226538183331489,0.4702227258116007,0.5790309906005859,-0.293076604604721,1.0661364793777466,walking
1783088480003967700,4.5069677734375,-0.0270651170581579,-1.8172116272792216,0.862111919620633,0.5557511448860168,-0.47294881939888,0.9402127265930176,walking
1783088480014013000,4.517012939453125,-0.093177465391159,-1.882787092256546,1.0391256060838698,0.5333552956581116,-0.7077291011810303,0.7982843518257141,walking
1783088480024056600,4.527056640625,-0.1721536792114377,-1.8454381893321872,1.077962409478426,0.516994833946228,-0.9591408371925354,0.6471870541572571,walking
1783088480034100700,4.537100830078125,-0.2908355882152915,-1.8256760887637733,0.9888310046076774,0.5179147124290466,-1.1762529611587524,0.4853595197200775,walking
1783088480044146000,4.54714599609375,-0.8354676583230495,-1.640982223061472,0.4688420851081609,0.5350838303565979,-1.2578918933868408,0.3811126947402954,walking
1783088480054189600,4.557189453125,-2.0036518982574343,-0.7459046571020036,-0.623120792672038,0.5676636099815369,-1.0978516340255735,0.4223994016647339,walking
1783088480064233700,4.567233642578125,-1.5961200218975542,-0.1053536408752203,-1.1776695688992738,0.5896126627922058,-0.8382011651992798,0.478692889213562,walking
1783088480074279000,4.57727880859375,-0.9910893049284816,-0.2087463569410145,-1.5772645147800444,0.5445461273193359,-0.4937407374382019,0.5150988101959229,walking
1783088480084322800,4.58732275390625,-0.3312263430535793,0.6346707260165363,-2.519052028661966,0.4481368958950043,-0.0576942637562751,0.5959151983261108,walking
1783088480094366700,4.59736669921875,1.9653461329996584,1.302073216550797,-3.397794180566072,0.3280237913131714,0.4131858944892883,0.6943206191062927,walking
1783088480104412000,4.607411865234375,2.95491538875401,1.4821099040970205,-4.681378531354666,0.1886981725692749,0.9646300673484802,0.8403369784355164,walking
1783088480114455800,4.617455810546875,2.230337962645292,1.8519842499747872,-5.463378218862414,0.12599778175354,1.5465080738067627,1.070421814918518,walking
1783088480124499700,4.627499755859375,1.2647227061912416,1.8652188484705985,-4.875183193621039,0.1926958858966827,1.9409784078598025,1.3073952198028564,walking
1783088480134545000,4.637544921875,1.21182011417374,1.2682760147586465,-2.8294220461696384,0.352866917848587,1.9985178709030151,1.4321856498718262,walking
1783088480144588800,4.6475888671875,0.9241481045559048,0.8397735388234258,-0.8265297341078519,0.4830903708934784,1.8150461912155151,1.471288800239563,walking
1783088480154633700,4.6576337890625,0.084423081049323,0.5897407203134148,0.5661825153976678,0.5387259721755981,1.5224283933639526,1.4342706203460691,walking
1783088480164677600,4.667677734375,-0.4199054741121828,0.2355456992024555,1.7706892378181218,0.524359941482544,1.1630586385726929,1.3274143934249878,walking
1783088480174721800,4.6777216796875,-0.2529996324263513,-0.093009013489075,2.781044676491618,0.4265808761119842,0.7362889051437378,1.1737526655197144,walking
1783088480184766700,4.6877666015625,-0.0747213328547775,-0.0548265458174049,2.990968114387989,0.2615441083908081,0.2945010662078857,1.0616000890731812,walking
1783088480194810600,4.697810546875,-0.3399620226949453,0.1581963559316471,2.228338313260674,0.1112265214323997,-0.0493652299046516,1.0261836051940918,walking
1783088480204854800,4.707854736328125,0.1746530948117375,0.1925985744122415,1.6756728665620089,0.0579236634075641,-0.3634295165538788,1.0078293085098269,walking
1783088480214899700,4.717899658203125,1.3325272453948855,0.2580599845558405,1.3936638511419297,0.0598896071314811,-0.6767735481262207,1.0031107664108276,walking
1783088480224943600,4.727943603515625,2.333116346205026,0.3632997167278081,0.7792308073163032,0.0868147164583206,-0.9159403443336488,1.0264813899993896,walking
1783088480234987800,4.73798779296875,2.7152012082278727,0.4965063736358657,0.0501139842122793,0.1658618748188018,-1.0164777040481567,1.0980831384658811,walking
1783088480245032700,4.74803271484375,2.5996330473303795,0.6373094039570539,-0.6498749440848827,0.2750705182552337,-0.9449482560157776,1.2096673250198364,walking
1783088480255076600,4.75807666015625,2.514042676067352,0.6163083361782133,-0.7495476167142391,0.3704782724380493,-0.7830246090888977,1.311773657798767,walking
1783088480265120800,4.768120849609375,2.7402245903253553,0.5667644800040871,-0.2046849527209997,0.4134815335273742,-0.619870662689209,1.3861299753189087,walking
1783088480275165700,4.778165771484375,2.708316709411144,0.6587681523755192,0.4357394414514303,0.381743848323822,-0.4776259064674377,1.467529296875,walking
1783088480285209600,4.788209716796875,2.20872643481791,0.7289273649465292,0.7610130135804414,0.2993686199188232,-0.3284617364406585,1.5581310987472534,walking
1783088480295253800,4.798253662109375,1.4734585417382418,0.600577025495842,0.8453408175617456,0.194863811135292,-0.1779329627752304,1.628303289413452,walking
1783088480305298700,4.808298583984375,1.2752088827617465,0.3095169808749109,1.0828273851662873,0.1047944203019142,-0.107263907790184,1.6606699228286743,walking
1783088480315342600,4.818342529296875,1.356165310613811,0.1232895489297807,1.1875865672796964,0.0359040386974811,-0.1052329838275909,1.676769495010376,walking
1783088480325386800,4.82838671875,1.4050120513692497,0.0210814395386725,0.8520236563265323,0.0027538198046386,-0.1374596804380417,1.6633508205413818,walking
1783088480335432000,4.838431884765625,1.2611809419311582,-0.2436115532908588,0.3989946419000625,0.0072582904249429,-0.1731596142053604,1.6113823652267456,walking
1783088480345475600,4.8484755859375,0.871025732307881,-0.5482260029464959,-0.0791284817725419,0.0267348829656839,-0.1858979910612106,1.5327173471450806,walking
1783088480355520800,4.858520751953125,1.0479444339640438,-0.8304219923060386,-0.1559083545923233,0.0521728657186031,-0.2191771268844604,1.431369423866272,walking
1783088480365565000,4.86856494140625,1.2705020202450454,-0.9836122470460832,-0.2806336354136466,0.0681313425302505,-0.240508496761322,1.3368703126907349,walking
1783088480375608600,4.878608642578125,1.1926590482383963,-1.0591340095635502,-0.5811158806353807,0.0812961459159851,-0.2191068083047866,1.2431560754776,walking
1783088480385653800,4.88865380859375,1.1564210291653871,-1.1782027989931405,-0.7488572963625192,0.0997929200530052,-0.1684404611587524,1.1662423610687256,walking
1783088480395698000,4.898697998046875,1.2265946355879307,-1.125255198790133,-0.7401216167211532,0.1154725477099418,-0.1138845458626747,1.1136478185653689,walking
1783088480405741600,4.908741455078125,1.284274671140313,-0.9519494999993592,-0.5380173281431198,0.1245882287621498,-0.0790508463978767,1.0766078233718872,walking
1783088480415786800,4.918786865234375,1.2461201509214936,-0.8096846169646829,-0.3023597295314073,0.125837504863739,-0.0641035884618759,1.040584921836853,walking
1783088480425831000,4.928830810546875,1.2320124228529632,-0.7449365427222102,0.068348729082942,0.1237859278917312,-0.0738299265503883,0.9976916909217834,walking
1783088480435874800,4.938874755859375,0.9870691095016896,-0.7606807859513908,0.3612380349576473,0.1102325618267059,-0.0828013196587562,0.950125217437744,walking
1783088480445919700,4.948919677734375,0.6724623312070965,-0.7297703916419297,0.5458510905086994,0.0902323052287101,-0.0810301750898361,0.9101720452308656,walking
1783088480455964000,4.9589638671875,0.751392075537145,-0.7452261733185499,0.7028577617317437,0.0683357939124107,-0.0744060948491096,0.8707186579704285,walking
1783088480466007800,4.9690078125,0.976818349122256,-0.6496797137737274,0.6432569872498511,0.0440728589892387,-0.0390076152980327,0.8425572514533997,walking
1783088480476052700,4.979052734375,1.0951157888531684,-0.5313517327740788,0.3171487178623676,0.0192751009017229,0.039317812770605,0.8276941180229187,walking
1783088480486096600,4.9890966796875,1.1149809114046394,-0.6061805445913225,-0.1187836158126592,0.0066571389324963,0.1535524129867553,0.8197879195213318,walking
1783088480496141600,4.9991416015625,1.2145585992269217,-0.7101874470327049,-0.4185299479752778,0.0224587395787239,0.2761304974555969,0.8183151483535767,walking
1783088480506185700,5.009185791015625,1.1635194629937409,-0.7434608441464603,-0.585137975758314,0.0610151924192905,0.3928453624248504,0.8350400924682617,walking
1783088480516229600,5.019229736328125,1.0049813444197178,-0.8123482101507484,-0.5108347221851348,0.0914303660392761,0.4675853848457336,0.864986002445221,walking
1783088480526274600,5.029274658203125,0.7414248082742094,-0.9136131934728472,-0.3420031731337308,0.0938595384359359,0.4949219524860382,0.905763864517212,walking
1783088480536318700,5.039318603515625,0.6513698588177561,-1.020567401412502,0.0265016379565,0.0778227820992469,0.4479997158050537,0.9511353373527528,walking
1783088480546362600,5.049362548828125,0.7538184259012342,-1.1408072073828428,0.3859241479247808,0.0652891024947166,0.33714359998703,0.9799464344978333,walking
1783088480556407800,5.05940771484375,0.9354818378664552,-1.379047004507482,0.718155868628621,0.0668768808245658,0.1816304326057434,0.9548991322517396,walking
1783088480566451700,5.06945166015625,0.7810757045306265,-1.6518151672430337,0.782823278850317,0.0812026485800743,0.0460708923637867,0.8875413537025452,walking
1783088480576495600,5.07949560546875,0.6918000688835978,-1.7415084437802433,0.621446137458086,0.0930784866213798,-0.0496854595839977,0.8086510896682739,walking
1783088480586540800,5.089540771484375,0.8759922686740755,-1.6266162824481725,0.396300580510497,0.0845853090286254,-0.1076769605278968,0.7635052800178528,walking
1783088480596584700,5.099584716796875,0.9964908717110752,-1.3352929107159377,0.0053436991155147,0.0493048205971717,-0.1236676424741745,0.7592746019363403,walking
1783088480606628600,5.109628662109375,1.1563931182451546,-0.9274253726609052,-0.4220014234781265,0.0050224591977894,-0.1130451634526252,0.7969533801078796,walking
1783088480616673800,5.119673828125,1.2811826964743434,-0.4080563386254012,-0.7376713009595871,-0.0113541167229413,-0.0814563408493995,0.8815212845802307,walking
1783088480626717700,5.1297177734375,1.2442188473448157,0.130840768026933,-0.9483663077503444,-0.0233448259532451,-0.0247684605419635,1.0101046562194824,walking
1783088480636761600,5.13976171875,1.1539600458793342,0.5344211302820593,-0.9505722933620214,-0.0730239674448967,0.0333286635577678,1.1559240818023682,walking
1783088480646806800,5.149806884765625,1.1341716418258845,0.6231845055580139,-0.8063684050887823,-0.1457782983779907,0.0815895125269889,1.2876514196395874,walking
1783088480656850700,5.1598505859375,1.087934060655534,0.5067641848105937,-0.5624053349465131,-0.1895593404769897,0.118539273738861,1.3724586963653564,walking
1783088480666894600,5.16989453125,0.8365792728267609,0.1795122252807021,-0.3491910388112068,-0.1942863911390304,0.1308772712945938,1.4040290117263794,walking
1783088480676939800,5.179939697265625,0.4042823730446398,-0.3304606193780899,-0.2517892337232828,-0.1862689554691314,0.1302034854888916,1.3718444108963013,walking
1783088480686984000,5.18998388671875,-0.0418792398303747,-0.8533373692736029,-0.2189548856139183,-0.1836829334497451,0.102178618311882,1.2808581590652466,walking
1783088480697028600,5.200028564453125,-0.4401676331572234,-1.0861232118412851,-0.3225058609813451,-0.1866185367107391,0.050564955919981,1.172464370727539,walking
1783088480707072800,5.21007275390625,-0.5902240468509495,-1.1447877283863723,-0.4025830217808485,-0.1874291449785232,-0.0335668250918388,1.0701614618301392,walking
1783088480717117000,5.220116943359375,-0.2807261360026896,-1.0255676208525897,-0.4098842847049236,-0.1870597600936889,-0.1518013179302215,0.9758433699607848,walking
1783088480727161600,5.23016162109375,0.1718753006614744,-0.8041080589413643,-0.5469459000080824,-0.1698661595582962,-0.2943488657474518,0.8924807906150818,walking
1783088480737205800,5.240205810546875,0.6210682440564036,-0.8033132553018629,-0.8010340583235025,-0.1415985673666,-0.4471000730991363,0.8017021417617798,walking
1783088480747250000,5.25025,1.0465290142081678,-0.9904343481510876,-1.2259265270680189,-0.0997982919216156,-0.55607008934021,0.7220836877822876,walking
1783088480757294600,5.260294677734375,1.3106883385524153,-1.138160857592523,-1.716991549900174,-0.067814789712429,-0.5987901091575623,0.6814965605735779,walking
1783088480767338800,5.2703388671875,1.3974759567759931,-1.179804827362299,-2.0881401534974575,-0.0206159204244613,-0.5971907377243042,0.6662080883979797,walking
1783088480777383000,5.2803828125,1.3463818754851815,-1.066688881922513,-2.150310486206412,0.044307418167591,-0.5584076642990112,0.6867700815200806,walking
1783088480787427600,5.290427490234375,1.289631960389763,-0.9658050799377262,-1.9005992278009651,0.1066450178623199,-0.5072609782218933,0.749076247215271,walking
1783088480797471700,5.3004716796875,1.1010196060694752,-0.7510112595260143,-1.5393880808502434,0.1561164408922195,-0.4509779810905456,0.8028643727302551,walking
1783088480807516200,5.31051611328125,0.8752414503067731,-0.554487839820236,-1.1246557715922594,0.1783401817083358,-0.3731049597263336,0.8052211999893188,walking
1783088480817561000,5.32056103515625,0.7656734066069125,-0.5136632236093283,-0.6265069279789924,0.1667996346950531,-0.2937153279781341,0.7706490755081177,walking
1783088480827605000,5.33060498046875,0.740511785082519,-0.5274151239775121,-0.0922369696706533,0.1313467025756836,-0.2636650204658508,0.7094260454177856,walking
1783088480837649200,5.340649169921875,0.6699518096908926,-0.4901847328662872,0.2211129404306411,0.1157922446727752,-0.2456007897853851,0.6462252736091614,walking
1783088480847694000,5.350694091796875,0.5981453413695097,-0.4491233852900564,0.1718763235747814,0.1350728571414947,-0.204167827963829,0.5831993222236633,walking
1783088480857738000,5.360738037109375,0.7344266199499369,-0.3779074302077293,0.0124169985026121,0.1885856240987777,-0.1299125105142593,0.5178648233413696,walking
1783088480867783200,5.370783203125,0.8767283278636634,-0.3133465491004288,-0.0732119512051343,0.252418965101242,-0.0426836460828781,0.4519479274749756,walking
1783088480877827000,5.3808271484375,0.9820669173002242,-0.3424040090195834,-0.011445523121953,0.3184443414211273,0.0225707255303859,0.3782750368118286,walking
1783088480887871000,5.39087109375,0.9581927052378654,-0.3210650145232677,0.0691997929543256,0.3913874626159668,0.0699686035513877,0.3167329728603363,walking
1783088480897916200,5.400916259765625,0.9239102041468024,-0.20739801107198,0.2281494149386882,0.450913667678833,0.0971714556217193,0.2707931995391845,walking
1783088480907960000,5.4109599609375,0.9905075595177708,-0.0658449295684695,0.5332131427317858,0.4769110679626465,0.0710093006491661,0.2273140698671341,walking
1783088480918004000,5.42100390625,1.084384113088995,0.0361783978402614,0.8881582150250673,0.4598756432533264,-0.0222759023308753,0.1819338053464889,walking
1783088480928049200,5.431049072265625,1.101506074412167,0.2472426763348281,1.108225445795059,0.4269945919513702,-0.1913173198699951,0.1575708091259002,walking
1783088480938093300,5.44109326171875,1.0463944280430677,0.512260224943608,1.2714619513183831,0.4137264490127563,-0.4048719406127929,0.1851518303155899,walking
1783088480948137000,5.451136962890625,0.927458982669562,0.8422437283292412,1.4602034849762917,0.4321157038211822,-0.6601545214653015,0.2729100883007049,walking
1783088480958182100,5.46118212890625,0.6945758172072469,1.113328029631078,1.5880483591228722,0.4984393119812011,-0.920738935470581,0.4120296239852905,walking
1783088480968226300,5.471226318359375,0.3915076471455395,1.2012492549944669,1.5695955875873564,0.6002213954925537,-1.1283175945281982,0.5816724300384521,walking
1783088480978270000,5.48127001953125,0.1619884051583707,1.221474881421402,1.2985165469825266,0.6669820547103882,-1.2050833702087402,0.7465655207633972,walking
1783088480988315100,5.491315185546875,0.2153646060369908,1.1097490021005272,1.2092016022384169,0.7332066893577576,-1.2723777294158936,0.8759781718254089,walking
1783088480998359300,5.501359375,0.2836956533327698,1.0484031375169751,1.023053007683158,0.8198922872543335,-1.210654377937317,0.9779385924339294,walking
1783088481008403000,5.51140283203125,0.3706704646915197,0.9202272047851234,0.0394248324155807,0.8083151578903198,-1.028850555419922,1.0028859376907349,walking
1783088481018448100,5.5214482421875,0.3374088310807943,0.7180163870926946,-0.7830734542191028,0.7162097692489624,-0.7402123212814331,0.9722407460212708,walking
1783088481028492300,5.5314921875,-0.1068041319444775,0.5181905648406595,-1.61153269508481,0.5709562301635742,-0.3494383096694946,0.9232962727546692,walking
1783088481038537000,5.541536865234375,-0.6076943832203745,0.216685114051029,-2.4299048417001963,0.4036162495613098,0.0836132243275642,0.872879147529602,walking
1783088481048581000,5.5515810546875,-0.927249285441637,-0.1416740775346756,-2.904101147317886,0.2587282657623291,0.4881324768066406,0.8397634029388428,walking
1783088481058625300,5.561625244140625,-1.1257555495277047,-0.3745663030862808,-3.080609222346544,0.1554026752710342,0.8100963830947876,0.8302282094955444,walking
1783088481068670000,5.571669921875,-0.8830667371049523,-0.4143305235240608,-2.819480497869849,0.1009669154882431,0.9876412749290466,0.8134141564369202,walking
1783088481078714000,5.581714111328125,-0.4658129465453326,-0.4127337558519094,-2.2991911341190336,0.1196886673569679,1.0712469816207886,0.8039056062698364,walking
1783088481088758000,5.591758056640625,-0.2017642429687082,-0.499250959636271,-1.6210796911090612,0.1605013012886047,1.0075232982635498,0.7702174186706543,walking
1783088481098803000,5.601802978515625,0.1562418243303895,-0.642833062749356,-1.1192577119410037,0.2013435363769531,0.8475812077522278,0.7147882580757141,walking
1783088481108847000,5.61184716796875,0.259413883382827,-0.5572317317008972,-0.793136583071947,0.2633704841136932,0.6645852327346802,0.6850621700286865,walking
1783088481118891000,5.62189111328125,0.2223632327526807,-0.2108333923481404,-0.2573983057767152,0.3505935370922088,0.4439210295677185,0.6940468549728394,walking
1783088481128936000,5.63193603515625,0.1153038108728825,0.0840128928132355,0.2971726822823285,0.4488348960876465,0.2104459553956985,0.7503788471221924,walking
1783088481138980000,5.64197998046875,-0.065683601526916,0.1499947466343641,0.7118518000483512,0.5230451822280884,0.002887713490054,0.8311466574668884,walking
1783088481149024000,5.65202392578125,-0.2260086035177111,-0.0345632907938212,0.9792524444013834,0.5578612685203552,-0.1587215214967727,0.8945210576057434,walking
1783088481159069200,5.662069091796875,-0.1983392369560897,-0.2973768265523016,1.1781938850343228,0.5412543416023254,-0.2716573774814605,0.9357520937919616,walking
1783088481169113000,5.672113037109375,-0.1694479273840785,-0.434526339334622,1.3416601076602934,0.4835365414619446,-0.354564756155014,0.9519826173782348,walking
1783088481179157000,5.682156982421875,-0.1208985621400177,-0.4586726463366299,1.327654963183403,0.4178097248077392,-0.4016318619251251,0.9405299425125122,walking
1783088481189202200,5.6922021484375,0.0124975163929164,-0.469808007530868,0.970191186067462,0.3501040935516357,-0.3894150257110595,0.8877864480018616,walking
1783088481199246000,5.70224609375,0.1007394250780343,-0.4248743485659361,0.6150421156346798,0.2824222445487976,-0.3403718471527099,0.8102152347564697,walking
1783088481209290000,5.7122900390625,0.2429870647169649,-0.4178457651033997,0.5716086320996284,0.2267409861087799,-0.3415478467941284,0.7410063743591309,walking
1783088481219335200,5.722335205078125,0.3580316401317715,-0.4322449503991752,0.5641249983459711,0.214197501540184,-0.3661823570728302,0.7009710669517517,walking
1783088481229379000,5.732379150390625,0.4163043808802962,-0.4562730378489941,0.3892103299885988,0.2377437055110931,-0.383063793182373,0.7003716230392456,walking
1783088481239424000,5.742424072265625,0.480171872895956,-0.5394271218758077,0.3046574850797653,0.2792354822158813,-0.3909744322299957,0.7154743671417236,walking
1783088481249468200,5.75246826171875,0.5738578723311424,-0.5555622641187161,0.3573299216032028,0.3260284960269928,-0.3722830414772033,0.7374280095100403,walking
1783088481259512000,5.762511962890625,0.7469261821694672,-0.4551571855615824,0.5307850388020277,0.3731142580509186,-0.3486309647560119,0.7723300457000732,walking
1783088481269557000,5.772556884765625,0.8521355922684073,-0.3043120326429605,0.5571732795119285,0.4125832021236419,-0.289488136768341,0.821789026260376,walking
1783088481279601200,5.78260107421875,0.8670183963626623,-0.0727791127458214,0.6339274333685636,0.4270082116127014,-0.2141526192426681,0.8805950880050659,walking
1783088481289645300,5.792645263671875,1.000774101988226,0.2591334224736318,1.0038017792463303,0.3939986228942871,-0.1542890965938568,0.972991704940796,walking
1783088481299690000,5.80268994140625,1.266149670254439,0.2752759443053975,1.487721021977067,0.3229606449604034,-0.1409072428941726,1.0357105731964111,walking
1783088481309734100,5.812734130859375,1.3554182916387916,-0.1292123631075024,1.4730986223846674,0.2152960300445556,-0.0814519971609115,1.0369325876235962,walking
1783088481319778300,5.8227783203125,0.9213660726219416,-0.2853359313530847,1.0316285283267497,0.0897415652871131,0.0214948896318674,1.0431056022644043,walking
1783088481329823000,5.832822998046875,0.4917828157126903,-0.4604732660178094,0.680617288351059,-0.0113610848784446,0.1536591351032257,1.0534688234329224,walking
1783088481339867100,5.8428671875,0.1847714609831571,-0.8648637025468051,0.3691448625594377,-0.076694019138813,0.2905426919460296,1.0412564277648926,walking
1783088481349911300,5.852911376953125,0.0507625112488865,-1.2948261680319904,0.1810404577612877,-0.1135530844330787,0.4062196016311645,0.9740976095199584,walking
1783088481359956000,5.8629560546875,-0.0711520960658788,-1.5385203581050038,0.0906733736157417,-0.1282223165035247,0.5092207789421082,0.8732221126556396,walking
1783088481370000100,5.873000244140625,-0.1092994558915495,-1.5042083386585114,0.1160655890256166,-0.1356511712074279,0.575798749923706,0.7383032441139221,walking
1783088481380044300,5.883044189453125,0.018329145155847,-1.1875574142504484,0.3147819887310266,-0.1229644045233726,0.597076416015625,0.6410923004150391,walking
1783088481390089000,5.8930888671875,0.1298855861939489,-0.9492550002183764,0.555005287823081,-0.0848132595419883,0.5579712986946106,0.5872640013694763,walking
1783088481400133000,5.903133056640625,0.0643698885798454,-1.099669652765244,0.6656663874566555,-0.0357549041509628,0.5230620503425598,0.5440699458122253,walking
1783088481410178300,5.91317822265625,-0.1733355824723839,-0.8281007097516209,0.7315285604208708,-0.0118976905941963,0.4684537649154663,0.5624040365219116,walking
1783088481420222000,5.923221923828125,0.2270972755372524,-0.9301642230402678,0.817773596200347,-0.0190490763634443,0.3893602788448334,0.5783497095108032,walking
1783088481430266000,5.93326611328125,0.2539620477177202,-0.9149104667417703,0.2963917610377073,-0.073226049542427,0.2978007793426513,0.6118450164794922,walking
1783088481440311300,5.943311279296875,0.3590886018387973,-0.821545004497841,-0.1684106932908296,-0.1347557306289672,0.1827468872070312,0.6325840950012207,walking
1783088481450355000,5.95335498046875,0.5829572707183659,-0.8871849860787391,-0.3061117755413055,-0.1778956055641174,0.0224643014371395,0.6502103209495544,walking
1783088481460399000,5.963399169921875,0.5274838052995503,-0.9775066967125982,-0.3703103992074728,-0.18778657913208,-0.1964038610458374,0.6764435768127441,walking
1783088481470444300,5.9734443359375,0.4411364781893789,-0.9058847911778836,-0.3314718422472477,-0.1232549548149108,-0.4232330918312073,0.6901199817657471,walking
1783088481480488000,5.983488037109375,0.2681516088508069,-0.9124473645638674,-0.1487064603894949,-0.0053022224456071,-0.6259396076202393,0.7056795358657837,walking
1783088481490532000,5.993531982421875,-0.2653041104651987,-1.0156840132851153,-0.1377127726882696,0.1034968867897987,-0.7528582811355591,0.7175424695014954,walking
1783088481500577300,6.003577392578125,-1.7487712743900716,-0.9886583514545112,-0.9115694857507944,0.1780046820640564,-0.6613773703575134,0.7660762071609497,walking
1783088481510621200,6.01362109375,-2.2655428392782806,-0.4430607242502272,-1.7595272078126667,0.2445430755615234,-0.3975160717964172,0.8207284212112427,walking
1783088481520665000,6.0236650390625,-0.3506485441431403,-0.5067252410396933,-1.6659961066782474,0.2500866949558258,-0.1708938181400299,0.7725697159767151,walking
1783088481530710300,6.033710205078125,0.3024377632036805,-0.0070916387613862,-2.46184545584023,0.1560835987329483,0.1080755516886711,0.7796956300735474,walking
1783088481540754200,6.043754150390625,0.6375460622571408,0.8968786240320652,-3.440740172845125,0.0576992407441139,0.4745140075683594,0.8509777784347534,walking
1783088481550798000,6.053798095703125,1.975945122294873,1.6518978770904242,-3.831992237794399,-0.0392455980181694,0.873365581035614,0.9218818545341492,walking
1783088481560843000,6.063843017578125,2.720090733835101,2.215006538000703,-3.838253051754832,-0.1509590744972229,1.1924251317977903,0.9885431528091432,walking
1783088481570887200,6.07388720703125,2.1671172441005706,2.31003825295642,-3.037147681760788,-0.2291547954082489,1.3347699642181396,1.0743876695632937,walking
1783088481580932000,6.08393212890625,1.3334649646364152,1.417671334195137,-1.402629832407832,-0.2371887415647506,1.268302321434021,1.0790798664093018,walking
1783088481590976000,6.09397607421875,0.487615174639225,0.193303653941676,-0.1634609619289636,-0.2370055913925171,1.0835245847702026,0.9659722447395324,walking
1783088481601020200,6.104020263671875,-0.5510914753802121,-0.4306730979725718,0.3623492110699415,-0.2797956466674804,0.8117313385009766,0.8367213606834412,walking
1783088481611065000,6.114065185546875,-1.3846883713953195,-0.7063016185753047,0.7348293555319309,-0.3025521636009216,0.5198333263397217,0.7398911714553833,walking
1783088481621109000,6.12410888671875,-1.6537185166463255,-0.8950364302314817,0.9675900636583566,-0.2545846402645111,0.2470297515392303,0.6217847466468811,walking
1783088481631153200,6.134153076171875,-1.1516922470778226,-0.9264002673968672,1.2855565276443957,-0.1441754102706909,-0.028073213994503,0.4435518682003021,walking
1783088481641198000,6.144197998046875,-0.3830399707905948,-0.8403038463078438,1.6084610325545072,0.009671676903963,-0.3092665374279022,0.2654873132705688,walking
1783088481651242000,6.154241943359375,0.2260183942593634,-0.6534757450558245,1.5075322223842142,0.1348751634359359,-0.5395104885101318,0.1050209179520607,walking
1783088481661286100,6.1642861328125,0.7976859169393777,-0.2483461075320839,1.2891548443973064,0.2026313096284866,-0.6667762994766235,0.0043659443035721,walking
1783088481671331000,6.1743310546875,1.0168388093434273,0.3650898880802095,1.200218669837713,0.1860563308000564,-0.7429770827293396,0.0135557139292359,walking
1783088481681375000,6.184375,1.207271364828199,0.5318846706070005,1.2978957847356796,0.112417533993721,-0.7452492713928223,0.0740275830030441,walking
1783088481691419100,6.194419189453125,1.6608901618413623,0.9783123870722948,0.840168383359909,-0.0236423164606094,-0.6470116376876831,0.1539828777313232,walking
1783088481701464000,6.204464111328125,1.9414821500703692,1.571749696881324,0.7265700612306595,-0.1728597581386566,-0.4881740510463714,0.3056142032146454,walking
1783088481711508000,6.214508056640625,2.0020025236152112,1.7323336420692503,0.7354191381186247,-0.2949220836162567,-0.3490109741687774,0.5061644911766052,walking
1783088481721552100,6.22455224609375,1.977858554700762,1.584846640472114,-0.0277834944605827,-0.4172107279300689,-0.1138780936598777,0.6776350736618042,walking
1783088481731597300,6.234597412109375,1.91566425659433,1.1708210181787608,-0.481883937510848,-0.4942927062511444,0.1290728151798248,0.7915982007980347,walking
1783088481741641000,6.244640869140625,1.6433783244177698,0.5304793338537216,-0.6174842480897903,-0.4942106902599334,0.3649841547012329,0.8489879965782166,walking
1783088481751685000,6.25468505859375,1.2243164615228772,-0.3531431374378502,-0.3172287973612547,-0.4424625635147095,0.5081327557563782,0.8546876311302185,walking
1783088481761730300,6.264730224609375,0.6943119055740535,-1.0715049039021134,0.058273909792304,-0.376070499420166,0.5664615631103516,0.8505277633666992,walking
1783088481771774000,6.27477392578125,0.4240532414413988,-1.3454872647330165,0.4478191708236932,-0.30192631483078,0.573825478553772,0.8331965804100037,walking
1783088481781819100,6.284819091796875,0.6839147224612534,-1.329305360738933,0.7703682864248752,-0.2501882910728454,0.5144862532615662,0.7545433044433594,walking
1783088481791863300,6.29486328125,0.8180088662609457,-1.352722476683557,0.99555885155797,-0.2392581403255462,0.3977561593055725,0.6462967991828918,walking
1783088481801906400,6.304906494140625,0.950215881139785,-1.193303775882721,0.691615067705512,-0.3065884411334991,0.273504227399826,0.5415666103363037,walking
1783088481811951400,6.314951416015625,1.2882665172554553,-0.8189096144929527,0.4452694863408803,-0.4325856268405914,0.1471850872039795,0.4674345254898071,walking
1783088481821995300,6.324995361328125,1.338751818998158,-0.431700395193696,0.106570030927658,-0.5609398484230042,0.0323311947286129,0.4569853544235229,walking
1783088481832039400,6.335039306640625,1.354497669662535,-0.2988113894000649,-0.2005073747754097,-0.6217010021209717,-0.0915597379207611,0.4955262541770935,walking
1783088481842084400,6.34508447265625,1.421123228214681,-0.3496924124620855,-0.2021972275584936,-0.5857856273651123,-0.2582773268222809,0.5398449301719666,walking
1783088481852128300,6.355128173828125,1.448343974225968,-0.2954631018854677,-0.1397358029484748,-0.4642837345600128,-0.3765655755996704,0.596737265586853,walking
1783088481862172400,6.36517236328125,1.2609636459186673,-0.3587970715463161,-0.1176619183063507,-0.2996236979961395,-0.4156828820705414,0.6574354767799377,walking
1783088481872217300,6.37521728515625,1.0211720162421465,-0.5855183533780276,0.0786462512135505,-0.132490187883377,-0.4279963076114654,0.720953643321991,walking
1783088481882261200,6.38526123046875,0.9939717284969984,-0.5956684298619628,0.2383148351222276,-0.0151816653087735,-0.390973299741745,0.759499728679657,walking
1783088481892305400,6.395305419921875,1.006698669731617,-0.2361249238625168,0.4330325205802917,0.029016051441431,-0.3093733787536621,0.7919586896896362,walking
1783088481902350300,6.405350341796875,0.9237604204125702,0.0766721746616065,0.6423556544959544,-0.0142603171989321,-0.2244414538145065,0.8503229022026062,walking
1783088481912394200,6.415394287109375,0.8733573901258409,0.028775135846436,0.7164823824584484,-0.1274903118610382,-0.15436752140522,0.9234389066696168,walking
1783088481922438400,6.4254384765625,0.8422447512425482,-0.1437597977675497,0.6326555137366056,-0.2555689215660095,-0.1064423397183418,0.975629448890686,walking
1783088481932483300,6.4354833984375,0.7408325414694845,-0.3272979175634682,0.4136386688023805,-0.3372453451156616,-0.0743250474333763,1.0156115293502808,walking
1783088481942527200,6.44552734375,0.6165512050233781,-0.5361766687124967,0.2534656425029039,-0.3410685658454895,-0.0690232217311859,1.0357272624969482,walking
1783088481952571400,6.4555712890625,0.5868607078976928,-0.8495929220482706,0.1791179652661085,-0.2866715490818023,-0.0880714356899261,1.0201213359832764,walking
1783088481962616300,6.4656162109375,0.5832761274091899,-1.0605258292481303,0.1942337013334035,-0.2039830684661865,-0.1190125718712806,0.980999231338501,walking
1783088481972660200,6.47566015625,0.7040351349480449,-1.159473256342858,0.3126683575779199,-0.1351269632577896,-0.1653168499469757,0.9216182827949524,walking
1783088481982705400,6.485705322265625,0.97045597448349,-1.22336018371135,0.4452572113811969,-0.0914862677454948,-0.2194080501794815,0.8420326113700867,walking
1783088481992749600,6.49574951171875,1.063497538535297,-1.0903811615467072,0.3660065645337104,-0.0830825567245483,-0.219487577676773,0.7685348987579346,walking
1783088482002793200,6.505793212890625,1.0751230943992731,-0.8863974889628589,0.1880617347002029,-0.0910486057400703,-0.182056576013565,0.7124109268188477,walking
1783088482012838400,6.51583837890625,1.1279438533522188,-0.7684316192738712,0.1159422549068927,-0.0994337946176529,-0.1330044269561767,0.680617094039917,walking
1783088482022882600,6.525882568359375,0.993112773580104,-0.7032653196193277,0.1008914007693529,-0.1066829189658165,-0.0944812595844268,0.6810919046401978,walking
1783088482032926200,6.53592626953125,0.7744536560423672,-0.7248322776526213,0.1274701956152915,-0.1134707853198051,-0.0788128226995468,0.6977505087852478,walking
1783088482042971400,6.545971435546875,0.5137226987116038,-0.8178475382193923,0.1225993747085332,-0.1168817579746246,-0.0740867778658866,0.7104876041412354,walking
1783088482053015600,6.556015625,0.3133727064549922,-0.7658850035309791,0.0866314047485589,-0.1119860112667083,-0.0716487392783165,0.7340543270111084,walking
1783088482063059500,6.5660595703125,0.1627518638115376,-0.6775444567769765,-0.052580082064867,-0.087055891752243,-0.0566458217799663,0.7677377462387085,walking
1783088482073104400,6.5761044921875,0.1227183249130845,-0.6317535964608192,-0.1158650980174541,-0.0366864018142223,-0.0516269467771053,0.7920385599136353,walking
1783088482083148300,6.586148193359375,0.2651351836390793,-0.6303773396715522,-0.1321072077661752,0.0363654382526874,-0.052663717418909,0.7912132740020752,walking
1783088482093192400,6.5961923828125,0.2878959545668214,-0.6613944092258811,-0.1842506519794464,0.1137032136321067,-0.0593954138457775,0.7640767097473145,walking
1783088482103237400,6.6062373046875,0.2969621813368052,-0.8994561463698745,-0.0474333668261766,0.1677664518356323,-0.1056489199399948,0.6906020045280457,walking
1783088482113281300,6.61628125,0.4282791155081242,-1.267500938732922,0.1284796649187803,0.1751748323440551,-0.2111314088106155,0.5939156413078308,walking
1783088482123325400,6.626325439453125,0.6137370974507182,-1.5564771628171206,0.2540916654467582,0.1535281389951706,-0.3755091428756714,0.4894614517688751,walking
1783088482133370400,6.636370361328125,0.966550783738494,-1.5219991391539571,0.3047755585014819,0.1430862247943878,-0.5740420818328857,0.3864131867885589,walking
1783088482143414300,6.646414306640625,1.1749873440779746,-1.0031894925668836,0.1458119079917669,0.1691601723432541,-0.7259045839309692,0.3453669548034668,walking
1783088482153459200,6.656459228515625,1.212941227158159,-0.0507499440282583,-0.2166881097257137,0.219888374209404,-0.7973219156265259,0.4052926301956177,walking
1783088482163503400,6.66650341796875,1.6508450070366265,0.5953004733324051,-0.264815888556838,0.2626182734966278,-0.8562329411506653,0.4807178676128387,walking
1783088482173547300,6.67654736328125,1.9306958215095105,0.7384387782007455,-0.2567278591692447,0.2712487578392029,-0.914042353630066,0.5201707482337952,walking
1783088482183592200,6.68659228515625,1.6152905863136051,0.434749553631246,-0.4562707728266715,0.243722066283226,-0.9378145337104796,0.5115394592285156,walking
1783088482193636400,6.69663623046875,1.1760212171703577,-0.1047039447948336,-0.5662988352537155,0.2322955131530761,-0.9512116312980652,0.4370732009410858,walking
1783088482203680300,6.70668017578125,0.8769283804804087,-0.6002810382239521,-0.4674380635291337,0.2709979116916656,-0.9721534252166748,0.3093109726905823,walking
1783088482213725400,6.716725341796875,0.2091200125589966,-1.101790590441972,-0.7933651311308145,0.3648700714111328,-0.9509250521659852,0.1659112125635147,walking
1783088482223769300,6.726769287109375,-0.6205572257943451,-1.514945567380637,-1.610309875291586,0.5003772974014282,-0.808821439743042,0.0100547689944505,walking
1783088482233813200,6.736813232421875,-0.7977630738288164,-1.352658033145219,-2.1251398045927283,0.6082863211631775,-0.6208741068840027,-0.1191708967089653,walking
1783088482243858400,6.7468583984375,-0.3982172277867793,-0.5644754192188381,-2.194519045767188,0.6499283313751221,-0.4659782946109772,-0.1671352237462997,walking
1783088482253902300,6.75690234375,-0.1559974941805005,0.5250418189749121,-2.264913601464033,0.6132919788360596,-0.311433732509613,-0.1364232003688812,walking
1783088482263946200,6.7669462890625,-0.0782484840676188,1.5378274074047802,-2.1144179195702075,0.5244028568267822,-0.1473965942859649,-0.0508361384272575,walking
1783088482273991400,6.776991455078125,0.1365750008299946,2.056842659566551,-1.4983745179384946,0.4195632636547088,0.0058589153923094,0.0506678149104118,walking
1783088482284035300,6.787035400390625,0.2820278662510216,2.293695313181728,-0.8914332911729812,0.3017516732215881,0.124129369854927,0.1692029982805252,walking
1783088482294079200,6.797079345703125,0.3281666632220149,2.547010879689455,-0.2773825246632099,0.1950754225254058,0.1550080627202987,0.3263136744499206,walking
1783088482304124400,6.80712451171875,0.5047564251847565,2.643269067700207,0.2624807236075401,0.1275413781404495,0.0746959224343299,0.5272246599197388,walking
1783088482314168600,6.81716845703125,0.6088467681258917,2.4788190947338937,0.6032090544998645,0.1186869889497757,-0.0828073546290397,0.7189297676086426,walking
1783088482324212200,6.827212158203125,0.6420975880816578,2.0499888481490314,0.9377297629237176,0.1727502197027206,-0.3316691219806671,0.8379498720169067,walking
1783088482334257400,6.83725732421875,0.7016603686407208,1.6686866609364748,1.2720669314742088,0.2940312027931213,-0.6455402374267578,0.9061108231544496,walking
1783088482344301600,6.847301513671875,0.5666144770741462,1.328749772682786,1.4566560216277835,0.4684038162231445,-0.9605093598365784,0.9453325271606444,walking
1783088482354345200,6.85734521484375,0.2378156534284353,1.027749787197262,1.53230776720047,0.6702997088432312,-1.2179880142211914,0.943841278553009,walking
1783088482364390400,6.867390380859375,-0.6406390598364174,0.5095927593000232,1.0479396116584538,0.8398367762565613,-1.293254256248474,0.8746337294578552,walking
1783088482374434600,6.8774345703125,-1.9767105537094176,-0.0657850160747766,0.0664537091165781,0.918840229511261,-1.1207804679870603,0.7564692497253418,walking
1783088482384479200,6.887479248046875,-2.4723159964501855,-0.2147011736921966,-0.6519137564361095,0.8767862319946289,-0.7743234634399414,0.649388313293457,walking
1783088482394523400,6.8975234375,-2.43884978017807,-0.0974668331481516,-1.0015034391760826,0.7096290588378906,-0.3606913089752197,0.5414395928382874,walking
1783088482404567300,6.9075673828125,-2.179046751347184,-0.1331470722079277,-1.3914321465671062,0.4601419866085052,0.0636216178536415,0.3990558087825775,walking
1783088482414612200,6.9176123046875,-1.5805860604181885,-0.0762447430297732,-1.84560974650681,0.1960120648145675,0.4808752536773681,0.2692084610462188,walking
1783088482424656400,6.927656494140625,-0.7161940670363605,-0.126340168672055,-2.166773545229435,-0.0186424534767866,0.8362935781478882,0.1378408670425415,walking
1783088482434700300,6.9377001953125,-0.0224311736471951,-0.1267569327794015,-2.1588106035262347,-0.1289921104907989,1.0691968202590942,0.0435386784374713,walking
1783088482444745200,6.9477451171875,1.0216900487668812,-0.1458914029687643,-1.6866157008588314,-0.1343253552913665,1.1952564716339111,-0.0234949514269828,walking
1783088482454789400,6.957789306640625,1.3314913264758883,-0.2079470232568681,-1.1469178722828626,-0.0788941234350204,1.2377270460128784,-0.0867563933134079,walking
1783088482464833300,6.967833251953125,1.2815715496614577,-0.113388478770852,-0.6181155317306518,0.0196375157684087,1.209007978439331,-0.1312801837921142,walking
1783088482474878200,6.977878173828125,1.0601245549708604,0.3099045919530093,0.0962239934802055,0.1589143872261047,1.101767897605896,-0.0994403511285781,walking
1783088482484922400,6.98792236328125,0.8599401285395025,0.8023673527538776,0.7935223675191402,0.2499620020389557,0.9059277772903442,0.0166196767240762,walking
1783088482494966300,6.99796630859375,0.5925396303169429,0.9556554418452085,1.077070429074764,0.2387060672044754,0.6768620610237122,0.1865851879119873,walking
1783088482505011200,7.00801123046875,0.0035924715340137,0.8392373861201107,1.1264917548477649,0.1534119397401809,0.4363881945610046,0.3509203493595123,walking
1783088482515055400,7.018055419921875,-0.4733024255178868,0.4334494308181106,1.3206243338942527,0.0805269181728363,0.2385731339454651,0.4502206146717071,walking
1783088482525099300,7.028099365234375,-0.9719652100026608,0.0500366811923682,1.253595455238223,0.0331370346248149,0.105795107781887,0.4806568324565887,walking
1783088482535144400,7.03814453125,-1.168104598826915,-0.242400350870192,1.08700028693676,-0.0161558501422405,-0.0122979180887341,0.4470198452472687,walking
1783088482545188400,7.048188232421875,-1.1899359068848192,-0.494143553494662,0.9726292268693446,-0.0521711073815822,-0.1060497090220451,0.3822776079177856,walking
1783088482555232300,7.058232177734375,-0.7806396512009203,-0.7251824062645434,0.8783826709419489,-0.0680177062749862,-0.1858993172645568,0.2940590381622314,walking
1783088482565277400,7.06827734375,-0.3805408474512398,-0.8425836278080939,0.8488876963883638,-0.0408614501357078,-0.2830674052238464,0.206122800707817,walking
1783088482575321300,7.0783212890625,-0.3069216306194663,-0.8702465646289288,0.7418781049996614,0.0370929352939128,-0.3396008312702179,0.148171067237854,walking
1783088482585366300,7.0883662109375,-0.1523676132455468,-0.9852022927165032,0.6849521026849746,0.1353955417871475,-0.3513805270195007,0.0948178321123123,walking
1783088482595410400,7.098410400390625,-0.1122694116130471,-1.002921050889045,0.6959913830935954,0.2210349291563034,-0.3307399451732635,0.0516161695122718,walking
1783088482605454300,7.108454345703125,0.0514960862204432,-1.0557434172771871,0.9680804775238036,0.2852557599544525,-0.2960844933986664,-0.0111974123865365,walking
1783088482615499300,7.118499267578125,0.3152839469037949,-1.2603788317680358,1.4589707283109423,0.3019847273826599,-0.2895373106002807,-0.1288723796606063,walking
1783088482625543400,7.12854345703125,0.4467230461500585,-1.5376881450645623,1.8029004855930804,0.2453728467226028,-0.3111741542816162,-0.2824606299400329,walking
1783088482635587300,7.13858740234375,0.2519653209425508,-1.7600632143855093,1.694725357556343,0.1072930321097374,-0.3141028881072998,-0.3964127004146576,walking
1783088482645632300,7.14863232421875,-0.2433719723813235,-1.899432229848206,1.3451958805710076,-0.1150721311569213,-0.244859904050827,-0.4530035257339477,walking
1783088482655676400,7.158676513671875,-0.434777610681951,-2.070396845405549,1.2044313190966844,-0.3822438716888428,-0.2991074621677398,-0.4708312153816223,walking
1783088482665720600,7.168720458984375,-0.2729435193024576,-2.227506100220233,1.9676368742853405,-0.2084214836359024,-0.2866289615631103,-0.4397838115692138,walking
1783088482675765200,7.17876513671875,-0.2996845189727842,-1.9399217688858508,0.296616217443347,-0.1096618846058845,-0.2336690574884414,-0.3786275088787079,walking
1783088482685809400,7.188809326171875,-0.5141461848206818,-1.8767296919137235,0.0401285967707633,-0.0082212816923856,-0.1760832518339157,-0.2096555233001709,walking
1783088482695853600,7.198853515625,0.0042529812693595,-1.5556773907415569,0.1543634632378816,0.1516765058040619,-0.1663800030946731,-0.0520304553210735,walking
1783088482705898200,7.208898193359375,0.3121443337038159,-1.2753326552718878,-0.2531108377158642,0.2690393328666687,-0.128470703959465,0.1441116333007812,walking
1783088482715942400,7.2189423828125,0.1040823057651519,-0.8193900914862752,-0.4324129273772239,0.3532901108264923,-0.0512072332203388,0.3585334122180938,walking
1783088482725986300,7.228986328125,0.3927488793782889,-0.4455179081439971,-0.3235013017594814,0.3615506887435913,0.033151589334011,0.5217268466949463,walking
1783088482736031200,7.23903125,0.6749279906682669,-0.4255949179254472,-0.0567915622800588,0.2338569164276123,-0.0300401635468006,0.6676433086395264,walking
1783088482746075400,7.249075439453125,0.3342673181846737,-0.4039427658267319,-0.1442091489702463,0.1112521737813949,0.0038791876286268,0.8376379609107971,walking
1783088482756119300,7.259119384765625,-0.2075581700697541,-0.4460892782911658,-0.4457710061222315,0.0226345192641019,0.1268075704574585,0.9618878364562988,walking
1783088482766164200,7.269164306640625,-0.647018239479512,-0.6653289721958339,-0.0634393297314643,0.0829463303089141,0.0375903397798538,1.048192858695984,walking
1783088482776208400,7.27920849609375,-0.8393313480138778,-0.5207089043371379,0.7896446493029594,0.2717430889606476,-0.02973398193717,1.1849315166473389,walking
1783088482786252300,7.289252197265625,-0.7765330926649272,-0.9128208009861408,0.0876022956073284,0.2656452655792236,-0.1888735741376876,1.22272527217865,walking
1783088482796297200,7.299297119140625,-0.8301205982066691,-1.0463386062026023,0.1969137341976165,0.2032376676797866,-0.3243458569049835,1.2701938152313232,walking
1783088482806342000,7.309341796875,-1.1224484708063305,-1.0637634959951043,-0.2553945647388697,0.130717396736145,-0.3886577188968658,1.319370150566101,walking
1783088482816386800,7.31938671875,-1.9561210624061525,-0.6187536835037172,-1.1988783611446618,0.1245053336024284,-0.3006560802459717,1.4194070100784302,walking
1783088482826431000,7.329430908203125,-2.309616812673956,0.033420915825665,-2.015958129861951,0.1833705306053161,-0.1029632464051246,1.5431960821151731,walking
1783088482836475000,7.339474853515625,-1.7112126742377876,0.4485702814519405,-2.5215087741643187,0.2516987919807434,0.1635625958442688,1.616690993309021,walking
1783088482846520000,7.34952001953125,-0.6943517991930246,0.7357591837279498,-2.806453843036294,0.2529172003269195,0.3904948234558105,1.6165021657943726,walking
1783088482856564000,7.35956396484375,0.1632972957998514,0.9252566503196954,-3.041133536526561,0.2119650542736053,0.5454980134963989,1.5888676643371582,walking
1783088482866607900,7.36960791015625,0.4917825234517455,1.0016662285223603,-3.1305192084193227,0.1676694899797439,0.6350873112678528,1.5590753555297852,walking
1783088482876653000,7.379653076171875,0.0691245357610285,0.3775923729091882,-2.8536954866826534,0.1959059238433838,0.6589926481246948,1.4580070972442627,walking
1783088482886697000,7.389697021484375,-0.2890029659606516,-0.2797387324005365,-1.8133178347110748,0.2723386585712433,0.5433544516563416,1.318861961364746,walking
1783088482896740900,7.399740966796875,-0.1859799599900841,-0.7206706279285252,-0.6443570574462414,0.344315230846405,0.3310834765434265,1.162259221076965,walking
1783088482906786000,7.4097861328125,-0.3822017664007842,-1.2036064125798642,0.0637795214712619,0.3889918923377991,0.0855496302247047,0.9378074407577516,walking
1783088482916830000,7.419829833984375,-0.8927804679982364,-1.5314086264036595,0.0922328780174255,0.3395498096942901,-0.075359970331192,0.6650323867797852,walking
1783088482926873900,7.429873779296875,-1.1523458886809643,-1.2725870098255574,0.0391682273060083,0.1844947040081024,-0.1817793548107147,0.4715130031108856,walking
1783088482936919000,7.4399189453125,-0.9540355855584144,-0.9255933349281548,0.0545733017086982,0.0278138015419244,-0.2622194290161133,0.3541699349880218,walking
1783088482946963000,7.449962890625,-0.3784821613557636,-0.7359978147894144,-0.0756266111314296,-0.0161163713783025,-0.3550082147121429,0.2546063363552093,walking
1783088482957006800,7.4600068359375,0.0644197190709412,-0.3567832475058734,-0.54549570119977,0.0604602582752704,-0.3834610879421234,0.1918157190084457,walking
1783088482967052000,7.470052001953125,0.0534045501902699,-0.0478353717558085,-1.4261182600229978,0.1966503262519836,-0.2691994905471802,0.1870848834514618,walking
1783088482977096200,7.48009619140625,0.3583312076002359,0.1566039356410503,-1.4764344888091083,0.3321792483329773,-0.1363551467657089,0.231484442949295,walking
1783088482987139800,7.490139892578125,1.101596967566013,0.3577807341106235,-0.7634528079479932,0.4231738746166229,-0.0814082771539688,0.2916455268859863,walking
1783088482997185000,7.50018505859375,2.1747934778168796,0.302950535031408,0.2055833628654479,0.4844167530536651,-0.118316575884819,0.3182264864444732,walking
1783088483007229200,7.510229248046875,2.6834587470084426,0.1874500325426459,0.6677741733908653,0.5078528523445129,-0.1497962027788162,0.3044590055942535,walking
1783088483017273900,7.52027392578125,2.97013400067389,0.0493453379273414,1.0487608649134634,0.4889253973960876,-0.1887770444154739,0.2905183136463165,walking
1783088483027318000,7.530318115234375,2.8854446699038148,0.0526458407774567,1.3878455202519893,0.3742310404777527,-0.2148176878690719,0.2993738651275635,walking
1783088483037362200,7.540362060546875,2.4443241199359296,0.0963648632556199,1.4479787941753863,0.1986738741397857,-0.2060006856918335,0.3633883893489837,walking
1783088483047406800,7.55040673828125,2.2440091989926993,0.0070361822471022,1.7216215477883814,0.0574522912502288,-0.2565149962902069,0.4828963875770569,walking
1783088483057451000,7.560450927734375,1.9319236097387968,0.0830666980043053,1.6998714882731436,0.0037206739652901,-0.3130905032157898,0.6341235041618347,walking
1783088483067495000,7.570494873046875,1.583680080910772,0.4228142011657357,1.2582815672278405,0.040677361190319,-0.3391905426979065,0.8218177556991577,walking
1783088483077539800,7.580539794921875,1.3873469230800866,0.7858589932844042,0.9461562304854392,0.1614799350500106,-0.3591091632843017,1.0159820318222046,walking
1783088483087584000,7.590583984375,1.362646489326656,1.0174299071043729,0.8278367250531912,0.3111432194709778,-0.3904090225696563,1.1840273141860962,walking
1783088483097628000,7.6006279296875,1.3506389484077692,1.0213614013344048,0.5106172800421714,0.4380697906017303,-0.3758421540260315,1.268635869026184,walking
1783088483107672800,7.6106728515625,1.3252308047764003,0.8444715604465455,0.334874928689003,0.4630409181118011,-0.3296184837818146,1.243617296218872,walking
1783088483117717000,7.620717041015625,1.2530464430533348,0.7748426553599536,0.553947887724638,0.3762125670909881,-0.2756194770336151,1.180128812789917,walking
1783088483127761000,7.630760986328125,0.9442685170426964,0.5832248356133699,0.7240899348527192,0.2249724566936493,-0.1973966062068939,1.1149849891662598,walking
1783088483137805800,7.640805908203125,0.7217335809849202,0.2662229058105498,0.7961901254236697,0.0850315541028976,-0.1349067389965057,1.034858465194702,walking
1783088483147850000,7.65085009765625,0.855506237745285,-0.09431319142282,0.7576075890511274,0.0045518884435296,-0.0808791890740394,0.9450111389160156,walking
1783088483157894000,7.660893798828125,0.9991536611795424,-0.1060126893058419,0.41615737362504,-0.0172872245311737,-0.0218212157487869,0.8704994320869446,walking
1783088483167939000,7.67093896484375,1.3558404625736176,-0.0598464198060333,0.1826128216445446,-0.0292818360030651,0.022881805896759,0.8143740892410278,walking
1783088483177983000,7.68098291015625,1.623276178240031,-0.138885031338036,-0.1132797576993703,-0.0628124624490737,0.0687290355563163,0.7627978324890137,walking
1783088483188027000,7.69102685546875,1.6395127350308,-0.2392486088410019,-0.4696101468712091,-0.1044049113988876,0.0957843586802482,0.7233777642250061,walking
1783088483198072000,7.701072021484375,1.8014140464276074,-0.2422422376990318,-0.3732096277803182,-0.1026620343327522,0.0447508431971073,0.69890958070755,walking
1783088483208116000,7.711115966796875,1.659322035741806,-0.2761360317334532,-0.277072728061676,-0.0680380091071128,-0.0272141583263874,0.6767699122428894,walking
1783088483218159900,7.721159912109375,1.31628849664703,-0.4288407679788768,-0.1551701034456491,-0.0266533270478248,-0.1222833395004272,0.6511198878288269,walking
1783088483228205000,7.731205078125,1.3191991233967244,-0.579667289262265,0.3125771721631288,0.0138885052874684,-0.2604228258132934,0.6295666694641113,walking
1783088483238249000,7.7412490234375,1.3538954659856854,-0.6310989319443703,0.5406342326432466,0.0434662327170372,-0.3877730369567871,0.616631031036377,walking
1783088483248292900,7.75129296875,1.27728671194911,-0.6642731795325875,0.5259136333733797,0.0567740499973297,-0.4396724700927734,0.6329026818275452,walking
1783088483258338000,7.761338134765625,1.2681988578692078,-0.6949594096973538,0.4996943194895982,0.0439775288105011,-0.4282509088516235,0.6823820471763611,walking
1783088483268382000,7.7713818359375,1.5494466796584427,-0.5643706436701119,0.5929886892586946,0.0240328479558229,-0.3893104493618011,0.7415037155151367,walking
1783088483278427000,7.781427001953125,1.85989546149075,-0.0357061041533946,0.6067272917538881,0.0006334627978503,-0.3471921682357788,0.8169177174568176,walking
1783088483288471000,7.791470947265625,2.1097623488493262,0.4264183631375431,0.5640799901604652,-0.0283971242606639,-0.2955896854400635,0.9188590049743652,walking
1783088483298515200,7.80151513671875,2.1575456981569525,0.576029371151328,0.5562713622361422,-0.0619076043367385,-0.25901660323143,1.0432401895523071,walking
1783088483308560000,7.811559814453125,1.97306956685856,0.3713445645608008,0.4852233110666274,-0.0897480249404907,-0.2198036909103393,1.1512361764907837,walking
1783088483318604000,7.82160400390625,1.7589042536087334,-0.0922230872757732,0.4012807070106268,-0.1045327931642532,-0.1825518012046814,1.2029863595962524,walking
1783088483328648200,7.831648193359375,1.7022418706662952,-0.4992566587246954,0.2319797868818044,-0.1001468375325203,-0.1637695878744125,1.21902334690094,walking
1783088483338692900,7.84169287109375,1.4734639485657215,-0.8063212049461901,-0.1055348426610231,-0.0893731042742729,-0.1304675787687301,1.2044156789779663,walking
1783088483348737000,7.851737060546875,1.2698948481321335,-1.1196819287024438,-0.284409646821022,-0.0656502023339271,-0.0742543712258338,1.1421825885772705,walking
1783088483358781200,7.86178125,1.0795536241926251,-1.4293797460369766,-0.3237637520879506,-0.0401539057493209,-0.0121347717940807,1.05072820186615,walking
1783088483368825900,7.871825927734375,0.9338368471384048,-1.435013806401193,-0.3503518992841243,-0.0295063182711601,0.0401593223214149,0.960035800933838,walking
1783088483378870000,7.8818701171875,0.9456890513651072,-1.3388767605520784,-0.2886526912182569,-0.0365919768810272,0.0659907013177871,0.8891212940216064,walking
1783088483388914000,7.891913818359375,1.160486963430047,-1.2158037769824266,-0.2908873184025287,-0.0528220795094966,0.0597842074930667,0.8374090790748596,walking
1783088483398958800,7.901958740234375,1.3890755004383624,-0.995952527050674,-0.3304331468492746,-0.0755449160933494,0.0387509688735008,0.8085806369781494,walking
1783088483409003000,7.9120029296875,1.6558540673702955,-0.8277395482890307,-0.4607727604210376,-0.0970227792859077,0.0095424810424447,0.8081468343734741,walking
1783088483419047000,7.922046875,1.6945727973431348,-0.7088000112622976,-0.8055038972139358,-0.1357819437980651,0.0056410748511552,0.8181850910186768,walking
1783088483429091800,7.932091796875,1.7434880732901394,-0.5938923601001501,-1.0369459239572285,-0.15525683760643,0.0244464538991451,0.8460907340049744,walking
1783088483439136000,7.942135986328125,1.7109128145083785,-0.3981988153472542,-1.0792793372958898,-0.1543837636709213,0.0202360562980175,0.880616307258606,walking
1783088483449180000,7.952179931640625,1.491117824808508,-0.2908702211372554,-1.0811638358682394,-0.1373413950204849,0.0073966910131275,0.8988701701164246,walking
1783088483459224800,7.962224853515625,1.1048648833207786,-0.2679455648846924,-1.0814245326310397,-0.0788986757397651,-0.0061429236084222,0.919492483139038,walking
1783088483469269000,7.97226904296875,0.6343200859479606,-0.3324140915334224,-0.9351263024270534,0.0164107959717512,-0.0184690970927476,0.9178298711776732,walking
1783088483479940900,7.98294091796875,0.6200733878001571,-0.3422892965987325,-0.9346025708138942,0.097009502351284,-0.0645050331950187,0.8651309609413147,walking
1783088483489985000,7.992985107421875,0.3789053552038967,-0.5709709187179803,-0.542522822868824,0.0990332588553428,-0.1337648034095764,0.7663037776947021,walking
1783088483500030000,8.003030029296875,0.3166455906458199,-0.9165927207402884,0.00673252312541,0.0433317199349403,-0.2050108760595321,0.6462979316711426,walking
1783088483510073900,8.013073974609375,0.3263160669192672,-1.1623767226994035,0.2773059522956609,-0.0406164415180683,-0.2216047644615173,0.517695963382721,walking
1783088483520118000,8.023117919921875,0.3030959348514676,-1.2748958712898193,0.1435521463662386,-0.1254410147666931,-0.1447252780199051,0.3991029560565948,walking
1783088483530163000,8.033162841796875,0.2742985871732235,-1.1642425165712833,-0.4650304178655147,-0.166257694363594,0.012023052200675,0.3193359673023224,walking
1783088483540206800,8.043206787109375,0.3234042711257934,-0.8508797469884156,-1.3294050217211246,-0.1452623605728149,0.1510645151138305,0.3086791336536407,walking
1783088483550251000,8.0532509765625,0.4617756538532674,-0.453445340142399,-1.9277233815699817,-0.0978061631321907,0.2127593010663986,0.3209453821182251,walking
1783088483560296000,8.0632958984375,0.6282068637646734,-0.420087844941765,-2.2059359273165464,-0.0581231564283371,0.1631946116685867,0.3196665942668915,walking
1783088483570339800,8.07333984375,0.8069701703742146,-0.6565959229029714,-2.076634424620867,0.012819193303585,0.0299859531223773,0.3006097972393036,walking
1783088483580384000,8.083384033203124,0.9448962935522198,-0.9800696060031652,-1.7753607367604969,0.1264977008104324,-0.1240653917193412,0.2659734785556793,walking
1783088483590429200,8.09342919921875,1.0235551119863986,-1.3052062538795173,-1.463680805698037,0.234619915485382,-0.2974145412445068,0.2225764542818069,walking
1783088483600472800,8.103472900390624,1.156204025413841,-1.3467591843649744,-1.1276239737480878,0.2887186408042907,-0.4419140517711639,0.1909371316432953,walking
1783088483610517000,8.11351708984375,1.2550794101856648,-1.116464720221609,-0.8565905258506537,0.2875521779060364,-0.5465238094329834,0.2035717070102691,walking
1783088483620562200,8.123562255859374,1.283080639050156,-0.6983573815725743,-0.544891305565834,0.2600963711738586,-0.6343145370483398,0.2795157134532928,walking
1783088483630605800,8.133605712890626,1.2324557827062903,-0.1478698634348809,-0.1736310582876205,0.2510831654071808,-0.7151414752006531,0.3942723870277405,walking
1783088483640650000,8.14364990234375,1.1993506548315287,0.3060876640133559,0.2661813316911459,0.2699587941169739,-0.7872634530067444,0.5317447185516357,walking
1783088483650695200,8.153695068359376,1.1269302923955022,0.6476683739513158,0.7172294014334678,0.3081980645656585,-0.8298913240432739,0.6811637282371521,walking
1783088483660739000,8.163739013671876,1.1238137678101658,0.9246760739527642,1.0721160215377807,0.3551547527313232,-0.8470053672790527,0.8364896178245544,walking
1783088483670783000,8.173782958984376,1.2020397477850318,1.2197025379866362,1.3810153819710016,0.3960673213005066,-0.8521007895469666,0.9961823225021362,walking
1783088483680828200,8.183828125,1.3552518490307033,1.5481611698925497,1.6959785724878311,0.4178492426872253,-0.8827184438705444,1.1320548057556152,walking
1783088483690872000,8.1938720703125,1.5456947797790168,1.7475497697710989,2.0866998915612696,0.4126504957675934,-0.9293426871299744,1.234797716140747,walking
1783088483700916000,8.203916015625,1.789989858354628,1.8399547894850372,2.262628705397248,0.3876599967479706,-0.9621583223342896,1.3193681240081787,walking
1783088483710961000,8.2139609375,1.8926156817011537,1.9045153783313928,2.1902309931844473,0.3603245317935943,-0.964217245578766,1.3964972496032717,walking
1783088483721005000,8.224005126953125,1.705074317613244,1.8841275470800696,2.082023716443777,0.3400612771511078,-0.9388179779052734,1.4521406888961792,walking
1783088483731050000,8.234050048828125,1.3313652158781886,1.7503147044397889,1.9471037893444296,0.3317583203315735,-0.8902371525764465,1.4810783863067627,walking
1783088483741094000,8.244093994140625,0.8647577579542994,1.4364065759338438,1.7680056978225709,0.3213706612586975,-0.7990145683288574,1.4703227281570437,walking
1783088483751138000,8.254137939453125,0.3276341637805104,1.0861556528061629,1.4783184028595686,0.306980550289154,-0.6376509666442871,1.4245144128799438,walking
1783088483761183000,8.264182861328125,-0.2721723887994885,0.8529453012160957,0.9449065226852892,0.3031169474124908,-0.4098364412784576,1.3563014268875122,walking
1783088483771227000,8.274226806640625,-0.8760495518192648,0.6410536319866776,0.2663245395541191,0.3154258131980896,-0.1471555680036544,1.2842421531677246,walking
1783088483781271000,8.28427099609375,-1.371075879497826,0.4795990414440632,-0.4496382029443979,0.3277422487735748,0.1101937070488929,1.2219183444976809,walking
1783088483791316000,8.29431591796875,-1.5100316379845142,0.3599731295883655,-1.2456529718011615,0.3258170485496521,0.3298187553882599,1.1757482290267944,walking
1783088483801360000,8.30435986328125,-1.342823013959825,0.2673360546842217,-2.117837957146764,0.2988573312759399,0.5213320255279541,1.1245497465133667,walking
1783088483811404300,8.314404296875,-1.016028369743377,0.1821082331232726,-2.9245179124027487,0.2447514832019806,0.6841369271278381,1.0426421165466309,walking
1783088483821449200,8.32444921875,-0.6030284372359513,0.165969583749026,-3.3879256975024936,0.1720765233039856,0.7797693014144897,0.9716238975524902,walking
1783088483831493400,8.334493408203125,-0.1705246167048811,0.2455230129353701,-3.3224002091467377,0.1166484206914901,0.7843246459960938,0.933768630027771,walking
1783088483842167300,8.345167236328125,0.2537700322769582,0.4263515815116465,-2.1065514239788055,0.1181516498327255,0.7066786289215088,0.9350356459617616,walking
1783088483852211200,8.355211181640625,0.2595188050620258,0.5997311492562294,-1.3239479253590103,0.1516376882791519,0.5386767983436584,0.9751055836677552,walking
1783088483862255400,8.36525537109375,0.3414380865968763,0.7032812478408217,-0.5816963108718395,0.1973393857479095,0.3172481060028076,1.0285128355026243,walking
1783088483872300300,8.37530029296875,0.3298312354333698,0.8389293430842458,-0.0526893876582384,0.2412282824516296,0.0888628587126731,1.0960460901260376,walking
1783088483882344200,8.38534423828125,0.0908743030153214,0.953326706636697,0.312944251909852,0.2896002531051636,-0.1070141419768333,1.176443099975586,walking
1783088483892388400,8.395388427734375,-0.1519426658317446,0.9996263932578264,0.5869809732764959,0.3212569653987884,-0.2643925845623016,1.2508779764175415,walking
1783088483902433300,8.405433349609375,-0.1228418051622807,0.9180437963314354,0.9626485156029462,0.3195071518421173,-0.4083883464336395,1.3085243701934814,walking
1783088483912477200,8.415477294921875,0.0030433132186532,0.7152147006101905,1.288040161153674,0.2894549965858459,-0.5389056205749512,1.3270388841629028,walking
1783088483922521300,8.425521240234374,-0.0980630454756319,0.3775033794514835,1.2253209623903036,0.2428334951400756,-0.6184551119804382,1.3142549991607666,walking
1783088483932566300,8.435566162109374,-0.3875353825137019,-0.0703857878684997,0.8952776916414499,0.2060022354125976,-0.6267977356910706,1.293761968612671,walking
1783088483942610200,8.445610107421874,-0.6455405681423843,-0.3919184199035167,0.4761544539481401,0.2098711133003235,-0.5754817128181458,1.2676844596862793,walking
1783088483952654300,8.455654296875,-0.5174228684037924,-0.4829157647766172,0.2755056248754263,0.2712138295173645,-0.5057889223098755,1.2399883270263672,walking
1783088483962699300,8.46569921875,-0.0429740493297576,-0.4724561839520931,0.1216331600248813,0.3388415277004242,-0.4503935277462005,1.211333394050598,walking
1783088483972743200,8.4757431640625,0.3008162994816899,-0.3967122300513088,-0.0924286928504705,0.394589215517044,-0.4179245233535766,1.1965121030807495,walking
1783088483982787300,8.485787353515626,0.4024648022286594,-0.4020632356904446,-0.1117272675603628,0.4271037876605987,-0.4087369441986084,1.1992725133895874,walking
1783088483992832300,8.495832275390624,0.4081260428607464,-0.523188300062716,-0.0323877733856439,0.4205167293548584,-0.4154433012008667,1.21702778339386,walking
1783088484002876200,8.505876220703126,0.325059344856441,-0.5626306681349873,0.0291746565580368,0.3899694681167602,-0.4327275454998016,1.2570977210998535,walking
1783088484012920300,8.51592041015625,-0.0077418462984263,-0.5116178353868425,-0.0555628972679376,0.3577524125576019,-0.4044950902462005,1.3166489601135254,walking
1783088484022965200,8.52596533203125,-0.1840831864580512,-0.4834149464704096,0.0386585242182016,0.3393071293830871,-0.3544675707817077,1.36475670337677,walking
1783088484033009400,8.536009521484376,-0.0542738803707063,-0.6929452933959662,0.2099216843307018,0.3259556293487549,-0.2731101214885711,1.3707284927368164,walking
1783088484043053300,8.54605322265625,0.0520868917204439,-0.9828064836211502,0.3080973964005709,0.294202446937561,-0.2116785049438476,1.342464804649353,walking
1783088484053098200,8.55609814453125,0.199002669300884,-1.257786184926331,0.2657943782001734,0.2489527016878128,-0.1806835681200027,1.2993415594100952,walking
1783088484063142400,8.566142333984375,0.3694700028605759,-1.3731079698473214,0.1207955401569604,0.2021604180335998,-0.1851498782634735,1.2813678979873655,walking
1783088484073186000,8.57618603515625,0.4318082394823431,-1.4420483812130986,-0.0604004004269838,0.1741346418857574,-0.2221017628908157,1.283865451812744,walking
1783088484083231200,8.586231201171875,0.0915289675317704,-1.4921210105016829,-0.2985749502956867,0.1772064715623855,-0.2788449227809906,1.302042007446289,walking
1783088484093275400,8.596275390625,-0.0521871372245252,-1.4989504181303084,-0.3229986129343509,0.2138025611639022,-0.3696459233760834,1.3004872798919678,walking
1783088484103319300,8.6063193359375,0.0201364868387579,-1.6001416786290703,-0.3874742999762296,0.2869131565093994,-0.4480189085006714,1.2628910541534424,walking
1783088484113364200,8.6163642578125,-0.0253318635247647,-1.5890974297843872,-0.5220628031641245,0.3791053891181946,-0.5138813257217407,1.1956050395965576,walking
1783088484123408400,8.626408447265625,0.0085151687584817,-1.5692670862853526,-0.5138654681831598,0.4818653166294098,-0.578239917755127,1.1240116357803345,walking
1783088484133452300,8.636452392578125,0.1334662211596965,-1.5305669148825107,-0.3470984504461288,0.5857938528060913,-0.6603068113327026,1.0666468143463137,walking
1783088484143497200,8.646497314453125,0.1828311405703425,-1.44480615548864,-0.0810942288875579,0.6808807253837585,-0.7651056051254272,1.0324416160583496,walking
1783088484153541400,8.656541259765625,-0.0884969063594937,-1.4413926937833428,0.1062006130933761,0.7792944312095642,-0.8315309882164001,0.998282551765442,walking
1783088484163586300,8.66658642578125,-0.4205769436329603,-1.6239602149814367,0.3631798166751861,0.8597190380096436,-0.8252993822097778,0.934877634048462,walking
1783088484173630200,8.676630126953125,-0.4114811985075473,-1.6961537829242646,0.7897866881221532,0.8943367004394531,-0.7727379202842712,0.8387883901596069,walking
1783088484183674400,8.68667431640625,-0.0936228710711002,-1.533152985852957,1.013847372442484,0.8639354109764099,-0.6738606095314026,0.7398831248283386,walking
1783088484193719300,8.69671923828125,0.3334408042326569,-1.122365907089412,0.9115443513095378,0.7659227848052979,-0.5199525356292725,0.669914186000824,walking
1783088484203763200,8.70676318359375,0.7952648272722959,-0.4819064416036009,0.6114204180061816,0.619766116142273,-0.3334308564662933,0.6545627117156982,walking
1783088484213807400,8.716807373046874,2.088524768900871,0.5637424287691712,0.3018172932177781,0.46646848320961,-0.1544174253940582,0.7292156219482422,walking
1783088484223852000,8.72685205078125,2.548361417515576,1.8180708744570613,-0.4701683652758598,0.2999864518642425,0.0756491646170616,0.9560001492500304,walking
1783088484233896200,8.736896240234374,1.649089395540953,2.639755214360356,-1.8381454019755123,0.1775202006101608,0.4329521656036377,1.2753738164901731,walking
1783088484243940400,8.7469404296875,0.5239359035596252,2.8491891151741147,-2.916934325405955,0.1686664968729019,0.852522611618042,1.612659931182861,walking
1783088484253985300,8.7569853515625,0.3269678088262677,2.2504545757398007,-2.587542212042212,0.2536311745643616,1.1198406219482422,1.8218331336975095,walking
1783088484264029200,8.767029296875,0.4821326515749096,0.56041562243402,-1.293047760182619,0.3273690342903137,1.1006221771240234,1.7532905340194702,walking
1783088484274073300,8.7770732421875,0.8077997530661523,-0.7271966686964034,0.1469429578483104,0.3214688003063202,0.8056507706642151,1.5001264810562134,walking
1783088484284118300,8.7871181640625,1.8507064851239323,-1.2490468520231544,0.9589303718626498,0.2911291420459747,0.3840987384319305,1.2268775701522827,walking
1783088484294162200,8.797162109375,1.9698089576274156,-1.2000289924845098,0.543041293784976,0.260248452425003,0.0553911328315734,1.0418957471847534,walking
1783088484304206300,8.807206298828126,0.996797161181271,-1.0045273170419036,-0.3885276084214448,0.2605727314949035,-0.077456459403038,0.9517781734466552,walking
1783088484314251300,8.817251220703126,0.5375805441610515,-0.8179343397200107,-0.6256038416594266,0.3429616391658783,-0.1242652386426925,0.8701744079589844,walking
1783088484324295200,8.827295166015626,1.0833875032670794,-0.5323606175556779,-0.2749345469892025,0.4603123664855957,-0.2105791568756103,0.8102463483810425,walking
1783088484334339300,8.83733935546875,1.1313934092842042,0.3464990232482552,-0.511337995532155,0.5065592527389526,-0.2640857994556427,0.8446924686431885,walking
1783088484344384300,8.84738427734375,0.9003416970327496,1.2064432434409855,-1.0606880340725182,0.4749004542827606,-0.1900242418050766,1.013700008392334,walking
1783088484354428400,8.857428466796875,1.0130481848888098,1.4947848228834568,-1.1684218480825423,0.4357301592826843,-0.0828253477811813,1.2374191284179688,walking
1783088484364472300,8.867472412109375,1.3388674082018437,1.547582200960815,-0.7910182757437229,0.4392001628875732,-0.0075293332338333,1.4151241779327393,walking
1783088484374517200,8.877517333984375,1.4325471240267156,1.473661370833963,-0.410924149146676,0.4435720145702362,0.043720006942749,1.5435879230499268,walking
1783088484384561400,8.8875615234375,1.1260931109189989,1.2175985514447092,0.0119791916072368,0.4007605016231537,0.06727085262537,1.6749756336212158,walking
1783088484394605000,8.89760498046875,0.7134042901873588,0.7399993055157363,0.6214595814615488,0.3288591504096985,0.0241803769022226,1.7600713968276978,walking
1783088484404650200,8.907650146484375,0.5322722086198628,0.2132451296649873,1.4545605106532573,0.2541790008544922,-0.1180872023105621,1.7636938095092771,walking
1783088484414694400,8.9176943359375,0.49473479738608,-0.0605975304342806,2.1940496746897695,0.212979644536972,-0.3382235467433929,1.6858335733413696,walking
1783088484424738000,8.927738037109375,0.8235020568497479,-0.0472496808223426,2.5447043563127516,0.2026810646057129,-0.5588928461074829,1.554416298866272,walking
1783088484434783200,8.937783203125,1.0203545623794197,0.1248382396765053,2.2326707895070315,0.1822836548089981,-0.711677610874176,1.4106537103652954,walking
1783088484444827400,8.947827392578125,0.9968912692055104,-0.007288403442502,1.477599440935254,0.1207378730177879,-0.7802119255065918,1.287410020828247,walking
1783088484454871300,8.957871337890625,1.0395080295301973,-0.2635191267445683,0.5058581028163432,0.0397135950624942,-0.7516894936561584,1.2101426124572754,walking
1783088484464916200,8.967916259765625,1.4543885150872171,-0.3853023627646267,-0.3566641511708497,-0.0157853942364454,-0.6568033695220947,1.196569800376892,walking
1783088484474960400,8.97796044921875,1.805635171253979,-0.1650983538724482,-1.0475374605983494,-0.0211961381137371,-0.5049275159835815,1.23431396484375,walking
1783088484485004300,8.98800439453125,1.8286293856114149,0.0240900467701256,-1.3904653473615645,0.0225581508129835,-0.3301799595355987,1.2821613550186155,walking
1783088484495049200,8.99804931640625,1.60273944003731,0.0882099061116576,-1.3137684766501188,0.1072285622358322,-0.1676160991191864,1.323093295097351,walking
1783088484505093400,9.00809326171875,1.2575139438562095,0.0521935669653117,-0.8545850312471389,0.2073417007923126,-0.0359118580818176,1.3385237455368042,walking
1783088484515138300,9.01813818359375,1.0367334502503276,-0.0982961235791444,-0.3351479004114866,0.3006282150745392,0.0739605724811554,1.3263435363769531,walking
1783088484525182200,9.02818212890625,1.1052784325577318,-0.2417877719298005,0.1561854179680347,0.3511571288108825,0.1403170824050903,1.2725622653961182,walking
1783088484535226400,9.038226318359374,1.275234017203003,-0.2366227903820574,0.455686250936985,0.3250690698623657,0.1726619750261306,1.181492805480957,walking
1783088484545271000,9.04827099609375,1.3800477059826255,-0.0586610094137489,0.5689449658483267,0.2214686274528503,0.1609206348657608,1.0896958112716677,walking
1783088484555315200,9.058315185546874,1.5490980123512446,0.1999690301150083,0.6499544390618801,0.0936621949076652,0.1048182174563407,1.0206607580184937,walking
1783088484565359400,9.068359375,1.668125373791903,0.3227843856617808,0.4633522555202245,-0.0195598173886537,0.0346194356679916,1.0014115571975708,walking
1783088484575404300,9.078404296875,1.7254240088112651,0.3678684128828346,0.1276928984552622,-0.0733119919896125,-0.0556934177875518,1.0156302452087402,walking
1783088484585448200,9.0884482421875,1.896629885778576,0.365219359678775,-0.0282224703997373,-0.0470893830060958,-0.1697072386741638,1.0424243211746216,walking
1783088484595492400,9.098492431640626,1.9670793865330516,0.1947537796847522,-0.2113864961862564,0.0469122156500816,-0.2463506013154983,1.104099154472351,walking
1783088484605537300,9.108537353515626,1.9660985588021576,0.0135119541324675,-0.2996931406706571,0.1682229042053222,-0.267670214176178,1.1735873222351074,walking
1783088484615581200,9.118581298828126,1.798558510866016,-0.200878692305833,-0.223006206831336,0.2622165083885193,-0.2340305149555206,1.2120740413665771,walking
1783088484625625300,9.128625244140624,1.4250767881460489,-0.5479562460944056,-0.2312766070485115,0.2945059537887573,-0.1426570266485214,1.216797113418579,walking
1783088484635670300,9.138670166015626,0.9430473046846688,-0.8005562116786837,-0.1520984409153461,0.2803874611854553,-0.0418742299079895,1.191796898841858,walking
1783088484645714200,9.148714111328124,0.7682334663532674,-0.7907929425552487,0.1696668308317661,0.2428164184093475,0.0324467904865741,1.1431185007095337,walking
1783088484655758300,9.15875830078125,0.791488961995393,-0.5835324402578175,0.4320364952802658,0.1850495189428329,0.0810084715485572,1.1027544736862185,walking
1783088484665803300,9.16880322265625,0.8031146639898419,-0.391629812220484,0.4926835639446973,0.1192811727523803,0.1191662028431892,1.075297474861145,walking
1783088484675847200,9.17884716796875,0.866297096350789,-0.2594780346602201,0.4732312599778175,0.0410652011632919,0.146630585193634,1.0657618045806885,walking
1783088484685891300,9.188891357421875,1.0004644515171646,-0.0705045919425785,0.4421633370190858,-0.028514739125967,0.139752060174942,1.103379249572754,walking
1783088484695936300,9.198936279296875,1.1955942249074578,-0.0123896721042692,0.3723024498075246,-0.0590116642415523,0.0825223326683044,1.168088436126709,walking
1783088484705980400,9.20898046875,1.2477246635086834,-0.0709793698474764,0.2067997529178857,-0.0542962588369846,0.0022378386929631,1.2278406620025637,walking
1783088484716024000,9.219024169921877,1.3148700081512332,-0.1622026324309408,0.0524719455152749,-0.013022587634623,-0.0718603581190109,1.2678223848342896,walking
1783088484726069200,9.2290693359375,1.3448841842733323,-0.2446621583223343,-0.0533481438279151,0.0473104640841484,-0.1276140809059143,1.296091079711914,walking
1783088484736113400,9.239113525390623,1.1891634612075983,-0.3309768983371555,-0.1424216810315847,0.0947064757347107,-0.1580878347158432,1.3051074743270874,walking
1783088484746157000,9.249156982421876,0.9812284206494688,-0.4562134896814823,-0.2408709493458271,0.1292527765035629,-0.1540873199701309,1.290062665939331,walking
1783088484756202200,9.2592021484375,0.9230851514995098,-0.5222793685242534,-0.2707423559963703,0.1572210192680359,-0.1312408596277237,1.2658934593200684,walking
1783088484766246400,9.269246337890625,0.9470594629354776,-0.5413489567838609,-0.2247363916248083,0.1787105351686477,-0.1103524193167686,1.2451573610305786,walking
1783088484776290300,9.279290283203125,0.9173167972311376,-0.4892570966273546,-0.1401297707021236,0.1720576882362365,-0.1052396818995475,1.2372934818267822,walking
1783088484786335200,9.289335205078125,0.964760393190384,-0.3934663799978792,0.0352174438536167,0.1463654935359954,-0.1386591792106628,1.237064003944397,walking
1783088484796379400,9.29937939453125,0.9216270616456864,-0.3757192725136876,0.0459364062666892,0.121342159807682,-0.1693558394908905,1.2277107238769531,walking
1783088484806422500,9.309422607421874,0.8123767055928707,-0.3911997502401471,-0.0731114134401083,0.1136178597807884,-0.1785076707601547,1.1992250680923462,walking
1783088484816467500,9.319467529296874,0.7289157475739717,-0.4656754377707838,-0.2688192789793014,0.1421834528446197,-0.1588048040866851,1.166717767715454,walking
1783088484826511400,9.329511474609374,0.6529312629155815,-0.602977729962021,-0.4803612579882144,0.1806779950857162,-0.1197167560458183,1.125022530555725,walking
1783088484836555500,9.339555419921876,0.520276065877825,-0.7084042899429798,-0.5881067624360322,0.2111072838306427,-0.0814130529761314,1.084752917289734,walking
1783088484846600400,9.349600341796876,0.3511503561854362,-0.7210074586674571,-0.5886112048268318,0.2277136594057083,-0.0451990477740764,1.060317039489746,walking
1783088484856644400,9.359644287109376,0.3514085687302052,-0.7120726031921804,-0.3233937497317791,0.2201561480760574,-0.041813101619482,1.0476597547531128,walking
1783088484866688500,9.3696884765625,0.40459436160326,-0.793641171593219,-0.0876256764829158,0.203445091843605,-0.0639142170548439,1.0299935340881348,walking
1783088484876733400,9.3797333984375,0.4256025167100131,-0.8474526951491832,-0.0360223304957151,0.1771383881568908,-0.078511007130146,1.0073944330215454,walking
1783088484886777300,9.38977734375,0.5021982651345431,-0.8253074988365173,0.0329015681266784,0.1355040669441223,-0.1054657995700836,0.988159716129303,walking
1783088484896821500,9.399821533203124,0.6419692855268716,-0.8125790962971746,0.08457797935009,0.0819748118519783,-0.1067688837647438,0.9669428467750548,walking
1783088484906866400,9.409866455078124,0.7575916608296335,-0.6954317033842206,0.1723532934367656,0.010828735306859,-0.1152758598327636,0.9659186005592346,walking
1783088484916910300,9.419910400390624,0.8682362477198242,-0.5293684500023722,0.2374117488026619,-0.0537332147359848,-0.1517419964075088,0.9956059455871582,walking
1783088484926955500,9.42995556640625,0.8785957291707396,-0.3447118475705385,0.0904845730453729,-0.0930977910757064,-0.185696467757225,1.0433191061019895,walking
1783088484936999700,9.439999755859375,0.7747443095520138,-0.1768693095564842,-0.1494564019739628,-0.1159224137663841,-0.2198965102434158,1.0899618864059448,walking
1783088484947043300,9.450043212890623,0.8535032273598014,-0.1574621599055826,-0.3575070317357778,-0.0959729999303817,-0.2448488771915435,1.1257213354110718,walking
1783088484957088500,9.460088623046875,0.9752731655068696,-0.237388221796602,-0.4918190560698509,-0.0405536852777004,-0.2559145987033844,1.1459124088287354,walking
1783088484967132700,9.470132568359375,1.0898486621052026,-0.398093016885221,-0.4925520465195179,0.0200601797550916,-0.2654885351657867,1.1434063911437988,walking
1783088484977176300,9.48017626953125,1.2410821567542851,-0.5545690883629024,-0.3324924174666404,0.0669208914041519,-0.2666435241699219,1.123609185218811,walking
1783088484987221500,9.490221435546877,1.3289419342540203,-0.6811737531900406,-0.2715098332375288,0.0765353888273239,-0.2622907161712646,1.096940279006958,walking
1783088484997265700,9.500265625,1.3553940339803694,-0.7542894044138491,-0.3409031029373407,0.0614778697490692,-0.2408248484134674,1.0744941234588623,walking
1783088485007309300,9.510309326171877,1.3507511766105889,-0.8067563814930617,-0.5281377391636372,0.0437500290572643,-0.1762807667255401,1.0588794946670532,walking
1783088485017354500,9.5203544921875,1.3856484485991298,-0.6861740456953644,-0.6681371614843606,0.0197466947138309,-0.1142538785934448,1.060904622077942,walking
1783088485027398700,9.530398681640625,1.293711777049303,-0.5094638722233474,-0.8130085737556219,-0.0098063517361879,-0.0659330710768699,1.082776665687561,walking
1783088485037442600,9.540442626953125,1.0922216748468576,-0.571199174515903,-0.9514332941055296,-0.0381218791007995,-0.0210385657846927,1.0922417640686035,walking
1783088485047487500,9.550487548828125,0.837211433250457,-0.6620590106144547,-1.079554647105932,-0.0562232360243797,0.0317779891192913,1.0718599557876587,walking
1783088485057531600,9.56053173828125,0.5387392126768827,-0.6368227164186537,-1.2573007394969462,-0.0418751873075962,0.1090935468673706,1.057467699050903,walking
1783088485067575600,9.570575439453124,0.3275087838351726,-0.6844964678719639,-1.429223240301013,0.0049011996015906,0.1982676982879638,1.039781928062439,walking
1783088485077620500,9.580620361328124,0.3051080053262412,-0.6740968005411326,-1.4414286418795583,0.0578030310571193,0.276195764541626,1.00823974609375,walking
1783088485087664400,9.590664306640624,0.3791648829229175,-0.582295007417351,-1.3866215314149857,0.0959649309515953,0.342269629240036,0.9731274843215942,walking
1783088485097708500,9.60070849609375,0.4277802991405129,-0.4906020814955234,-1.320485802206397,0.1029141768813133,0.3913098573684692,0.9433954358100892,walking
1783088485107753500,9.61075341796875,0.4581114322572946,-0.5519486767314374,-1.1356623187750576,0.086237296462059,0.4152986407279968,0.9085440635681152,walking
1783088485117797400,9.62079736328125,0.5678408039987087,-0.6680807551220059,-0.8755243589013815,0.0673525556921958,0.4030094742774963,0.8664994239807129,walking
1783088485127841500,9.630841552734376,0.7101063446205109,-0.7771640840448438,-0.6009487083524465,0.0535883828997612,0.3574159443378448,0.8181647658348083,walking
1783088485137886500,9.640886474609376,0.7944546799331903,-0.6951597545750439,-0.4080196598768234,0.0590537227690219,0.2849401533603668,0.7842084169387817,walking
1783088485147930400,9.650930419921876,0.8724193055581301,-0.5006809924393892,-0.1887187373042106,0.0891766622662544,0.188802033662796,0.7666524648666382,walking
1783088485157974500,9.660974609375,0.9706197867430746,-0.251158534604311,0.1426958217978477,0.1319052278995514,0.0514375083148479,0.770094096660614,walking
1783088485168019500,9.67101953125,1.0256726886622607,0.0814949186429381,0.5487140787243843,0.1849478930234909,-0.1207341700792312,0.7927814722061157,walking
1783088485178063400,9.6810634765625,0.9878636939454823,0.3968940163590014,1.0614695398390293,0.2510499358177185,-0.3146857917308807,0.8362269997596741,walking
1783088485188107500,9.691107421875,0.8531783793196082,0.5246642178341746,1.6206424687355756,0.3125859498977661,-0.5287452340126038,0.8713831305503845,walking
1783088485198152400,9.70115234375,0.7142537466235458,0.665610419485718,2.168300316405296,0.3584655523300171,-0.7419259548187256,0.9204595685005188,walking
1783088485208196400,9.7111962890625,0.5160105173878371,0.7778980974078178,2.461436290517449,0.3898624181747436,-0.9280128479003906,0.9870039820671082,walking
1783088485218240500,9.721240478515623,0.2041524532794952,0.8677076938010752,2.402834463945031,0.4183007180690765,-1.0539718866348269,1.0720924139022827,walking
1783088485228285400,9.731285400390624,-0.1748673220843076,0.9627489072374998,1.9361732300072907,0.4456160962581634,-1.0626840591430664,1.1539433002471924,walking
1783088485238329300,9.741329345703123,-0.5328139142811298,0.9817330091707408,1.2774679137349128,0.4542548656463623,-0.9677991271018982,1.223785161972046,walking
1783088485248373500,9.75137353515625,-0.6350593600079417,0.9319674000047148,0.5542910020738839,0.4220346510410309,-0.8010309934616089,1.2719366550445557,walking
1783088485258418700,9.761418701171875,-0.5571383543290197,0.7557469097457826,-0.2228156526952981,0.342490553855896,-0.5994992256164551,1.291446089744568,walking
1783088485268462300,9.77146240234375,-0.6392066889457404,0.5960577214404941,-1.2493699464976786,0.2367355078458786,-0.3465509414672851,1.2893167734146118,walking
1783088485278506500,9.781506591796877,-0.8608103355027735,0.3761627784974873,-2.323960249194503,0.1421743929386139,-0.0459759011864662,1.251979947090149,walking
1783088485288551700,9.7915517578125,-0.9638526306957006,0.0432445368342101,-2.8502982454597947,0.0997804775834083,0.2445696145296096,1.176138162612915,walking
1783088485298595300,9.80159521484375,-0.8386557868398725,-0.2490845048092305,-2.8490771792322396,0.1096368357539177,0.4682724773883819,1.0775634050369265,walking
1783088485308639500,9.811639404296876,-0.5302857109777629,-0.5557147512666881,-2.4995254904150963,0.1374257355928421,0.5925486087799072,0.9479639530181884,walking
1783088485318684700,9.8216845703125,-0.2549493051894009,-0.7427117793448269,-1.8485311869114636,0.1564351171255111,0.651604413986206,0.8087347149848938,walking
1783088485328728300,9.831728271484376,0.0137174866419285,-0.7222763095594942,-1.0872791038781404,0.1612128615379333,0.6508040428161621,0.6965067982673645,walking
1783088485338773500,9.8417734375,0.1676786526892334,-0.7170917465284466,-0.3190419842630624,0.1436644941568374,0.5977901220321655,0.6129008531570435,walking
1783088485348817700,9.851817626953125,0.1781876986786723,-0.6987040030531585,0.3261678906202316,0.10773266851902,0.5051701068878174,0.5630718469619751,walking
1783088485358861600,9.861861572265624,0.1164721239998936,-0.6623160541154444,0.7406096924990415,0.0709514841437339,0.403551310300827,0.5466830730438232,walking
1783088485368906500,9.871906494140624,0.065317983084917,-0.5652260914556682,0.9154331754416228,0.0531262457370758,0.2896354496479034,0.5615062713623047,walking
1783088485378950700,9.88195068359375,-0.0424148080118,-0.4581393431775271,0.9630313774406908,0.0580144748091697,0.1720355898141861,0.5918266177177429,walking
1783088485388994600,9.89199462890625,-0.2271309586111456,-0.4848753744117915,0.9534323589682578,0.0645315498113632,0.04265858232975,0.624603271484375,walking
1783088485399039500,9.90203955078125,-0.3436265365518629,-0.5868380576744675,0.9057353727698324,0.071273073554039,-0.0892142355442047,0.6527637839317322,walking
1783088485409083400,9.91208349609375,-0.2913690375048667,-0.6963229531355202,0.7927443688839674,0.0851881355047226,-0.2084506899118423,0.6704056262969971,walking
1783088485419127600,9.92212744140625,-0.1895746234811842,-0.7402236157909036,0.6013268940150738,0.1061759740114212,-0.318029910326004,0.6756949424743652,walking
1783088485429172500,9.93217236328125,-0.0548742574166506,-0.835053670694679,0.3588379880785942,0.1598481833934784,-0.3800742328166961,0.6639793515205383,walking
1783088485439216400,9.94221630859375,0.0981589070655405,-0.8889011423468589,0.2104489230751991,0.2290027439594268,-0.3772728443145752,0.6414871215820312,walking
1783088485449260500,9.952260498046876,0.2929302954722195,-0.915291575013846,0.2295604507803916,0.2761114537715912,-0.3357962369918823,0.6257080435752869,walking
1783088485459305500,9.962305419921876,0.519790182057023,-0.949241337019205,0.3117594260394573,0.2764328718185425,-0.2793771624565124,0.6248643398284912,walking
1783088485469349400,9.972349365234376,0.7166818505533039,-0.8233063881471753,0.3559720772534608,0.2339125871658325,-0.2076604813337326,0.6537501811981201,walking
1783088485479393500,9.9823935546875,1.0479637962516395,-0.5299065024018287,0.5550859518438578,0.1712896972894668,-0.1554004698991775,0.7238273024559021,walking
1783088485489438500,9.9924384765625,1.325562374818325,-0.2606502933099865,0.7466068870872259,0.115047313272953,-0.1276739835739135,0.8206154704093933,walking
1783088485499482400,10.002482421875,1.3753890665218234,-0.1612923857182264,0.807963565325737,0.0612546615302562,-0.1246281266212463,0.9218987226486206,walking
1783088485509526500,10.012526611328123,1.312952776353061,-0.1154020105503499,0.7715338230729103,0.0251527279615402,-0.1308602392673492,1.0203572511672974,walking
1783088485519571500,10.022571533203124,1.122785959132388,0.0200723355613648,0.6214256791919469,0.0119362594559788,-0.0988581106066703,1.1207417249679563,walking
1783088485529615400,10.032615478515623,0.5415276743516325,-0.3287251738876104,0.3195230457782745,0.0195910148322582,0.0025254599750041,1.1566522121429443,walking
1783088485539659500,10.042659423828123,0.1016516445521265,-0.8963529196575284,0.5082745163083077,0.0349297598004341,0.0761991441249847,1.1232695579528809,walking
1783088485549704400,10.052704345703123,0.0551679796662181,-1.1630645588330923,1.0008721555352211,0.0272421613335609,0.0618646256625652,1.0770829916000366,walking
1783088485559748400,10.062748291015623,0.1941651661418378,-1.3371797473758458,1.2020774494469164,-0.0037077667657285,-0.0010104770772159,1.019363522529602,walking
1783088485569792500,10.07279248046875,0.3089518212728202,-1.445648743792623,1.1521049195319413,-0.0363502465188503,-0.0757523402571678,0.9548539519309998,walking
1783088485579837400,10.08283740234375,0.2524354226723313,-1.4425234513789416,1.0026859269589186,-0.0567258261144161,-0.1347184628248214,0.9181236624717712,walking
1783088485589881300,10.09288134765625,0.1835827626552432,-1.516126447728276,0.6500953088372945,-0.058446355164051,-0.1758885532617569,0.8985047936439514,walking
1783088485599925500,10.102925537109376,0.1818028204359114,-1.933900170508772,0.2784410938054323,-0.0109044052660465,-0.183988019824028,0.8380822539329529,walking
1783088485609970700,10.112970703125,0.09248327258192,-2.0981553515553473,0.0325216288983821,0.0478660091757774,-0.2017990499734878,0.765146791934967,walking
1783088485620014300,10.123014404296876,0.1649671287082135,-2.0754868620209397,0.0661170245081186,0.1269872039556503,-0.2257600426673889,0.7077497839927673,walking
1783088485630058500,10.13305859375,0.1165449700403958,-1.978578101146966,-0.0048176294147968,0.1825213730335235,-0.280728667974472,0.6680173873901367,walking
1783088485640103700,10.143103759765625,-0.0084739599652588,-1.9030616723917424,-0.254435364317894,0.2070232480764389,-0.347308486700058,0.6426233649253845,walking
1783088485650147300,10.153147216796874,-0.0610615677494555,-2.0085726957857606,-0.604385112541914,0.2113955020904541,-0.3922114968299866,0.6260362267494202,walking
1783088485660191500,10.16319140625,-0.1066797749124467,-2.015983556564152,-0.9150760325670242,0.2302125990390777,-0.4069409072399139,0.6141023635864258,walking
1783088485670236700,10.173236572265624,-0.0460127594385296,-2.0233901795588434,-1.0851841774255038,0.2754259407520294,-0.4109850525856018,0.5934578776359558,walking
1783088485680280300,10.1832802734375,0.0278575826101005,-2.1414872744120657,-1.1546464207082987,0.3179914951324463,-0.4143582284450531,0.5556998252868652,walking
1783088485690324500,10.193324462890626,0.1864597793962806,-2.2230247170224784,-1.1662573635250328,0.3121370077133178,-0.4304526746273041,0.5054595470428467,walking
1783088485700369700,10.20336962890625,0.3566525337982922,-2.2228455610632896,-1.1066244403392076,0.2517780661582947,-0.4760608971118927,0.4743228852748871,walking
1783088485710413600,10.21341357421875,0.4583290205307304,-2.2115930762954057,-1.0510919382095336,0.1993952840566635,-0.5147901177406311,0.450924664735794,walking
1783088485720457500,10.22345751953125,0.3435666961234063,-2.168236603519321,-1.0871762280255557,0.2018192857503891,-0.5126311182975769,0.4408869445323944,walking
1783088485730502400,10.23350244140625,-0.4738889201689511,-2.0839532232016325,-1.6505425169587131,0.2436656057834625,-0.3437203168869018,0.4645719528198242,walking
1783088485740546600,10.243546630859376,-1.683021621889621,-1.45829472874552,-3.010684622249007,0.313637226819992,0.0094880713149905,0.5786873698234558,walking
1783088485750590500,10.253590576171876,-0.3536263178449124,-0.2986353021807968,-2.9938650048732756,0.4280977845191955,0.232622355222702,0.6988111734390259,walking
1783088485760635400,10.263635498046876,1.2478897909425195,0.7103222523935139,-2.8705840776413676,0.4396593868732452,0.4932635426521301,0.8396473526954651,walking
1783088485770679600,10.273679443359375,1.0233392042133955,1.393081813470274,-4.0437493208587165,0.3096576333045959,0.8614119291305542,1.009393572807312,walking
1783088485780723500,10.283723388671875,1.616978977791965,2.215718193401396,-4.331017279720306,0.1791241317987442,1.2170674800872805,1.2478559017181396,walking
1783088485790768400,10.293768310546875,2.7035604547947645,2.4067175889886916,-3.542582590728998,0.1038099750876426,1.4524140357971191,1.4915724992752075,walking
1783088485800812500,10.3038125,3.0462413810595868,2.0245291204608975,-2.469374097779393,0.0926017984747886,1.4732615947723389,1.6629109382629397,walking
1783088485810856700,10.313856689453123,2.886502654524147,1.8811250042632224,-1.064586210554838,0.1250748187303543,1.2879486083984375,1.805453538894653,walking
1783088485820902000,10.32390185546875,2.2650860354214903,1.4677058234304188,0.3997475060939788,0.1818150728940963,0.9803956151008606,1.9339473247528076,walking
1783088485830946000,10.333946044921875,0.6463138906024396,0.9192227769829332,1.2100029817491769,0.217814028263092,0.7079474925994873,2.0569071769714355,walking
1783088485840990700,10.34399072265625,-1.3831103084236382,0.3654275956019759,1.474108091688156,0.2203110009431839,0.4964551627635956,2.0980989933013916,walking
1783088485851035000,10.354034912109377,-2.329894023157656,-0.2389583937227725,2.2492466612547637,0.2065176665782928,0.2032987177371978,1.9749675989151,walking
1783088485861079000,10.3640791015625,-2.770825772555172,-0.5445825318776071,2.8752000470042227,0.1651278734207153,-0.1122083812952041,1.734166979789734,walking
1783088485871123700,10.374123779296877,-2.59426070664227,-0.5949471298500895,3.370172598668933,0.0906296148896217,-0.5169032216072083,1.4239251613616943,walking
1783088485881168000,10.38416796875,-1.6324160547681152,-0.3984378848001361,3.7451217635929583,0.0160336717963218,-0.9501478672027588,1.1413967609405518,walking
1783088485891212000,10.3942119140625,-0.6653831866011023,-0.1178872514948248,2.931426961138844,-0.0498236827552318,-1.265088438987732,0.940771758556366,walking
1783088485901256700,10.404256591796877,0.1567785615555942,0.195088856858015,1.8383704429030416,-0.0651027634739875,-1.3960137367248535,0.8063012957572937,walking
1783088485911300900,10.41430078125,0.6847513194158673,0.6254978970669209,0.5504781657874583,-0.0137068927288055,-1.28177809715271,0.7808479070663452,walking
1783088485921345000,10.424344970703125,1.172110327336937,1.176709345564991,-0.3761941965490579,0.0689669474959373,-0.9922072887420654,0.8843846917152405,walking
1783088485931389700,10.4343896484375,1.8482576306670904,1.5750539991237222,-0.4862690207272768,0.1081239357590675,-0.612494945526123,1.084754228591919,walking
1783088485941433900,10.444433837890625,2.3273937307745216,1.811654431543499,-0.4900345107406377,0.0541424602270126,-0.2086225301027298,1.349126219749451,walking
1783088485951478000,10.45447802734375,2.614952781537175,1.816949323081225,-0.3872480900049209,-0.0789225175976753,0.1819991171360016,1.6199100017547607,walking
1783088485961523000,10.46452294921875,2.535480893154442,1.490352539524436,-0.1169873800456523,-0.2679688930511474,0.5738707780838013,1.8236644268035889,walking
1783088485971566800,10.47456689453125,2.0678790173657235,1.112198441079259,0.1508504866808653,-0.4464036524295807,0.9563109278678894,1.9766913652420044,walking
1783088485981611000,10.484611083984374,1.5211914760328828,0.621524463391304,0.4869885671734809,-0.6095877885818481,1.251457691192627,2.0043957233428955,walking
1783088485991656000,10.494656005859374,0.8477457598116248,0.6431492890916765,0.6228776315659285,-0.6345595717430115,1.5537101030349731,1.9676631689071655,walking
1783088486001699800,10.504699951171874,0.5977863718640058,0.4029553622245788,1.7968834172606467,-0.2213064730167389,1.6885432004928589,1.7220619916915894,walking
1783088486011743700,10.51474365234375,0.2117239845123142,-0.1894924981556832,0.810339646807313,-0.281534343957901,0.8672951459884644,1.4860705137252808,walking
1783088486021789000,10.524788818359376,-0.527339537990652,0.181804427871108,-0.5509744248718023,-0.2559107542037964,0.1099006310105323,1.3750121593475342,walking
1783088486031832800,10.534832763671876,-0.1625325585050508,-0.6205442201822996,-0.3411901031851768,-0.1956406533718109,-0.6985307931900024,1.2692314386367798,walking
1783088486041876700,10.544876708984376,0.3186010720951482,-0.83806848847121,0.111782797139883,-0.1909508258104324,-1.3253614902496338,1.1536519527435305,walking
1783088486051922000,10.554921875,0.4906555652484297,-0.558218696911633,0.0974415525764226,-0.2466500848531723,-1.6608953475952148,1.0963444709777832,walking
1783088486061965800,10.5649658203125,0.8975322656352073,-0.8187513551913201,0.3098082919716834,-0.377637654542923,-1.7533570528030396,1.0659492015838623,walking
1783088486072009700,10.575009765625,1.2452497978277504,-1.2761591692239045,0.800335554665327,-0.5009791851043701,-1.7329721450805664,0.9853124618530272,walking
1783088486082055000,10.585054931640624,1.3093173424601554,-1.4050081058464945,1.3974497994214297,-0.5654479265213013,-1.6841402053833008,0.9007669687271118,walking
1783088486092099000,10.59509912109375,0.9580698095105588,-1.0038685608722269,1.228190380346775,-0.5733878016471863,-1.544190764427185,0.9018315076828004,walking
